Date,Close,High,Low,Open,Volume
2021-09-28,164.0220489501953,164.0220489501953,164.0220489501953,164.0220489501953,0
2021-09-29,160.95179748535156,164.37867364357206,158.8065152149764,164.37867364357206,11125
2021-09-30,161.59255981445312,163.25306454101369,161.53683696673772,161.53683696673772,5750
2021-10-01,164.96372985839844,165.1866212728613,161.65386887556775,161.65386887556775,16250
2021-10-04,167.22047424316406,168.27918731111637,164.38424129177162,164.38424129177162,7625
2021-10-05,169.00912475585938,169.86724399485882,167.7219618394325,169.28215931388934,8500
2021-10-06,167.39320373535156,168.83638639328058,167.16474321237607,167.72196114869362,13500
2021-10-07,167.37648010253906,169.93966764284286,167.19259361977018,169.93966764284286,4625
2021-10-08,166.57968139648438,168.83082969600937,164.3786762318014,165.63241402358594,8000
2021-10-11,164.41766357421875,167.16473759880793,163.54840617348552,164.9915994109987,24875
2021-10-12,164.378662109375,164.378662109375,161.73188491590258,162.20552387568407,2375
2021-10-13,164.378662109375,167.16474112817798,164.37309301221524,164.37309301221524,37000
2021-10-14,175.56199645996094,176.70428851933931,163.26423865541344,164.65727827065774,96250
2021-10-15,173.99066162109375,181.0951620049071,173.015527448853,173.90707201155627,64875
2021-10-18,172.73690795898438,175.52298711961313,172.2911357184057,174.01850182214196,25625
2021-10-19,172.73690795898438,172.73690795898438,172.73690795898438,172.73690795898438,0
2021-10-20,178.4761962890625,180.43203324643525,172.73688091855723,172.73688091855723,44375
2021-10-21,182.4603271484375,183.88123354114475,176.14150559673777,178.30907494898884,103125
2021-10-22,183.7530517578125,184.43841202300862,180.48218514341195,180.48218514341195,25750
2021-10-25,183.7530517578125,183.88120475346636,181.09512589356535,181.93095805397357,6375
2021-10-26,180.03643798828125,181.87523912981575,179.9807045032095,181.6523477017217,8125
2021-10-27,181.65234375,182.20400321094624,180.00856732978286,180.17572526916874,1875
2021-10-28,183.6026153564453,186.11009077602125,182.2095758184694,182.2095758184694,38250
2021-10-29,183.65277099609375,183.88123153646688,181.65235962146448,183.60262786111605,72750
2021-11-01,184.0149383544922,185.55285942290138,182.76678038875542,182.77234948594585,65375
2021-11-02,181.6913604736328,184.43843473786498,181.65235553483922,182.77236056479703,47750
2021-11-03,181.20660400390625,183.25158948370517,181.10072737668705,181.12302502413795,4750
2021-11-04,180.23146057128906,181.10070737218018,179.74110368642192,181.10070737218018,4875
2021-11-05,181.0004119873047,183.04537588204786,180.53792186795846,183.04537588204786,5000
2021-11-08,180.76080322265625,182.20957624898833,180.5379330506868,181.0059922959674,9500
2021-11-09,177.04417419433594,181.09512892837242,176.6374069290469,180.5379216494924,56250
2021-11-10,176.6764373779297,178.3090757717943,176.2195162900936,178.3090757717943,28750
2021-11-11,175.74029541015625,178.86070103351267,175.4672608480668,176.31980037444157,9125
2021-11-12,175.52297973632812,175.52297973632812,173.90704878967344,175.52297973632812,5750
2021-11-15,175.03822326660156,176.08021848244346,173.85135710986555,173.85135710986555,2000
2021-11-16,177.25035095214844,177.47324238360602,176.08020282114137,177.47324238360602,6625
2021-11-17,175.52297973632812,176.6931278331072,174.43641060987665,176.6931278331072,15875
2021-11-18,175.52297973632812,177.19462291116915,175.3000883113903,175.52297973632812,1750
2021-11-19,175.5786895751953,175.5786895751953,175.52296672309214,175.52296672309214,875
2021-11-22,173.47244262695312,176.63743315604302,172.73691785645184,174.18568037835573,14875
2021-11-23,174.6871795654297,177.75186263771553,173.85135787553804,175.51743215742957,8625
2021-11-24,176.6318359375,177.19462296918968,171.13768772195203,171.13768772195203,2750
2021-11-25,172.82608032226562,176.63185727443005,172.7369216158814,175.51743189889916,39000
2021-11-26,172.64218139648438,173.34985001463605,171.62247327050162,173.01551286077535,8875
2021-11-29,172.50286865234375,173.71202166871086,170.00654211953787,170.00654211953787,20625
2021-11-30,168.6915283203125,172.73691447897107,167.16475594739134,172.73691447897107,30125
2021-12-01,172.73690795898438,172.73690795898438,168.84197260837647,171.90108633640543,2375
2021-12-02,167.10902404785156,173.29412308433123,165.56553383740774,172.73133603835092,48000
2021-12-03,166.65211486816406,167.1647481576689,164.93588697450966,166.32892654249022,15625
2021-12-06,165.2144775390625,167.16473490523308,164.93587389877283,167.16473490523308,5125
2021-12-07,167.1647491455078,167.72196710160256,165.49310590527216,167.66624424318823,20875
2021-12-08,167.0532989501953,170.7866453394807,165.7717051251693,170.7866453394807,7125
2021-12-09,165.49310302734375,167.10345428373418,165.38165731245314,165.71598382907663,11125
2021-12-10,167.09788513183594,167.09788513183594,164.93588502707686,165.21448868616406,7500
2021-12-13,165.22564697265625,167.08117678187136,164.93589447426788,164.93589447426788,4000
2021-12-14,166.30662536621094,169.3935949193614,164.96372904520157,167.7219518313208,83625
2021-12-15,172.8984832763672,173.8513302670149,167.22045940786674,167.22045940786674,33875
2021-12-16,170.50247192382812,174.96019417968006,169.393605143097,172.89849099381843,16125
2021-12-17,168.20677185058594,168.45195034218773,167.72199459377237,167.80557358106947,2625
2021-12-20,168.83641052246094,168.83641052246094,168.05631167695776,168.2792031345585,1625
2021-12-21,170.2294158935547,170.2294158935547,168.05627776076682,168.83637644883478,2375
2021-12-22,168.8586883544922,168.86425745186375,168.8363907089091,168.8531086290722,1000
2021-12-23,169.95082092285156,171.06525678667967,168.2791777551575,168.30703386913157,6375
2021-12-24,169.95640563964844,170.01212850076578,169.95640563964844,170.01212850076578,250
2021-12-27,169.95640563964844,169.95640563964844,169.95640563964844,169.95640563964844,0
2021-12-28,173.00994873046875,173.29413213099477,169.95640399038388,169.95640399038388,3750
2021-12-29,178.22549438476562,179.39564257723978,172.76477093573936,173.85135077909976,14500
2021-12-30,173.85134887695312,179.3956406144318,173.85134887695312,179.3956406144318,2875
2021-12-31,174.9657745361328,177.7518537823389,172.85392808297203,172.85392808297203,126500
2022-01-03,177.75184631347656,178.3090642649141,177.71841047309772,177.71841047309772,1625
2022-01-04,178.30908203125,180.2593291135272,177.75186402429244,177.75186402429244,29250
2022-01-05,180.71621704101562,180.98925158241,178.30904929677692,178.58765293508412,16250
2022-01-06,181.34031677246094,181.87524772272144,178.3592128631712,178.36478196072218,14375
2022-01-07,180.88897705078125,182.20957581195486,178.45394240804745,182.103699195463,15125
2022-01-10,181.3793182373047,182.77235781788136,179.98070955928372,182.06469983270438,15375
2022-01-11,181.37374877929688,181.37374877929688,179.98070920148953,181.09514511495482,2500
2022-01-12,181.02268981933594,183.88120952454315,179.99183296223129,182.20956641644818,20000
2022-01-13,181.2678680419922,182.93396340495747,179.08916065364775,179.08916065364775,8375
2022-01-14,182.20957946777344,183.881222695605,181.0951435638534,181.0951435638534,9125
2022-01-17,181.0951385498047,181.21772245718347,180.25930633098247,181.21772245718347,21000
2022-01-18,181.55763244628906,182.7110732799128,180.06428536965936,181.0951422933703,40125
2022-01-19,179.98626708984375,182.29314864936737,179.1727325372154,179.702094345766,12375
2022-01-20,182.15943908691406,183.87565637585217,178.37036971000632,179.72997345601016,6000
2022-01-21,181.15087890625,182.2096027152967,181.10630486538165,182.1984645191045,1500
2022-01-24,180.59365844726562,181.10072266662445,180.53794621423526,181.10072266662445,875
2022-01-25,181.0951385498047,182.76678173135286,180.67722244039356,180.67722244039356,8375
2022-01-26,180.57693481445312,181.0951371823082,178.30905814873424,181.0951371823082,10000
2022-01-27,181.98110961914062,182.07025768493796,180.5379269946033,181.08399609577958,7000
2022-01-28,180.08656311035156,181.0951222771048,179.98068650418065,180.54348411542085,14000
2022-01-31,183.84222412109375,183.88122906023955,182.2095857745478,182.76679311774586,9000
2022-02-01,189.03546142578125,192.1280109066886,183.65832794832133,183.65832794832133,146250
2022-02-02,190.36721801757812,193.35389085632195,190.01058323341167,191.12501910771508,148375
2022-02-03,189.47567749023438,190.97457240981277,188.8961725240924,190.01058716536045,187500
2022-02-04,190.87429809570312,194.32903046334397,189.45339170619914,189.45339170619914,405000
2022-02-07,196.99252319335938,200.31910250095626,190.87429553570547,190.87429553570547,379000
2022-02-08,195.8000946044922,197.25443694486788,192.7966927435491,197.25443694486788,40500
2022-02-09,200.0126190185547,201.96286586543326,195.58274224336424,195.58274224336424,294875
2022-02-10,197.71563720703125,202.33868337030907,197.71563720703125,200.62903207856888,19875
2022-02-11,196.4420928955078,198.87284996668507,196.37813903077156,198.87284996668507,6125
2022-02-14,193.55198669433594,195.38956796287044,193.06351488182304,195.38956796287044,10750
2022-02-15,191.90045166015625,194.22652661412334,190.15590653622834,194.22652661412334,48000
2022-02-16,190.02798461914062,191.90045972948545,188.99287700631143,191.90045972948545,13250
2022-02-17,189.5743865966797,191.84231977751307,189.29525670031708,191.45850785135346,6750
2022-02-18,190.8653564453125,191.14448634518004,188.52765739835695,188.52765739835695,4000
2022-02-21,188.50442504882812,189.8651806499401,188.12061308621784,189.08012080964548,9375
2022-02-22,187.2483367919922,188.9928820357025,186.69588896129702,187.01572484400515,19500
2022-02-23,187.13204956054688,188.99290096462764,186.95760167363258,187.53910941874588,1500
2022-02-24,186.99246215820312,191.78416643366413,183.17772366623794,186.14344847931903,67750
2022-02-25,186.0271453857422,187.24833592391656,183.75923436112313,186.66680605664484,6000
2022-02-28,183.75924682617188,184.6315195031526,182.59620919583168,184.6315195031526,76500
2022-03-01,184.92227172851562,185.67243753746035,183.81739819017363,183.81739819017363,5000
2022-03-02,182.60202026367188,183.32310403457586,182.01468947980615,183.23588009477413,29625
2022-03-03,182.1426239013672,183.75923926425403,181.43317519084292,182.5962016817743,9500
2022-03-04,182.00306701660156,183.75924741090518,180.27014560033092,183.17772859388467,22500
2022-03-07,177.75218200683594,180.27596422714262,177.43816915447482,180.27596422714262,15875
2022-03-08,173.0418701171875,179.68860187836543,171.54737284310386,179.68860187836543,28125
2022-03-09,176.97293090820312,177.36254370471866,173.87344226598842,174.4491490500331,9250
2022-03-10,174.5712890625,177.36256612978383,172.47782571626257,175.51333869506755,110125
2022-03-11,171.58229064941406,174.5305796277035,170.96587781950882,174.5305796277035,40250
2022-03-14,171.47177124023438,172.71040868819463,171.2566174066157,172.71040868819463,7500
2022-03-15,172.35569763183594,173.87345403204586,171.61135490599253,173.82693607778955,10125
2022-03-16,173.60595703125,175.61800826409444,172.35569552065107,174.44915871822107,39875
2022-03-17,172.91397094726562,174.4433514096532,172.7104410170705,173.29194876531403,2500
2022-03-18,171.19850158691406,173.29195394456727,170.96588960742503,172.71044617894395,11125
2022-03-21,170.97169494628906,172.68135743624524,170.96588297449222,172.68135743624524,6125
2022-03-22,170.9658660888672,174.33866168663937,170.68092421727528,174.33866168663937,50500
2022-03-23,170.9658660888672,170.9658660888672,170.9658660888672,170.9658660888672,0
2022-03-24,170.86119079589844,171.54738049534458,170.68091986865085,171.54738049534458,6875
2022-03-25,171.54737854003906,173.29192371569155,171.54156656903055,173.14073482863662,15875
2022-03-28,171.54737854003906,171.54737854003906,170.96585978430565,170.96585978430565,4000
2022-03-29,172.88490295410156,174.45500062166863,170.96589839092522,172.71045505207204,100375
2022-03-30,172.71043395996094,174.01883743159564,171.83815019013932,172.1870681346875,9625
2022-03-31,175.4202880859375,175.61800602390562,172.7104232161691,172.7104232161691,27500
2022-04-01,175.984375,178.4500041908192,173.8734646422409,173.8734646422409,23125
2022-04-04,170.58787536621094,175.98435713724197,170.38434546014273,172.12890177271757,11000
2022-04-05,170.68092346191406,173.86763614251984,170.45994654939548,173.86763614251984,23375
2022-04-06,171.12286376953125,171.60552353791775,170.38433309855935,170.97166379796576,38125
2022-04-07,170.67510986328125,171.5473824710959,169.22131848640757,171.5473824710959,21125
2022-04-08,171.43692016601562,171.5415911168857,168.63981998552714,169.80285766342638,29375
2022-04-11,177.7230987548828,178.52559447462036,173.29193638202645,174.44916200706925,61875
2022-04-12,174.1932830810547,177.94406751146025,173.61176430949948,177.94406751146025,55500
2022-04-13,175.2516632080078,175.61802818237368,173.33848181996726,173.33848181996726,55875
2022-04-14,175.6179962158203,175.90875004373638,172.20449481130487,175.90875004373638,9500
2022-04-15,175.52496337890625,178.8163471101526,175.03649158467044,177.65330952159727,76125
2022-04-18,179.17689514160156,180.27014474480637,176.3507241303502,177.36256176505145,75750
2022-04-19,192.6099090576172,192.6099090576172,180.29919001155858,180.29919001155858,353000
2022-04-20,192.9006805419922,200.68135729295196,191.90046690136126,196.55259499568402,165750
2022-04-21,189.6092987060547,197.7156460504615,187.24835157852726,194.2265552875161,262375
2022-04-22,188.95799255371094,191.89465746391198,188.4113788642473,191.89465746391198,26250
2022-04-25,188.7428436279297,191.90047444833394,186.08530855596018,191.31313257771177,129000
2022-04-26,188.28343200683594,189.80701150708364,187.91126618062736,188.99289183003447,14375
2022-04-27,183.4219512939453,188.41718526086927,183.00907950760188,188.41137328966673,74250
2022-04-28,182.8462677001953,184.34076517286348,181.43318219595113,184.3233181665514,31375
2022-04-29,182.8462677001953,182.8462677001953,182.8462677001953,182.8462677001953,0
2022-05-02,182.8462677001953,182.8462677001953,182.8462677001953,182.8462677001953,0
2022-05-03,182.8462677001953,182.8462677001953,182.8462677001953,182.8462677001953,0
2022-05-04,182.8462677001953,182.8462677001953,182.8462677001953,182.8462677001953,0
2022-05-05,182.8462677001953,182.8462677001953,182.8462677001953,182.8462677001953,0
2022-05-06,184.34657287597656,185.06765663192047,182.88696944972918,182.88696944972918,46750
2022-05-09,179.86309814453125,184.34077892499042,177.36257482319564,184.34077892499042,73875
2022-05-10,180.57254028320312,182.5962156270459,179.6886325403364,182.5962156270459,40250
2022-05-11,177.93826293945312,180.73535182053766,176.78103731938876,179.514172331885,19250
2022-05-12,177.9673309326172,179.6828052511996,176.78103438366313,177.36255316974245,98625
2022-05-13,178.76983642578125,180.27014588095966,178.3802124955881,179.6828150914038,132125
2022-05-16,178.13595581054688,179.10708735384296,176.1995046949069,179.10708735384296,78750
2022-05-17,177.8335723876953,180.27013036844494,177.36254762056677,179.39785776239108,13875
2022-05-18,179.1129150390625,180.85164827172787,177.36254677264492,177.36254677264492,11125
2022-05-19,179.83399963378906,181.1424141695068,179.10710390189575,179.97938765340666,18625
2022-05-20,180.58416748046875,181.3750281823477,179.1071059308955,180.26433158016468,8125
2022-05-23,177.106689453125,179.1071057291118,176.78104158163282,177.94989117269512,18875
2022-05-24,176.1064910888672,180.27014767654782,175.03650044618368,179.39206301505735,18125
2022-05-25,176.60076904296875,177.33348783875007,174.0188339805694,175.61801346582928,63250
2022-05-26,181.3343048095703,183.11955596204604,177.35673161228178,177.35673161228178,82625
2022-05-27,180.58416748046875,184.9222718519187,180.27014355171966,183.75924532264332,107375
2022-05-30,177.9091796875,181.89256511010637,177.5835318260774,181.86930613308311,58750
2022-05-31,177.29278564453125,180.27014557171128,176.78685573331106,179.08967202299456,124000
2022-06-01,176.44374084472656,177.94406121876125,175.90875113606745,176.8391767010336,36375
2022-06-02,174.5596466064453,178.79890304742366,171.5532047056843,178.79890304742366,154750
2022-06-03,175.0132293701172,178.2348250188513,174.45496956328967,175.8971259421964,174375
2022-06-06,174.7224578857422,175.90875438502607,174.48403397336216,174.48403397336216,46500
2022-06-07,175.60638427734375,177.3044117007567,174.45498166455485,176.6763749202854,15000
2022-06-08,176.7694091796875,177.01364507161935,174.45496908605702,175.04229983925717,56000
2022-06-09,178.29298400878906,179.1071036781972,176.78103955735347,176.78103955735347,33875
2022-06-10,179.66537475585938,180.2701525743095,178.52560714730689,179.10711489527486,48125
2022-06-13,175.7633819580078,178.52558782814066,174.60615637604835,177.94988102276938,46000
2022-06-14,179.3978729248047,179.3978729248047,175.41448732917584,175.90877111414815,11250
2022-06-15,178.5139617919922,179.95030625488735,178.2348318778367,179.39205751812509,17625
2022-06-16,182.7473907470703,184.63150087019062,179.10708932092015,179.10708932092015,274375
2022-06-17,183.91041564941406,185.9980667478754,182.93347213250578,183.17770801173285,263250
2022-06-20,182.10191345214844,185.21302615369208,180.997028885048,183.46846982276273,71375
2022-06-21,185.05601501464844,185.50378081468457,180.8632767039411,180.8632767039411,47750
2022-06-22,185.25955200195312,187.82985201770336,184.89319815156267,185.79455284886754,111500
2022-06-23,192.2552032470703,193.87763061743127,186.0853074794072,186.0853074794072,373500
2022-06-24,184.6315155029297,193.64501812235878,179.10710351582887,192.4238386193536,315375
2022-06-27,189.18479919433594,189.57440093801242,185.79455638353625,185.79455638353625,142250
2022-06-28,188.28927612304688,190.73744725525302,187.25416837426556,190.15012753563676,67500
2022-06-29,185.78289794921875,191.3131102172046,184.34074167928466,187.82983193366815,90875
2022-06-30,186.8470916748047,187.77170532592586,184.34075668384295,185.50378316612043,25625
2022-07-01,186.24815368652344,187.24836748031677,185.64918780468497,186.37608362395397,15750
2022-07-04,185.777099609375,188.0043157689743,185.50378167784586,188.0043157689743,186000
2022-07-05,185.37005615234375,186.08531688630865,185.1025501684747,185.50379805272908,4375
2022-07-06,188.55674743652344,189.2255012669524,186.66681410680388,187.65540383225138,70375
2022-07-07,188.51023864746094,190.73744389486654,188.32414463624107,188.98708652744452,59375
2022-07-08,188.51023864746094,188.51023864746094,188.51023864746094,188.51023864746094,0
2022-07-11,188.51023864746094,188.51023864746094,188.51023864746094,188.51023864746094,0
2022-07-12,188.51023864746094,188.51023864746094,188.51023864746094,188.51023864746094,0
2022-07-13,188.667236328125,190.15592175584328,187.24833892221602,188.99288418577308,198500
2022-07-14,192.72039794921875,193.35425774835588,188.41137582201245,188.9870715421499,217875
2022-07-15,198.9717254638672,202.94931034637312,191.90048563362205,191.90048563362205,628875
2022-07-18,198.60537719726562,204.1123316104683,195.38958201714743,196.55261973287674,357875
2022-07-19,192.24354553222656,201.20471770991472,190.1559165542234,200.04170235475476,281625
2022-07-20,192.4703369140625,194.74989393658694,190.15590806624044,191.3189455525819,211250
2022-07-21,191.17938232421875,193.645011312525,188.41137554808168,192.48197374828322,141500
2022-07-22,195.540771484375,196.02343133398307,187.24254031048335,189.05103957048644,222875
2022-07-25,197.23880004882812,197.71564792945992,191.90048181388755,192.4878237070532,39375
2022-07-26,199.03567504882812,200.326642490342,194.80804283980555,195.38955051235772,50750
2022-07-27,200.9256134033203,202.303827147949,199.4601978973542,200.09986973401843,96125
2022-07-28,201.15821838378906,203.53081163222444,197.72145755726999,198.87868323153606,192625
2022-07-29,200.227783203125,204.69383956573657,196.55841058490356,196.55841058490356,270125
2022-08-01,198.1226806640625,201.20471118485906,197.71562086633824,201.20471118485906,39750
2022-08-02,205.3451385498047,210.50900867554404,197.13413162736995,197.2794974640854,250625
2022-08-03,211.2010040283203,214.0853168037459,208.18292718010898,209.34596475425195,206250
2022-08-04,210.2880401611328,214.57964911526977,209.78213239681588,213.99811916518783,454875
2022-08-05,211.34054565429688,212.25353531017157,208.47366895880708,210.50899014150156,100908
2022-08-08,211.34054565429688,211.3405456542969,211.3405456542969,211.3405456542969,0
2022-08-09,211.34054565429688,211.3405456542969,211.3405456542969,211.3405456542969,0
2022-08-10,209.81700134277344,215.736826900529,208.20619795731255,212.25354832065997,219553
2022-08-11,206.66517639160156,209.78210103553965,205.28115084548037,209.78210103553965,155730
2022-08-12,214.230712890625,214.57963083094288,207.60142730626796,208.76446492423003,258226
2022-08-15,219.14451599121094,222.1393226216351,214.23069413172144,214.23069413172144,285150
2022-08-16,225.01780700683594,232.02509145189606,212.2535216571688,219.81904366114273,2092830
2022-08-17,226.39022827148438,228.47787962892804,215.74265177107043,226.2099684167337,972675
2022-08-18,225.42489624023438,227.8963372417822,225.04691845325308,226.20995603724523,316058
2022-08-19,225.17483520507812,226.20994280908917,223.30817208171598,223.30817208171598,55165
2022-08-22,225.64590454101562,226.20997637807193,223.97112494552732,223.97112494552732,277751
2022-08-23,225.1632080078125,226.90775316501492,224.46537219845538,225.9308096516292,202698
2022-08-24,224.49447631835938,226.49490367566662,224.40725237938386,226.15179770818594,77932
2022-08-25,225.40748596191406,225.62845181462382,223.8839063317753,224.58753206032677,147875
2022-08-26,224.90150451660156,226.17503595915667,224.14552684666887,225.57025825982936,236505
2022-08-29,225.9482879638672,226.49492389879745,223.30239878527735,226.03551191063065,140860
2022-08-30,225.3900146484375,228.47206774330968,225.04693085387385,227.31484206692258,89603
2022-08-31,227.4543914794922,229.69905476178866,225.04692644373904,225.91918802538095,365067
2022-09-01,225.95986938476562,228.4778503384719,225.62840957620173,228.23942643120083,173728
2022-09-02,223.866455078125,226.7914739929356,223.2035131992165,225.62843635635227,320691
2022-09-05,223.51754760742188,225.04693917648606,223.01161767130495,224.45959726748583,71423
2022-09-06,223.51170349121094,224.46537695793467,223.06974967581846,223.51751546228118,114770
2022-09-07,224.41305541992188,224.75616137374794,223.7675716774747,224.38980753477222,146556
2022-09-08,224.43052673339844,225.74474218083543,223.8838908368394,225.3202464208909,395946
2022-09-09,227.33226013183594,228.39063784017304,223.6570756496673,223.88387562640304,911272
2022-09-12,236.10899353027344,242.81453094370772,232.15319633592887,233.97029306165214,432761
2022-09-13,234.62957763671875,238.79440343061827,234.3722848485698,237.18636030987338,63817
2022-09-14,231.55015563964844,234.7742898694226,231.39738958398198,234.7742898694226,94957
2022-09-15,230.11900329589844,233.16625187169544,229.9501656389824,231.55016068798412,76907
2022-09-16,228.50294494628906,230.35218478253165,227.9401200204109,230.11901165189167,90325
2022-09-19,227.90794372558594,229.59639390300464,227.55417227748714,228.34212223676005,47395
2022-09-20,225.80943298339844,229.58831914064706,225.32701519782964,227.53807422296444,101093
2022-09-21,224.0084228515625,228.3421106015537,223.52602957127243,225.93004605294576,35725
2022-09-22,223.01950073242188,226.6295496282924,221.1139735910667,223.12402745946505,57950
2022-09-23,221.93406677246094,223.92000097623523,221.50793633376233,223.51799020248976,37207
2022-09-26,224.08883666992188,225.12603132741012,221.90994516559,221.90994516559,37304
2022-09-27,225.4878387451172,227.128024933213,224.7240085079239,225.47174261162542,24128
2022-09-28,227.85971069335938,229.13810206018343,226.73408538956377,226.80644438729442,31992
2022-09-29,225.06976318359375,228.34213702199972,225.01347578211733,228.34213702199972,36271
2022-09-30,224.2335968017578,227.2567013462225,223.92001659869908,225.06976160299692,15081
2022-10-03,226.17124938964844,227.5380958223788,225.13407926952652,226.2516564510073,38960
2022-10-04,225.2386016845703,227.53809146732306,225.1260268934645,227.45768440750317,37627
2022-10-05,224.33006286621094,225.84965085249135,223.55818450363952,224.89286323502967,26000
2022-10-06,225.4556884765625,225.93005825232152,223.5179935734711,224.16120100644824,102245
2022-10-07,224.442626953125,225.93007183519916,223.92001781531306,225.45570203092112,28209
2022-10-10,225.994384765625,226.72604737974714,225.126052217546,225.126052217546,21756
2022-10-11,223.6385955810547,226.49288688674926,223.47780598855925,225.938110038539,47948
2022-10-12,223.30091857910156,225.11799063503943,222.63356693805912,223.51799556889134,66855
2022-10-13,224.96522521972656,225.12603934826316,223.30091921964882,223.78331253167656,91154
2022-10-14,224.00042724609375,225.64866174506807,222.91499315654826,225.12605260174396,29698
2022-10-17,223.53404235839844,225.12601371721394,222.8023798694029,224.3139441731046,66711
2022-10-18,222.9230194091797,224.68382853980202,222.71396595759106,223.5179874953441,25078
2022-10-19,232.15318298339844,234.77430118400682,223.51799907244484,223.51799907244484,140473
2022-10-20,228.0848388671875,233.9702827975222,227.53811007456625,232.15318615151378,87028
2022-10-21,228.57530212402344,229.14615057620992,224.322021090395,226.7421339008854,48424
2022-10-24,231.01950073242188,233.16624906308704,228.57529289149102,231.54213436837492,44756
2022-10-25,231.14013671875,234.37229469397764,229.58835639408366,232.7562034379679,149432
2022-10-26,226.7099609375,229.95016685258756,226.3320698216902,229.95016685258756,79175
2022-10-27,226.581298828125,227.7792830212717,225.93004337067578,227.7792830212717,47033
2022-10-28,225.56825256347656,227.29691865205533,223.5260553433492,224.7240396888436,88320
2022-10-31,226.718017578125,227.13609997314913,225.12604599108585,226.73408917673646,42846
2022-11-01,234.91903686523438,237.17833571048766,227.5381240995288,227.5381240995288,233434
2022-11-02,243.00746154785156,245.22656884226257,233.16624578444637,234.77428885882188,238376
2022-11-03,242.25167846679688,245.2265679583851,241.21450835405184,243.45771076823155,127543
2022-11-04,239.60650634765625,241.20650162331677,238.7944366070836,241.20650162331677,55280
2022-11-07,247.4456787109375,250.8547222123062,240.7240458309896,240.7240458309896,310679
2022-11-08,248.3863983154297,250.8547506287157,246.85071404505027,248.04067490050892,95419
2022-11-09,248.3863983154297,248.3863983154297,248.3863983154297,248.3863983154297,0
2022-11-10,248.20947265625,250.98335667123973,247.63862425634966,249.16626021291086,106373
2022-11-11,249.1099853515625,250.93512996856217,246.03059361976435,247.96024042707108,62031
2022-11-14,246.4888916015625,250.01050990400822,246.0305934308518,250.01050990400822,32386
2022-11-15,247.17234802246094,250.0507347517094,245.22660482080823,246.48892470822452,36005
2022-11-16,247.13214111328125,249.04571664730588,246.1914494834993,248.80451995679627,18831
2022-11-17,246.87484741210938,248.44269950525842,246.04670606189697,246.04670606189697,25542
2022-11-18,254.5934600830078,255.1964763430513,246.83465577780694,246.83465577780694,151410
2022-11-21,259.6668395996094,261.3070507267816,253.26683378134214,256.2256277284331,115270
2022-11-22,258.46075439453125,261.2909258862066,258.0909113607018,259.6667866906093,139546
2022-11-23,258.58941650390625,260.5029917892323,257.30297706919373,260.5029917892323,39558
2022-11-24,256.2657775878906,258.58938692803247,255.67883306867148,258.58938692803247,78227
2022-11-25,253.15419006347656,259.6989366533906,252.86475410988035,256.48285075056225,151621
2022-11-28,250.1552276611328,251.41754737782972,247.63863629497598,251.26478132106817,31352
2022-11-29,250.73414611816406,251.65876607016878,248.8446904112372,249.32710828869827,16538
2022-11-30,253.49996948242188,253.7089984070938,250.85473162796646,250.85473162796646,35819
2022-12-01,255.48593139648438,258.8949753946272,254.07084541832975,254.07084541832975,127956
2022-12-02,251.1843719482422,257.2064854236953,249.33510768643248,257.2064854236953,58427
2022-12-05,245.32305908203125,253.10598204059468,244.83261769885326,253.10598204059468,94064
2022-12-06,242.22755432128906,247.63862798020466,240.80444506516653,246.4325957010803,59045
2022-12-07,244.37428283691406,245.2265436157175,239.20443077345107,239.20443077345107,82842
2022-12-08,244.43861389160156,247.63862837725318,243.6345923708962,246.67379273769092,194432
2022-12-09,246.97134399414062,254.07084445275459,244.82459536665752,246.83464951580905,70657
2022-12-12,246.0386199951172,248.04867368734412,245.22655045168528,246.83459340546682,16491
2022-12-13,247.18032836914062,248.44264803601718,242.8144974332595,247.67881778235574,47736
2022-12-14,248.86878967285156,249.6486915587095,246.03864264687985,248.33008443755156,72176
2022-12-15,245.01748657226562,251.2486527525711,242.81447567125858,251.2486527525711,125245
2022-12-16,246.8346405029297,251.6587702847459,244.0446844643076,244.0446844643076,76949
2022-12-19,245.29891967773438,249.23059664147704,243.77933178212075,249.23059664147704,16787
2022-12-20,237.82955932617188,248.4024621003052,228.34211506427366,248.4024621003052,90089
2022-12-21,240.28988647460938,243.99643885410862,230.06275515551093,237.29894964212818,78589
2022-12-22,239.25271606445312,240.3220540081697,237.18637464061828,240.2898862735098,25557
2022-12-23,236.6878662109375,240.36225055836724,235.18434984851277,240.36225055836724,37531
2022-12-26,236.22152709960938,240.40244907210146,234.01851585286224,239.63861876702217,48890
2022-12-27,235.46575927734375,237.99039893560484,234.41249292067351,237.99039893560484,29177
2022-12-28,231.14013671875,235.5783270851988,229.2265613987924,233.30295676994993,41598
2022-12-29,232.28988647460938,233.3270812226377,230.7461541859907,231.55017579663135,27246
2022-12-30,232.93307495117188,233.9702696146101,231.1642422740978,233.9702696146101,51796
2023-01-02,237.21849060058594,238.79436573988212,233.1662157056088,235.94009946578686,36141
2023-01-03,237.21849060058594,239.11596940591178,235.57828000601165,236.38230143947928,31200
2023-01-04,237.942138671875,240.72404635524302,237.18635645446668,238.93109400830258,18512
2023-01-05,240.7321014404297,243.13611808517663,237.9903849397828,237.9903849397828,66100
2023-01-06,245.43563842773438,246.83462814263262,239.63862509704765,239.63862509704765,180972
2023-01-09,240.67581176757812,246.0305983225425,239.63861708081893,245.22657675939695,54858
2023-01-10,241.4315948486328,245.14617055753737,241.20646979163226,242.81451292357647,35283
2023-01-11,243.82760620117188,244.29392794815607,240.42658588926804,243.61855272659648,59651
2023-01-12,241.52003479003906,244.8165033737663,241.20645462137236,243.82757261336388,66681
2023-01-13,238.35218811035156,240.79639585124633,237.1863470980353,239.20444895393018,80394
2023-01-16,238.46475219726562,241.2064686688835,237.99038241996504,241.19842060148812,9682
2023-01-17,233.13409423828125,241.19842983467925,228.42253948091476,240.4828633760339,66713
2023-01-18,235.96424865722656,237.18635255579508,230.79437154508392,235.5783094876202,43402
2023-01-19,237.355224609375,239.51804481248763,233.99441999861176,237.98236051538726,10065
2023-01-20,235.79541015625,240.40246284263338,234.87079020652143,237.76527292736984,60308
2023-01-23,233.48785400390625,239.19641193561,232.77228758111232,239.19641193561,22805
2023-01-24,234.25167846679688,235.89991279416725,232.53106060910613,235.89991279416725,37412
2023-01-25,234.74212646484375,237.1783107964475,233.9702726418935,235.77932114170196,56703
2023-01-26,240.82054138183594,242.81452378790894,235.25672563696818,236.37430290454228,105429
2023-01-27,245.25070190429688,248.44266856277244,241.23059399875038,242.66175143165327,58566
2023-01-30,246.9954376220703,255.19644296391164,245.22658034258762,245.22658034258762,39258
2023-01-31,249.182373046875,250.8547270980071,246.1190283248114,249.24668397558398,78609
2023-02-01,247.98434448242188,251.65872861330487,247.63862112746935,251.24866979797721,30546
2023-02-02,250.38839721679688,250.85471891089233,247.98435614221694,247.98435614221694,57536
2023-02-03,250.5251007080078,253.25074585446,248.16127511549305,250.85475252593466,33686
2023-02-06,250.30799865722656,251.57834192943787,247.64668924902955,250.8547274307458,77381
2023-02-07,254.93917846679688,257.2628128537996,249.2547639493468,250.45274837712947,149807
2023-02-08,253.2587432861328,258.89494227247116,252.462769793652,254.87483447320918,122055
2023-02-09,255.56629943847656,258.0909390938777,252.46278777407352,253.26680939118842,111455
2023-02-10,250.28390502929688,254.87486175720815,249.24671023575561,252.86480764240366,76518
2023-02-13,249.15821838378906,251.65871331026833,248.44262751716585,250.28384350401745,26988
2023-02-14,248.5230712890625,250.8386573281141,246.83462109085482,250.8386573281141,29092
2023-02-15,248.7803497314453,249.2466714172644,247.31702467494026,248.52305695599154,23662
2023-02-16,246.40048217773438,250.05074754923805,246.03063906773906,249.5683296240992,31071
2023-02-17,244.84869384765625,247.63864974672904,244.03662418989526,247.63864974672904,17797
2023-02-20,243.6748504638672,245.2266063793387,242.0105197382982,243.69897013220321,10102
2023-02-21,245.33108520507812,246.03057998699805,243.7149941318224,245.22655848377258,22403
2023-02-22,248.58737182617188,250.46075573973482,244.58336029308924,246.8346107720598,154491
2023-02-23,248.28990173339844,250.85473253216745,245.22658148176626,250.85473253216745,45320
2023-02-24,243.8356170654297,250.04266467841046,242.13914330002171,250.04266467841046,109869
2023-02-27,240.7562255859375,244.4225620538012,239.59843253958144,244.4225620538012,164560
2023-02-28,239.3491973876953,240.75623521897387,235.57833403692536,240.75623521897387,190826
2023-03-01,239.92811584472656,241.19845932078812,238.79444231558068,239.19645316122978,66315
2023-03-02,242.0345916748047,243.6104669478327,239.6064555729195,239.9200111994516,77822
2023-03-03,246.0305938720703,246.4326046463711,241.28687164267933,243.5783379635518,55351
2023-03-06,246.4246063232422,249.3512571285951,245.24269342674125,249.3512571285951,81638
2023-03-07,244.59136962890625,246.834596447377,244.42253198697918,246.834596447377,15482
2023-03-08,247.51806640625,252.38238750616094,245.22659982836404,246.83464310592709,578029
2023-03-09,246.62130737304688,251.38981303729986,246.38665443944794,248.06275412951223,32657
2023-03-10,248.5320587158203,249.73885253246712,246.38665316961522,249.55448054450022,10744
2023-03-13,248.0543975830078,249.73049749021473,247.22473631302196,248.53209219462295,18933
2023-03-14,248.3392791748047,248.89239509667578,244.76081583396754,244.76081583396754,9695
2023-03-15,245.96763610839844,248.81700054281495,244.71894998991866,245.59889212068254,183025
2023-03-16,247.19956970214844,248.39797487103834,246.38666031008808,247.23309885781907,50861
2023-03-17,245.4229278564453,248.90082996139373,245.38101001466623,247.19958962136812,179355
2023-03-20,245.2134246826172,246.17717702656375,244.7105895889587,245.4648294418188,130960
2023-03-21,245.3558807373047,245.54864143767537,244.7105914668983,245.4229390571099,6838
2023-03-22,245.38099670410156,245.96764185515198,244.2999307639629,245.54861691161682,8164
2023-03-23,245.38099670410156,245.3809967041016,245.3809967041016,245.3809967041016,0
2023-03-24,244.45912170410156,245.54857614632368,242.196377154565,244.73566686781226,8696
2023-03-27,245.03744506835938,246.21907302978738,240.44492198698484,240.44492198698484,23361
2023-03-28,245.9005889892578,246.67996918237688,244.71054699391678,245.12957190315294,3793
2023-03-29,245.79165649414062,246.88111110816308,238.71012477723662,246.38666474793735,25579
2023-03-30,245.82518005371094,246.38668477212005,243.04287366286567,246.38668477212005,3557
2023-03-31,246.06822204589844,251.3311747050157,244.33345251261377,246.3866851187049,8572
2023-04-03,246.26095581054688,246.38665817415676,245.12958338755394,246.06819513617705,12271
2023-04-04,245.67431640625,246.38666391697885,244.79437426521898,244.80273737281988,96709
2023-04-05,245.5486602783203,246.37832162896675,244.71061024324072,246.37832162896675,106260
2023-04-06,246.35313415527344,246.8056882489568,245.21339860111084,246.3699115209392,23656
2023-04-07,245.96763610839844,247.0570907060349,244.71056130716303,245.55699985740895,39714
2023-04-10,245.92576599121094,248.26390691788126,245.17988926585588,248.26390691788126,24302
2023-04-11,246.21905517578125,247.63536158033097,245.213410621386,247.63536158033097,14699
2023-04-12,246.12686157226562,247.207953035794,243.25235673557367,243.25235673557367,95891
2023-04-13,246.36154174804688,246.59619470810645,245.4648221746836,246.42857449009767,17221
2023-04-14,246.36154174804688,246.36154174804688,246.36154174804688,246.36154174804688,0
2023-04-17,245.7581329345703,247.23310894120837,245.55700914284813,246.3866703589554,7241
2023-04-18,246.36154174804688,247.21634347928074,245.54863228368797,247.21634347928074,934
2023-04-19,246.12686157226562,248.06275467250728,243.89764591057033,246.3699031889274,35811
2023-04-20,251.0797576904297,251.70829512177662,245.54862317952617,247.7275580565795,46536
2023-04-21,251.0797576904297,251.0797576904297,251.0797576904297,251.0797576904297,0
2023-04-24,251.0797576904297,251.0797576904297,251.0797576904297,251.0797576904297,0
2023-04-25,251.0797576904297,251.0797576904297,251.0797576904297,251.0797576904297,0
2023-04-26,247.94540405273438,251.40655385368467,245.54859387667952,245.54859387667952,26322
2023-04-27,251.5657958984375,253.0072426523516,246.3866540033659,246.3866540033659,77136
2023-04-28,252.00160217285156,253.049164493864,249.73885732936392,251.41495704298381,26065
2023-05-01,252.00160217285156,252.00160217285156,252.00160217285156,252.00160217285156,0
2023-05-02,254.8258514404297,256.44328168686417,249.36174946246825,252.92346170811913,147632
2023-05-03,254.03807067871094,256.2756495930894,253.51009514883975,255.18619495147672,14820
2023-05-04,253.19166564941406,255.18622877092906,253.09110373996904,255.18622877092906,8624
2023-05-05,252.20272827148438,254.60792729058605,250.5852981710417,254.60792729058605,9923
2023-05-08,250.96241760253906,253.09107152411084,250.5769218069839,251.43172350371583,7978
2023-05-09,248.69967651367188,252.24461093751194,247.2247006241727,249.80588285554504,13402
2023-05-10,246.58778381347656,251.406570531754,245.46480006468218,247.2582390498665,23840
2023-05-11,248.3560791015625,249.73046756162802,246.38665683156592,246.38665683156592,5012
2023-05-12,251.10487365722656,253.09104765439474,248.05436001202662,248.90079852104384,25443
2023-05-15,249.2611846923828,250.56854053795206,247.22472949931387,250.56854053795206,5329
2023-05-16,249.95675659179688,252.23625320814492,248.99297880352975,248.99297880352975,15014
2023-05-17,249.73887634277344,250.99595122369345,249.73887634277344,250.57692626338678,7760
2023-05-18,248.41476440429688,251.2054593383301,247.54318534093443,247.54318534093443,9089
2023-05-19,249.6215362548828,250.1579004784291,247.23311444921143,249.73887551950375,27630
2023-05-22,247.55995178222656,249.73888678195232,247.22473691501992,249.73888678195232,4231
2023-05-23,246.21067810058594,248.06276114944865,245.12958660883018,247.22471128070052,97829
2023-05-24,247.13255310058594,248.07116491862502,243.05122850836545,243.05122850836545,14908
2023-05-25,247.14089965820312,249.3198344185925,246.49561047032813,248.06275962320464,61596
2023-05-26,246.67160034179688,248.06276622139313,246.10173255745707,246.22743492528895,16248
2023-05-29,249.45396423339844,251.87591541644298,245.59892914671485,247.20799638798715,162764
2023-05-30,249.34500122070312,249.73888572119307,247.26662813244172,249.73888572119307,44680
2023-05-31,246.5123748779297,250.57692203943955,246.38667250700743,249.94838460957473,42971
2023-06-01,247.0152130126953,248.48180036730844,245.96765061654307,246.82245232471192,3523
2023-06-02,246.40341186523438,250.9540420650365,245.54861021084034,247.224709939242,32606
2023-06-05,250.25843811035156,251.33114087817623,247.2330904763837,248.48177654882178,29133
2023-06-06,254.54090881347656,258.0858435707711,249.1103361801535,249.1103361801535,91828
2023-06-07,254.63304138183594,256.44323197065876,253.0910328599312,256.44323197065876,14293
2023-06-08,252.42897033691406,254.34811151900058,252.27812751262343,253.11617730346032,5443
2023-06-09,253.98780822753906,254.55767606387596,250.57693874271246,253.09108862976308,11197
2023-06-12,252.4541473388672,253.82856147084354,249.7472624909257,249.7472624909257,3452
2023-06-13,253.04080200195312,255.43761256438813,250.61882538896714,251.4149830654429,10984
2023-06-14,252.5714569091797,254.68333323231437,246.48720707849904,246.48720707849904,16763
2023-06-15,249.69699096679688,253.09108300883335,249.31985826201299,252.26142174861437,15302
2023-06-16,246.95654296875,251.40658597416572,244.7105753332048,249.74726350958926,34808
2023-06-19,246.37828063964844,250.57691880096297,244.45916479277986,248.89243032661463,13300
2023-06-20,249.75563049316406,252.67205345153698,241.24942883364406,247.1241670167147,29769
2023-06-21,247.30853271484375,250.15789728410107,246.3866727019287,249.31984737695166,6245
2023-06-22,248.46502685546875,250.5769032544019,245.13796795312768,247.22470387976108,19802
2023-06-23,245.9760284423828,249.23602917617976,243.96468827034826,248.06276445932804,12805
2023-06-26,252.8983154296875,255.60522588135856,247.2247266721337,249.27795920849536,76241
2023-06-27,251.6244659423828,253.84529291641596,249.33658065861377,253.84529291641596,9236
2023-06-28,251.6244659423828,251.6244659423828,251.6244659423828,251.6244659423828,0
2023-06-29,251.6244659423828,251.6244659423828,251.6244659423828,251.6244659423828,0
2023-06-30,251.6244659423828,251.6244659423828,251.6244659423828,251.6244659423828,0
2023-07-03,261.0693359375,266.4999093348114,258.11940904126385,263.2650484976255,185271
2023-07-04,255.11917114257812,263.9438358893468,253.93751767132653,263.9438358893468,95538
2023-07-05,253.17489624023438,256.5019555809109,252.25303617570407,255.5214258815343,46500
2023-07-06,259.72003173828125,260.8094863117365,251.58257486663763,251.58257486663763,113520
2023-07-07,257.4489440917969,261.47157345328435,256.4432739637981,259.7954736234556,29108
2023-07-10,258.0523376464844,259.2926351360196,256.4432705779816,258.1109817025612,34112
2023-07-11,258.1193542480469,259.694892060822,257.2813043965922,258.1193542480469,98717
2023-07-12,259.46026611328125,261.4715808509298,258.11938109643074,258.11938109643074,57554
2023-07-13,258.6054382324219,262.22582009728796,258.11938052221274,260.2312571557575,139645
2023-07-14,256.0829162597656,259.37644625672556,255.60522167464072,257.71709823351694,87743
2023-07-17,254.7252960205078,256.44328821143006,254.34816330774188,256.44328821143006,27633
2023-07-18,256.25048828125,258.10259682673626,254.76714928362986,255.18617420021477,20908
2023-07-19,256.0744934082031,260.5496762461163,255.35378286035856,256.4432373641585,116070
2023-07-20,257.0215148925781,258.8484574584385,256.0326221909017,256.44325844027105,42547
2023-07-21,255.91526794433594,258.11934305008293,254.76714378969223,257.28129323498524,82017
2023-07-24,257.4070129394531,258.328872913237,255.18618589482776,257.28131057376726,84142
2023-07-25,259.971435546875,260.63350208623524,256.02422793358477,256.02422793358477,210526
2023-07-26,260.1306457519531,261.30391032509203,258.9573811788143,261.05250562200854,55784
2023-07-27,260.1306457519531,260.1306457519531,260.1306457519531,260.1306457519531,0
2023-07-28,260.1306457519531,260.1306457519531,260.1306457519531,260.1306457519531,0
2023-07-31,264.1282043457031,267.75694924352877,262.30962476752586,262.30962476752586,146089
2023-08-01,269.79339599609375,270.6901155199326,263.1476664806775,264.82376626717866,211625
2023-08-02,272.24884033203125,275.71837871108085,268.1759306612337,268.1759306612337,160956
2023-08-03,268.6117248535156,273.6232720915634,267.346286989378,272.45000743347987,93055
2023-08-04,263.8851623535156,268.57824701081825,263.1560630166707,268.57824701081825,94384
2023-08-07,264.3711853027344,267.337888784485,263.39904445630617,263.7761771000522,58895
2023-08-08,260.4742736816406,263.9857046240891,259.7954553443417,263.9857046240891,44525
2023-08-09,260.7089538574219,262.30963231855605,257.2813326574975,257.2813326574975,60462
2023-08-10,261.4380187988281,266.4998469523263,260.84301057833824,263.14764761959265,68955
2023-08-11,264.3628234863281,267.75691499560884,263.15602971075043,263.9018807444717,151451
2023-08-14,264.3628234863281,264.3628234863281,264.3628234863281,264.3628234863281,0
2023-08-15,265.3182067871094,266.0808352421882,263.9940992380704,264.82376043002034,49171
2023-08-16,263.95220947265625,265.6618385601082,263.5667136503282,265.6618385601082,19216
2023-08-17,267.1451416015625,268.0083319244536,263.14765302229534,263.98570287268484,48182
2023-08-18,269.4833068847656,272.3662004058508,267.3379013214351,268.0921410690471,89491
2023-08-21,266.7680358886719,270.6901030706443,265.66180394239706,269.4833092338448,36214
2023-08-22,266.8853454589844,268.98885874598625,266.3825104388533,267.7569244555282,34716
2023-08-23,267.052978515625,268.18435097158095,264.9075728633358,268.18435097158095,16723
2023-08-24,271.0923767089844,273.1204430389843,267.33790414586394,268.1759540021206,207131
2023-08-25,272.3326721191406,273.2796725417651,269.8604404065719,269.9358618240484,202781
2023-08-28,268.9637451171875,272.39136624321236,267.3379262158108,272.28241566086433,52145
2023-08-29,250.86184692382812,272.2823997178475,249.1522180149608,272.26564792741107,417405
2023-08-30,242.104248046875,251.41497016589713,240.6041315638142,251.41497016589713,228944
2023-08-31,237.40277099609375,243.87251714755448,235.4082081727434,243.03446726044947,77838
2023-09-01,238.60116577148438,240.43649699007415,234.66234681933994,238.82745559927739,57519
2023-09-04,240.5622100830078,242.19641759445568,238.8442180429753,239.26324298691037,14424
2023-09-05,240.93096923828125,243.97309461469075,240.52033295146995,240.52033295146995,18859
2023-09-06,242.54002380371094,243.27751180524498,239.68227058539318,239.68227058539318,12755
2023-09-07,254.0799560546875,255.60521297179292,240.9393400963622,240.9393400963622,375442
2023-09-08,253.8955841064453,259.79546241394894,251.51552551981237,253.9123614721821,59199
2023-09-11,250.60208129882812,255.7141912266512,249.73889085345223,251.51555269634196,127741
2023-09-12,246.52914428710938,250.5769139516792,246.37827587161868,249.83103728285892,31354
2023-09-13,246.11012268066406,248.8589252994368,245.54861800072516,248.8589252994368,13329
2023-09-14,243.9395294189453,247.30850605061298,243.0344468699194,247.22469595388353,37737
2023-09-15,246.27772521972656,246.95654360703574,245.54862588337627,246.05146094904146,12226
2023-09-18,248.63262939453125,249.62991078625652,246.38666188007954,246.38666188007954,9231
2023-09-19,248.59913635253906,249.73887194839665,247.93706976583306,248.06277213666243,5049
2023-09-20,251.31439208984375,252.6720287492922,249.31982936290026,249.73885428619926,67241
2023-09-21,249.30308532714844,251.40657311636315,247.64373737218304,251.3060112236839,25041
2023-09-22,249.8478240966797,251.41497333844876,246.3866738716798,250.8283281705576,45820
2023-09-25,252.09378051757812,253.09106191352245,248.98462264653236,252.25301203963662,44542
2023-09-26,249.5963897705078,254.75041710139251,248.07115839393742,253.07431730604873,33417
2023-09-27,253.06593322753906,253.84531350849403,250.15789900669566,250.945667970861,139785
2023-09-28,253.06593322753906,253.0659332275391,253.0659332275391,253.0659332275391,0
2023-09-29,266.29376220703125,266.29376220703125,266.29376220703125,266.29376220703125,0
2023-10-02,257.5105285644531,258.6040203283997,257.0607738302762,257.50170140116865,10247
2023-10-03,260.2177429199219,261.0114338927348,257.5192689661733,258.38349649261914,25400
2023-10-04,260.147216796875,260.9849897852894,259.2653618246822,260.9849897852894,27508
2023-10-05,263.44537353515625,264.5565195290441,260.14724420356004,260.14724420356004,43211
2023-10-06,260.7380676269531,264.1067331179049,260.1472129629773,261.03789508363064,9404
2023-10-09,272.5196228027344,273.38385030618593,260.15602660561234,262.792764184729,167777
2023-10-10,282.40521240234375,285.8532683864943,268.1720879155802,273.3750265875736,389220
2023-10-11,283.1195373535156,283.5163828688635,278.66618036255323,282.1936003671425,222911
2023-10-12,279.4598388671875,284.1777684109644,278.22524727279836,281.7526672065264,87938
2023-10-13,281.12652587890625,285.7209822870923,276.91126061177107,280.4298529854795,106462
2023-10-16,283.2782897949219,287.48472843365494,281.32057062910525,282.19359846248335,113915
2023-10-17,279.93603515625,284.38939185193635,279.19528023385084,283.9572915418895,67624
2023-10-18,278.7632141113281,283.95735377994754,278.6662229641721,282.18481634479616,26506
2023-10-19,279.9713134765625,282.1053873410631,276.90244862510855,280.4298683528169,39727
2023-10-20,277.7578430175781,282.1053812796679,276.9994337981363,281.3028900794075,56177
2023-10-23,277.6961364746094,281.3117473877137,277.3433998540312,281.2147562546883,28243
2023-10-24,280.4122619628906,280.8708168735194,277.6079426159657,277.6079426159657,28133
2023-10-25,282.1495056152344,283.51637004033336,278.66616775348473,279.54802271472994,73057
2023-10-26,282.27294921875,282.97844932975215,279.54802063819295,282.14950351937307,25236
2023-10-27,280.9501953125,282.1936141543171,278.97484862528546,280.4387312281606,8010
2023-10-30,282.0965881347656,282.41404299363603,277.7843045839043,282.1935792598393,85117
2023-10-31,284.1689453125,285.72101871739795,280.51807962316974,282.1054078512127,34879
2023-11-01,288.8427734375,291.02095620714493,286.20600887714437,286.20600887714437,114744
2023-11-02,290.1038513183594,291.0121609259785,287.47591363134575,290.13030589286944,95774
2023-11-03,290.2537536621094,291.89399096544724,288.3665711350491,291.01213600784774,17779
2023-11-06,295.1304016113281,298.06696669036614,284.94496101060946,284.94496101060946,38193
2023-11-07,305.39520263671875,313.71991598258916,294.5395697489383,294.5395697489383,158821
2023-11-08,311.250732421875,312.95270610973364,305.12182941871947,307.75856725183104,192320
2023-11-09,311.250732421875,311.250732421875,311.250732421875,311.250732421875,0
2023-11-10,312.37066650390625,313.7728126675731,307.85557339301187,307.85557339301187,69839
2023-11-13,313.076171875,317.46781973636877,311.294834352606,317.46781973636877,70411
2023-11-14,314.8045959472656,315.7040783256555,300.81836217017815,311.7445581339389,46824
2023-11-15,316.3389892578125,318.27908079315716,311.7445327866573,314.2930794409173,32835
2023-11-16,325.9159851074219,326.72730361358094,316.5859703030379,316.5859703030379,71463
2023-11-17,326.7361145019531,330.69563495933403,324.52264977342645,325.3956776378536,159237
2023-11-20,325.5191345214844,329.8137639872576,320.9952141480261,329.8137639872576,18780
2023-11-21,324.91064453125,328.9319010072192,324.6990079521183,328.9319010072192,14585
2023-11-22,332.723876953125,334.2230412009157,318.34965138134714,318.34965138134714,61562
2023-11-23,334.2494812011719,343.92343109591707,332.90024420181715,332.90024420181715,93898
2023-11-24,326.57733154296875,340.2637375802539,324.6196124789796,340.2637375802539,43429
2023-11-27,326.4538879394531,330.69560811997246,325.4044783900529,330.69560811997246,10063
2023-11-28,324.0728759765625,327.8648685142696,323.20867532525733,324.6196217548359,47355
2023-11-29,324.4344482421875,334.22304409819145,322.7589291291242,324.07288446371365,53417
2023-11-30,320.69537353515625,328.0500405701012,317.4677811968721,323.64076583125575,34616
2023-12-01,322.3003845214844,328.0500696014186,319.23151934331594,320.11337436912623,38088
2023-12-04,324.8753356933594,328.0500186758635,322.9352710849947,322.9352710849947,32866
2023-12-05,333.9143981933594,336.9568087794943,326.81547604181725,326.81547604181725,198335
2023-12-06,342.34490966796875,350.9782773419889,335.6340062777949,335.6340062777949,180995
2023-12-07,339.6728820800781,345.68713927846426,335.9867348599359,340.4136370062256,77364
2023-12-08,351.5250244140625,352.74198858059805,339.5229911704051,339.5229911704051,272818
2023-12-11,351.4368591308594,352.7420142720146,343.92346391521426,351.52505001684335,264458
2023-12-12,351.4544982910156,358.91498403558705,344.80530407350005,352.741999052174,434313
2023-12-13,353.91485595703125,363.50064243073797,343.04159562842693,356.26942065265933,282973
2023-12-14,349.7789611816406,356.9748739094425,348.7736336182687,353.63266301707824,81352
2023-12-15,355.86376953125,361.56054522056274,347.62724716957734,350.0964303721059,163666
2023-12-18,351.4632873535156,370.37908721542004,350.09642291552797,370.37908721542004,53010
2023-12-19,336.5423278808594,355.4316469058815,330.695624926231,350.9782899217065,174261
2023-12-20,332.7503356933594,339.51417539249337,327.2563962607386,338.41185664121906,32812
2023-12-21,330.06951904296875,334.22304860235465,327.21229051195905,334.2142214403942,46833
2023-12-22,326.4627380371094,334.9285246700981,324.52264623500315,332.44171397549934,64765
2023-12-25,326.4627380371094,326.4627380371094,326.4627380371094,326.4627380371094,0
2023-12-26,302.7055358886719,328.0500383003329,301.98240837760596,321.88588086994133,103617
2023-12-27,312.41473388671875,317.4589451228241,300.72135590780647,301.59438366972273,51507
2023-12-28,335.13134765625,335.8456480385402,312.4588636096027,317.2649571131554,122225
2023-12-29,333.7909240722656,342.9974918573329,327.6267397022843,327.6267397022843,42746
2024-01-01,351.701416015625,352.74199845216,336.8686085218128,336.8686085218128,64044
2024-01-02,343.11212158203125,356.92197370993233,341.9568937185881,351.78077105073754,75834
2024-01-03,341.3924865722656,346.56014329020087,338.6322764711391,342.16852317844405,42565
2024-01-04,342.1156311035156,343.9234229464805,335.1225010504255,336.95677437690307,20487
2024-01-05,338.993896484375,343.91463572748137,337.75047765832426,338.64996010368696,41197
2024-01-08,335.0255126953125,339.0555962205135,334.04663971993926,339.0291416488589,17374
2024-01-09,333.3411560058594,337.6534394338904,332.63568284263505,335.0255021135392,3843
2024-01-10,333.2618103027344,335.98673889265064,332.4593190617567,332.46814622319874,7840
2024-01-11,335.06964111328125,335.1049228510692,331.75388438739077,331.75388438739077,6945
2024-01-12,334.92852783203125,336.8686196524531,333.3411995513803,336.8686196524531,16355
2024-01-15,330.65155029296875,339.40836417682044,329.81377725969656,335.10490737616226,12309
2024-01-16,329.8402404785156,334.5757977509331,325.4045106911065,334.5757977509331,26896
2024-01-17,336.8597717285156,339.5141638028391,332.4593240355074,332.57396948765904,184484
2024-01-18,337.2389831542969,339.0644024548387,331.70973537219584,339.0644024548387,63526
2024-01-19,338.3060607910156,340.22849836187794,336.86863273805903,339.07327038686833,11246
2024-01-22,342.6182861328125,344.36436867642135,337.7504563458883,337.7504563458883,27752
2024-01-23,338.6940612792969,343.0416000341989,335.9955870926626,338.455943202072,35685
2024-01-24,364.10028076171875,364.10028076171875,336.163122044006,336.4276677675898,231600
2024-01-25,373.2803955078125,388.01618443116894,368.61537520961053,374.7883599619246,206943
2024-01-26,371.5607604980469,377.43391768018313,364.2060934624197,377.43391768018313,74696
2024-01-29,366.9574890136719,370.38791779471376,363.3242508114895,370.37909063307177,25953
2024-01-30,359.08251953125,365.97863170467537,351.86012533199545,361.66634807792224,45755
2024-01-31,353.65911865234375,362.44238646786204,352.741981963856,360.6786765580428,18112
2024-02-01,357.5481262207031,358.47406322064796,348.3327305588092,356.7103531925021,31458
2024-02-02,361.32244873046875,363.3154226745023,357.1600921704262,359.79682993479906,29647
2024-02-06,350.84600830078125,360.6786859208534,339.69934846357154,360.6786859208534,75755
2024-02-07,352.7155456542969,354.50571022897,346.56901522384373,348.78247988713866,122050
2024-02-08,352.7155456542969,352.7155456542969,352.7155456542969,352.7155456542969,0
2024-02-09,343.46490478515625,352.74200995872195,342.186204234224,352.74200995872195,31651
2024-02-12,320.6512756347656,345.687151378138,319.2315020379744,345.687151378138,483317
2024-02-13,317.3531494140625,322.62665191716485,312.17666495367286,318.3496498538867,380329
2024-02-14,336.9832458496094,341.1544026569725,320.55428336201436,320.55428336201436,281470
2024-02-15,333.9315490722656,342.70635501673183,333.2433203283015,337.3273709506111,16159
2024-02-16,327.1942138671875,339.5278336637915,324.6858159247762,339.5278336637915,39951
2024-02-19,328.9510192871094,331.8397340545455,317.8489364801571,317.8489364801571,38666
2024-02-20,330.7711486816406,336.86552689924036,325.99889699926484,328.71555447425874,16689
2024-02-21,336.3583984375,339.5821628930769,330.5266385492615,335.95995315555075,32516
2024-02-22,333.0440673828125,339.58215695003446,330.52663276470025,335.0453304898967,18926
2024-02-23,343.3764343261719,348.6376918283972,331.6857489281096,337.7257959044985,32185
2024-02-26,357.9920349121094,360.4098720929542,335.9599561469497,335.9599561469497,144987
2024-02-27,354.2702331542969,362.13042184462876,348.6467601370377,360.40987770425,32083
2024-02-28,353.16546630859375,357.67512759630785,352.25991383087944,354.2793058048791,8701
2024-02-29,354.1434631347656,358.5082328615293,353.21074515571,357.50308284125697,16269
2024-03-01,356.561279296875,358.14599609375,348.6376953125,353.21072415794646,21226
2024-03-04,376.0035095214844,376.9362274895011,357.693236896944,362.1214018794075,100239
2024-03-05,371.53009033203125,384.7692638786424,367.75392412821554,384.7692638786424,21215
2024-03-06,368.31536865234375,375.8042776830171,366.73968855152157,373.08762025398323,21646
2024-03-07,369.5378723144531,374.355418511223,365.5625109916927,367.47321360659043,14256
2024-03-08,363.7513732910156,370.37095962508255,361.3063705719017,368.15234502309886,15653
2024-03-11,364.3218994140625,367.201549818398,362.6737871819196,363.8057278410392,7207
2024-03-12,363.9505920410156,367.6542982813617,362.23004789630915,364.9467052727724,12776
2024-03-13,357.838134765625,363.12655813140617,357.2495311585507,363.12655813140617,63579
2024-03-14,357.5936279296875,362.21192341571503,351.35435815018457,362.21192341571503,49730
2024-03-15,353.6725769042969,360.36462304422776,351.35436474975916,360.36462304422776,8548
2024-03-18,352.196533203125,357.593646092626,350.44882348076317,357.593646092626,93602
2024-03-19,360.4098815917969,364.457702221618,350.15902104069147,357.5121026454943,168710
2024-03-20,357.9558410644531,362.211921062095,355.0671264948273,362.1304246566054,366881
2024-03-21,351.6079406738281,361.90406867731605,349.6610082313104,361.90406867731605,25288
2024-03-22,349.3531188964844,355.88214491130725,345.0245789009383,345.0245789009383,11609
2024-03-26,342.9418029785156,348.4566147642419,341.21219426905793,348.4566147642419,10642
2024-03-27,340.3518981933594,347.73214522778085,339.58217307400474,347.73214522778085,23023
2024-03-28,345.8124084472656,350.08661754209965,344.1099652501741,348.13968510786987,10666
2024-03-29,343.2496643066406,348.6377127394489,340.7593949299303,346.917168515321,19213
2024-04-01,339.111328125,345.9210733372879,337.7711004052576,340.6688796129766,29560
2024-04-02,341.03106689453125,344.01937900163654,336.88362109200705,341.3027215823523,26286
2024-04-03,345.7671203613281,348.62866975504505,340.1255456229876,343.92884977772206,50978
2024-04-04,350.1047058105469,357.69324024032653,343.3039976401598,344.20955014709733,17241
2024-04-08,356.2986755371094,356.69712084415664,350.44881418039716,350.44881418039716,13312
2024-04-09,361.9583740234375,363.035983685401,355.06713291593746,357.69322958074235,27571
2024-04-15,360.2740783691406,361.3154582480648,355.8821430864397,360.40990572112725,18024
2024-04-16,361.6867370605469,364.02305041381027,357.70231148053045,361.7682334715046,10732
2024-04-17,357.7023010253906,360.4098941507243,357.69323665712585,358.15507727432373,19428
2024-04-18,355.1758117675781,361.08906863887415,353.4009365599184,355.0037545773424,18289
2024-04-19,360.2650146484375,362.22101142637234,351.4177763930456,355.20297932998636,30306
2024-04-22,360.9079284667969,364.93764804146133,354.08008269115635,362.1757240421532,55309
2024-04-23,365.073486328125,366.7487639869712,358.60785582225026,362.2210014686135,27709
2024-04-24,363.6336669921875,366.2054328276051,361.3154547564514,361.3154547564514,16876
2024-04-25,355.09429931640625,364.93765037765434,354.8860122967744,363.1446465139508,30246
2024-04-26,352.10595703125,357.693227966858,348.6377032082034,357.693227966858,37519
2024-04-29,349.0814514160156,353.1655023505874,348.63773949993885,353.1655023505874,18242
2024-04-30,345.7489929199219,353.14736889971243,345.01549761612637,346.82660259048924,21457
2024-05-02,343.9559631347656,351.3362374575181,342.29881436758274,350.43068503855625,24856
2024-05-03,344.7528991699219,349.52517873405026,342.29885952863725,348.6286629290152,16078
2024-05-06,350.023193359375,353.16546151984693,345.7308835164965,348.62863482472926,35934
2024-05-07,346.28326416015625,353.92612933164736,344.10994372683,350.3763790721105,23844
2024-05-08,346.23797607421875,348.6195833794473,343.24963648323603,348.6195833794473,13448
2024-05-09,344.57177734375,348.6376990688253,344.1099367432562,348.6376990688253,17879
2024-05-10,344.7347717285156,349.45269235541815,343.2043858446665,343.2043858446665,16252
2024-05-13,349.34405517578125,360.3736783984279,344.11902700756605,344.11902700756605,75025
2024-05-14,352.8122863769531,354.9765700562556,348.0490991523645,353.07490433247193,25188
2024-05-15,346.7451171875,352.2599286932259,345.92106108177967,352.2599286932259,21263
2024-05-16,351.48114013671875,354.9765593181373,347.7230753724581,350.43973271417855,20211
2024-05-17,353.8537292480469,356.3349344335989,349.19011142869135,349.19011142869135,7901
2024-05-20,355.3387756347656,358.55350341145237,351.3543503842656,353.1654552831536,28816
2024-05-21,357.6660461425781,359.3231949381154,354.0710018723763,357.24043539297304,32285
2024-05-22,354.1887512207031,357.6932349490674,349.5432625071899,357.6932349490674,20130
2024-05-23,357.46685791015625,358.55353199021016,351.35437838920996,354.7954669172644,14399
2024-05-24,362.51080322265625,363.57934859852566,354.47855653080285,354.47855653080285,47239
2024-05-27,360.8445739746094,364.03210885970884,354.97658376369617,364.03210885970884,75293
2024-05-28,360.8445739746094,360.8445739746094,360.8445739746094,360.8445739746094,0
2024-05-29,361.5689697265625,364.0320734182859,357.711307567949,357.711307567949,60897
2024-05-30,361.3154296875,363.1265345982143,359.0968151177679,359.0968151177679,17696
2024-05-31,361.1162414550781,362.22101666130595,359.6039565509982,361.3154641196527,27544
2024-06-03,361.3154296875,364.03208705357144,359.5043247767857,364.0230226857322,12043
2024-06-04,361.3154296875,361.3154296875,357.7022842339107,361.3154296875,53333
2024-06-05,361.2701721191406,363.0269461371213,361.2701721191406,361.3154386889291,6289
2024-06-06,361.9493408203125,364.87425767250664,357.80189494594,364.0321004904038,10588
2024-06-07,359.7035827636719,362.22101773149495,352.2599397438788,362.22101773149495,60793
2024-06-10,354.40606689453125,360.40988421145545,348.6377020638451,360.40988421145545,17311
2024-06-11,354.080078125,357.1498866105083,350.44880389765837,356.78767115162117,43972
2024-06-12,358.5082092285156,358.5082092285156,353.17451967132183,356.69710432952314,1713
2024-06-13,365.7707824707031,371.2765295790891,356.8239192387151,359.5043469338985,160181
2024-06-14,363.5430908203125,371.2765167360558,359.50433449808327,362.32058944546935,43076
2024-06-20,364.0502014160156,366.79402435029215,362.2209953382542,366.7487577799824,126086
2024-06-21,353.0024719238281,366.64915433470526,351.8252371268784,364.0320944208307,69942
2024-06-24,349.6338195800781,352.25991625647885,348.63770632067957,352.25991625647885,119677
2024-06-25,350.8563232421875,357.6841691181792,350.4578779358369,353.14736993606914,11687
2024-06-26,348.65582275390625,354.97658931853033,348.637721652128,354.0257702226779,22333
2024-06-27,347.9676208496094,353.12021690916873,347.79556365965595,352.23276548916,15844
2024-06-28,349.7605895996094,353.165475851101,347.5782047531177,352.1603258386079,21232
2024-07-01,353.2016906738281,354.65961687543336,350.4488034463487,350.4488034463487,25723
2024-07-02,362.284423828125,364.8833552860815,353.1745671717776,353.1745671717776,60396
2024-07-03,370.69696044921875,375.3515135932049,363.12655476688826,363.12655476688826,45574
2024-07-04,375.7408752441406,378.52092792620647,369.46540333467044,373.0876131712849,48631
2024-07-05,370.4886779785156,377.6153713323784,369.4653992892335,375.79520206612375,6188
2024-07-08,373.9026184082031,375.8042841683982,367.6543117406498,370.823745462552,15214
2024-07-09,376.9814758300781,378.50282495674765,373.9026030112123,373.9026030112123,12581
2024-07-10,374.57275390625,376.7098445672309,370.37097699037844,374.00225140269015,10298
2024-07-11,375.5235595703125,375.8042786278636,371.27651623475685,374.4459499099316,10252
2024-07-12,373.404541015625,378.42130909448827,367.6542776970052,378.42130909448827,6669
2024-07-15,376.2298889160156,378.52093557858046,372.18206823635546,375.7952137781378,28895
2024-07-16,376.2298889160156,376.2298889160156,376.2298889160156,376.2298889160156,0
2024-07-17,376.2298889160156,376.2298889160156,376.2298889160156,376.2298889160156,0
2024-07-18,375.2428283691406,377.6153713647053,371.2765042194944,377.5248105927202,15056
2024-07-19,379.245361328125,382.1431402705397,368.5598532940987,371.2855750573236,59377
2024-07-22,368.4512023925781,382.14315165094035,366.7487592858551,379.2453726222285,72051
2024-07-23,370.9414978027344,374.88969368054677,366.74878504831645,374.88969368054677,32741
2024-07-24,380.2686462402344,382.0525857309932,357.78379032452784,366.7487543482081,234407
2024-07-25,392.9101867675781,402.97086175915274,380.33204930077335,382.14315429744374,104500
2024-07-26,381.8533935546875,396.6320178381066,380.33207189955425,396.6320178381066,63479
2024-07-29,378.5661926269531,387.55834950477856,376.2570449216135,376.2570449216135,30143
2024-07-30,373.006103515625,384.8597814686267,371.2764950638516,384.40700525513415,27720
2024-07-31,377.52484130859375,381.2285478114014,371.27653442699824,379.3902772951371,27141
2024-08-01,380.35015869140625,383.9542676620252,377.1626237764941,377.5248392566685,15738
2024-08-02,380.33203125,384.8597935267857,376.7188857964107,384.8597935267857,3157
2024-08-05,378.03192138671875,383.91801236384197,371.38516966109177,371.38516966109177,61294
2024-08-06,375.06170654296875,379.4264759778512,362.2300438215679,379.4264759778512,43248
2024-08-07,378.2040100097656,384.85982665664636,377.61540639016835,377.61540639016835,10374
2024-08-08,395.50909423828125,400.25418020099846,371.3670627678441,383.0486837670189,137492
2024-08-09,410.1790466308594,412.0263814415715,396.6319891679304,398.45215850945283,173668
2024-08-12,396.67724609375,412.93192388864946,393.91532213061953,411.1208189593133,14090
2024-08-13,402.8893737792969,404.3291989655398,400.2542126377796,404.3291989655398,9365
2024-08-15,400.1455383300781,402.9708576746031,397.58280931001497,402.9708576746031,9142
2024-08-16,404.4468994140625,406.5930543214661,396.63197726681994,402.970844483413,22801
2024-08-19,403.0794982910156,412.02636083361693,402.06528397829874,407.45333205869144,125888
2024-08-20,404.8996887207031,408.4041724305596,402.97085749800226,403.07951937501036,7677
2024-08-21,404.91778564453125,405.14417376438564,398.9049315515379,398.9139682843495,10310
2024-08-22,416.0289611816406,425.42857335796083,406.6836523117714,407.4080832915705,54622
2024-08-23,411.04840087890625,423.79856785485003,405.6875179465231,419.2708053777683,52094
2024-08-26,415.3406982421875,416.5541352329382,374.08373001559016,415.64858276504054,32564
2024-08-27,407.4895324707031,416.4635604417534,386.6708907777354,415.34068426263985,44144
2024-08-28,403.0251770019531,410.2152657695297,402.97084606499055,407.4986083803275,28568
2024-08-29,405.06268310546875,410.2152789972938,402.97085905915173,403.9216781219253,13647
2024-08-30,402.8622131347656,410.115697728349,398.4431123758629,408.7664056694562,10536
2024-09-02,382.9309997558594,420.15827919995115,378.57529423122145,404.8453823688286,160029
2024-09-03,377.28033447265625,385.765356795554,376.7098319881466,385.39407696221804,18833
2024-09-04,375.7137451171875,380.3320686203458,374.1833591064411,380.1056804842623,13277
2024-09-05,374.79913330078125,380.23244824005286,373.7667901973906,380.23244824005286,37825
2024-09-06,370.9958190917969,379.4265109549382,370.1445975007899,379.4265109549382,10326
2024-09-09,367.97125244140625,374.8896589555891,344.20953678949365,371.29461453714777,13342
2024-09-10,370.00872802734375,371.27649590092767,368.03463036452973,368.03463036452973,2342
2024-09-11,361.53277587890625,374.7991422817319,354.1615928050057,374.7991422817319,33693
2024-09-12,359.5224304199219,366.712519217129,357.69322438568406,361.30636988492705,9896
2024-09-13,360.1110534667969,365.84318829215374,359.5043211682798,365.84318829215374,7224
2024-09-16,361.9765319824219,362.22102122304995,357.7475894001236,357.79285597366817,6295
2024-09-17,361.9765319824219,361.9765319824219,361.9765319824219,361.9765319824219,0
2024-09-18,364.9285583496094,398.17140735355764,336.42178605322175,362.2119011085396,59094
2024-09-19,384.39794921875,392.1042093826979,364.93763598435856,366.7940074458047,141642
2024-09-20,383.7640686035156,392.10419867109306,374.89870265550235,381.21040414136917,66508
2024-09-23,384.7149353027344,388.4911015297636,380.34112872218736,380.34112872218736,13883
2024-09-24,375.7046813964844,384.8869691661191,371.321783077697,376.2661195119996,77121
2024-09-25,376.0669250488281,379.4174528921656,371.36710511823514,375.8948678540457,50846
2024-09-26,370.7875061035156,380.3411012296545,366.7487498309072,380.24147608775604,32922
2024-09-27,368.72283935546875,373.09667315756496,363.21709262799146,373.0785444220233,82658
2024-09-30,364.0321044921875,369.4654194846082,362.13043871778643,367.6543144871346,105314
2024-10-01,365.93377685546875,367.83544266411053,364.122671825385,365.3904398193897,11140
2024-10-02,376.6464538574219,378.5209542104985,366.8483689365418,369.47449335865826,29571
2024-10-03,381.0202941894531,384.8598281018177,375.80430273471615,379.4265128815568,70892
2024-10-04,380.5131530761719,384.99562115233914,376.3023120474374,376.3023120474374,62546
2024-10-07,380.15997314453125,384.859792587182,378.5209254151578,381.32814354696495,102189
2024-10-08,387.25048828125,393.0097889745654,376.8004045876914,384.83265092227964,91244
2024-10-09,403.7738342285156,403.7738342285156,403.7738342285156,403.7738342285156,0
2024-10-10,392.1036071777344,406.0492968022282,389.006662088442,395.61599858023595,278989
2024-10-11,404.1986999511719,405.05791717260183,396.54132518472846,396.54132518472846,94297
2024-10-14,408.2776184082031,410.7230695484738,405.5300192438379,410.5814466666862,27297
2024-10-15,417.1907653808594,419.69286556566715,398.0708991767992,408.27760075638093,42303
2024-10-16,436.9809875488281,458.914552500157,417.19075437890734,417.19075437890734,355552
2024-10-17,425.0275573730469,442.35346735351277,422.99755256002925,425.13143336275505,48691
2024-10-18,411.45953369140625,430.55107597608037,406.00211111779504,425.0275531200819,70226
2024-10-21,429.2858581542969,447.5465075576749,405.53001054012947,406.5686263416496,85681
2024-10-22,423.6773376464844,437.1603824137084,421.10913727108846,437.1603824137084,80159
2024-10-23,426.6610107421875,433.3836456903005,421.1091633504881,433.3836456903005,28805
2024-10-24,421.00531005859375,434.3278303275002,420.1649662950817,422.9975391015654,68215
2024-10-25,437.54754638671875,445.65814346363345,421.10917793385704,421.10917793385704,156541
2024-10-28,425.5185241699219,439.04876704369815,424.88590359067564,437.53805584582517,71093
2024-10-29,423.7339782714844,427.718464902847,423.13913341197474,427.718464902847,8453
2024-10-30,414.09381103515625,434.2239679924162,409.87327654829977,426.7648368109455,28845
2024-10-31,414.53759765625,420.1649675809822,414.09382676263255,419.22077664259797,24150
2024-11-01,414.7547302246094,420.16495450638837,409.4389596110345,420.16495450638837,123702
2024-11-04,413.6217346191406,417.31352467563704,408.0982118222972,417.31352467563704,64762
2024-11-05,413.0835266113281,416.36932137905063,409.2406626597345,416.35987024925646,31112
2024-11-06,415.4440002441406,419.20189043772194,413.6028164445634,414.49035820478406,24181
2024-11-07,420.16497802734375,421.09971785896954,415.46289666409325,418.748691584555,11626
2024-11-08,421.5434875488281,426.73653782408854,413.36679038496027,420.1744279467305,53801
2024-11-11,421.90228271484375,427.71850245317376,416.38821099746053,424.88592958924545,17911
2024-11-12,421.25079345703125,425.35802991947094,417.33240671344316,417.33240671344316,14748
2024-11-13,421.109130859375,424.8858943648402,420.16493998300865,421.58122629755815,43147
2024-11-14,423.3468933105469,423.9417382216999,418.37101735761746,422.05335631425356,39501
2024-11-15,423.61126708984375,424.88593064466204,421.2980165338756,423.3468947744639,24026
2024-11-18,423.951171875,426.47214548144103,422.99752983043754,423.9417207452376,38036
2024-11-19,421.9778137207031,425.73567509722386,421.5812408605858,424.8859090420238,26674
2024-11-20,424.37603759765625,434.19561728158226,415.53842452644875,424.8859087562012,35093
2024-11-21,419.84393310546875,429.559665628315,415.6328497188468,427.30303552460504,20708
2024-11-22,421.43963623046875,424.8859274345537,417.43624700927904,422.98809440473127,187927
2024-11-25,425.0841979980469,431.023167120161,421.83617883660986,426.2077875296474,25674
2024-11-26,412.5925598144531,425.08418728175064,406.00209680017986,425.08418728175064,65603
2024-11-27,426.5382385253906,433.3836225415701,412.59254932355117,412.59254932355117,452480
2024-11-28,442.29681396484375,443.7508761058813,417.436249944301,427.7185032914345,91890
2024-11-29,468.6019592285156,473.0396682407744,430.6077244371369,436.3672950229128,312004
2024-12-02,484.1055603027344,509.8631172976919,465.0140467946542,476.9675077801417,161605
2024-12-03,502.9044189453125,505.04775079461183,477.76060990464794,489.2419462405282,70912
2024-12-04,496.974853515625,513.7908910160403,494.7654790979919,501.4597602577054,72615
2024-12-05,503.9241638183594,505.6142448427862,447.2821301290935,495.70024004194727,83547
2024-12-06,494.51055908203125,507.0966405854158,490.97929414857737,503.9524685848885,230143
2024-12-09,492.6505126953125,514.159151795353,476.81641259235346,495.7002309128427,106441
2024-12-10,491.677978515625,513.8287186081157,486.25833176664634,493.81185925040006,73681
2024-12-11,503.1971435546875,505.1421746697575,490.98876108981244,495.4736682480953,67367
2024-12-12,511.7798156738281,514.7539823994746,497.58859893791197,502.09240792360674,102270
2024-12-13,509.90087890625,514.5840869392739,502.79115075462016,514.5840869392739,31835
2024-12-16,521.0234375,537.2446305001681,514.5840485458552,514.5840485458552,82492
2024-12-17,509.1455078125,533.4678753870442,500.4211928409441,526.9907394389304,75286
2024-12-18,508.3524475097656,521.353918137883,495.70026530566435,515.5282759178909,46380
2024-12-19,474.30487060546875,509.8631046584536,467.3745126035825,500.5250424848056,48725
2024-12-20,479.951171875,490.0351247521257,458.87682202222175,480.7442888503941,35902
2024-12-23,510.599609375,519.3050222682712,488.14672093217484,519.3050222682712,34201
2024-12-24,528.2464599609375,538.188817890119,510.5995872032791,510.82618380072375,94955
2024-12-26,523.922119140625,537.7167348012687,522.1942336021152,528.2464721085967,32469
2024-12-27,524.7152099609375,528.6430765233969,518.9273149180366,528.6430765233969,11847
2024-12-30,527.113525390625,530.6353393618854,524.9701933900503,525.9143843853562,23490
2024-12-31,523.4971923828125,538.1888001303398,521.2877603729572,528.7468913561233,57227
2025-01-01,523.4971923828125,523.4971923828125,523.4971923828125,523.4971923828125,0
2025-01-02,524.1676025390625,542.9097689008879,519.3049963399798,524.0259508521614,103619
2025-01-03,514.3385620117188,524.0165191199382,512.7900750434817,524.0165191199382,54055
2025-01-06,505.05712890625,514.3385415882948,500.4211769444538,514.3385415882948,24187
2025-01-07,500.2984619140625,505.0571636303261,495.7002565257407,505.0571636303261,23112
2025-01-08,486.3999938964844,503.2254260142336,476.8164326442753,503.1593833607139,25111
2025-01-09,476.9013977050781,486.2583333640469,474.569244934231,481.5373786711921,13392
2025-01-10,484.6531982421875,486.16393832432146,474.0499524213982,486.16393832432146,6205
2025-01-13,483.218017578125,488.1466952279746,476.8919270232906,484.7664756703984,6900
2025-01-14,490.431640625,490.979287504831,485.69184130631555,485.69184130631555,23875
2025-01-15,485.2763977050781,514.5840638230385,477.77949049971477,494.7560540243526,41690
2025-01-16,481.87725830078125,490.84707193282765,481.53736340459363,484.37938726020377,16686
2025-01-17,483.8978576660156,495.70024443835746,477.76061654439786,481.5468314415798,11071
2025-01-20,488.0239562988281,493.7174552093067,486.35271992889534,488.9965006084483,19317
2025-01-21,483.06695556640625,493.71745684302886,481.5373708809739,489.09089826734214,18620
2025-01-22,475.90057373046875,489.09092274153846,474.9280581833858,489.09092274153846,24237
2025-01-23,481.5373840332031,486.2583387786267,474.07828129831813,483.42576593137255,65078
2025-01-24,479.53570556640625,486.2583405379044,476.8164310128966,483.4257676804021,21630
2025-01-27,463.2200622558594,486.25831450037174,452.2674420304428,486.16391846171314,87281
2025-01-28,449.00054931640625,466.19425756273307,442.8255327532594,448.49067816161664,72519
2025-01-29,442.259033203125,457.9326086646338,438.1140499349997,453.2116539361324,88694
2025-01-30,448.23577880859375,451.13442311799787,442.82555430708743,447.5370579137486,18668
2025-01-31,453.1361389160156,456.97897423031446,445.6581338226795,450.3507640538553,52011
2025-02-03,447.2821350097656,453.13613038657377,446.6023163777132,453.13613038657377,19388
2025-02-04,453.0322570800781,454.15584661490277,450.37908281768944,452.2674647162961,21297
2025-02-06,447.2821350097656,471.15128091433166,425.83011561595913,452.2674620400098,36059
2025-02-07,442.10797119140625,451.3232842921282,438.1140618239422,440.0024437665871,6613
2025-02-10,444.8177795410156,451.32326894310495,439.04878673335526,443.7697414294128,7893
2025-02-11,451.40826416015625,453.2116723976358,446.60233550850364,448.48126634637043,18859
2025-02-12,448.9344787597656,451.31382961561064,448.500158984408,450.388540912215,4366
2025-02-13,442.202392578125,452.73011606279545,439.04879821640867,452.720693746963,183069
2025-02-14,429.7012939453125,447.54649659079564,428.66267816924307,446.86667797504293,41549
2025-02-17,432.2978210449219,434.2239786011661,427.71848929291934,432.43944392087656,50928
2025-02-18,435.5835876464844,437.27369747374314,431.5047047410668,434.22397922095877,3104
2025-02-19,435.9329528808594,439.0487713452838,429.6068622840949,439.0487713452838,10531
2025-02-20,438.2273254394531,446.6022940818005,434.32781242627533,439.99295780574846,20441
2025-02-21,438.9826965332031,443.76975162039923,437.16041489413794,438.2273552902561,3923
2025-02-24,436.35784912109375,439.9929901026372,428.66269851201133,439.9929901026372,7980
2025-02-25,438.5295104980469,449.3499310191407,436.2256822105649,436.2256822105649,54158
2025-02-26,442.6461486816406,446.6023109932674,438.52949004759284,440.82386709769986,39733
2025-02-27,440.94659423828125,446.1301929741285,439.9929522242198,446.1301929741285,19620
2025-02-28,436.5561218261719,445.6486854519171,433.20425541790064,445.6486854519171,2955
2025-03-03,432.4772033691406,439.04876389619466,430.55104588530054,439.04876389619466,6651
2025-03-04,432.4772033691406,432.4772033691406,432.4772033691406,432.4772033691406,0
2025-03-05,439.1809997558594,441.8813720876951,424.89538582998176,440.9371811216958,8801
2025-03-06,429.5974426269531,439.04880351022916,426.86874569186205,439.04880351022916,32356
2025-03-07,422.00616455078125,436.21622708928476,421.1091716056731,434.23342029417637,72213
2025-03-10,424.2721862792969,430.55104999551423,422.9975228026105,422.9975228026105,18841
2025-03-11,418.4276428222656,427.71847782321163,406.00208711695586,423.94171422212366,50429
2025-03-12,423.6395568847656,434.3278045558171,418.4276336032866,418.4276336032866,138422
2025-03-13,421.5812683105469,426.5382709054637,420.70317762348,424.8953878374777,15000
2025-03-14,422.2421875,424.88591052863245,420.26880313663304,421.58124233563194,46660
2025-03-17,421.5340576171875,425.83011487788116,420.1649692254038,422.9975420516425,38817
2025-03-18,423.2336120605469,425.8301372879122,422.05337332083536,424.7915214340816,44558
2025-03-19,420.7409362792969,425.8301395832882,420.16499360213584,425.8301395832882,77476
2025-03-20,420.65594482421875,424.88593068512006,419.31520980124384,423.941739728042,113500
2025-03-21,428.4549560546875,434.3278247506315,422.9975336701803,422.9975336701803,57037
2025-03-24,420.90142822265625,434.14842571096625,415.44400584391974,429.6068696795079,110014
2025-03-25,423.04473876953125,426.77430450502266,422.05334980917064,422.05334980917064,20366
2025-03-26,426.8781433105469,429.60686890218795,423.94172337820305,428.6626779815238,42063
2025-03-27,428.5021667480469,430.5510737907032,424.03616198964914,429.5691071333181,26103
2025-03-28,428.5021667480469,428.5021667480469,428.5021667480469,428.5021667480469,0
2025-03-31,428.5021667480469,428.5021667480469,428.5021667480469,428.5021667480469,0
2025-04-03,426.0850524902344,429.2292245846842,424.8859403207433,428.5021790900164,26220
2025-04-04,421.22247314453125,428.18115601977286,420.1649838628693,426.0850509027565,91226
2025-04-07,404.9162902832031,421.10915913737267,381.2737410833272,421.10915913737267,54523
2025-04-08,405.15234375,410.72306461056945,401.28115507929203,401.28115507929203,85020
2025-04-09,405.9926452636719,406.94628731535016,400.3369508624327,405.5394520624151,40260
2025-04-10,430.352783203125,433.3647545130416,415.45345178668606,415.45345178668606,103929
2025-04-11,426.16998291015625,430.33386815986665,420.21214074651283,430.33386815986665,29856
2025-04-14,423.9889221191406,428.5493804097754,421.1658004821707,427.7184877878714,10169
2025-04-15,420.3443603515625,429.5974198940008,417.33238899461514,427.7184891732142,14806
2025-04-16,417.5873107910156,426.7742988812751,417.1529910327582,426.7742988812751,16311
2025-04-17,416.0671691894531,420.1649542745351,415.44399973212455,417.61562729586547,25189
2025-04-18,418.0594177246094,424.8670552394845,415.44401915900454,416.4826349697863,14441
2025-04-21,420.2405090332031,422.05336839458596,406.01157285228373,418.28605560201447,28926
2025-04-22,415.3212585449219,422.47824190930714,414.5281416237895,415.585630851966,40390
2025-04-23,410.9307556152344,418.2671083737352,410.7230324692249,418.2671083737352,106251
2025-04-24,401.29058837890625,410.93076951396074,400.3369463380056,410.93076951396074,316086
2025-04-25,406.24761962890625,415.4345794084559,397.51385307780527,405.9076958931478,15168
2025-04-28,407.3428649902344,414.9719150504737,397.9859293865421,406.2476000502319,31098
2025-04-29,401.75323486328125,405.98322054126095,398.4580177861921,401.30001285029124,26616
2025-04-30,396.40911865234375,403.87767240516445,394.67181078985095,401.2811473341786,45250
2025-05-02,406.1531982421875,409.59948958029634,395.61602337429656,395.61602337429656,20857
2025-05-05,410.3926086425781,413.3668045025562,406.0021262955226,406.1532003118749,48110
2025-05-06,411.57281494140625,415.44400346383964,408.3625715866151,410.7230488790233,84806
2025-05-07,395.5782165527344,403.1600684259949,378.6205558357112,400.33694681880684,49838
2025-05-08,364.0422668457031,401.186736021012,356.06384165066186,401.186736021012,42639
2025-05-09,389.81866455078125,391.8203735830916,363.51351832813987,368.1400482530683,50790
2025-05-12,428.8043212890625,428.8043212890625,417.8139534323445,428.8043212890625,107243
2025-05-13,426.3305358886719,438.08572466991285,418.27658828709764,438.08572466991285,178910
2025-05-14,424.1872253417969,429.51244718980666,422.9975355524411,426.3305283741949,8036
2025-05-15,434.7999267578125,436.21621316418975,422.0722225459776,424.79149705652924,71047
2025-05-16,429.7768249511719,440.93716877217264,391.3199464243271,440.93716877217264,32159
2025-05-19,428.3227844238281,434.0445791158375,425.83010655453836,425.83010655453836,7647
2025-05-20,425.8112487792969,429.51246120003486,424.8859312669017,428.32280018629405,12772
2025-05-21,426.11334228515625,427.48243061798337,424.9803304921038,425.8206454108696,4919
2025-05-22,420.90142822265625,432.43944244662555,420.1649604557825,426.1133517409614,72669
2025-05-23,421.90228271484375,424.87647845908424,420.16497481603164,422.99754767995995,4127
2025-05-26,425.0086669921875,429.5974210709272,420.17441405157564,421.91172190120676,10225
2025-05-27,426.78375244140625,428.5871605794573,421.10915571884044,422.610415843157,4110
2025-05-28,426.78375244140625,426.78375244140625,426.78375244140625,426.78375244140625,0
2025-05-29,434.667724609375,440.9371662429808,425.8301112967545,429.1347795662415,82701
2025-05-30,461.06732177734375,463.5977465538673,436.21620958836394,439.04878237789876,113997
2025-06-02,450.803955078125,468.3186846831484,448.58510070837536,461.2372529591088,94679
2025-06-03,450.53961181640625,457.3660939971105,448.49070476052333,451.32327763269507,7042
2025-06-04,451.9181213378906,455.10004024548215,445.6581306968207,449.4348945162853,19777
2025-06-05,441.9285583496094,455.10003350054916,439.0487875057165,453.11722676183274,38982
2025-06-06,441.9285583496094,441.9285583496094,441.9285583496094,441.9285583496094,0
2025-06-09,441.9285583496094,441.9285583496094,441.9285583496094,441.9285583496094,0
2025-06-10,442.91998291015625,446.60232187307537,441.8813670964044,446.60232187307537,7240
2025-06-11,446.12078857421875,457.93262699844314,442.9671941470529,448.39629230218907,48150
2025-06-12,446.96112060546875,451.3232782240211,445.68645704843715,445.68645704843715,19914
2025-06-13,438.699462890625,444.7139548673773,431.6935530888908,444.7139548673773,40392
2025-06-16,438.699462890625,438.699462890625,438.699462890625,438.699462890625,0
2025-06-17,441.5320129394531,453.02280051863465,439.04878616224966,443.7602897221718,5590
2025-06-18,430.3716735839844,436.2256689857376,429.60688122146905,436.2256689857376,11541
2025-06-19,429.0498046875,438.010167407799,427.71849201620915,438.010167407799,15671
2025-06-20,425.6979064941406,434.318374247259,422.99753428032636,434.2334005217635,5840
2025-06-23,413.7727966308594,426.77429520677725,410.8268967607174,420.22160792654614,13211
2025-06-24,441.0693664550781,448.48124223065906,417.4268174149359,417.4268174149359,22620
2025-06-25,439.3037109375,444.7139354296123,438.1045988096393,441.881362592481,7085
2025-06-26,441.4942321777344,449.41600788761326,439.30370231123885,439.30370231123885,28612
2025-06-27,446.1396789550781,447.54651426241895,439.31316795294697,443.76975042898084,80136
2025-06-30,452.85284423828125,460.7651687546624,443.7697322022363,446.64950298118487,38885
2025-07-01,452.33355712890625,457.8381775892349,448.5851179728072,453.2021966510777,18871
2025-07-02,463.91876220703125,465.48612258869116,448.4906860641548,452.9189437748681,103868
2025-07-03,484.50213623046875,486.7304129418222,464.54192660984774,464.54192660984774,153313
2025-07-04,483.8883972167969,490.9792802736715,481.5845690580514,486.2583256556554,41132
2025-07-07,483.3313293457031,483.8506516437511,476.816417717985,480.59318142268194,13590
2025-07-08,486.25836181640625,486.3055598403282,477.32632308292375,483.33136397268515,27248
2025-07-09,491.66851806640625,494.7843941974683,487.67460892630254,488.13725325529873,40105
2025-07-10,504.981689453125,505.1421857872985,486.37166406773576,491.6685617550685,104678
2025-07-11,504.57568359375,510.80732102046574,496.1723608063858,505.1421751311445,91176
2025-07-14,502.33795166015625,506.0863621658456,495.9457603236599,505.1421711916556,23517
2025-07-15,493.6796569824219,510.7789409337546,482.481566357378,502.3095759337086,57873
2025-07-16,489.0058898925781,492.8676560794688,483.4257469591725,492.8676560794688,39904
2025-07-17,495.6058654785156,500.42121639607245,484.3699698324249,488.15618486011203,39851
2025-07-18,490.0728454589844,500.3268028801128,488.4016666803831,489.563003097031,21153
2025-07-21,488.5998840332031,495.70021797765423,480.5931637154781,490.0350726293382,24338
2025-07-22,487.1930847167969,490.0351087298527,486.73044036654926,490.0067553391798,8006
2025-07-23,484.2189025878906,490.979284299634,483.5296040203965,487.1930694443242,27861
2025-07-24,486.8154296875,489.6573959945233,483.47295689408315,484.37940093835306,4680
2025-07-25,489.2325439453125,490.9698229506775,482.85922647696424,486.25831952194335,6139
2025-07-28,485.4085388183594,490.50719294186143,485.31414277597065,489.23255822540665,21578
2025-07-29,481.452392578125,486.25832087427824,480.5931753883643,486.25832087427824,15300
2025-07-30,486.6832275390625,490.96038249502607,481.6412226043125,481.6412226043125,13566
2025-07-31,488.8926086425781,500.3173536538554,486.2583366525329,486.3527326954918,43894
2025-08-01,490.49774169921875,494.74660092488097,487.2497225637811,490.88489225637477,57938
2025-08-04,497.3997802734375,502.3095847326833,492.8676752452268,492.8676752452268,112472
2025-08-05,505.4065856933594,507.4932109190468,497.39980683284966,497.39980683284966,25346
2025-08-06,512.365234375,514.5840600226437,500.4211959853232,507.03053253607277,49528
2025-08-07,511.16607666015625,517.4166158397379,508.86224854724907,513.6398522204697,13562
2025-08-08,505.0005187988281,513.6398892523116,500.4212156318477,511.75150730653104,84628
2025-08-11,492.4710998535156,507.97469810955783,490.96981098382633,507.97469810955783,115645
2025-08-12,492.1123352050781,500.41175291829035,491.92348548910275,500.41175291829035,48641
2025-08-13,491.6024475097656,493.81187974716113,490.9793068231812,493.81187974716113,16511
2025-08-15,489.6385498046875,495.7002394539344,488.14671199558876,492.065127416142,22143
2025-08-18,487.48577880859375,494.7371584315171,486.25834209218783,486.25834209218783,15183
2025-08-19,498.30621337890625,504.2923515902395,487.6746143090755,489.56299616506413,86357
2025-08-20,500.7894287109375,502.3095622394248,493.81184408123903,498.30620201662714,16553
2025-08-21,494.897705078125,502.30958091795287,488.1467167943264,502.30958091795287,32102
2025-08-22,494.18011474609375,498.0135276947959,489.09091169884584,494.89770908811994,26141
2025-08-25,492.66937255859375,494.2745086912317,490.9792915130377,490.9792915130377,10968
2025-08-26,490.9792785644531,495.21868657605864,489.0908967238206,495.21868657605864,20370
2025-08-27,487.8917541503906,493.81184964181875,487.3063603920976,493.81184964181875,23833
2025-08-28,484.98370361328125,490.96984195294993,484.3794075754877,487.2025292901005,14462
2025-08-29,488.9492492675781,489.09090095838815,481.5373735304593,481.5373735304593,10135
2025-09-01,494.5955810546875,496.55006331402285,483.4729835615205,490.0351224495717,35913
2025-09-02,491.3475341796875,498.5233622295377,489.10980627548344,489.10980627548344,29478
2025-09-03,493.1981201171875,496.64444013927255,491.92348538509697,491.92348538509697,29660
2025-09-04,490.9887390136719,494.6710490954946,490.790438170259,493.8118606983884,22914
2025-09-05,494.0384826660156,495.93631576991976,490.9887642201695,490.9887642201695,17914
2025-09-08,494.49163818359375,496.64442113094753,489.65738531064915,494.0384449857677,88114
2025-09-09,494.43499755859375,497.49422458318486,491.13032930017516,495.55858707160974,43321
2025-09-10,495.35089111328125,499.24095312591254,491.22478136867556,494.75604621839847,31069
2025-09-11,492.58441162109375,498.4289556870104,491.2814235487748,498.4289556870104,14983
2025-09-12,494.5577697753906,496.1629059577718,491.2814547557973,492.9620847233693,13986
2025-09-15,492.9809875488281,496.64445314430657,490.9415603983108,496.64445314430657,6762
2025-09-16,494.6899719238281,495.4642154408358,491.97069729833316,492.9809885597148,2694
2025-09-17,491.0264892578125,495.70024595977304,490.69604547870944,495.21869935736885,35778
2025-09-18,493.6513671875,495.2092476671634,492.4427751178258,493.8024123817884,40252
2025-09-19,493.2547912597656,495.70027128814553,491.08316350179604,493.6608441001089,17988
2025-09-22,491.0076599121094,494.75607041735776,490.51666216435837,493.8118794432788,50299
2025-09-23,491.0076599121094,491.0076599121094,491.0076599121094,491.0076599121094,0
2025-09-24,488.13726806640625,490.03510108892607,487.67462372337246,490.02564995884916,78789
2025-09-25,488.0900573730469,490.03508836661234,486.9759190008919,490.03508836661234,44328
2025-09-26,488.6282653808594,489.0909097234966,486.267788017329,488.0900696265134,70449
2025-09-29,488.5149841308594,491.9234997318601,485.31416288325545,489.0909267967438,95716
2025-09-30,488.78875732421875,493.8118600242476,488.3827621367917,490.8942846723854,52807
2025-10-01,479.3374328613281,491.9234855621448,479.12970969949276,489.09091270861995,304877
2025-10-02,502.1018981933594,506.0863563971791,478.6198447288016,481.4429664888351,679297
2025-10-03,521.5050048828125,538.1888428758892,502.30958668416326,506.08635049381866,533627
2025-10-06,514.8106689453125,528.7469367121255,506.08635371017726,521.5050081971622,148945
2025-10-07,514.8106689453125,514.8106689453125,514.8106689453125,514.8106689453125,0
2025-10-08,531.5795288085938,538.1983168870211,512.6862578269485,512.6957089574892,6291717
2025-10-09,522.1092529296875,542.6265618918891,515.6510189681452,532.9674490828289,682482
2025-10-10,519.1822509765625,527.7083225541483,514.5840458560095,519.3050004051473,115522
2025-10-13,497.1448974609375,523.9315905814341,493.8118756859543,512.6956950238493,130585
2025-10-14,519.4655151367188,520.2681120158248,501.36539088982283,502.30958183311816,134158
2025-10-15,522.8363037109375,530.1254880388848,522.1376116067984,523.5067000526935,91346
2025-10-16,519.1256103515625,526.8585363351841,510.88284201464427,526.8585363351841,93477
2025-10-17,515.8666381835938,522.2105266650656,508.68141524222835,522.2105266650656,55606
2025-10-20,521.12744140625,522.6940683043739,512.5302944610561,515.8666513827822,67664
2025-10-21,542.0255126953125,558.9586822181868,522.2105335602437,522.2105335602437,690852
2025-10-22,543.4664306640625,549.2881300855391,536.716394713863,543.485790683227,155429
2025-10-23,535.03369140625,546.3772453222057,531.8810777560033,536.7163602810579,60976
2025-10-24,525.169677734375,540.5168590012851,522.5489334843267,535.0336654111239,47025
2025-10-27,529.8309326171875,536.5712882517048,524.1929765604654,531.784405681743,59072
2025-10-28,533.6121215820312,551.2222429068571,531.8811115767919,541.5516772418244,636599
2025-10-29,532.0261840820312,541.251882311382,523.4193571855067,531.8811019898914,91010
2025-10-30,513.951904296875,536.7163946330501,509.938595934434,527.1425110108972,72792
2025-10-31,522.0847778320312,530.9043282194398,517.3752174901049,517.3752174901049,45321
2025-11-03,520.305419921875,530.7979589921587,519.1255803379506,530.7979589921587,79307
2025-11-04,516.5242309570312,524.144641163055,513.5070192944321,524.144641163055,34484
2025-11-05,515.9729614257812,522.2104873855526,511.57286634621727,519.3093180111885,38232
2025-11-06,511.9790344238281,515.4411132120216,510.12230247531215,512.6656657859124,67568
2025-11-07,512.6753540039062,522.210517056893,511.5728954131415,511.9790426217855,85759
2025-11-10,523.535400390625,524.1446507398246,512.6850542181148,515.4411417792002,91593
2025-11-11,518.1102294921875,523.5740636147607,517.3655770568108,517.3752570662751,74754
2025-11-12,514.793212890625,522.46196399747,513.5070111944983,514.4740677127554,52962
2025-11-13,517.6846923828125,521.2337732090476,513.6036832623096,513.6617042913005,13565
2025-11-14,517.8781127929688,530.9140154502642,514.5804170932228,518.8258092697026,86060
2025-11-17,514.541748046875,531.1267312529386,513.506990531045,531.1267312529386,73248
2025-11-18,514.493408203125,518.3325941031536,512.5302552138415,514.764153325249,53391
2025-11-19,517.5299072265625,518.8064288319196,510.70249100548426,514.4933948120994,47401
2025-11-20,522.365234375,523.1775878388892,514.4740789838984,518.351985150978,81772
2025-11-21,522.4039306640625,524.1446205510406,517.4042651092669,523.177564055559,21261
2025-11-24,523.4193115234375,527.5293014984483,518.3519450922761,522.6940191749062,71404
2025-11-25,520.353759765625,527.0457739836747,519.3286822726161,522.2201716621203,98252
2025-11-26,519.0869140625,523.1581839767157,514.3773538320536,520.3537556620247,57084
2025-11-27,520.0152587890625,522.2104958724964,518.3422699771446,522.1041338262405,84367
2025-11-28,530.8463134765625,532.8384474906281,521.2434495865925,522.1138240398358,216147
2025-12-01,530.8076782226562,532.8481533554824,527.0941551395855,531.7747347623214,22784
2025-12-02,528.0322265625,536.7163753332218,527.0458100119025,531.7747306198949,91473
2025-12-03,527.2391967773438,531.8810560066955,527.0457736793619,527.2972178042941,91837
2025-12-04,529.299072265625,531.5813115328667,527.1424960460209,531.5813115328667,57822
2025-12-05,529.7245483398438,533.3316501319715,523.2742391035677,529.4731042104671,36989
2025-12-08,528.7575073242188,531.8810809664355,528.0418949501023,530.043649986046,16281
2025-12-09,542.9345092773438,545.4198514992006,529.0765734739331,529.0765734739331,197072
2025-12-10,536.4552612304688,550.2551770903109,534.0086388510576,546.5126729628123,47804
2025-12-11,538.0122680664062,541.5516690756796,533.9215787151566,537.6737628585653,39524
2025-12-12,538.4473876953125,540.5846038897239,532.9641936603424,540.5846038897239,18723
2025-12-15,537.693115234375,539.6078682921377,536.7163786869071,538.4087276287127,40797
2025-12-16,533.6798095703125,537.9155219499431,531.8810985664823,537.7801198680771,46905
2025-12-17,527.7227783203125,533.5831387320732,524.1446572317375,533.5831387320732,140174
2025-12-18,528.97021484375,530.6528836759694,527.0361018826807,530.6528836759694,19163
2025-12-19,526.1077880859375,528.9799176250377,525.1116915363721,528.9799176250377,35669
2025-12-22,523.3226318359375,528.9895685787016,522.2201732953548,528.2449162097117,21682
2025-12-23,522.9164428710938,526.9974519978157,522.2685315423015,523.3806701281723,66840
2025-12-24,521.8043823242188,525.1116991511433,518.351983407087,523.931918508726,62776
2025-12-26,527.906494140625,529.1056347730455,521.8236708971363,521.8236708971363,16104
2025-12-29,525.2083740234375,533.525095535777,522.2202024211033,531.3975593803207,23526
2025-12-30,526.33984375,527.0457760851915,520.276380796024,525.2277051998597,164485
2025-12-31,527.5873413085938,531.881074525743,525.111679031779,530.9043380177028,19233
2026-01-01,527.5873413085938,527.5873413085938,527.5873413085938,527.5873413085938,0
2026-01-02,531.3008422851562,532.8384290015704,522.2201679675577,528.9121821382632,62257
2026-01-05,538.8438720703125,546.3869006639709,527.1908535159074,531.3008434766541,443793
2026-01-06,545.5262451171875,547.3539961252396,532.4226409370998,541.5516569437,401556
2026-01-07,571.7625122070312,575.350313300439,546.39663747652,546.39663747652,407991
2026-01-08,566.9368896484375,572.4877846763078,557.9916167627265,570.0218023343253,332906
2026-01-09,569.3931884765625,574.1124290270135,564.6352869140227,565.7280655061013,65802
2026-01-12,565.4379272460938,569.402835145311,563.7939194496711,569.3931551367441,34922
2026-01-13,557.9625854492188,567.604169878514,553.1563427608114,565.7280778235571,147593
2026-01-14,547.5667114257812,559.9257220154732,547.3539873242795,554.1330629362883,54188
2026-01-15,551.2222290039062,555.9317896420365,548.3210593775699,553.1563420881305,70567
2026-01-16,565.8731689453125,571.5304262040505,547.3733722550259,548.3404288137467,371456
2026-01-19,567.7105102539062,575.3986212843594,565.7280562207567,566.3276265327445,74303
2026-01-20,569.0740966796875,570.6600245018464,559.9257208212686,570.4666604188736,546226
2026-01-21,576.7718505859375,578.299816460622,569.1127792426021,569.5963075172347,177998
2026-01-22,583.3768310546875,584.5856516743615,572.9809737254908,577.3327279563174,76410
2026-01-23,601.8862915039062,612.1467465013566,578.3191300137952,583.1350523543728,357708
2026-01-26,614.1195678710938,624.7185288666101,604.8938696688307,604.8938696688307,169077
2026-01-27,607.0987548828125,614.0808744463591,601.5091400088746,614.0808744463591,43133
2026-01-28,602.514892578125,610.2126839766153,597.6603088263776,607.0987902126217,39926
2026-01-29,579.5762939453125,606.3637701199667,571.6367390331276,601.5188077340873,169324
2026-01-30,586.3263549804688,593.7823819820568,578.512521789224,580.2339107227688,65778
2026-02-02,589.5369873046875,593.7726995576899,579.2668518486257,589.4403052630719,34623
2026-02-03,592.3221435546875,595.6971615083363,589.9045021524234,590.1462662926499,49790
2026-02-04,597.5151977539062,599.5750328305863,583.1350722529735,592.9023193393067,81203
2026-02-06,583.01904296875,597.7376149589974,579.7503871897445,596.673876390446,59281
2026-02-09,593.0474243164062,604.410338683659,583.0190526989228,589.9044905552512,309571
2026-02-10,587.7963256835938,599.5750675075009,584.972537053791,593.0571157336698,12061
2026-02-11,587.515869140625,594.6333908797397,587.4868291136264,588.4538856224555,28735
2026-02-12,580.3983154296875,587.4771764871981,569.1127819724738,587.4771764871981,21593
2026-02-13,573.6385498046875,581.6747867095922,569.5962608429289,580.3982650862301,50650
2026-02-16,558.2139892578125,577.3327146249219,551.3285518890989,573.6385518135679,108019
2026-02-17,553.5044555664062,565.7183841347498,543.0989179683276,558.2140160963833,181657
2026-02-18,574.0640869140625,583.995776266327,557.0245557466839,560.7864197768818,198555
2026-02-19,561.9661865234375,576.365671922399,558.9586549851452,576.365671922399,104073
2026-02-20,564.7030029296875,570.4666812038499,546.4933116062726,558.9586846743058,11126
2026-02-23,555.0227661132812,575.3889749688494,551.2222409036688,570.1572249338368,98547
2026-02-24,566.550048828125,580.2339224421648,556.0575090070746,556.0575090070746,144121
2026-02-25,565.5443115234375,580.2339021744656,556.0574895838628,574.4315631527209,119921
2026-02-26,589.17919921875,593.6566757378052,559.1037643210145,565.292890785706,142117
2026-02-27,587.0999755859375,590.871519533161,570.5536530918821,582.1680110621325,33435
2026-03-02,530.719970703125,567.0,528.3900146484375,551.0,152808
2026-03-03,530.8800048828125,556.0,524.0,535.989990234375,183524
2026-03-04,515.719970703125,544.989990234375,511.5,530.9099731445312,37290
2026-03-05,546.6500244140625,551.0,516.0999755859375,524.97998046875,121039
2026-03-06,533.1400146484375,554.4400024414062,525.780029296875,554.4400024414062,89980
2026-03-09,516.9099731445312,549.739990234375,485.0,549.739990234375,29335
2026-03-10,555.3800048828125,568.5999755859375,530.0999755859375,568.5999755859375,51290
2026-03-11,552.530029296875,574.0,544.0,555.3900146484375,31489
2026-03-12,544.8699951171875,557.9000244140625,544.0,544.989990234375,12531
2026-03-13,536.010009765625,545.0,532.0999755859375,545.0,37449
2026-03-16,520.4600219726562,537.0,511.1099853515625,536.0,16935
2026-03-17,516.77001953125,535.0,513.0,522.0,19387
2026-03-18,526.280029296875,531.0,520.0,521.989990234375,13168
2026-03-19,519.2999877929688,529.8900146484375,510.0,526.280029296875,53091
2026-03-20,519.2999877929688,519.2999877929688,519.2999877929688,519.2999877929688,0
2026-03-23,519.2999877929688,519.2999877929688,519.2999877929688,519.2999877929688,0
2026-03-24,529.9400024414062,541.0,519.2999877929688,541.0,30727
2026-03-25,538.1300048828125,539.9000244140625,523.1099853515625,534.8800048828125,31220
2026-03-26,526.4199829101562,539.0,520.0,539.0,13116
2026-03-27,525.4500122070312,538.8900146484375,514.989990234375,514.989990234375,4473
2026-03-30,518.3300170898438,530.0,517.0,530.0,13815
2026-03-31,514.9299926757812,524.9000244140625,514.0,524.9000244140625,23662
2026-04-01,513.489990234375,520.0,513.0,520.0,175913
2026-04-02,504.20001220703125,513.989990234375,501.0,513.989990234375,41985
2026-04-03,509.3999938964844,519.0,495.0,500.0,153349
2026-04-06,519.6599731445312,524.0,504.0,514.9000244140625,251742
2026-04-07,522.8499755859375,528.0,510.2099914550781,516.0,73295
2026-04-08,566.4199829101562,570.0,539.0,540.0,247952
2026-04-09,547.969970703125,560.010009765625,544.5,560.0,63128
2026-04-10,557.6300048828125,565.0,547.969970703125,547.969970703125,76546
2026-04-13,538.489990234375,551.0,530.010009765625,550.6199951171875,102819
2026-04-14,548.8699951171875,550.0,539.010009765625,545.989990234375,48539
2026-04-15,555.8699951171875,560.0,551.0499877929688,554.9500122070312,122705
2026-04-16,557.7100219726562,564.989990234375,556.010009765625,560.0,21715
2026-04-17,560.969970703125,565.989990234375,558.5,560.0,42251
2026-04-20,557.1599731445312,570.0999755859375,550.6199951171875,550.6199951171875,74709
2026-04-21,565.75,571.0,557.0,557.0,44779
2026-04-22,575.4600219726562,589.0,558.010009765625,558.010009765625,88652
2026-04-23,567.8099975585938,577.1099853515625,566.02001953125,575.4600219726562,16161
2026-04-24,574.1500244140625,579.9000244140625,560.1199951171875,566.0,19978
2026-04-27,560.030029296875,594.989990234375,559.2899780273438,573.989990234375,88580
2026-04-28,560.030029296875,560.030029296875,560.030029296875,560.030029296875,0
2026-04-29,560.030029296875,560.030029296875,560.030029296875,560.030029296875,0
2026-04-30,587.489990234375,624.0,560.1300048828125,565.1099853515625,274279
2026-05-04,588.8800048828125,610.0,587.0,600.0,48860
2026-05-05,595.2899780273438,599.0,585.0,590.0,32522
2026-05-06,601.3300170898438,606.0,594.989990234375,594.989990234375,88624
2026-05-07,599.2100219726562,607.239990234375,598.0,602.0,81382
2026-05-08,593.5999755859375,620.0,591.0999755859375,598.0,146975
2026-05-11,593.4299926757812,601.0,583.5,599.0,24086
2026-05-12,585.6799926757812,598.0,585.0,595.0,34262
2026-05-13,580.6400146484375,590.0,580.0,589.989990234375,12486
2026-05-14,575.22998046875,594.9500122070312,573.0,581.2000122070312,33709
2026-05-15,575.22998046875,575.22998046875,575.22998046875,575.22998046875,0
2026-05-18,557.1799926757812,565.0,555.0,565.0,19073
2026-05-19,555.4000244140625,563.0,553.8099975585938,559.969970703125,44343
2026-05-20,552.0900268554688,559.0,547.989990234375,555.4000244140625,35078
2026-05-21,559.8900146484375,562.4600219726562,555.0,557.4400024414062,137683
2026-05-22,556.7000122070312,563.7999877929688,555.4500122070312,562.1900024414062,33167
2026-05-25,562.8599853515625,566.0,557.0,557.0,89068
2026-05-26,562.8599853515625,562.8599853515625,562.8599853515625,562.8599853515625,0
2026-05-27,562.8599853515625,562.8599853515625,562.8599853515625,562.8599853515625,0
2026-05-28,562.8599853515625,562.8599853515625,562.8599853515625,562.8599853515625,0
2026-05-29,555.2000122070312,561.010009765625,554.5,560.0,102946
2026-06-01,546.6599731445312,556.5499877929688,542.0,555.2000122070312,81068
2026-06-02,539.5700073242188,550.989990234375,538.0,545.010009765625,104088
2026-06-03,539.5700073242188,539.5700073242188,539.5700073242188,539.5700073242188,0
2026-06-04,531.97998046875,535.9000244140625,530.0,533.010009765625,61396
2026-06-05,526.6199951171875,535.989990234375,525.0,532.0499877929688,212673
2026-06-08,523.3900146484375,529.0,522.989990234375,525.0,69270
2026-06-09,529.260009765625,530.489990234375,524.0,527.97998046875,35131
2026-06-10,530.4299926757812,531.489990234375,525.010009765625,529.260009765625,65602
2026-06-11,529.489990234375,530.4299926757812,525.52001953125,530.4299926757812,20061
2026-06-12,533.6900024414062,538.989990234375,530.25,530.25,76286
2026-06-15,532.77001953125,542.5499877929688,528.0,540.0,188311
2026-06-16,541.75,544.780029296875,533.5999755859375,534.989990234375,223507
2026-06-17,543.5999755859375,548.0,536.0,542.0,78256
2026-06-18,546.97998046875,549.0,544.4099731445312,544.4099731445312,53022
2026-06-19,539.5800170898438,551.0,538.0,549.989990234375,74727
2026-06-22,535.75,543.0,535.0,541.0,48258
2026-06-23,535.1599731445312,539.9000244140625,534.2100219726562,539.7999877929688,21312
2026-06-24,536.8200073242188,542.8499755859375,534.2100219726562,537.0499877929688,23856
2026-06-25,536.8200073242188,536.8200073242188,536.8200073242188,536.8200073242188,0
2026-06-26,536.8200073242188,536.8200073242188,536.8200073242188,536.8200073242188,0
2026-06-29,535.6699829101562,543.0,533.7000122070312,535.5,70785
2026-06-30,538.239990234375,543.5,533.1099853515625,533.1099853515625,70787
2026-07-01,540.5700073242188,542.0,538.0,541.989990234375,30849
2026-07-02,541.9500122070312,545.47998046875,540.0,542.989990234375,75872
2026-07-03,558.9600219726562,571.0,539.0,544.75,293919
2026-07-06,557.4000244140625,565.0,550.0,558.0,42534
2026-07-07,553.6799926757812,559.8900146484375,552.1199951171875,559.8900146484375,17924
2026-07-08,549.0700073242188,558.8099975585938,543.0499877929688,551.25,72877
2026-07-09,549.6199951171875,554.5,543.010009765625,548.9000244140625,27247
2026-07-10,550.6699829101562,553.0,548.010009765625,549.6099853515625,13344
2026-07-13,549.6900024414062,553.8900146484375,540.0999755859375,547.8400268554688,14717
2026-07-14,542.6699829101562,549.6799926757812,542.0,549.0,68941
2026-07-15,542.0399780273438,546.97998046875,540.0,542.6699829101562,11422
2026-07-16,544.7000122070312,548.010009765625,543.0,543.0,26364
2026-07-17,541.1300048828125,546.989990234375,540.0,544.6900024414062,19615
2026-07-20,540.0999755859375,544.3599853515625,537.5,540.1099853515625,23191
2026-07-21,540.010009765625,545.0,540.0,545.0,36093
2026-07-22,543.0800170898438,544.8699951171875,540.0,540.0,11709
2026-07-23,535.4000244140625,545.0,534.0,541.0,120438
2026-07-24,530.8400268554688,535.4000244140625,530.0,535.4000244140625,16704
2026-07-27,539.8499755859375,540.2000122070312,533.0,533.0,26649
2026-07-28,540.9600219726562,542.0,538.510009765625,540.2000122070312,32305
2026-07-29,537.9600219726562,544.0,537.0,540.969970703125,6552
2026-07-30,531.8400268554688,538.0,529.0,537.9600219726562,34382
2026-07-31,533.6599731445312,536.9000244140625,529.7000122070312,533.989990234375,32852
2026-08-03,538.5599975585938,539.3900146484375,535.0,535.0,11160
2026-08-04,546.969970703125,550.0,535.1799926757812,538.0,77838
2026-08-05,546.4199829101562,550.0,545.260009765625,547.0,8588
2026-08-06,544.719970703125,548.4000244140625,544.0,546.0,14482
2026-08-07,549.9400024414062,550.0,543.030029296875,544.0,60845
2026-08-10,553.969970703125,557.489990234375,546.030029296875,554.0,59398
2026-08-11,552.6900024414062,554.5,544.010009765625,554.0,15692
2026-08-12,552.530029296875,553.9000244140625,550.0,552.5,14326
2026-08-13,551.4400024414062,555.75,551.0,553.9000244140625,22365
2026-08-14,551.4400024414062,551.4400024414062,551.4400024414062,551.4400024414062,0
2026-08-17,563.8699951171875,565.0,552.0,552.5,79399
2026-08-18,563.8699951171875,563.8699951171875,563.8699951171875,563.8699951171875,0
2026-08-19,557.0599975585938,560.9500122070312,556.510009765625,558.0499877929688,23527
2026-08-20,558.9000244140625,563.7999877929688,557.0,557.9299926757812,52823
2026-08-21,560.9500122070312,567.02001953125,555.1099853515625,566.0,12796
2026-08-24,562.5700073242188,570.0,560.0,562.1099853515625,109442
2026-08-25,563.8400268554688,570.0,561.6099853515625,566.0,39812
2026-08-26,563.8400268554688,563.8400268554688,563.8400268554688,563.8400268554688,0
2026-08-27,589.1900024414062,596.0,584.0,584.0,642914
2026-08-28,591.0900268554688,607.0,589.510009765625,595.0,231216
2026-08-31,584.2999877929688,593.989990234375,583.0,591.0900268554688,106503
2026-09-01,589.489990234375,590.8900146484375,585.0,586.77001953125,56161
2026-09-02,582.0700073242188,590.0,580.0,590.0,35379
2026-09-03,584.3900146484375,587.1500244140625,580.2100219726562,582.0700073242188,14956
2026-09-04,584.989990234375,586.5,580.0,584.010009765625,48093
2026-09-07,578.52001953125,585.010009765625,576.0999755859375,585.010009765625,22677
2026-09-08,575.2000122070312,580.0,574.010009765625,579.989990234375,24076
2026-09-09,573.1699829101562,580.0,570.0,578.8699951171875,15236
2026-09-10,571.739990234375,575.0,569.0,573.0,55634
2026-09-11,576.3800048828125,577.0,565.5700073242188,570.6400146484375,28635
2026-09-14,577.25,584.0,570.010009765625,574.9500122070312,37213
2026-09-15,577.0700073242188,585.0,575.0599975585938,578.0,50197
2026-09-16,574.75,585.22998046875,573.5499877929688,577.510009765625,73838
2026-09-17,570.9400024414062,579.4400024414062,570.0,579.4400024414062,37375
2026-09-18,574.469970703125,575.0,572.5,574.8699951171875,22628
2026-09-21,577.8499755859375,578.0,575.0,575.0,11125
2026-09-22,577.1400146484375,580.1300048828125,575.5,578.9400024414062,20274
2026-09-23,583.8599853515625,584.5,578.510009765625,579.989990234375,18993
2026-09-24,579.4000244140625,585.0,578.0,585.0,23776
2026-09-25,580.0,583.8599853515625,578.1099853515625,579.4000244140625,10336
