Date,Close,High,Low,Open,Volume
2021-09-09,90.03245544433594,90.03245544433594,85.36949667339873,85.6464430012483,13803593
2021-09-10,89.34331512451172,93.6456035930292,87.91351123132459,92.74392463493189,12568062
2021-09-13,88.6026611328125,90.96634687530582,86.94743903941038,88.68639205830854,6940250
2021-09-14,85.45966339111328,88.8667149615439,83.79156466982833,88.39655321708506,3815843
2021-09-15,87.30809783935547,87.90706983965075,84.95086139582452,85.98135063084275,4821375
2021-09-16,89.49789428710938,90.81176481971946,86.30338374065133,87.91351933578164,8864343
2021-09-17,86.39998626708984,91.52022294438689,85.8525355356811,90.4897336824844,6787156
2021-09-20,85.94915008544922,86.6125272370733,84.7254454144793,86.30337834023857,2013937
2021-09-21,83.3729248046875,86.81862089510237,82.76107599069242,86.56100034184128,3214968
2021-09-22,79.93367767333984,83.37292477237096,77.12559104063143,83.08310165006458,10107062
2021-09-23,80.16553497314453,81.60177374835409,77.7696469543335,80.24925882478892,3651250
2021-09-24,77.22219848632812,83.52750247197032,76.00493572595438,79.95943804493633,5922500
2021-09-27,74.43988800048828,80.17841557491371,71.50943297381848,77.60863780429352,3667062
2021-09-28,74.43988800048828,74.43988800048828,74.43988800048828,74.43988800048828,0
2021-09-29,77.38965606689453,80.18485893851692,74.75547310981233,80.18485893851692,5668781
2021-09-30,79.45063781738281,80.10757310085052,75.45105583711103,76.63611611815209,2402781
2021-10-01,83.48241424560547,84.7576472534951,77.92421845794716,78.57471881463428,5767968
2021-10-04,89.74263000488281,89.74263000488281,81.79498825446885,83.08309802762916,9983437
2021-10-05,87.68809509277344,93.078836111949,85.88474420235475,91.73919796748163,13743218
2021-10-06,84.08783721923828,87.57861295493292,83.08310850281961,87.26947109104756,4437562
2021-10-07,83.07022094726562,86.46438852771152,82.50989344512934,84.37120750484968,3514687
2021-10-08,81.23466491699219,83.01869715027715,80.51332453718649,82.43905090120627,3133750
2021-10-11,75.59274291992188,81.23466258215261,75.14834182426102,81.23466258215261,4127781
2021-10-12,74.40768432617188,76.32052682258146,70.40810263453838,75.354442684577,9594593
2021-10-13,70.48538208007812,76.09510615866463,69.87996815057366,75.2256297587297,4938531
2021-10-14,75.76663970947266,75.76663970947266,68.6627128787735,70.84605994145069,6728218
2021-10-15,76.8035659790039,78.47811371531583,74.7812319057755,76.32052743786547,5026218
2021-10-18,73.4609146118164,75.3544382815011,72.46906988915046,74.71037987262613,3333562
2021-10-19,73.4609146118164,73.4609146118164,73.4609146118164,73.4609146118164,0
2021-10-20,76.38493347167969,77.60863818708444,74.64598057617414,74.71682764240775,3560687
2021-10-21,73.46736145019531,76.28832489662709,72.77822363917693,76.03070434125812,2386250
2021-10-22,72.4111099243164,74.06633184495503,69.77048516302891,73.22905799496785,6723906
2021-10-25,72.4111099243164,73.24194184785836,71.16808653398404,73.06804515141566,1189531
2021-10-26,71.52875518798828,73.74430458225827,71.29689528552379,72.55280250191343,1949968
2021-10-27,72.3853530883789,74.38836144371372,71.49011598034075,73.55109461321534,3820156
2021-10-28,69.86065673828125,72.45620235680737,68.92034024122566,72.1277347160084,3504625
2021-10-29,66.88511657714844,70.131155277885,66.01564015928646,69.55794390457748,6729656
2021-11-01,67.83831787109375,68.78508329346894,64.27669535629624,67.69018887834083,11018437
2021-11-02,67.92205047607422,70.20200514391874,66.35055234745768,67.4647725698693,5797437
2021-11-03,69.50642395019531,70.14404047306346,67.11053584215499,67.65798658369829,6027437
2021-11-04,73.39651489257812,73.74430829554532,69.1071100127563,69.55794598777122,7684156
2021-11-05,72.1148452758789,73.93752197653389,71.50943132998218,73.40295509489272,6480250
2021-11-08,68.6820297241211,73.0938026374986,67.69018499985472,72.06975534591228,6026000
2021-11-09,65.59056854248047,67.99289866671842,64.79193914333538,67.62578653764314,5223875
2021-11-10,66.47936248779297,68.25695988586061,66.01564265586508,66.02208458254776,4799093
2021-11-11,67.20713806152344,68.26982982501288,66.01563603137048,67.14273292819168,5137625
2021-11-12,66.41495513916016,67.54849403806584,65.56480449673883,67.54849403806584,2859906
2021-11-15,65.81597900390625,66.9495178319059,64.80481558060441,66.9495178319059,1979437
2021-11-16,70.55623626708984,70.74945169469365,66.02208739129163,66.32479438661082,5371218
2021-11-17,67.54849243164062,70.20200099226265,66.05428338471192,70.20200099226265,4264343
2021-11-18,66.39563751220703,68.26983552485639,63.76145462468258,67.4969738603491,2502687
2021-11-19,67.1234130859375,68.43084150871692,66.04783748844501,66.96884218124111,1825625
2021-11-22,65.10752868652344,66.85291644888468,64.14788645403105,66.5308907503345,2786593
2021-11-23,62.95638656616211,66.69834792091184,62.473340937478284,65.8546320841997,4218343
2021-11-24,60.586265563964844,62.97570479051314,58.41579887411735,62.78893129281334,4884625
2021-11-25,60.2771110534668,61.571662754082894,58.78290201996689,60.992009470687854,2220937
2021-11-26,59.948646545410156,61.507260794943306,58.931037581424796,60.18694838462894,1916906
2021-11-29,62.11910629272461,63.284847720127054,58.02935900272112,59.83270985812313,2721906
2021-11-30,61.526580810546875,63.439423364251574,60.547619853669445,62.47333919731013,2418593
2021-12-01,61.71335220336914,62.79536263663276,61.178785380749204,61.79707604782625,1173000
2021-12-02,57.2371711730957,61.76487758841308,57.08903865636974,61.49437319623619,3308406
2021-12-03,54.28096008300781,56.93446510498923,52.947763879839655,54.29384040384703,1966500
2021-12-06,54.20367431640625,55.710763769882135,52.529133618551306,54.75112153631353,1944937
2021-12-07,58.267662048339844,58.267662048339844,54.358246230321534,54.358246230321534,3478031
2021-12-08,59.65237808227539,61.05641426741242,58.99544287798465,59.24018309803828,3983312
2021-12-09,56.30973434448242,59.24662418195957,55.427377595233295,59.24662418195957,3321343
2021-12-10,54.345367431640625,56.99887256165986,53.952491141864705,55.71076272662015,1746562
2021-12-13,51.814231872558594,55.1955193862355,51.01560248459152,54.673836338778344,1167968
2021-12-14,55.369415283203125,55.69788290559553,51.27966422457078,51.53084638632909,2911656
2021-12-15,59.517127990722656,59.517127990722656,57.192090520343115,57.636488087890335,4572687
2021-12-16,59.83271408081055,60.86320338384506,57.98428020650992,59.81983729092624,4252843
2021-12-17,58.64765167236328,59.83271185452808,58.1324105717754,58.138848966478,1257812
2021-12-20,61.6553840637207,62.28011667813717,58.73781671052735,59.510681836936975,3854656
2021-12-21,60.19982147216797,62.85977190898706,59.897114512696625,62.1126638678417,3359437
2021-12-22,58.776466369628906,60.86320204119081,58.48020131959981,60.28355579424882,1686187
2021-12-23,59.85847854614258,60.7021872467628,58.44799334285365,59.246622686045754,2939687
2021-12-24,58.08088684082031,60.41236628523285,57.83614660711561,59.800510403334115,1700562
2021-12-27,57.32734298706055,58.2869852496294,57.19209430848543,58.2869852496294,550562
2021-12-28,58.48664093017578,58.77002566473744,57.443271306827064,57.443271306827064,1477750
2021-12-29,59.639495849609375,60.05813630319594,58.286980910480324,58.67341526384201,1703437
2021-12-30,60.10321807861328,61.18522866073762,59.774750454334175,60.60558240501546,3057562
2021-12-31,58.68629837036133,60.09034172378848,58.44799652698859,59.25306784039081,1500031
2022-01-03,62.06114196777344,62.60215074642527,58.628329946223374,58.67341283385845,4371737
2022-01-04,65.51972198486328,66.71122416605604,62.473340426958934,62.473340426958934,9245399
2022-01-05,66.09937286376953,67.52917684073319,64.57940310476775,65.62921111022294,6767499
2022-01-06,64.76617431640625,66.9817237378452,64.15432551647747,65.79022164288915,5941998
2022-01-07,67.44544982910156,68.06374061299331,64.47635720480417,64.88854870622653,7240785
2022-01-10,68.17967224121094,69.75116333409534,67.63222147861245,68.10882517333233,4265398
2022-01-11,68.99761199951172,69.36472408453508,67.81899382263143,68.59185542182557,4803151
2022-01-12,68.93321228027344,70.97486505408462,68.27627704395645,69.55794494742814,8214043
2022-01-13,68.94609069824219,69.75115486383514,67.8833989361441,68.60473925392154,4218224
2022-01-14,66.60173034667969,70.45961756045581,66.02207709078709,69.55793864213139,6047655
2022-01-17,63.95466613769531,66.27326511674647,61.906571550119374,66.27326511674647,3052365
2022-01-18,63.729251861572266,67.368163378112,62.82757285887248,64.08348012339448,6699427
2022-01-19,63.43942642211914,65.66141799413268,62.054708776948104,63.51671541952506,7989269
2022-01-20,67.1234130859375,67.94780301684368,62.15130579678832,63.54246512960161,6788872
2022-01-21,68.75931549072266,70.19556137509218,66.66614143441831,67.61289979194744,9057773
2022-01-24,68.36644744873047,69.48066771872901,67.31663938492882,68.26983973470975,3958923
2022-01-25,68.13458251953125,70.68504152214445,67.62578334241782,68.97829830291458,6412545
2022-01-26,69.05558776855469,70.20200347008091,66.66614159439499,67.62578380728124,3132634
2022-01-27,69.62879180908203,70.04099034396906,68.72067794865266,69.5450679549108,2343150
2022-01-28,70.25996398925781,70.58843159518305,68.9138909975939,69.55150749407288,2980713
2022-01-31,71.47723388671875,72.10840852028372,69.81556991134329,70.70437217799817,3738391
2022-02-01,71.49655151367188,73.39006813490296,70.91689823472203,71.97314810032583,3116009
2022-02-02,71.92807006835938,72.77822069205692,70.9104576142341,71.61892117632586,1320310
2022-02-03,72.37247467041016,73.74431557427063,71.49012134967006,73.74431557427063,2974257
2022-02-04,71.45146942138672,72.552805773636,71.20672565527043,72.12773044386856,1029074
2022-02-07,69.7447280883789,71.84434415191895,69.55794752949141,71.48367395120971,1257775
2022-02-08,69.70608520507812,70.03455284303435,68.5983068702041,69.24236535578507,1051877
2022-02-09,69.8992919921875,70.53690847203553,69.56438246870198,70.13115188817629,763569
2022-02-10,68.54033660888672,70.19555848235672,68.26983221402124,69.94437986627628,749052
2022-02-11,67.15562438964844,68.79796253921658,66.66614390816109,68.79796253921658,1093552
2022-02-14,65.1783676147461,67.18781761172205,64.57939565212067,66.98171836497703,1740907
2022-02-15,69.5772705078125,70.06675097024018,64.50211313165377,65.95123580290667,6890203
2022-02-16,68.51457214355469,70.84604781055299,68.26982840387944,70.19555456474008,2540505
2022-02-17,67.47119903564453,68.84303964703736,66.24105960338386,68.7850764410178,974886
2022-02-18,66.74342346191406,67.42612640449339,65.8610702413063,67.05257236403578,422738
2022-02-21,66.79495239257812,67.63221919823827,65.76446310671118,66.9173207437791,2147510
2022-02-22,63.98686981201172,65.69361297667858,62.15130931204418,65.69361297667858,4160425
2022-02-23,64.43770599365234,65.95123375605326,63.246203911865315,65.3071823948255,3192736
2022-02-24,59.66525650024414,62.14487546310507,59.60729328969841,60.863200523606785,3210056
2022-02-25,60.19982147216797,61.47505444496083,59.31746829852937,59.66525461432661,2469443
2022-02-28,61.7906379699707,62.08690300217738,58.60900807095531,60.154741898421165,1247744
2022-03-01,66.20242309570312,66.42139915791675,63.21400483663992,65.04312351792137,7903179
2022-03-02,64.95939636230469,66.3376791456809,63.83874121609853,64.3990687892016,5321629
2022-03-03,63.722816467285156,65.69362238403468,63.181807597502925,64.98516578776591,2060213
2022-03-04,62.47334289550781,64.34110619972724,62.21572231934418,63.6390844788681,2056040
2022-03-07,57.84258270263672,61.18522551838315,57.791057887311574,61.18522551838315,3871978
2022-03-08,56.71548843383789,58.92459954379279,55.775168456200575,56.68328586420857,2491250
2022-03-09,56.94091033935547,57.64292848109273,55.710763694949506,56.70905042374796,1514696
2022-03-10,59.465606689453125,60.283554760405664,57.71377353028038,58.62189091271008,2598655
2022-03-11,57.73953628540039,59.76830878441676,57.320902876691676,59.41408051550939,1520515
2022-03-14,55.227718353271484,57.964954287442616,54.24231553602458,57.964954287442616,2315510
2022-03-15,56.13583755493164,56.35481714319894,54.87349190559826,55.38873300962775,1061274
2022-03-16,56.71548843383789,57.4432707455701,56.34837984641527,56.580239760449565,807039
2022-03-17,55.981266021728516,57.32090064736293,55.71076161967692,57.29513647338959,692659
2022-03-18,53.16030502319336,54.41621585198065,52.97353152937413,54.171472081186366,1151354
2022-03-21,52.8447151184082,54.00401464815406,51.91083709996498,53.3857239201282,1014770
2022-03-22,54.33248519897461,54.48061771884045,52.567771749737254,52.941325778447876,1982154
2022-03-23,54.33248519897461,54.33248519897461,54.33248519897461,54.33248519897461,0
2022-03-24,55.58195114135742,57.10836277861161,52.81251258896966,54.16503106251228,2956621
2022-03-25,55.987701416015625,56.354813504338374,54.8219635489601,55.388729433147745,866619
2022-03-28,56.77989196777344,57.22429306690642,55.201959037033305,55.71076174184609,1659158
2022-03-29,56.49007034301758,59.37543540990598,56.03279244241518,57.33378261022237,3660968
2022-03-30,55.69788360595703,56.51583170891381,54.75112169131301,56.51583170891381,2588882
2022-03-31,57.005313873291016,57.320901167964806,55.74296469459585,55.74296469459585,1397932
2022-04-01,56.90870666503906,58.286982278589356,56.48362780683642,56.934467307714144,1923551
2022-04-04,56.03923034667969,58.28698239734213,53.907408251807254,54.4290948187413,6647852
2022-04-05,56.741249084472656,57.64292450984971,56.193801903017444,56.35481474116374,2946338
2022-04-06,57.70089340209961,58.12596872335851,56.67684606249357,57.127682026113284,2273249
2022-04-07,57.18564987182617,58.325627187554964,56.54803334588413,57.642927770733166,2240805
2022-04-08,58.048683166503906,58.39647302833521,57.38530601161692,57.38530601161692,2214773
2022-04-11,62.396060943603516,62.396060943603516,60.818127851518824,60.818127851518824,1849694
2022-04-12,66.9688491821289,67.07189175368833,62.79537074739584,62.859775886378486,7242520
2022-04-13,68.5789794921875,70.91045523454486,67.1749362677755,67.29086974721584,7280185
2022-04-14,69.9765853881836,70.71724447868466,66.98172526647927,69.23591923416659,4586256
2022-04-15,69.06846618652344,70.71724624450657,68.14102652096841,69.97658713551111,2650609
2022-04-18,68.3084716796875,69.71894969599366,67.72238357629972,68.30202975390003,2552531
2022-04-19,66.11869049072266,69.10710867361472,65.83530929605064,68.91389325949527,3421159
2022-04-20,67.43024444580078,70.01087934899512,66.20912786233811,70.0027368099361,4046188
2022-04-21,67.69075012207031,68.58624373226169,66.95807872651612,67.60120361808248,1446627
2022-04-22,67.83728790283203,68.667648349512,67.33255760336414,67.97568250104175,925859
2022-04-25,68.59437561035156,70.7435487364428,68.31759357333824,70.7435487364428,2093043
2022-04-26,67.93497467041016,68.7083516010558,67.61748707316238,68.39085686122989,493290
2022-04-27,67.33255767822266,68.54553890615915,67.24301117328437,68.18734574382763,548270
2022-04-28,66.38008117675781,67.4872235695275,65.6962507915871,67.3406935888321,1034936
2022-04-29,66.38008117675781,66.38008117675781,66.38008117675781,66.38008117675781,0
2022-05-02,66.38008117675781,66.38008117675781,66.38008117675781,66.38008117675781,0
2022-05-03,66.38008117675781,66.38008117675781,66.38008117675781,66.38008117675781,0
2022-05-04,66.38008117675781,66.38008117675781,66.38008117675781,66.38008117675781,0
2022-05-05,66.38008117675781,66.38008117675781,66.38008117675781,66.38008117675781,0
2022-05-06,65.60670471191406,66.34751858635889,65.2403690439837,66.33937604777478,502987
2022-05-09,60.689666748046875,65.60671052997675,60.689666748046875,65.14268578562,1785287
2022-05-10,61.389774322509766,61.756110018083234,58.71145033245069,60.241919143176375,1897191
2022-05-11,58.49164962768555,61.609574385717515,57.40078148226407,61.46304438946064,1849617
2022-05-12,59.4766845703125,60.24191897352025,57.075149779141036,58.597479617670054,1271448
2022-05-13,58.906829833984375,59.79417734963503,58.4509440527122,59.42784164525411,678155
2022-05-16,55.64236831665039,58.53235555953582,55.35744014782884,58.53235555953582,1830480
2022-05-17,56.220367431640625,57.71827328068769,55.27603284367977,55.805187200181344,1260986
2022-05-18,59.3220100402832,60.42916326372536,55.8458885482784,56.36690035936739,3205389
2022-05-19,57.91365432739258,60.241920614564094,57.80782274296143,59.02080040906406,1394677
2022-05-20,57.91365432739258,58.20672146249377,57.06700879452183,58.20672146249377,961104
2022-05-23,56.285491943359375,56.90419278975375,55.76448014040267,56.375042018821816,938161
2022-05-24,56.350616455078125,57.376358526133835,55.68307110493856,56.171519880264576,1105613
2022-05-25,59.29758834838867,60.57569201736515,55.52839622752009,56.35061769602272,2180201
2022-05-26,63.742462158203125,63.742462158203125,59.02894255348507,59.46854682448456,4664101
2022-05-27,65.40319061279297,68.37458180234105,64.80077126400444,67.56049928476355,5186895
2022-05-30,65.3543472290039,66.34752997194775,64.5565497327194,66.34752997194775,1220201
2022-05-31,64.80891418457031,65.85093067069772,64.63795656917043,65.35434290338301,595225
2022-06-01,63.9622688293457,65.51715816610519,63.51452201225263,65.50902276921796,843331
2022-06-02,61.226959228515625,64.28789684882142,60.77921242628085,63.51451990454949,1655443
2022-06-03,58.58933639526367,60.89318568848566,58.29626927156345,60.48614444539073,1387285
2022-06-06,59.15919494628906,60.16051658505473,57.392642455563966,57.92179323458477,1525981
2022-06-07,58.564918518066406,59.94885380616466,58.20672177970146,58.695170578821205,868857
2022-06-08,58.71959686279297,59.91629307349997,57.848530816377924,58.93939543804536,822131
2022-06-09,60.087249755859375,61.77239118665505,58.85798697665485,59.1022095960551,2814385
2022-06-10,61.153690338134766,61.6258576128856,59.88372564831465,60.526850532377225,978883
2022-06-13,58.914974212646484,60.648963743688164,58.70331103725727,60.24192247220674,1196578
2022-06-14,59.305728912353516,59.74533318878731,58.58120003860027,58.77657812977563,681035
2022-06-15,59.27316665649414,60.24192172791634,59.02894403939625,59.75347292243129,645056
2022-06-16,59.63949966430664,60.36402851449854,58.78471875756691,59.28130650880009,1028238
2022-06-17,59.80231857299805,60.893186694029666,59.50924787316921,59.76161301950074,2279389
2022-06-20,58.8986930847168,60.241922860952705,58.7765799882265,60.241922860952705,928802
2022-06-21,63.311004638671875,63.311004638671875,58.81728329919396,58.81728329919396,6642471
2022-06-22,62.8306999206543,65.45203341619879,61.788676268589334,64.7193619866769,5707556
2022-06-23,63.49824523925781,65.0205715886237,62.49692714398628,63.0912039694573,4747067
2022-06-24,61.78867721557617,64.29604376511335,58.7440173238111,63.56337232436238,4083346
2022-06-27,65.27294158935547,65.77767191662467,62.56205439369392,63.05049964141632,5098906
2022-06-28,64.613525390625,66.21726272866229,64.14950066406962,66.12771622746436,3379101
2022-06-29,63.579647064208984,64.59725020440379,63.13190739658596,64.35302402224137,1733743
2022-06-30,63.42497253417969,63.90528234405284,63.00978875182376,63.50638363986529,1132460
2022-07-01,62.9609489440918,63.823872395630765,62.684159750835725,63.42497368421033,928056
2022-07-04,62.155006408691406,63.33542455819592,61.94334325289667,62.96094633739676,484641
2022-07-05,62.87139892578125,63.21330698604457,62.15500550757008,62.3503835827428,1099649
2022-07-06,63.00165557861328,63.57964730758116,62.480640197510965,62.895823994518516,849913
2022-07-07,62.78185272216797,62.99351589996978,62.00034032889123,62.68416367300838,535812
2022-07-08,62.78185272216797,62.78185272216797,62.78185272216797,62.78185272216797,0
2022-07-11,62.78185272216797,62.78185272216797,62.78185272216797,62.78185272216797,0
2022-07-12,62.78185272216797,62.78185272216797,62.78185272216797,62.78185272216797,0
2022-07-13,65.58228302001953,66.44521362343897,62.31782472553601,62.68416042655641,2538053
2022-07-14,65.29736328125,66.34752951161971,64.35302864216764,65.94048822632014,3512217
2022-07-15,64.60539245605469,66.26611334517588,64.3937292896179,65.32177877809279,2497947
2022-07-18,61.62586212158203,63.18889405204392,61.46304703951087,62.781852775576645,1558306
2022-07-19,58.8986930847168,62.22828113586561,58.38582022223115,61.625861764404505,2187168
2022-07-20,58.866127014160156,59.59065587322927,58.003199986379585,59.02079954756126,1087633
2022-07-21,55.66679382324219,59.346436067339425,55.039953978173145,59.16733947893246,1912276
2022-07-22,59.42784118652344,59.83488244215544,54.70617547783332,55.666791555460726,2553343
2022-07-25,60.40473556518555,61.137406972718416,58.027624760394055,59.75347169501309,1286963
2022-07-26,60.67338180541992,61.46304384058952,59.672063745863085,60.24192007474263,1440508
2022-07-27,61.03971862792969,61.41419687537152,59.90814848870863,60.844340536023985,1278742
2022-07-28,62.72486877441406,64.92288307843855,60.811779076061484,60.811779076061484,5048862
2022-07-29,64.36116790771484,65.2892174197328,61.666565878542826,62.6841618974426,5493471
2022-08-01,62.496925354003906,65.03685480512463,62.35853075482922,64.06809975348024,1466795
2022-08-02,62.708580017089844,64.1495023254589,60.64896043814953,60.8931866162431,1829499
2022-08-03,63.644775390625,64.46700047179415,62.92838903954345,62.92838903954345,1781360
2022-08-04,63.80759811401367,64.84147923574021,63.41683477686773,63.90528716265548,2831196
2022-08-05,63.81572723388672,64.47513717557933,63.392408064745396,64.23091100670881,1877794
2022-08-08,63.81572723388672,63.81572723388672,63.81572723388672,63.81572723388672,0
2022-08-09,63.81572723388672,63.81572723388672,63.81572723388672,63.81572723388672,0
2022-08-10,64.4832763671875,65.77766871006507,63.848294004813404,64.30418335637583,4644563
2022-08-11,63.5633659362793,64.71935647432058,63.416828805824515,64.48327284335342,1302724
2022-08-12,64.97986602783203,65.45203332935586,63.43311920232619,63.498245234082674,2603962
2022-08-15,69.48172760009766,69.84806328416768,65.53343903702185,65.53343903702185,12313580
2022-08-16,67.08833312988281,70.61330277658672,66.75456043484725,70.18184103490016,7209385
2022-08-17,68.17106628417969,68.80604869557698,65.94863141557862,67.36512624557017,5747231
2022-08-18,68.06522369384766,69.97017062023755,67.77215658422871,68.37457588084546,4716485
2022-08-19,69.05841064453125,69.758519021943,67.61748833626535,68.7816214522169,3815774
2022-08-22,67.28372192382812,68.95258548725795,67.16974779208557,68.54554420006454,2376824
2022-08-23,68.8304672241211,69.84807041857657,67.9756862548415,67.9756862548415,4186733
2022-08-24,70.59701538085938,71.21571979859128,68.83046291700055,69.03398354315618,9335131
2022-08-25,69.66082763671875,71.55763941760081,69.4817346173568,71.05290909083955,3728390
2022-08-26,67.23487091064453,69.97017852804619,66.909240752044,69.72595233780649,2754921
2022-08-29,66.56732940673828,67.16160626657914,64.88218073792918,67.16160626657914,3831303
2022-08-30,64.47513580322266,68.382718709088,64.14949853746718,68.30130760700467,5672762
2022-08-31,64.41001892089844,65.12640529357265,63.95412954116328,64.49142289195835,2503689
2022-09-01,64.86589813232422,66.10329986089329,64.71936099164134,65.01243527300709,3106569
2022-09-02,63.79945373535156,65.22409101058143,63.49824405841007,64.8903183183646,1528016
2022-09-05,62.75743103027344,64.0681013426746,62.47249928547473,64.0681013426746,1574603
2022-09-06,63.00165557861328,63.416832233042435,61.959631958987046,62.68416082632897,1571208
2022-09-07,61.88636016845703,63.612207011311185,61.66656161491543,63.099341338854764,1597474
2022-09-08,61.92707061767578,62.439936330688504,61.3816347462967,62.439936330688504,1907208
2022-09-09,63.04235076904297,63.82387022947399,61.95962879303963,62.13872893716995,3878179
2022-09-12,62.24455642700195,64.2960406471681,62.07359881343991,63.04235386190591,3090652
2022-09-13,62.21199035644531,63.00978775216322,62.073595764522324,62.68415761974327,697760
2022-09-14,63.24587631225586,63.595934088819135,61.58515536492414,61.87007996734988,1935571
2022-09-15,63.5633659362793,64.88217154006033,63.131904226424446,63.4982399099834,6437812
2022-09-16,63.19703674316406,64.25533835045087,63.00979404139969,63.78317104002418,3089567
2022-09-19,62.84697341918945,64.02739159120628,62.602754388314196,63.90528207576865,1653564
2022-09-20,62.06546401977539,63.29472319891788,61.76425434392071,63.188891614010274,1070379
2022-09-21,61.78053283691406,62.676019333113246,61.54444918924772,62.439935685446905,689940
2022-09-22,61.6014404296875,62.07360058709008,60.339611069015675,61.67470185824023,1701419
2022-09-23,61.33279037475586,62.71672203987467,60.89318611483851,61.87007653401242,2349375
2022-09-26,62.98536682128906,63.33542456803643,60.60825258669925,61.78867073638716,2374820
2022-09-27,62.23641586303711,63.79945491019299,62.07360078366225,63.25401903735325,1842478
2022-09-28,61.98405456542969,63.40869187355394,61.747970913587785,62.55391091719512,2249197
2022-09-29,61.45490264892578,62.3666742236432,61.30022296868262,61.98405343536531,1012446
2022-09-30,60.60011672973633,61.951492632356306,60.28262910356583,61.22696372744105,1744785
2022-10-03,63.31914138793945,63.742460569703724,60.56754885002619,60.779212012197426,7209052
2022-10-04,63.400550842285156,64.63795248393387,63.1888876856288,63.90528111714247,4421710
2022-10-05,65.49273681640625,65.85907251911124,63.26215958532651,63.416832120218515,8942498
2022-10-06,66.13585662841797,67.73145137587903,65.16710165423406,65.7369579415527,6833120
2022-10-07,64.99615478515625,66.45335518510373,64.55655047463371,65.73696879524248,2585499
2022-10-10,64.83332824707031,65.69625163557427,64.7030761991888,65.12639535480373,2322226
2022-10-11,64.00297546386719,65.28921816058627,63.49010260755301,65.12640308141795,1283279
2022-10-12,66.74642181396484,67.52793414942492,63.514519463318535,64.19020736028537,9913313
2022-10-13,67.47909545898438,67.97568322441187,65.1589645646071,67.16160070514017,7214296
2022-10-14,66.9011001586914,68.13850193994996,66.34752887296625,67.97568685591315,4163083
2022-10-17,65.78580474853516,67.16160107086156,65.61484713285404,66.1928460103875,1725945
2022-10-18,66.59174346923828,67.04763281659716,66.07073523520337,66.33938189152221,1703929
2022-10-19,66.86038970947266,67.72331316301201,66.67315416217615,66.99878430642151,4317765
2022-10-20,66.35565948486328,67.24301055709432,66.14400346216884,67.24301055709432,1127473
2022-10-21,65.52529907226562,66.38822252707946,64.5158384810358,66.38008713039504,2107963
2022-10-24,65.65555572509766,67.16160417808132,65.54158873775656,66.59174781363943,1595386
2022-10-25,63.49824523925781,65.54158698529665,61.96777635027705,65.54158698529665,1427842
2022-10-26,60.9420280456543,63.009790180063305,60.24191966268572,63.009790180063305,2428288
2022-10-27,62.14686965942383,62.59461648683174,60.2500650471928,60.92575298684198,1570434
2022-10-28,60.46172332763672,62.0328976523185,60.31518619605615,62.0328976523185,1490787
2022-10-31,61.015296936035156,61.58515326402531,60.43729806873326,60.46172568666849,550010
2022-11-01,65.10198211669922,65.4357548121345,61.218819294291215,61.40605484828523,4501868
2022-11-02,63.37612533569336,65.03685334595093,63.188889789586334,64.88217367148332,1875195
2022-11-03,64.23905944824219,64.62981564027746,62.846978014603934,63.538951032889685,1994655
2022-11-04,62.5701904296875,63.66105494083505,62.27711616893855,62.89582056098856,1770566
2022-11-07,64.80077362060547,65.48459696047321,62.57019629812126,64.10880059846835,4207035
2022-11-08,64.02739715576172,65.39505098932139,63.82387651729249,65.20781543036749,1480361
2022-11-09,64.02739715576172,64.02739715576172,64.02739715576172,64.02739715576172,0
2022-11-10,65.66368865966797,66.02188179153887,64.14949788834703,64.38558151090638,5318456
2022-11-11,65.18338775634766,66.95808286535524,64.80891663875438,66.34752809303909,3038500
2022-11-14,64.70307922363281,65.28921346649759,64.13322291622524,65.28921346649759,1503918
2022-11-15,64.14950561523438,64.71936196495778,64.06810164674738,64.70308402829183,888968
2022-11-16,64.36116790771484,64.71936107782065,63.68547997989955,64.32860489225068,1643337
2022-11-17,63.8320198059082,64.83333793048617,63.579651068511,64.50770776214671,1035749
2022-11-18,63.579647064208984,63.945982766163446,63.335428024624925,63.53894865266389,809917
2022-11-21,63.742462158203125,65.23223258451134,63.37612645613327,63.41683201026956,1833148
2022-11-22,64.1739273071289,64.62166694890159,63.50638197132705,63.90528066503411,1453934
2022-11-23,64.50770568847656,65.08569743305424,64.19021092761768,64.19021092761768,1530293
2022-11-24,66.45335388183594,66.83597468948767,64.28790253199152,64.55654920856561,7841607
2022-11-25,65.7939453125,67.20230460778487,65.61484516274055,66.83596891163283,4526195
2022-11-28,63.82387161254883,64.92287869027881,63.3842673529412,64.5158374446207,3940854
2022-11-29,64.51583862304688,64.71935924959337,63.905283885985696,64.1902084776038,1064207
2022-11-30,64.65423583984375,64.75192488743434,64.14950552266968,64.56468933186369,761960
2022-12-01,64.25533294677734,65.20781002729811,64.157643905516,64.67865212557649,724080
2022-12-02,62.56205368041992,64.63795845908544,61.25952589209828,64.01111861267697,2134104
2022-12-05,61.73982238769531,63.29471875174559,61.46304034958993,63.09119813566408,716567
2022-12-06,62.000335693359375,62.27711774066158,61.056001146175596,62.07359711781755,750905
2022-12-07,62.37480545043945,62.80626716173259,62.00033436927871,62.285258949628584,1215727
2022-12-08,61.6502799987793,62.67601854386698,61.47117984476337,62.60275711695805,658668
2022-12-09,61.723548889160156,62.07359951702855,61.381633658160546,61.381633658160546,335386
2022-12-12,61.015296936035156,62.43993418472137,60.81177630871165,62.38295069469586,701018
2022-12-13,60.79549789428711,61.28394311047311,60.40473457876002,61.13740597432817,378110
2022-12-14,60.77921676635742,61.21882106078764,60.575696127406786,60.795501845911275,1121550
2022-12-15,59.06964874267578,60.85248275000216,58.646325974521844,60.85248275000216,1466113
2022-12-16,58.776580810546875,59.67206734056588,58.45094707244671,59.67206734056588,1081606
2022-12-19,57.14027786254883,59.34643464832375,57.06700929248958,59.34643464832375,683221
2022-12-20,54.83643341064453,57.22168684056021,52.85821768216282,56.90419564779705,5046586
2022-12-21,54.11189651489258,56.07383057468888,52.95590239488536,54.83642892105989,1365996
2022-12-22,55.276031494140625,55.92729535668981,53.54204204043791,54.86899381210311,1795948
2022-12-23,54.54336166381836,55.27603308384624,53.93280333755821,55.27603308384624,807205
2022-12-26,54.51079559326172,55.764478762308094,53.72927969378465,54.71431621437188,1467449
2022-12-27,54.7875862121582,56.00870282814377,54.17702433287626,54.82014922668344,1916009
2022-12-28,53.761844635009766,55.16206141579408,53.14314378172261,54.828288728019,597655
2022-12-29,54.0223503112793,54.35612300867747,53.5176235666764,54.05491332706013,416616
2022-12-30,53.75370407104492,54.54335894316384,53.64787249030588,53.9328006473587,1268251
2023-01-02,54.242149353027344,55.10507636447409,53.729280098149594,53.90023770687188,1932542
2023-01-03,53.924659729003906,54.8689943023467,53.753705686665285,54.413108523102274,1073350
2023-01-04,54.339839935302734,55.235329986055895,54.01420978687555,54.136319306891146,1276341
2023-01-05,54.6247673034668,54.787585946592934,54.13631851666668,54.13631851666668,438708
2023-01-06,57.97877883911133,58.60561864730717,54.5922039388918,54.77944305594778,6504842
2023-01-09,55.8051872253418,57.72641584619848,54.96668422256106,57.72641584619848,1787722
2023-01-10,56.489013671875,57.311235160454636,56.293632009897664,56.57856017779577,1387939
2023-01-11,55.45513153076172,56.53785711967455,55.19462384350767,56.26921046444117,914066
2023-01-12,55.29231262207031,55.95171901938075,54.95040097150461,55.19462357905154,960908
2023-01-13,54.35612106323242,55.0725109560599,54.144461468232464,54.632910258752304,610145
2023-01-16,53.09429931640625,54.34798253174622,52.91520273458317,54.13631936375702,752139
2023-01-17,49.202999114990234,53.9653669709926,49.1134490356966,53.517623717103,2343541
2023-01-18,51.75920867919922,52.833791743821195,47.95745347046783,48.76339344740122,2562620
2023-01-19,52.48373794555664,53.322240943799514,51.05095813433363,52.10112073135354,4031326
2023-01-20,51.08352279663086,52.9152049600039,50.93698922352203,52.50816368563448,1381169
2023-01-23,50.92070388793945,51.73478280419863,49.74028570951012,50.106624971680276,859585
2023-01-24,52.329063415527344,52.63027308026461,50.55436844105971,50.55436844105971,2015917
2023-01-25,53.41992950439453,54.4619531237995,51.938305183828334,52.670976590386225,4042542
2023-01-26,54.095619201660156,54.950403727885195,52.85007491246989,53.419931263286585,3669586
2023-01-27,53.16756820678711,54.46195341289991,52.589569332295376,54.46195341289991,1320653
2023-01-30,52.052276611328125,53.322241356395516,51.84061701091331,53.118720724198184,798661
2023-01-31,52.752384185791016,53.118719889473795,52.182527853109086,52.182527853109086,900433
2023-02-01,52.70353698730469,53.40364534418474,52.42675137439661,52.9559021258948,947307
2023-02-02,52.71982192993164,53.078018670682276,52.38604923637982,52.38604923637982,684535
2023-02-03,53.28153610229492,53.57460322334228,52.263933003769,52.99660794896547,814551
2023-02-06,54.58406448364258,54.77944256684919,52.95590307638688,52.95590307638688,2745973
2023-02-07,55.03181076049805,56.375044085224474,54.15260576604302,54.649193540697944,3983526
2023-02-08,55.15392303466797,55.76448135509751,54.706176218891855,54.95040240409505,1334926
2023-02-09,55.585384368896484,56.00870356328081,55.34930072484524,55.47141381656224,1825082
2023-02-10,53.85139465332031,55.15392238817214,53.64787402513299,53.73742410149639,1630864
2023-02-13,53.769981384277344,54.331698724056544,53.647871869303245,53.769981384277344,441833
2023-02-14,52.548866271972656,53.93280519215879,52.36163071205669,53.75370860075294,1034235
2023-02-15,52.84193420410156,53.19198839992904,52.06041827519477,52.28022041141932,812565
2023-02-16,52.86635971069336,54.13632089817793,52.70354106040467,53.13500280539771,1686673
2023-02-17,52.654693603515625,53.24083142655127,52.44303401260715,52.83379018043818,642840
2023-02-20,52.07670211791992,52.980331178870486,51.89760195664531,52.434895297890435,363975
2023-02-21,53.58274841308594,53.72928198085863,52.16625011537151,52.21509463796241,1717059
2023-02-22,53.55018615722656,53.9328033752577,53.18385044695655,53.9328033752577,905513
2023-02-23,52.70353698730469,53.485052877392995,52.508158907604866,53.485052877392995,697363
2023-02-24,51.95458984375,52.95590796964176,51.7999137279411,52.95590796964176,741118
2023-02-27,51.85689926147461,52.22323497616178,51.53940807065978,52.10112188083629,534256
2023-02-28,51.23819351196289,51.85689432675938,50.8474337868797,51.69407926267846,984311
2023-03-01,50.643917083740234,51.23819385728526,50.065918245424044,51.23819385728526,1973087
2023-03-02,50.440399169921875,50.63577725860682,50.0659209286532,50.1961729877765,1331545
2023-03-03,51.35216522216797,51.441715295089146,49.8623984237974,49.87054096283071,715526
2023-03-06,53.02103042602539,54.5189398151554,51.376591042126265,51.69408222089714,3578804
2023-03-07,53.09429931640625,53.64787414060316,52.7116821059578,53.30595891310626,728153
2023-03-08,53.126861572265625,53.52576028445352,52.996609514618825,53.322239658735825,400252
2023-03-09,53.688575744628906,53.826970342523666,53.16756751027532,53.46877718140557,654793
2023-03-10,54.44567108154297,54.543360125285886,53.81068872592484,54.08747792115227,1213997
2023-03-13,54.095619201660156,55.15392436336106,53.81069102625181,54.3805473770685,1541013
2023-03-14,53.66415786743164,54.054914062115245,53.44435572227744,53.76998588451378,760597
2023-03-15,53.77812957763672,53.98165021904417,52.95590804342112,53.12686566790653,770204
2023-03-16,54.2584342956543,54.73874413831499,53.810691040264395,54.07119516811617,1367240
2023-03-17,53.48505783081055,54.518942526529266,53.32224274931522,54.25843482484739,555798
2023-03-20,53.06987762451172,53.485057868260185,52.92334405106332,53.485057868260185,306483
2023-03-21,54.6247673034668,54.99110300074461,52.752383263473945,53.012890949702275,4338011
2023-03-22,54.48637771606445,55.89473348155775,53.96536590114629,55.0318100067581,4040490
2023-03-23,54.48637771606445,54.48637771606445,54.48637771606445,54.48637771606445,0
2023-03-24,53.33852005004883,54.45381219853943,53.094297447070446,53.900237393832704,613259
2023-03-27,53.17570495605469,53.71299825364013,53.02102885526423,53.31409954998768,286681
2023-03-28,53.224552154541016,53.48505627736735,53.15942612383443,53.2815392170539,352975
2023-03-29,53.01289367675781,53.525762965071614,52.915204628630356,53.40364986926763,661207
2023-03-30,52.67097854614258,53.32224243963084,52.557007989757764,53.15942735908111,309611
2023-03-31,52.117401123046875,52.64655546559339,51.86503954632227,52.21509373783377,377504
2023-04-03,52.23137664794922,52.49188077094,51.694083322991474,52.34534720175768,261872
2023-04-04,52.31278610229492,52.459319676843904,51.69408521624317,51.81619474272263,236591
2023-04-05,52.247657775878906,52.91520315748005,52.117402144041016,52.727964034796734,352186
2023-04-06,53.24897766113281,53.40365020265554,52.12554645807509,52.508163684607545,864656
2023-04-07,52.589569091796875,53.550185174656,52.50816155448495,53.24083296158148,483860
2023-04-10,52.01971435546875,52.744246816709854,51.89760126010941,52.58143173709027,386029
2023-04-11,51.718505859375,52.10112309090605,51.254481086166,52.10112309090605,733971
2023-04-12,52.13368606567383,52.296504720188246,51.6859428011603,51.69408534096625,409318
2023-04-13,53.0047492980957,53.419929523877315,52.52444304248868,52.71168216388134,1199624
2023-04-14,53.0047492980957,53.0047492980957,53.0047492980957,53.0047492980957,0
2023-04-17,53.57460403442383,54.05491027572301,52.54886195265099,53.322238890723455,1263848
2023-04-18,53.322242736816406,53.721141472031135,52.93148654131921,53.607170915011125,261708
2023-04-19,53.28153610229492,53.476914182993156,52.915200415341204,52.915200415341204,253267
2023-04-20,54.01420974731445,54.1770248214088,53.24083278843252,53.248975327781835,1107865
2023-04-21,54.01420974731445,54.01420974731445,54.01420974731445,54.01420974731445,0
2023-04-24,54.01420974731445,54.01420974731445,54.01420974731445,54.01420974731445,0
2023-04-25,54.01420974731445,54.01420974731445,54.01420974731445,54.01420974731445,0
2023-04-26,54.28285598754883,54.461952567674594,53.7292811685982,54.168885436559705,965445
2023-04-27,55.19462585449219,55.43885204339667,53.973505623837625,54.1444632418129,2096352
2023-04-28,54.063053131103516,55.72377756576252,53.56646537992812,55.34929933194195,2970588
2023-05-01,54.063053131103516,54.063053131103516,54.063053131103516,54.063053131103516,0
2023-05-02,53.04545593261719,53.9328034639925,52.91520387031386,53.9328034639925,1290781
2023-05-03,52.64655303955078,53.24082981242136,52.43488988377032,53.08615371503309,899635
2023-05-04,52.687259674072266,53.24083451523679,52.312784991509616,52.54886507095881,1388797
2023-05-05,52.45931625366211,52.80937044455359,52.2313751525711,52.55700529698683,650739
2023-05-08,51.65337371826172,53.07801445739215,51.449853102487516,52.50815816173998,1277506
2023-05-09,50.26129913330078,51.531263855261386,50.06592104416506,51.327743226767076,1229225
2023-05-10,49.42279815673828,50.47296070966335,49.32510554396163,49.66702076045722,796185
2023-05-11,49.64259719848633,50.074062492863796,49.25184102872591,49.8216973475823,672545
2023-05-12,49.85426330566406,50.46482164261324,49.251843937087614,49.90310782976842,492633
2023-05-15,50.09848403930664,50.269441652877724,49.53677024761787,50.114765546728215,578377
2023-05-16,50.75788879394531,50.87999830998615,50.29386406189637,50.472960637701576,590253
2023-05-17,50.302001953125,51.49055907333638,50.18803140732454,50.554367090184805,1652078
2023-05-18,50.4420280456543,51.72461013872598,50.273513192983366,50.78841810001601,1220505
2023-05-19,50.06755065917969,50.74161008140827,49.86158726432333,50.09563527800945,524078
2023-05-22,48.94411849975586,50.55436994450447,48.775603647571046,50.451388249137175,344748
2023-05-23,48.84113693237305,49.618178038515794,48.691346349070606,48.9066736606515,407417
2023-05-24,47.923667907714844,49.384128735118935,47.7457927107311,49.384128735118935,726038
2023-05-25,46.734703063964844,48.49474502912981,46.62236102359361,48.1296307194565,822373
2023-05-26,44.21635055541992,46.940669306562974,43.62654855778998,46.90322076706187,1446941
2023-05-29,45.012115478515625,45.826601562060006,44.375504598808284,44.54401945351254,1307718
2023-05-30,45.88277053833008,46.14490673931676,45.03083592052414,45.03083592052414,1039426
2023-05-31,44.2537956237793,46.107455328216886,44.1040050488133,46.107455328216886,3086736
2023-06-01,43.972938537597656,44.60018545132244,43.71080235415968,44.44103452860027,805222
2023-06-02,43.701446533203125,44.09464549216225,43.626549452664605,44.0103880622011,454083
2023-06-05,44.38486099243164,44.469118412274874,43.66399274961483,43.66399274961483,526035
2023-06-06,45.13381576538086,45.26488207485303,44.47848064673094,44.47848064673094,1355701
2023-06-07,47.61472702026367,48.19516507650191,45.43339788516721,45.592552386679294,6214383
2023-06-08,46.02320098876953,47.97984251414934,45.89213467330789,47.93303362595436,1699150
2023-06-09,47.60536193847656,48.12027039731404,45.87340816091677,46.11681651040342,2171227
2023-06-12,46.781517028808594,47.9330328007697,46.650450715603306,47.727069410710435,1548338
2023-06-13,46.21979904174805,47.26833667580084,45.96702676771509,47.17471533099837,661324
2023-06-14,45.51765441894531,46.5100192328702,45.42403664668163,45.70489353476177,516964
2023-06-15,44.46912384033203,45.639363941393405,44.23507582011976,45.45212481096571,804468
2023-06-16,44.038475036621094,44.749979425637086,43.99166614822216,44.749979425637086,546874
2023-06-19,41.604373931884766,44.347416958078874,41.28606848808885,44.235074910647754,1124505
2023-06-20,41.58564758300781,41.80097488914525,40.33115371161908,41.56692688544632,1009832
2023-06-21,40.7243537902832,42.14736612139493,40.6400963637276,41.09883203526127,638434
2023-06-22,39.675819396972656,41.01457429116392,39.46049565772857,41.00521037090289,571741
2023-06-23,38.27153015136719,39.95667504553724,37.98130934425165,39.83496908496762,1555701
2023-06-26,40.546478271484375,41.098831714304396,38.57111250866548,38.76771197866349,1571177
2023-06-27,41.229896545410156,43.04610774011175,39.32006400791628,40.58392177965511,2544268
2023-06-28,41.229896545410156,41.229896545410156,41.229896545410156,41.229896545410156,0
2023-06-29,41.229896545410156,41.229896545410156,41.229896545410156,41.229896545410156,0
2023-06-30,41.229896545410156,41.229896545410156,41.229896545410156,41.229896545410156,0
2023-07-03,44.31932830810547,44.31932830810547,43.61718432576621,44.31932830810547,734756
2023-07-04,44.37550354003906,46.079372744694,42.95249122942707,44.93721732812496,3750049
2023-07-05,46.66917037963867,46.996839726682026,44.10400626613344,44.10400626613344,6276871
2023-07-06,47.062374114990234,47.652176098091346,46.34150581815315,46.82832610580765,3714782
2023-07-07,50.47011184692383,50.59181780994676,46.99684029664931,47.22152438238025,10999209
2023-07-10,52.48292541503906,53.175705503161,50.32032058426517,51.11608236498907,7604233
2023-07-11,51.53736877441406,52.70760877188618,51.35012966056071,52.6701602348577,3585122
2023-07-12,50.22670364379883,51.79014261363451,50.09563376022274,51.53737033795723,2193375
2023-07-13,50.048824310302734,51.434388065208005,49.88967338182679,51.378218829881966,3664536
2023-07-14,48.784969329833984,50.27351486370264,48.32623364425387,49.85222771802484,2431672
2023-07-17,49.75860595703125,50.320319725450894,48.513468889606,48.925392081694476,3217728
2023-07-18,51.90248489379883,52.42675371662922,48.92539395061568,49.636901893834725,7604339
2023-07-19,50.647987365722656,51.86503986106286,50.46075181686032,51.86503986106286,3469629
2023-07-20,50.78841781616211,51.68716131119124,50.535645538568446,50.78841781616211,2569139
2023-07-21,50.910125732421875,51.94929950083132,50.82586830332681,51.37822176710798,3638526
2023-07-24,50.36713409423828,51.256517300467756,50.27351631307283,50.91012722460828,1085967
2023-07-25,50.329681396484375,50.64798682596298,49.89903392462778,50.320321047656684,1180907
2023-07-26,51.82759094238281,52.80123150299321,50.638626645129776,50.64798699398852,7801803
2023-07-27,51.82759094238281,51.82759094238281,51.82759094238281,51.82759094238281,0
2023-07-28,51.82759094238281,51.82759094238281,51.82759094238281,51.82759094238281,0
2023-07-31,53.37230682373047,54.48637764101961,51.59354408401522,52.323772735066484,7275532
2023-08-01,54.07444763183594,54.95447038579559,53.36294329263465,54.19615359018358,4474916
2023-08-02,54.85149002075195,55.32894637458921,53.92465835928198,54.074448938063185,3982124
2023-08-03,52.81059265136719,55.70342618783932,52.52037183430425,55.64725337996898,4839499
2023-08-04,52.40802764892578,53.175704802013904,51.69652330141328,52.80123014537698,1510237
2023-08-07,51.69652557373047,53.35358591251199,51.38758048641851,52.52973591763598,1609242
2023-08-08,49.81477737426758,52.23951489015553,49.299872468768655,51.69652536639151,1848982
2023-08-09,50.86331558227539,51.106723942910605,49.61817844665926,49.81477791924415,1392863
2023-08-10,50.15180587768555,52.052274522285366,49.61817671569161,51.303321625740296,1643402
2023-08-11,50.4420280456543,51.0224661096935,49.63690232095745,49.63690232095745,803819
2023-08-14,50.4420280456543,50.4420280456543,50.4420280456543,50.4420280456543,0
2023-08-15,51.3594970703125,52.099089656079165,50.55437132593758,50.55437132593758,1867070
2023-08-16,51.490562438964844,52.47356337126905,51.11608419271122,51.57481986580744,2830319
2023-08-17,51.893123626708984,52.75441856545296,51.33140984677066,51.49056077494718,4944841
2023-08-18,51.11608123779297,52.19270345506783,50.928845696779106,51.902482652433896,1276777
2023-08-21,50.0769157409668,51.022468166819436,49.94584585037998,51.013107817422195,534206
2023-08-22,49.889671325683594,50.66670880974518,49.758605020272405,50.13307966840594,583729
2023-08-23,49.51519775390625,50.33904777119142,49.15008341990751,50.0862754850486,378426
2023-08-24,49.73988342285156,50.44202744350219,49.58072892110039,49.805416579075825,733428
2023-08-25,48.56964111328125,50.05818651018407,48.204526811052276,49.81477459450542,1426624
2023-08-28,49.04710006713867,49.430938658049335,48.07345949512018,48.63517685803355,1334779
2023-08-29,45.97639083862305,49.99265547594747,45.36786459492329,49.515195544111876,4437212
2023-08-30,43.33633041381836,45.87340998657892,42.877594742585316,45.87340998657892,1371051
2023-08-31,44.1320915222168,45.29297120550793,41.7541629197149,43.495480659007015,3655471
2023-09-01,44.7780647277832,45.330414575072325,43.30824001356889,43.53292766319773,748881
2023-09-04,45.09636688232422,45.442760493318545,44.84359818530218,44.937215956696335,418328
2023-09-05,44.43167495727539,45.686172478788485,44.23507547892296,45.67681212941952,584583
2023-09-06,44.749977111816406,44.84359845506281,43.916766799013324,44.04783310826922,336200
2023-09-07,44.6563606262207,45.38658926813209,44.51593039295043,44.731254131686114,684965
2023-09-08,45.13381576538086,45.31169453219801,44.5159291840913,45.11509149670068,495215
2023-09-11,45.68617248535156,46.0606507433723,44.70317152215882,45.405315577480685,860033
2023-09-12,45.48020935058594,46.322780012932505,45.12445538846321,45.61127565997614,627596
2023-09-13,45.33041763305664,46.154267642220496,45.12445780923263,45.12445780923263,301711
2023-09-14,45.79851150512695,46.0606476969195,45.18062492016232,45.21807345774542,250418
2023-09-15,45.43339920043945,46.8002423123351,45.0402002523017,46.8002423123351,950349
2023-09-18,45.4146728515625,45.826599621749246,45.077646727713024,45.826599621749246,100280
2023-09-19,45.68617248535156,46.80024333875411,45.57383043646108,45.57383043646108,277054
2023-09-20,45.11509323120117,46.19171550832435,45.02147545549012,45.47084720722376,195706
2023-09-21,45.27425003051758,45.63000402457419,44.581466312753584,44.98402919703857,331064
2023-09-22,45.049560546875,45.545744762962315,44.93721850058453,45.17126651360841,438681
2023-09-25,45.23679733276367,45.714257254569205,45.1244552922814,45.40531217913161,867534
2023-09-26,44.86232376098633,45.35850800294101,44.76870597941195,45.105735707142834,396195
2023-09-27,44.937217712402344,45.21807460884702,44.70316970348358,44.749978591009494,813705
2023-09-28,44.937217712402344,44.937217712402344,44.937217712402344,44.937217712402344,0
2023-09-29,44.937217712402344,44.937217712402344,44.937217712402344,44.937217712402344,0
2023-10-02,44.9559440612793,45.10573465106487,44.24443608133079,44.24443608133079,516448
2023-10-03,44.67508316040039,45.17126377511769,44.32868955079677,45.10573062114707,343824
2023-10-04,44.759342193603516,45.63936141522791,44.703169386197594,44.94657774237824,1189016
2023-10-05,45.22743606567383,45.54574148331743,44.93721526475822,44.94657561323789,1082122
2023-10-06,46.09809494018555,47.23088638559995,45.38658703124051,45.38658703124051,3201397
2023-10-09,45.592552185058594,46.23852339456601,45.405313066403224,45.892133346391525,871870
2023-10-10,46.57555389404297,47.024925643762444,45.59255296832603,45.59255296832603,2287832
2023-10-11,49.150081634521484,49.618177650088356,46.80960155668713,46.80960155668713,5907382
2023-10-12,47.596004486083984,49.337322289559744,47.41812928030017,49.15008316325141,1895891
2023-10-13,48.36368179321289,49.05646549064847,47.652177397266804,48.39176641226795,2249556
2023-10-16,49.646263122558594,50.08627452757602,47.9423938822769,48.6819864567094,4223555
2023-10-17,48.0640983581543,49.60881661672935,47.745792929108674,49.393489309804814,1374749
2023-10-18,48.653900146484375,49.805415896003886,47.4649358592677,48.34495506741642,3729709
2023-10-19,50.24542236328125,50.72288227785794,47.85813350426488,49.140719101234396,5686956
2023-10-20,52.2395133972168,52.88548816916651,50.32968084140835,50.554368494975435,6446365
2023-10-23,51.247154235839844,52.84804177946568,50.55437054953451,52.84804177946568,2175173
2023-10-24,50.985015869140625,51.855674721781185,50.573092671522474,51.2471520597059,897426
2023-10-25,50.28287124633789,51.125445471224815,50.179889555375155,51.00373951178803,1302305
2023-10-26,50.292236328125,51.49056096783668,50.08627294144113,50.18925463478307,1482593
2023-10-27,46.64108657836914,50.49819673617569,46.51938061469221,50.08627352926268,6174738
2023-10-30,46.8751335144043,47.74579236679606,44.937216345219824,46.60363697520921,1056293
2023-10-31,47.07173538208008,47.3806804744456,46.31342210316339,46.912584446950646,1478271
2023-11-01,48.67262649536133,49.711796676198354,47.277698762487006,47.642813092414784,4700421
2023-11-02,48.94411849975586,49.599453639220236,48.69134622147863,49.13135762121557,1704505
2023-11-03,49.95520782470703,50.432664193729266,48.68198607892877,49.374769759880785,2123246
2023-11-06,50.33904266357422,50.6479841566538,49.81477387462563,50.133079287328535,1436467
2023-11-07,49.59945297241211,51.350131056252735,49.43093812249278,50.43266330185259,1969559
2023-11-08,48.84113693237305,50.03946517008179,48.607088922757406,49.15008201928451,854898
2023-11-09,48.84113693237305,48.84113693237305,48.84113693237305,48.84113693237305,0
2023-11-10,49.38412857055664,50.24542350628881,48.681984562444455,48.681984562444455,2474259
2023-11-13,50.4139404296875,50.77905832882208,49.646263234912894,49.8615869777117,2608598
2023-11-14,51.76205825805664,52.09908796066821,49.61817764966908,50.64798745539182,4612202
2023-11-15,51.518646240234375,52.47356253887281,51.022465607415164,52.239514531499346,4697914
2023-11-16,53.91529846191406,55.02936567772044,51.03182533212465,51.958657001353856,11842135
2023-11-17,53.400394439697266,54.617443368801354,53.08208900550489,53.91529934378486,4149691
2023-11-20,52.857398986816406,54.111896398369005,52.7076084110171,53.83103951515643,3826925
2023-11-21,53.76551055908203,55.235331814893854,52.89485165324581,53.36294768557542,14654313
2023-11-22,54.458290100097656,54.71106238338617,53.9246609146961,53.943385184342205,3756701
2023-11-23,58.54008865356445,58.54008865356445,55.32894958645121,55.75023672975705,13315458
2023-11-24,59.24222946166992,61.69505510796244,58.79285772381893,58.980096840745794,8037317
2023-11-27,59.14861297607422,59.77585992444718,57.772409543694636,59.77585992444718,3474289
2023-11-28,59.420108795166016,60.85248144639951,58.07198999749765,59.335851370311744,5972546
2023-11-29,58.43710708618164,60.1971527427372,58.231147259995,59.89756799582248,3769298
2023-11-30,58.287315368652344,59.21414706804113,57.81921934439906,58.88648127957953,1656229
2023-12-01,59.52309036254883,59.91628929684056,58.371571034890735,58.50264091761045,3869927
2023-12-04,59.90692901611328,61.32057739695057,59.44819335429559,59.44819335429559,3981746
2023-12-05,60.328216552734375,61.07716588937371,59.22350610301723,59.963102233324804,2932245
2023-12-06,62.37847137451172,63.66105700611004,60.94609873468676,60.94609873468676,12449301
2023-12-07,60.93673324584961,63.61424291064134,59.401382523806355,62.706142679433505,5950955
2023-12-08,60.58098602294922,61.966553384235525,60.38438655175061,61.086530581422124,3427368
2023-12-11,61.21759796142578,62.434650491078116,59.635434672682734,60.80567117122126,5406366
2023-12-12,60.861846923828125,61.78867504965091,60.384386980340665,61.39547610446288,2037679
2023-12-13,57.80985641479492,61.46100666950814,56.2932263638738,60.85248043662624,3335345
2023-12-14,57.2387809753418,58.04390670425876,56.35876174000587,57.38857155946896,1957441
2023-12-15,58.0345458984375,58.93328939612705,56.78004842701239,57.66006765542226,1871231
2023-12-18,57.27622985839844,58.8864813259092,57.01409722742292,58.23114617718115,1444780
2023-12-19,53.288047790527344,57.28558812395319,52.979106282584226,57.107712926730734,2078810
2023-12-20,51.602901458740234,53.737421623171755,49.627535789586176,53.22251317194087,1741013
2023-12-21,52.57654571533203,52.848042268646466,50.36713189205051,52.33313735217068,1287524
2023-12-22,50.85395050048828,53.08208851943186,50.086273325869676,52.88548905133691,992444
2023-12-25,50.85395050048828,50.85395050048828,50.85395050048828,50.85395050048828,0
2023-12-26,49.50583267211914,51.584176429576665,47.18407700107184,50.5543666848817,1435622
2023-12-27,51.35013198852539,51.490562223104085,49.206254930143224,49.702435568753316,1314263
2023-12-28,53.4284782409668,54.29913710437806,51.350130815883254,51.86503928338711,3756460
2023-12-29,53.681251525878906,54.85149157172446,52.98846784737109,53.82168175989605,2176318
2024-01-01,56.854942321777344,57.06090571397361,54.05573011416608,54.5799953724268,5145889
2024-01-02,55.1417121887207,57.29495315100737,54.92638487833177,57.10771403009349,2626003
2024-01-03,54.31786346435547,55.79704505431305,54.06509118092888,55.18852236128396,964456
2024-01-04,54.78595733642578,55.00128107206812,53.550184158041596,54.205519285072995,758459
2024-01-05,53.75614547729492,55.48810290227502,51.11608419768861,54.85149202635541,1203371
2024-01-08,52.791866302490234,54.11189687948606,52.56718222243809,53.36294399383046,1283940
2024-01-09,52.51101303100586,53.77487088933286,51.724611554118816,52.91357590437002,652961
2024-01-10,52.51101303100586,53.63444422245725,52.05227734811787,52.05227734811787,1233065
2024-01-11,52.5203742980957,53.07272776855336,52.33313873898955,53.07272776855336,510008
2024-01-12,52.37057876586914,53.49400987093566,52.14589468762925,52.88548721868769,1016325
2024-01-15,52.00546646118164,52.88548925346581,51.95865757402144,52.052275348341844,307947
2024-01-16,51.37821960449219,52.38930513978504,50.74160873841221,52.00546655035057,486396
2024-01-17,51.04119110107422,52.09908911974297,50.70416139096458,51.1628970677892,690044
2024-01-18,50.376495361328125,51.584180388415845,49.19689138156343,51.584180388415845,557683
2024-01-19,49.95520782470703,50.99438156049044,49.85222612890302,50.91948448307326,232861
2024-01-22,50.14244842529297,50.55437164936438,49.81477905886609,50.55437164936438,158039
2024-01-23,51.2097053527832,51.72461026103338,49.73052021390496,50.27351331185952,835537
2024-01-24,50.816505432128906,51.90248811217586,50.55437279010394,51.48120452928985,991924
2024-01-25,49.66498565673828,51.097361867450964,49.524558997331745,50.92884701913182,619609
2024-01-26,48.579002380371094,49.992654302381695,48.30750584286057,49.61817607331276,967527
2024-01-29,48.33559799194336,48.95348462063369,48.12027424253651,48.95348462063369,710212
2024-01-30,46.893856048583984,49.15007855961175,46.57555063506066,48.30750435578854,963784
2024-01-31,47.40876388549805,47.83941136271281,46.80960155697503,47.27769757254478,677513
2024-02-01,47.75515365600586,48.12027154588435,47.09045817491814,47.8394110811641,238829
2024-02-02,48.607086181640625,49.09390644274243,47.7457912690452,48.26069614690455,349343
2024-02-06,49.16880798339844,49.51519804960826,48.5509213595669,48.58836989950562,1216920
2024-02-07,49.3747673034668,49.899032534147764,49.243697424507516,49.243697424507516,419325
2024-02-08,49.3747673034668,49.3747673034668,49.3747673034668,49.3747673034668,0
2024-02-09,47.63344955444336,48.38240243380949,46.34150360548114,48.223247938094104,445239
2024-02-12,46.01383972167969,47.698984662105374,45.35850458615604,47.006200988257135,454211
2024-02-13,46.247886657714844,47.127905860217716,43.16781409202114,45.87340842572391,2075625
2024-02-14,47.184078216552734,48.073457759296,46.7440668338518,46.818960336762494,860263
2024-02-15,46.163631439208984,47.549195249698,45.87341061698839,47.27769869710028,304215
2024-02-16,44.99338912963867,45.95766575376944,43.720167429064595,44.84359855141167,580064
2024-02-19,45.33041763305664,45.5925538371888,43.93549346966925,44.79678844688975,327879
2024-02-20,45.77042770385742,47.268337092293066,45.40531338413354,45.49893115847176,904157
2024-02-21,48.897308349609375,49.206253427733834,46.43512235852127,46.43512235852127,3480037
2024-02-22,51.3594970703125,51.8182291805703,49.150083233550426,49.42157978852137,5911812
2024-02-23,50.1705322265625,51.35949656156082,49.47774853648006,50.78841883824068,2050488
2024-02-26,51.33141326904297,52.61399541389517,50.10500036315594,50.32968446159534,4194110
2024-02-27,51.90248489379883,52.42675371662922,49.552644468224294,51.846315657584654,2794013
2024-02-28,50.80714416503906,51.949299635445364,50.554371877098845,50.554371877098845,1084602
2024-02-29,50.57309341430664,51.771418058642624,50.367130026827965,51.20970427443242,938101
2024-03-01,50.498199462890625,51.20034352224205,50.3203242535191,50.573096543440336,630814
2024-03-04,50.910125732421875,51.80886926190976,50.55437174609943,51.11608555920702,1425724
2024-03-05,52.052276611328125,52.613993984747474,50.74160988259482,51.069275671955836,4264081
2024-03-06,50.57309341430664,52.417392838902416,50.17989090832818,52.05227495074772,1726001
2024-03-07,50.732242584228516,51.19097823007893,49.63689967161989,50.919481696234584,1353483
2024-03-08,50.72288513183594,51.35013208588785,50.554370278537675,50.82586682788368,474497
2024-03-11,51.16289520263672,51.95865698927208,50.329681306889846,50.741608080357764,1248921
2024-03-12,50.43266677856445,51.865043101623456,50.28287618734207,51.16289903565178,1157880
2024-03-13,48.68198776245117,50.975659053978376,48.1858071069157,50.554371907160835,757988
2024-03-14,49.870948791503906,50.31096017893039,48.485385045529505,48.878583975433855,590316
2024-03-15,49.103275299072266,50.273515398805685,48.86922727912558,49.87095251879424,431027
2024-03-18,49.27178955078125,49.56200680630665,48.68198754783683,49.552646456991674,272574
2024-03-19,49.477745056152344,49.99265350573923,48.822413522658145,48.822413522658145,364624
2024-03-20,49.23434066772461,50.545010982622195,49.140722890070194,49.61817927017058,359987
2024-03-21,48.21388626098633,49.61817421033545,47.65217250976226,49.59944994245612,508139
2024-03-22,48.35432052612305,49.71179613359371,47.65217649275992,48.38240514464502,651958
2024-03-26,48.36368179321289,48.86922636393972,48.12027342839403,48.67262688797572,334756
2024-03-27,48.616451263427734,48.944117037727494,48.21388841426569,48.44793641627669,458932
2024-03-28,48.925392150878906,49.89903268405288,48.213887805121956,48.30750557622794,1355255
2024-03-29,47.989200592041016,49.19688913527596,47.83941001413282,49.19688913527596,968114
2024-04-01,48.644535064697266,48.82241382886619,48.27006041053607,48.401126718056936,438163
2024-04-02,48.990928649902344,49.15007957430517,48.68198357835941,48.68198357835941,664765
2024-04-03,48.91603469848633,49.61817873722058,48.681986685574905,48.8973104288987,942959
2024-04-04,48.897308349609375,49.61817662727734,48.49474549881702,49.05646284869173,761763
2024-04-05,48.897308349609375,48.897308349609375,48.897308349609375,48.897308349609375,0
2024-04-08,52.56718444824219,52.56718444824219,52.05227596946817,52.56718444824219,1033682
2024-04-09,51.37140655517578,51.37140655517578,49.66072698448982,51.37140655517578,5649803
2024-04-10,51.37140655517578,51.37140655517578,51.37140655517578,51.37140655517578,0
2024-04-11,51.37140655517578,51.37140655517578,51.37140655517578,51.37140655517578,0
2024-04-12,51.37140655517578,51.37140655517578,51.37140655517578,51.37140655517578,0
2024-04-15,51.57566833496094,53.02251184194838,51.158638189622025,51.36289807129552,6928467
2024-04-16,50.23946762084961,51.91610217832679,50.12882551086912,51.57566903756664,4530198
2024-04-17,50.094783782958984,51.03948619121772,49.796906125213454,50.54585903190343,2960151
2024-04-18,51.603111267089844,52.556202562054914,50.67919506269899,51.029310989411776,1951676
2024-04-19,51.00986099243164,51.64201146736932,50.32908041869011,51.35024942432457,1385096
2024-04-22,53.16889953613281,54.11226699874207,51.05848397910827,51.44750248388364,4689359
2024-04-23,52.67290496826172,54.02473853478992,52.42004553472019,53.4898408681,3110116
2024-04-24,56.621429443359375,56.621429443359375,52.68262907866702,52.68262907866702,6331913
2024-04-25,58.43035888671875,60.20038605218615,57.0882491128081,57.67177316583597,9075771
2024-04-26,56.845115661621094,58.82910345425244,56.60198001183653,58.82910345425244,2394998
2024-04-29,58.99443435668945,61.10485374178528,56.61170422898345,57.5356204470681,9178871
2024-04-30,57.65232467651367,61.46469363311472,56.9423690171115,58.83882784672433,6998574
2024-05-02,56.54362487792969,58.955530025603544,55.921198221750046,58.30392827927658,2196311
2024-05-03,53.032745361328125,54.94865541887098,52.80906101455216,53.63572442824299,5059066
2024-05-06,53.46066665649414,54.462384323836076,52.906317684280104,53.35368637940801,1758288
2024-05-07,53.81078338623047,55.42520394025498,52.517299958329964,53.635725422906255,3106426
2024-05-08,54.073368072509766,56.26158896283543,53.48984398573852,53.976115294699774,2029567
2024-05-09,56.222686767578125,56.69923054472851,54.131718778168036,54.39430571474201,3354209
2024-05-10,55.93092346191406,57.097975327416805,55.43492836680209,56.55335384414963,3091737
2024-05-13,55.44465255737305,56.407471373543316,55.24041949968578,55.82394729159237,2114898
2024-05-14,56.621429443359375,57.86628274205309,54.277602005062676,55.483552710683334,4941058
2024-05-15,55.47383117675781,58.10942075053499,55.33767580541222,56.9909952688437,4472976
2024-05-16,55.668338775634766,56.69923153354573,55.201515073613926,55.43492692462435,2101204
2024-05-17,55.726688385009766,55.930921433829354,55.347397377214676,55.726688385009766,887394
2024-05-20,56.6992301940918,58.30392689324612,55.89202180290929,55.92119689236305,6155316
2024-05-21,55.90174865722656,57.360562569085154,55.639161707897344,57.360562569085154,2220824
2024-05-22,54.76387405395508,56.34911578930361,54.462384518358746,55.92119838938621,1812538
2024-05-23,54.968109130859375,55.67806479572371,54.48183782259978,55.13343959488892,1120960
2024-05-24,55.37657165527344,56.16433245911511,54.94865426735937,54.94865426735937,1686186
2024-05-27,54.7833251953125,55.921198230706494,54.61799102788833,55.716965179731496,1642814
2024-05-28,54.7833251953125,54.7833251953125,54.7833251953125,54.7833251953125,0
2024-05-29,53.771881103515625,55.32794777545674,53.53846924774667,55.29877268471897,731950
2024-05-30,53.20780563354492,54.36513372101253,52.99384878078442,54.10254676948515,858013
2024-05-31,54.802772521972656,55.921197965260056,53.100823018682135,53.100823018682135,4681592
2024-06-03,57.448089599609375,58.14832144068733,55.15288852936984,55.47382935984907,10274922
2024-06-04,55.668338775634766,57.039623661687784,55.48355331151449,56.84511440417168,2936161
2024-06-05,55.13343811035156,56.747858661904885,54.76387459719331,55.055636632301876,2531814
2024-06-06,53.976112365722656,55.72668824099824,53.499564876419655,55.123712889393914,1123724
2024-06-07,53.70380401611328,54.365133286536505,52.57565473891288,53.96639096554212,1455910
2024-06-10,53.003570556640625,53.8399577681915,52.81878880221063,53.49956563956087,1240136
2024-06-11,52.050479888916016,53.60654654973862,51.69064016921746,53.19808044250602,952292
2024-06-12,53.032745361328125,53.58709433158932,52.01157640084463,52.49784768773729,1670793
2024-06-13,54.326229095458984,55.14316501080256,52.984119296689784,52.984119296689784,4481120
2024-06-14,54.802772521972656,56.60197850856736,54.024739205316656,54.46238410529675,5443575
2024-06-20,55.18206787109375,55.823945828397875,54.94865601845792,55.33767453619913,1758236
2024-06-21,54.754146575927734,55.629436382931736,54.559637317709566,55.43492712471357,1310558
2024-06-24,53.87886047363281,55.24041786111638,53.63572482837266,55.24041786111638,1185360
2024-06-25,53.48011779785156,54.355403888825414,53.39258881775862,54.355403888825414,521604
2024-06-26,53.35368728637695,54.4137588619559,53.01329515259328,53.74270209790112,1786306
2024-06-27,53.04247283935547,53.68435078934958,52.76043460270285,53.489841532694136,622577
2024-06-28,52.53675079345703,53.48984207986727,52.332517741359595,53.48984207986727,984624
2024-07-01,52.77988815307617,53.47039251922995,52.565927590623474,52.72153426060117,583536
2024-07-02,53.06192398071289,53.295332120051874,52.711808061748926,53.10082286396573,918062
2024-07-03,53.59682083129883,54.58881468317938,53.24670491769917,53.24670491769917,1728567
2024-07-04,53.44121551513672,54.462384482186614,53.20780366354692,53.83995782455451,1370845
2024-07-05,52.90631866455078,54.17062329636001,52.52702393604799,53.49956653127903,818049
2024-07-08,52.828514099121094,53.198081328454485,52.6145535384614,53.198081328454485,376766
2024-07-09,53.23698425292969,53.72325555929203,52.62428136812556,53.01329618724204,1928339
2024-07-10,54.39430618286133,56.06708058878536,53.27588074449017,53.71352564254652,8418265
2024-07-11,54.481834411621094,55.67806130985208,54.25815006902071,54.46238311531383,2585729
2024-07-12,54.47210693359375,55.726687721324716,52.52702182143613,54.948654418452755,2752749
2024-07-15,59.64603805541992,59.64603805541992,54.948655625586696,55.4349269143087,19883419
2024-07-16,59.64603805541992,59.64603805541992,59.64603805541992,59.64603805541992,0
2024-07-17,59.64603805541992,59.64603805541992,59.64603805541992,59.64603805541992,0
2024-07-18,65.31596374511719,65.31596374511719,62.24272560672768,62.24272560672768,12867271
2024-07-19,63.633460998535156,69.24502839324293,62.24272481906278,68.0585326841048,18981342
2024-07-22,64.39204406738281,65.45211935005274,61.75645453584853,63.20554091903585,9628229
2024-07-23,65.91893768310547,67.44582930171705,65.16035562569365,65.54937415818753,9616486
2024-07-24,65.267333984375,67.10543889083543,61.756454631421015,66.37603194636982,6870621
2024-07-25,61.94123458862305,65.91893382526128,61.27018155479733,65.6466230944257,2745349
2024-07-26,60.28791809082031,61.75645580111194,59.90862335615153,61.75645580111194,3058638
2024-07-29,63.14719009399414,64.18781035907975,60.40462031181172,60.40462031181172,4390376
2024-07-30,64.4114990234375,66.3760317911774,62.43723133230791,63.896045217828295,7119017
2024-07-31,62.719268798828125,65.54937126332128,62.46641307079866,64.78106173605245,2803542
2024-08-01,62.69982147216797,63.55565627347997,62.26217285815771,62.92350211096141,1362623
2024-08-02,63.55565643310547,64.57682911511645,63.2152680124055,63.2152680124055,2995334
2024-08-05,61.47441482543945,63.70153819627882,60.54077485066193,63.32224718839767,2130336
2024-08-06,62.087120056152344,63.4584049809047,59.66548733714425,62.233002930895296,3825936
2024-08-07,63.1666374206543,64.67408138326627,62.14547216654934,62.14547216654934,5047642
2024-08-08,63.04021072387695,64.38231683408088,62.553939426278426,63.263898785533186,2749035
2024-08-09,64.0030288696289,64.67408566670778,63.22499920829211,63.22499920829211,4634143
2024-08-12,64.92694854736328,67.09571447351344,63.95440591000875,64.47957982456957,10136990
2024-08-13,64.8588638305664,65.93838663463124,64.38231264757192,64.95611659977995,4714510
2024-08-15,63.47785186767578,66.00646854888332,63.21526863196545,65.59799502012892,4647479
2024-08-16,60.43379592895508,63.701539623863724,59.81136926515449,63.54592924795802,3670497
2024-08-19,59.937801361083984,60.78391238266309,59.081962835948524,60.78391238266309,1706531
2024-08-20,59.957252502441406,60.97842148582551,59.334822124897634,60.29764092691758,871194
2024-08-21,60.95896911621094,62.13574474578798,60.015601627895116,60.10313060835695,2587808
2024-08-22,61.250732421875,61.9995906680802,60.79363621329316,61.12430084525448,1864252
2024-08-23,61.464691162109375,62.281627069256004,61.27018190613056,61.64947291481373,2676574
2024-08-26,60.87144088745117,62.116294216098396,60.49214987075119,61.474416254770226,1560291
2024-08-27,60.424072265625,61.270183281679685,60.29764068990699,60.8714409674511,1152902
2024-08-28,60.414344787597656,60.929794884224236,59.8308207162703,60.55050015691033,1352277
2024-08-29,57.85655975341797,61.1729298049313,55.9503734758381,60.58940203058645,7176073
2024-08-30,55.921199798583984,57.77875602610394,54.94865719339122,57.76903223243248,4539849
2024-09-02,53.275882720947266,56.35884470833488,52.51730067614431,55.73641803465496,2725981
2024-09-03,54.16089630126953,54.75414788352252,53.295333976981304,53.53846962807151,1238492
2024-09-04,54.49155807495117,54.802771395214954,53.97611170888093,53.97611170888093,1264458
2024-09-05,54.20952606201172,54.851404028496106,53.976114206037586,54.46238550519108,899754
2024-09-06,53.85940933227539,54.46238469547344,53.68435137038635,54.41375830827216,634474
2024-09-09,53.26615905761719,54.063643698965464,53.003572108399254,54.024741104276366,644020
2024-09-10,53.528743743896484,54.09281650321953,53.06192375722916,53.44121476452415,1143829
2024-09-11,54.900028228759766,56.28103688254646,53.392588003443656,53.86913178004959,6237252
2024-09-12,54.30677795410156,55.24041794289339,54.024739714792936,54.97783100042902,1878885
2024-09-13,54.27760314941406,55.43492749307138,53.99556490862138,55.41547619612476,939069
2024-09-16,53.49956512451172,54.744422136443816,53.39258855821193,54.27760214820259,655812
2024-09-17,53.49956512451172,53.49956512451172,53.49956512451172,53.49956512451172,0
2024-09-18,54.773597717285156,55.32794669016248,53.003570521439045,53.353686443246936,1512812
2024-09-19,53.16889953613281,55.3376726918157,52.93549140123192,54.77359623088695,1265861
2024-09-20,53.32451248168945,53.587095718647404,52.76043599351467,53.48011914912463,509299
2024-09-23,53.0132942199707,53.85940893281075,52.906317652903525,53.32451125765284,359878
2024-09-24,52.76043701171875,53.33423730457622,52.51730135728687,53.33423730457622,389375
2024-09-25,53.275882720947266,53.58709605778723,52.76043632742276,53.0035719787012,823257
2024-09-26,52.6534538269043,53.830229439078735,52.51729846152285,53.499564818885744,684314
2024-09-27,50.77644729614258,52.95494431135832,50.58193803782689,52.818788943524,836753
2024-09-30,49.61912155151367,51.515580273852116,49.30790823102234,51.0779353825501,874519
2024-10-01,50.056766510009766,50.66946564869963,47.9366234425944,49.317632090384095,916558
2024-10-02,49.6774787902832,51.03903623175902,49.599673599935954,49.901163147598034,592826
2024-10-03,49.15230178833008,50.23182462166799,48.743831984655124,49.84280611435427,782725
2024-10-04,48.99669647216797,49.59967183609372,48.38399360481691,49.12312433705277,1929360
2024-10-07,49.7358283996582,49.988691555415706,48.627130419682345,49.11340172387917,1021344
2024-10-08,51.78789138793945,52.51729830889634,50.04703931286636,50.05676681605417,2587036
2024-10-09,51.78789138793945,51.78789138793945,51.78789138793945,51.78789138793945,0
2024-10-10,50.406883239746094,51.52530497051238,50.085942410511755,50.9515047051782,904939
2024-10-11,49.83308410644531,50.76672410549981,49.11340095511857,50.620841232541984,752654
2024-10-14,50.436058044433594,50.91260182399143,49.94005925841409,50.18319489980843,508548
2024-10-15,51.11684036254883,51.35024850884111,50.4360598009444,50.74727313597118,818337
2024-10-16,51.74898910522461,52.254711685313445,51.15573754569818,51.15573754569818,1051973
2024-10-17,52.70207977294922,53.78160260367942,51.88514387752816,52.12827951652305,2943598
2024-10-18,51.72953796386719,52.99384627285971,51.4086008449369,52.760434423674106,798185
2024-10-21,51.34052276611328,52.02130330187226,51.15573730486194,51.836517840620914,474582
2024-10-22,52.54647445678711,53.091099637653805,51.59338317273703,51.81706752114062,2627086
2024-10-23,52.9549446105957,54.0733663598087,52.71180896381607,52.77988664811792,3314648
2024-10-24,53.08137512207031,53.48984121969664,52.71180790758306,53.48984121969664,1963492
2024-10-25,51.651737213134766,53.48011830925123,51.35024767660824,53.48011830925123,2087162
2024-10-28,51.06821060180664,52.322791453767145,50.96123403152376,51.65173839130148,1125355
2024-10-29,50.883426666259766,51.97267329946426,50.62083972870989,51.544755906765644,896019
2024-10-30,49.92061233520508,51.544756660522125,49.59967150352129,51.30162101589702,1669612
2024-10-31,49.55104446411133,50.47496064351193,49.40516159527501,50.085942133252054,928137
2024-11-01,49.45378875732422,50.06649162211025,48.77301191862365,50.05676782868118,494698
2024-11-04,50.066490173339844,50.86397476984563,49.18147659868316,49.92061101639196,2424037
2024-11-05,50.60139083862305,51.252996316854215,50.08594444222864,50.55276445008774,2306388
2024-11-06,50.22209930419922,51.039035237147125,50.085943933700506,50.873704775814566,865222
2024-11-07,50.679195404052734,51.25299568559568,50.08594382534412,50.46523484518587,790057
2024-11-08,50.71809768676758,51.233544073646534,50.53331221980677,51.05848611018659,1192881
2024-11-11,51.836517333984375,52.42004509176973,50.8639747809642,51.03903273730426,3453395
2024-11-12,55.541908264160156,56.115708544332755,51.54475760007118,51.86569843760502,12661904
2024-11-13,54.005287170410156,56.28103690924191,53.878859308776214,56.115706454818095,7984569
2024-11-14,54.73469543457031,55.862844683493286,53.97611340631597,54.452660904806216,5499782
2024-11-15,54.11227035522461,55.62943816600914,53.95666368565356,54.929206297961564,3364056
2024-11-18,54.25815200805664,54.94865635684178,54.07336654151163,54.07336654151163,1553403
2024-11-19,54.345680236816406,55.67806252840287,54.25815125649581,54.4623843072587,4712621
2024-11-20,53.217533111572266,54.94865778011394,52.62428152247725,54.64716823370096,2249097
2024-11-21,53.13972473144531,53.58709341736489,53.003569367031126,53.003569367031126,777308
2024-11-22,51.45722961425781,53.489843828124776,51.06821108425282,53.37313975310555,1540799
2024-11-25,52.799339294433594,53.480119864806205,50.5722158226248,50.5722158226248,2303896
2024-11-26,49.910884857177734,52.906317781258025,49.599671528696085,52.517299265678204,2397557
2024-11-27,51.651737213134766,52.41031924122375,50.688918422905594,50.863976384765444,1422149
2024-11-28,52.90631866455078,53.19808070112897,51.466952358847934,52.031028844860614,3496025
2024-11-29,52.26443862915039,53.003569339857926,52.031026783163284,52.90631656817064,2231494
2024-12-02,53.50929260253906,53.87885981762233,52.51729873676114,52.51729873676114,3526894
2024-12-03,54.5790901184082,55.143166611788,53.29533417273319,53.87886196346632,7022582
2024-12-04,54.83195114135742,55.823945008060086,54.23869957999995,55.19179085350907,6489744
2024-12-05,55.45438003540039,56.69923338829637,54.8319533589524,54.8319533589524,8133413
2024-12-06,55.541908264160156,56.40747058120997,54.94865668686833,56.018452058736635,5341070
2024-12-09,60.20038604736328,60.676929824974934,55.4349260115141,55.921197292316855,15700948
2024-12-10,57.34111022949219,60.88116466433161,56.40747023326201,60.64775652025184,7791695
2024-12-11,58.41090774536133,59.55850826799089,57.28275851921173,57.38001129165608,4484945
2024-12-12,58.75129699707031,59.791917258884226,58.44980746226277,58.45953496561926,3679960
2024-12-13,62.33024978637695,62.94295635458009,58.41090812411462,58.83882551958216,15156183
2024-12-16,63.09856033325195,65.17980087451508,62.72899682159505,63.2152681147857,11575849
2024-12-17,60.71583557128906,63.098562003012304,60.11286019056382,63.098562003012304,4304394
2024-12-18,57.078521728515625,61.64947251994049,56.51444897074106,61.27018151368673,4067916
2024-12-19,53.402313232421875,56.932643857302615,52.51729962783254,56.922916353870505,5091080
2024-12-20,54.76387405395508,55.24041784091562,51.651737053772045,52.80906138920318,2340308
2024-12-23,57.51616668701172,57.96353537641744,55.007008799077305,55.33767341949793,3677625
2024-12-24,56.38801956176758,58.74157458540549,55.92119955847412,58.35255606101647,2527393
2024-12-26,57.06879806518555,57.76902989983619,54.462383691714216,54.462383691714216,3052684
2024-12-27,57.13687515258789,58.245573072594176,56.69923026049187,57.08824876678954,2811614
2024-12-30,58.43035888671875,59.179213394454194,56.456094963731694,56.89373985848032,3724251
2024-12-31,59.996150970458984,60.79363559651803,58.06079329622626,58.372006627861225,6717622
2025-01-01,59.996150970458984,59.996150970458984,59.996150970458984,59.996150970458984,0
2025-01-02,60.482421875,62.485860930696596,60.29764011989399,61.17292992819724,7477569
2025-01-03,58.848548889160156,60.67692994745679,58.35255381412053,60.47269689949668,3170750
2025-01-06,57.19523239135742,59.169492708052246,56.417195333193646,58.88745445996566,3227866
2025-01-07,57.38973617553711,57.86628367346371,55.930922301416174,57.65232311807354,2230752
2025-01-08,56.00872802734375,58.33310422886598,55.72668978524588,57.59397349125166,1688559
2025-01-09,54.909751892089844,56.057352406444295,54.47210699933511,55.72668778858021,1323168
2025-01-10,54.569366455078125,55.318224710170206,54.03446876142824,54.851404702441826,1335959
2025-01-13,55.24041748046875,55.53217951077937,53.489841588649504,55.14316470701704,1069172
2025-01-14,56.494998931884766,57.08825050254646,55.04590884731987,55.73641690249076,1892222
2025-01-15,56.24213790893555,57.79820451772618,56.10597883445536,57.07852139243836,1901461
2025-01-16,56.9715461730957,57.36056097950421,55.44465090783799,56.31021692125017,1872627
2025-01-17,57.049346923828125,57.380011545539624,55.96982407912425,56.77703619181471,1128922
2025-01-20,57.93436050415039,58.547063361044295,57.20495357783328,57.47726430980592,4002800
2025-01-21,57.50644302368164,59.73356268247516,56.4171926775081,58.23584994890861,5119689
2025-01-22,55.823944091796875,57.83710688207668,55.24041633333775,57.13687505590791,1321399
2025-01-23,56.56307601928711,56.8159354564321,54.948655493023054,56.40746935566969,1244595
2025-01-24,58.76102066040039,60.18093564090867,56.42692070400313,57.85655947789086,8686853
2025-01-27,57.0590705871582,59.55850839584472,56.699230876395085,58.84854905764614,2524051
2025-01-28,55.99900436401367,57.13687741863591,55.33767510305258,56.611703527292306,1995976
2025-01-29,55.40575408935547,56.40747179789082,55.15289093130699,56.21296253245868,878648
2025-01-30,56.72840881347656,57.07852101567687,55.6780610770094,55.687784870144654,2195002
2025-01-31,56.4366455078125,57.72040143430397,56.21296115652518,56.69923245322515,2303192
2025-02-03,55.03618621826172,56.40747114423189,54.94865723532934,56.40747114423189,921609
2025-02-04,55.0167350769043,55.52245767861876,54.63744405310736,55.09454026637835,932678
2025-02-06,53.548194885253906,55.41547482651245,52.818787962583144,55.41547482651245,1850459
2025-02-07,53.577369689941406,54.36513049781888,52.663181020641524,53.54819460037553,524651
2025-02-10,54.31650161743164,54.46238448843645,53.149453489215276,53.966389404940045,1117120
2025-02-11,54.540191650390625,55.14316703312871,54.13172182276082,54.3456823853267,867106
2025-02-12,54.26787567138672,55.06536029679403,54.08309391524058,54.91948113455936,1529460
2025-02-13,53.48011779785156,54.705519809197156,53.34395872107494,54.462384165600724,1394579
2025-02-14,52.89659118652344,53.73297841241822,52.54647525847859,53.023022762751985,933600
2025-02-17,52.29361343383789,53.23698089587919,52.11855547778991,52.93549136936202,446525
2025-02-18,52.52702331542969,52.95494442664694,52.06020332042904,52.38114415384197,594893
2025-02-19,52.74098205566406,53.674622013528946,52.53674901049776,52.53674901049776,770294
2025-02-20,52.67290496826172,53.44121448202919,52.517298306861825,52.76043394717137,885296
2025-02-21,52.61455154418945,53.198079312064834,52.52702256450592,53.198079312064834,732842
2025-02-24,52.54647445678711,52.95494426992601,52.13800835360372,52.517299366547014,543001
2025-02-25,51.64200973510742,53.05219722413582,51.44750418623912,52.71180880366075,1474740
2025-02-26,51.69063949584961,52.225537171667106,51.39887375453505,52.03102791410924,819353
2025-02-27,51.476680755615234,52.128282524948155,51.447505664437834,52.128282524948155,553343
2025-02-28,50.7958984375,51.739265925972646,50.67919436684999,51.47667898454349,1019485
2025-03-03,50.60139083862305,51.05848705275735,50.57221574749299,50.76672501158986,269959
2025-03-04,51.61283493041992,51.83651928082088,50.53331206243076,50.57221465640194,485918
2025-03-05,51.262718200683594,52.099105408169905,50.76672312017372,52.099105408169905,572502
2025-03-06,51.476680755615234,51.83652048330721,51.27244769746214,51.52530714422945,487531
2025-03-07,51.622562408447266,52.03102851507668,51.35024796073877,51.80734416478597,390267
2025-03-10,51.447505950927734,51.719816696648245,51.25299668543208,51.642011506467725,418189
2025-03-11,51.496131896972656,51.54475828543949,51.08766207194885,51.35024902161652,311850
2025-03-12,51.5350341796875,52.02130548132278,51.20436954617728,51.544757973339735,490701
2025-03-13,51.57393264770508,52.32279089136978,51.35997579948343,51.739266818102635,834947
2025-03-14,51.75871658325195,52.37141572906113,51.53503223812164,52.011576018195434,1332648
2025-03-17,51.71981430053711,52.303338360034495,51.67118791390491,52.001852536941556,764909
2025-03-18,52.77988815307617,53.00357250929687,51.83652062948636,52.3130681431431,2709993
2025-03-19,53.7524299621582,54.21924996509348,52.984120417554976,53.02302301195515,3972906
2025-03-20,53.47039031982422,54.12199577414773,53.05219671584411,53.99556420063024,1837476
2025-03-21,53.159175872802734,53.65517094314486,53.01329300566689,53.48011669651944,479009
2025-03-24,52.5951042175293,53.489841605423194,52.517299030779135,53.14945318827997,507197
2025-03-25,51.64200973510742,52.663182416443675,51.44750418623912,52.61455231927106,847736
2025-03-26,51.17518997192383,52.497848485976,51.009859512645086,52.41031950460621,1129840
2025-03-27,50.7958984375,52.031027957575425,50.57221408960602,51.72953842261109,1573003
2025-03-28,50.7958984375,50.7958984375,50.7958984375,50.7958984375,0
2025-03-31,50.7958984375,50.7958984375,50.7958984375,50.7958984375,0
2025-04-03,50.37770462036133,50.66946665073906,48.627128728139404,50.572213877264986,1915693
2025-04-04,50.465232849121094,51.20436727235933,50.28045109828926,50.805624971123464,1543118
2025-04-07,46.95435333251953,50.52358643583302,45.41773802596449,50.52358643583302,2451034
2025-04-08,47.216941833496094,48.23811080734971,47.11968905882643,47.1877667430863,1568697
2025-04-09,46.32220458984375,47.63513560205985,45.709501719496984,47.216941991659496,926358
2025-04-10,48.48124694824219,48.61740602810561,47.236393611992725,47.528155648931744,2232926
2025-04-11,47.8393669128418,48.413167168305904,47.65458516309945,48.413167168305904,821595
2025-04-14,48.42289733886719,48.82163965971733,47.946349828604525,48.82163965971733,644145
2025-04-15,49.658023834228516,50.13456760515204,48.60767610165721,49.11339867178909,2207833
2025-04-16,48.704933166503906,50.056766730781604,48.452070023427886,50.056766730781604,1469724
2025-04-17,48.65630340576172,49.10367580583469,48.41316776418193,48.63685210924068,597469
2025-04-18,48.529876708984375,49.1134007788098,48.34509124257374,48.8605413378736,835331
2025-04-21,49.881710052490234,50.03731671762167,48.34509098810621,48.62712922801804,2153419
2025-04-22,49.36626052856445,50.319355537173394,48.6271297881648,50.319355537173394,809476
2025-04-23,48.89944076538086,50.05676883433387,48.627130024429846,49.4051633628296,1090320
2025-04-24,47.30447006225586,48.335366523152324,47.14886339928616,48.150581060281404,1218193
2025-04-25,45.94291305541992,47.65458636174714,45.7289525008957,47.34337303332401,1893213
2025-04-28,46.22494888305664,48.04360622772255,45.94291434683982,46.39028305527882,1559384
2025-04-29,46.390281677246094,46.82792657900375,45.631695944214314,46.244398806675036,788449
2025-04-30,44.49382400512695,46.682044857838115,44.25068835482571,46.682044857838115,994179
2025-05-02,45.7192268371582,46.098521574519054,44.73696042541545,44.73696042541545,795591
2025-05-05,46.5458869934082,47.314196497584675,45.83593137776154,46.29302385306778,1350047
2025-05-06,47.236392974853516,47.742115563372415,46.5458886310886,46.68204399915994,1635614
2025-05-07,44.0659065246582,45.69977838882708,42.79187438356355,42.80159817717935,1655315
2025-05-08,39.66028594970703,45.11625051676654,39.66028594970703,44.065906440356294,1615230
2025-05-09,40.11738204956055,40.749536220384336,36.47034731778231,38.90170380563447,2775485
2025-05-12,44.13398361206055,44.13398361206055,43.76441639042056,44.13398361206055,1291074
2025-05-13,45.90401077270508,46.48753483996075,44.14370735755345,45.69005021673208,2442891
2025-05-14,46.040164947509766,46.672319095611556,44.98009340851097,46.19577160874099,1399050
2025-05-15,50.00813674926758,50.474960443713755,45.95263604715447,46.16659659794601,8227323
2025-05-16,49.80390548706055,51.92404864468185,49.50241965645244,50.71809790233825,6286181
2025-05-19,49.12312316894531,50.572213218549535,48.938341417769195,49.74555352492081,977078
2025-05-20,47.99497604370117,49.016148746297226,47.70321400436899,49.016148746297226,808072
2025-05-21,48.714656829833984,49.11339912981646,47.71293918328287,47.71293918328287,977303
2025-05-22,48.014427185058594,49.21065413940475,47.89772311169583,48.67575645070688,1615028
2025-05-23,47.635135650634766,48.23811101812353,47.41145129995274,47.849096207789565,457181
2025-05-26,46.97380447387695,47.94634702493012,46.68204245055209,47.31419659271881,1263505
2025-05-27,47.04188537597656,47.440627700806644,46.59451666225611,47.07106417727532,574770
2025-05-28,47.04188537597656,47.04188537597656,47.04188537597656,47.04188537597656,0
2025-05-29,47.664310455322266,48.520148968853306,47.16831536938545,47.178039162854375,1596359
2025-05-30,48.22838592529297,49.01614673817649,47.29474595369763,47.65458566380001,2937884
2025-06-02,48.15058135986328,49.30790940098435,47.90744571558817,48.61740506163235,1423924
2025-06-03,48.62712860107422,48.743832670929265,47.68376111902762,48.43261934467883,853559
2025-06-04,48.6076774597168,48.89943949026418,48.383993112631956,48.6854826465057,718192
2025-06-05,49.31763458251953,50.222099501477395,48.559052538215106,48.77301309838533,4445756
2025-06-06,49.31763458251953,49.31763458251953,49.31763458251953,49.31763458251953,0
2025-06-09,49.31763458251953,49.31763458251953,49.31763458251953,49.31763458251953,0
2025-06-10,49.43434143066406,50.017865498323225,49.30790985568755,50.017865498323225,936466
2025-06-11,49.531593322753906,49.88170924109339,49.3273602737077,49.842806647954454,1274421
2025-06-12,48.67575454711914,50.4555092185885,48.4909727956915,49.78445247559591,2872646
2025-06-13,47.45035171508789,48.57850092017708,46.91545405671856,47.75183753001049,1023344
2025-06-16,47.45035171508789,47.45035171508789,47.45035171508789,47.45035171508789,0
2025-06-17,47.5767822265625,47.89772306544467,47.36282537726331,47.45035435968976,491442
2025-06-18,46.87655258178711,47.537881825701,46.779296098884785,47.26556738352997,393581
2025-06-19,46.60424041748047,47.9463502674867,46.497263845992464,46.789025889048865,1141340
2025-06-20,46.1568717956543,47.11969062060081,45.32048454993333,46.62369180746132,469747
2025-06-23,43.59908676147461,45.61224965696102,43.27814592105661,45.61224965696102,950886
2025-06-24,46.711219787597656,47.65458729469891,45.962361542057714,47.65458729469891,993997
2025-06-25,46.652870178222656,47.15859278050174,46.48753600538352,47.07106379722352,844337
2025-06-26,46.08879089355469,46.97380446647541,45.90400914446765,46.69176623632513,1098331
2025-06-27,47.27529525756836,47.75183904268301,46.098519629887114,46.244398790451484,2748071
2025-06-30,47.45035171508789,48.140856032436574,47.26556625695557,47.460075508168615,645687
2025-07-01,48.957794189453125,49.696924926385385,47.6254118782954,47.67403826586434,5185400
2025-07-02,49.45378875732422,50.076219125494845,49.06477395091754,49.405162370267824,2709681
2025-07-03,49.03559494018555,50.18319547757576,48.636852632106276,49.59967141549333,1556999
2025-07-04,49.27873229980469,50.037318058865324,48.75356210963118,49.016149059695756,1530760
2025-07-07,51.21409225463867,52.03102817247387,49.210653198768775,49.79418097433993,9760602
2025-07-08,50.24155044555664,51.78789332419854,50.08594377833286,51.214093043194175,2332377
2025-07-09,49.49269104003906,50.377704634745676,49.356535673154276,50.377704634745676,924312
2025-07-10,49.83308410644531,50.71809771783239,49.11340095511857,49.58022095464582,1724148
2025-07-11,49.482967376708984,50.951505036196906,49.41488969308769,50.183195509664536,1615490
2025-07-14,49.959510803222656,50.2804516322369,49.64829747748759,50.05676728623704,1019819
2025-07-15,48.52014923095703,49.93033672872279,48.33536747440505,49.726103675172354,914256
2025-07-16,48.286739349365234,48.918889784268096,47.751837976044186,48.43261850667108,452680
2025-07-17,48.72438049316406,49.01614622745862,48.238109215947034,48.296463104797034,580591
2025-07-18,48.315914154052734,49.59967002254572,48.24783647238685,49.395436977548066,602859
2025-07-21,47.907447814941406,48.967519418832545,47.80047124313516,48.967519418832545,407663
2025-07-22,48.07278060913086,49.01614811035598,47.65458699786337,48.14085829375993,1567291
2025-07-23,48.07278060913086,48.60767829262597,48.033878015069796,48.52987681445941,583901
2025-07-24,47.93662643432617,48.31591746098353,47.84909745048558,48.17003458459732,497844
2025-07-25,48.23810958862305,48.71465707635781,47.26556702667536,47.99497394813613,1462825
2025-07-28,47.89772415161133,48.43262185192245,47.7129423889455,48.23811258545776,266916
2025-07-29,47.24612045288086,48.38399349397045,46.97380600692895,48.35481840367242,830256
2025-07-30,47.12941360473633,48.32564056005764,46.97380693680727,47.246121388149824,999165
2025-07-31,47.77128982543945,48.04360426681633,47.119688086693806,47.64486196296835,836618
2025-08-01,47.27529525756836,47.80046913949331,47.07106220680494,47.771290339416026,431405
2025-08-04,47.187767028808594,47.60596064034028,46.79874850786335,47.16831573176577,812282
2025-08-05,47.12941360473633,47.65458750023025,47.07106342298518,47.41145184971887,1004754
2025-08-06,46.82792663574219,47.54760606621076,46.58479099113284,47.31419792496088,848444
2025-08-07,47.13914108276367,47.96580081007174,46.84737533434379,47.16831617362342,1420673
2025-08-08,46.76957321166992,47.43090246839618,46.60423904251058,47.43090246839618,559714
2025-08-11,46.993255615234375,47.168313570643505,46.682042296719345,46.87655154828009,408926
2025-08-12,46.89600372314453,47.54760546163369,46.70149446793917,47.168314454458745,508461
2025-08-13,47.3725471496582,47.89772102180948,47.07106133079596,47.07106133079596,1656121
2025-08-15,48.734107971191406,49.2106517450437,47.430900800522544,47.430900800522544,5921891
2025-08-18,48.802188873291016,50.474963363616936,48.62713090523572,49.210654992116275,4230816
2025-08-19,49.01614761352539,49.34681223978164,48.35481836101289,48.811910851752764,1839512
2025-08-20,48.59795379638672,49.59967146426353,48.47152222249419,49.1134001753982,1097111
2025-08-21,48.315914154052734,49.113398747814884,47.42117307937118,48.59795238378592,1264813
2025-08-22,48.36454391479492,48.75356244571054,48.14085955800292,48.238112335753996,354881
2025-08-25,48.29646301269531,48.870263267115384,48.14085635268082,48.26728792330366,475759
2025-08-26,48.59795379638672,48.77301175717468,48.238110371458404,48.29646426170623,929233
2025-08-27,48.335365295410156,48.80218527246181,48.24783631784076,48.80218527246181,843068
2025-08-28,48.315914154052734,48.76328283641581,48.1408561983532,48.52987470212003,734233
2025-08-29,48.42289733886719,48.82163965971733,48.3061895547484,48.38399474416092,957012
2025-09-01,47.586509704589844,48.05332970729505,47.314198963834045,47.76156766934874,1661976
2025-09-02,47.29474639892578,47.62541102238974,47.02243195551367,47.58650842905151,1604423
2025-09-03,47.3725471496582,47.84909463585964,47.16831410269563,47.30446946733735,995883
2025-09-04,47.236392974853516,47.63513528561479,47.01270862588554,47.37254834292485,1030471
2025-09-05,47.02243423461914,47.46007915599747,46.97380784556726,47.323923782669915,853102
2025-09-08,46.93490219116211,47.304469401788545,46.8376494193972,46.97380478385025,855331
2025-09-09,46.691768646240234,47.0516120798138,46.45836049955232,46.45836049955232,1029170
2025-09-10,47.3725471496582,47.79074074674658,46.5750625482235,46.87655207704118,2619720
2025-09-11,50.93205261230469,52.01157544291708,47.372547006206105,47.46007598463293,17185411
2025-09-12,51.097389221191406,52.80906256905859,50.86397736423171,51.92404894926058,7040954
2025-09-15,51.19464111328125,52.517299623313136,50.66946722665879,52.517299623313136,2924660
2025-09-16,51.311344146728516,51.486402105394546,50.58193722227189,51.447503222323014,1975040
2025-09-17,51.19464111328125,51.92404805249393,50.650019639707324,51.37942657892001,2926500
2025-09-18,51.19464111328125,52.206086292712165,51.107112132177505,51.59338342498596,2086451
2025-09-19,50.650020599365234,51.72953977349083,49.59967280621954,51.350248751506754,3667816
2025-09-22,50.124847412109375,50.961234657015424,49.98869203920945,50.572216125910764,1013183
2025-09-23,50.124847412109375,50.124847412109375,50.124847412109375,50.124847412109375,0
2025-09-24,50.00813674926758,50.737543670650986,49.89143268063376,50.57221321591603,667341
2025-09-25,49.85253143310547,50.455510508889176,49.696924767409314,50.455510508889176,863923
2025-09-26,49.22037887573242,50.05676605937943,49.11339860201635,49.89143189728494,1200344
2025-09-29,49.03559494018555,49.55104502864572,48.91889086976016,49.22038040414421,624760
2025-09-30,48.52014923095703,49.2592836770761,48.43262024944176,49.03559561657164,1029290
2025-10-01,48.588226318359375,48.8702645564376,48.383993267318814,48.636852705280155,474477
2025-10-02,48.08250427246094,48.870265105264124,47.9463489035715,48.58822686401854,888518
2025-10-03,49.07449722290039,49.40516184530809,47.90744539616995,48.13113345217248,917216
2025-10-06,47.975528717041016,49.30791105353581,47.65458787506291,49.30791105353581,763494
2025-10-07,47.975528717041016,47.975528717041016,47.975528717041016,47.975528717041016,0
2025-10-08,48.383995056152344,48.82163997453078,48.10195680764672,48.82163997453078,421187
2025-10-09,48.286739349365234,48.4812448924397,47.65458520450695,48.4812448924397,304272
2025-10-10,47.5184326171875,48.13113550155151,47.246121873006004,47.712941881583845,499435
2025-10-13,46.60424041748047,47.46007895907415,46.487536342249044,47.46007895907415,705072
2025-10-14,47.62541198730469,47.89772272627846,46.68204448449474,46.68204448449474,773441
2025-10-15,47.32392120361328,48.14085710901293,46.584790484420964,48.14085710901293,771484
2025-10-16,47.12941360473633,47.65458750023025,47.022433324918424,47.65458750023025,464923
2025-10-17,47.24612045288086,47.460077298325636,46.87655323263183,47.35309702062548,415708
2025-10-20,47.5767822265625,47.94634945346923,47.226670006812306,47.557334639317155,427375
2025-10-21,47.70321273803711,48.14085764039544,47.36282431951147,47.84909560880839,617109
2025-10-22,47.45035171508789,47.712938647732194,47.19748857552432,47.70321114469608,452895
2025-10-23,47.236392974853516,47.61568398875381,47.07106251646848,47.537882511265416,356604
2025-10-24,46.662593841552734,47.654587745948795,46.497263379131205,47.236394128116466,896654
2025-10-27,46.409732818603516,46.89600410560496,45.91373402828697,46.30275254187032,499366
2025-10-28,44.75640869140625,46.195771223273596,44.48409796401268,46.09851845204887,1332510
2025-10-29,43.75469207763672,45.213505940003564,43.5212802272776,44.75640974260953,867354
2025-10-30,43.55045700073242,44.727236381428256,43.37539903368529,44.727236381428256,441196
2025-10-31,43.30731964111328,44.19233323522016,43.11281409424139,43.871396114917154,1188924
2025-11-03,44.02700424194336,44.542450636208336,42.79187468647983,43.72551469834095,771865
2025-11-04,43.41429901123047,44.24096240799449,43.278143647281325,44.10480333408992,463668
2025-11-05,43.03500747680664,43.91029724845266,42.88912461154718,43.27814311226883,466016
2025-11-06,42.801597595214844,43.76441638813424,42.72379611747949,42.99610685448655,550671
2025-11-07,42.772422790527344,43.32677177168364,42.616816124061636,42.81132538463266,351345
2025-11-10,43.09336471557617,43.27814647731099,42.54873951421024,42.772423871033126,399849
2025-11-11,42.31532669067383,43.268421698863676,42.247249005796775,43.268421698863676,318947
2025-11-12,41.974937438964844,42.73351946118926,41.87768466533036,42.35422845007705,369148
2025-11-13,42.188899993896484,42.50011333623407,41.974939429806014,42.30560406978416,178180
2025-11-14,42.120819091796875,42.50011009194502,42.013838817918085,42.11109158874131,207554
2025-11-17,42.49038314819336,42.6751686091274,41.819330116787015,42.40285416931815,315494
2025-11-18,42.743247985839844,43.268421879907876,42.52928742678496,42.79187437381897,450973
2025-11-19,42.208351135253906,43.180893753946805,41.829056397600915,42.84050161143089,447414
2025-11-20,42.188899993896484,42.490385832435955,42.01384202508713,42.30560406978416,296474
2025-11-21,41.78042984008789,42.315327536219726,41.62482317012307,42.30560374245252,642245
2025-11-24,41.82905578613281,42.19862301462127,41.6248227295822,41.82905578613281,503491
2025-11-25,41.78042984008789,42.05274429499306,41.63455067384593,41.965215311265624,598730
2025-11-26,41.47894287109375,41.799879996025815,41.27470610800365,41.78042869906697,405361
2025-11-27,41.93603515625,43.22951857291455,41.22607951558248,41.51784154860323,4360107
2025-11-28,42.95720291137695,45.077345979939274,41.59564555915193,42.01383915496641,8364444
2025-12-01,42.86967849731445,43.7644158857557,42.43203359646579,42.43203359646579,1542095
2025-12-02,42.422306060791016,44.20206075289998,42.20834921717132,43.42402743529312,2543143
2025-12-03,41.79988098144531,43.414301567533414,41.73180329546222,42.67517081545027,3020882
2025-12-04,41.92631149291992,42.305602508019625,41.62482195555464,41.819331214824,592940
2025-12-05,41.82905578613281,42.59736533405821,41.52756995311684,42.59736533405821,900740
2025-12-08,41.89713668823242,42.36395668768905,41.79988020295673,41.79988020295673,611277
2025-12-09,41.85823440551758,42.208350335203555,41.77070542309608,42.062467461182536,517519
2025-12-10,42.11109161376953,42.74324575436242,41.95548495438665,42.09164031760225,780119
2025-12-11,42.08191680908203,42.587639382985294,41.877683762877474,42.25697476581606,581926
2025-12-12,42.120819091796875,42.30560084034317,41.819329566316235,42.295877047243,465617
2025-12-15,42.266700744628906,42.69462186542038,42.15972046443103,42.286152041933576,752596
2025-12-16,42.218074798583984,42.76269999895286,41.92631275586895,42.50983684129902,658501
2025-12-17,42.16944885253906,42.61681757006287,42.01384218079358,42.21807524184283,414386
2025-12-18,43.375396728515625,44.54244854348872,42.305601395597634,42.305601395597634,4751891
2025-12-19,43.715789794921875,44.9703706158625,43.28786868454835,43.482377942903994,2516692
2025-12-22,43.375396728515625,44.04645346985176,43.13226108831104,44.00755087702972,750395
2025-12-23,42.41258239746094,43.37539747159026,42.315325913739706,43.28786849121891,604529
2025-12-24,42.07218933105469,42.694619683122255,41.93603396683709,42.58763940839258,381226
2025-12-26,41.809608459472656,42.451486434030485,41.5761966005627,42.07219169955736,1025614
2025-12-29,41.945762634277344,42.44175771911694,41.66372439488055,42.04301540857357,682431
2025-12-30,42.75297164916992,43.71579045202726,41.81933164697562,42.004113404715454,2664153
2025-12-31,42.46120834350586,43.540731186892906,42.315325474416355,42.976654717032645,1187638
2026-01-01,42.801597595214844,43.37539786959083,42.54873815513051,42.67516973015045,836297
2026-01-02,42.6751708984375,43.21979238736133,42.50011293129609,42.84050136187348,779159
2026-01-05,42.548736572265625,42.98638146185715,42.500110186745545,42.67516814258215,799193
2026-01-06,42.791873931884766,43.511557080392365,42.33477772769931,42.54873828454451,1075949
2026-01-07,42.83077621459961,43.66716342896499,42.78214982747603,43.015557969651404,1833605
2026-01-08,42.9669303894043,44.26041005876003,42.8502263215573,42.9863816857047,2421481
2026-01-09,42.801597595214844,43.16144102335194,42.694621027073175,42.966931764080236,367867
2026-01-12,42.44175720214844,42.92802848761752,42.35422822236578,42.92802848761752,757854
2026-01-13,42.5292854309082,43.5212792809422,42.40285386013135,42.45148395578389,462477
2026-01-14,42.35422897338867,42.77242258310391,42.120820829799804,42.77242258310391,427943
2026-01-15,41.790157318115234,42.68489474237388,41.547021664572476,42.50011298126542,770095
2026-01-16,41.74152755737305,42.23752637219094,41.5761970924042,41.96521562520429,785956
2026-01-19,41.82905578613281,42.169447923672784,41.780429397900136,41.780429397900136,484139
2026-01-20,41.790157318115234,42.3153275102013,41.72207963191972,42.09164315413664,658562
2026-01-21,41.50811767578125,41.98466146314764,41.449763785306466,41.96521387627824,489647
2026-01-22,41.37196350097656,41.936036285343135,41.23580812923138,41.50811887272175,820357
2026-01-23,41.18717575073242,41.72207712434241,41.04129659334778,41.72207712434241,600408
2026-01-26,40.72035598754883,41.401136522194214,40.44804525767285,41.0412968134359,1169664
2026-01-27,40.36051559448242,40.73008280015917,40.175733846621746,40.73008280015917,522933
2026-01-28,39.524131774902344,40.603654684662324,39.3879764006904,40.603654684662324,1056661
2026-01-29,39.952049255371094,41.819329148185936,38.99895430304707,39.50467686817326,3042896
2026-01-30,39.699188232421875,40.69118211955193,39.42687749437049,40.360517490508585,981476
2026-02-02,39.37825012207031,40.02012806710739,39.2907211427491,39.87424519825355,674175
2026-02-03,39.56303405761719,40.65228075265751,39.36852479172821,39.436602478296,2818258
2026-02-04,39.572757720947266,39.82562087875586,39.436602348260635,39.76726698619488,526266
2026-02-06,39.144840240478516,39.864523407715005,39.09621385173613,39.5727576553494,488483
2026-02-09,39.07676315307617,39.58248576564929,38.891981389041185,39.290723718768255,672578
2026-02-10,38.9211540222168,39.38797400973005,38.60994069720796,39.0962119812787,477125
2026-02-11,38.43488311767578,39.14483875423495,37.93888432545076,39.086484863986264,381513
2026-02-12,39.79644012451172,40.67172992019385,38.51268423081492,38.784998672780176,3796279
2026-02-13,40.16600799560547,40.40914364171683,39.49495494792211,39.87424596226295,2374705
2026-02-16,37.41371536254883,40.3118918927267,37.05387192598217,40.16600901736663,2494109
2026-02-17,37.35536193847656,37.9291622334839,37.2483816565328,37.9291622334839,659911
2026-02-18,37.452613830566406,37.880534948217566,37.06359901719469,37.43316624336007,353224
2026-02-19,36.0035285949707,37.90971125870238,35.50752977627217,37.90971125870238,292616
2026-02-20,34.83647537231445,36.460623431234936,33.40683657391725,36.460623431234936,395621
2026-02-23,32.35649108886719,35.254667443135844,31.850768517591693,34.992080509399216,491475
2026-02-24,32.35649108886719,32.949742638054886,31.850768517591693,32.5801754302083,560258
2026-02-25,31.413124084472656,32.677428676054404,30.93657845056945,32.482923131161414,583810
2026-02-26,31.860492706298828,32.67742860697087,30.64481635848812,31.607633272499232,865317
2026-02-27,30.956029891967773,31.607633487289466,30.56701323542745,31.121362202869626,905646
2026-03-02,27.863344192504883,29.905683955589467,27.863344192504883,28.203734462181938,1083839
2026-03-03,28.72890853881836,29.19572852934631,25.772378222185836,26.744920796607943,633063
2026-03-04,28.631654739379883,31.597910790238767,27.3381731521462,29.03039705803989,935314
2026-03-05,31.02410888671875,31.364499171200208,28.7386333823179,29.07902366679936,422334
2026-03-06,30.391956329345703,31.024108650000535,30.0612916960842,30.19744706684677,175590
2026-03-09,27.902246475219727,30.53783591387498,27.36734695596944,30.53783591387498,752855
2026-03-10,29.701452255249023,30.586465883603328,28.437145746901574,29.16655270576355,220452
2026-03-11,29.93486213684082,30.635092146687377,29.21518082964296,30.139095194096054,295005
2026-03-12,32.930294036865234,32.930294036865234,29.672275856213364,30.13909587329779,3337436
2026-03-13,31.782691955566406,33.4262875876483,31.46175112192991,33.02754527643527,759984
2026-03-16,32.07445526123047,32.92056630444985,30.40168261746848,30.40168261746848,894056
2026-03-17,31.636808395385742,32.57045207567333,31.12136202404819,32.07445329084001,228676
2026-03-18,31.32559585571289,32.09390539029411,31.12136280270944,31.12136280270944,352443
2026-03-19,31.238067626953125,31.889673105508834,30.936579936932855,31.35477541144276,94822
2026-03-20,31.238067626953125,31.238067626953125,31.238067626953125,31.238067626953125,0
2026-03-23,31.238067626953125,31.238067626953125,31.238067626953125,31.238067626953125,0
2026-03-24,30.10019302368164,32.33704017338323,29.234628882467884,31.60763325217909,811484
2026-03-25,31.70488739013672,31.899396652827956,30.586465622084415,30.586465622084415,1178120
2026-03-26,29.652822494506836,31.39367271599964,29.51666712941179,31.39367271599964,1156244
2026-03-27,29.079023361206055,30.23634957428947,27.91197335450571,30.23634957428947,976372
2026-03-30,28.242637634277344,29.56529429202771,27.91197300609531,29.27353225773898,332982
2026-03-31,29.28325843811035,29.847333074964716,28.300990184195758,28.300990184195758,646841
2026-04-01,30.002939224243164,31.10191153298551,29.37078691275538,29.37078691275538,623990
2026-04-02,29.331884384155273,29.46803975324665,28.787261052811985,29.273532348112937,368057
2026-04-03,29.351335525512695,29.64309755915495,28.22318627479525,28.22318627479525,363946
2026-04-06,29.137374877929688,29.565294133573808,28.670554883578518,29.186003120035704,402993
2026-04-07,29.16655158996582,30.08074212949328,28.738632337743514,28.88451520791726,373752
2026-04-08,31.95775032043457,32.084181896790284,30.74207207458697,31.899396429049876,1486992
2026-04-09,30.61564064025879,32.72606001401747,30.06129165437708,32.23978871342259,1678774
2026-04-10,31.85076904296875,32.58017596761689,30.635090835221853,30.926852863090016,1956756
2026-04-13,30.469758987426758,31.101911294058297,30.39195565514869,30.829600558573933,440543
2026-04-14,30.849050521850586,31.208892099080153,30.635091818213798,31.121363116915603,537671
2026-04-15,31.26724624633789,31.88967292017602,31.121363371551496,31.364499022891742,895466
2026-04-16,31.5103816986084,31.704887250487296,31.16998956290914,31.5103816986084,425610
2026-04-17,32.07445526123047,32.424571199102125,31.607635247386824,31.753518124818573,920789
2026-04-20,31.238067626953125,32.045279774872704,30.819875862398863,31.9577507914833,609515
2026-04-21,31.238067626953125,31.60763485792568,31.17971744466395,31.442304394832163,325735
2026-04-22,31.354774475097656,31.54928002352726,30.197446428181653,31.315871881429523,365567
2026-04-23,31.16998863220215,31.35477409490741,30.732345588608858,31.35477409490741,332068
2026-04-24,31.131086349487305,31.306144310661637,30.693443301529243,31.306144310661637,525999
2026-04-27,31.61735725402832,31.841045309434296,30.771246258636353,31.131085970017114,397222
2026-04-28,31.61735725402832,31.61735725402832,31.61735725402832,31.61735725402832,0
2026-04-29,31.61735725402832,31.61735725402832,31.61735725402832,31.61735725402832,0
2026-04-30,31.93829917907715,34.03899104974916,31.131087039118693,31.413125283920245,1388407
2026-05-04,32.46347427368164,33.64024997449123,32.09390703269931,32.38566908191452,935125
2026-05-05,32.10363006591797,32.288415537008056,31.724339039930854,32.10363006591797,365278
2026-05-06,33.15397644042969,33.5332674500604,31.617357395309316,32.57045238099097,2341327
2026-05-07,35.05043411254883,35.59505556182914,33.45546493687583,33.533266411077854,3271221
2026-05-08,36.14940643310547,36.956618566790354,34.48635948798924,34.67114495519476,3862439
2026-05-11,37.394264221191406,38.29872914830401,35.410276399785964,35.7895674253579,4429340
2026-05-12,36.635677337646484,38.113942509679646,36.28556512396843,37.82218047663684,1826972
2026-05-13,35.410274505615234,36.90799094028306,35.31302173347543,36.6356765003718,1520366
2026-05-14,35.41999816894531,36.07160361174968,35.108784847292775,35.49780335433616,789249
2026-05-15,36.41999816894531,36.41999816894531,36.41999816894531,36.41999816894531,0
2026-05-18,33.41999816894531,34.70000076293945,33.2599983215332,34.689998626708984,699452
2026-05-19,33.58000183105469,34.470001220703125,33.0099983215332,33.0099983215332,331738
2026-05-20,33.689998626708984,34.29999923706055,32.900001525878906,33.400001525878906,523971
2026-05-21,34.209999084472656,34.7599983215332,34.060001373291016,34.29999923706055,534749
2026-05-22,34.0099983215332,34.650001525878906,33.61000061035156,34.650001525878906,529161
2026-05-25,33.849998474121094,34.689998626708984,33.5099983215332,34.31999969482422,913572
2026-05-26,33.849998474121094,33.849998474121094,33.849998474121094,33.849998474121094,0
2026-05-27,33.849998474121094,33.849998474121094,33.849998474121094,33.849998474121094,0
2026-05-28,33.849998474121094,33.849998474121094,33.849998474121094,33.849998474121094,0
2026-05-29,34.04999923706055,34.65999984741211,33.84000015258789,34.20000076293945,1131859
2026-06-01,33.849998474121094,34.38999938964844,33.79999923706055,34.04999923706055,629758
2026-06-02,33.58000183105469,34.400001525878906,33.5,33.869998931884766,195393
2026-06-03,33.58000183105469,33.58000183105469,33.58000183105469,33.58000183105469,0
2026-06-04,33.369998931884766,33.599998474121094,32.9900016784668,33.09000015258789,414011
2026-06-05,33.650001525878906,33.91999816894531,33.20000076293945,33.20000076293945,489177
2026-06-08,33.119998931884766,33.45000076293945,33.0,33.29999923706055,269537
2026-06-09,33.9900016784668,35.20000076293945,33.119998931884766,33.25,1404010
2026-06-10,33.939998626708984,34.5,33.58000183105469,34.099998474121094,516340
2026-06-11,34.41999816894531,35.29999923706055,33.209999084472656,34.0,2946549
2026-06-12,34.41999816894531,34.41999816894531,34.41999816894531,34.41999816894531,0
2026-06-15,34.150001525878906,34.97999954223633,34.04999923706055,34.97999954223633,1150820
2026-06-16,34.349998474121094,34.470001220703125,34.150001525878906,34.150001525878906,799112
2026-06-17,34.11000061035156,34.4900016784668,34.0,34.4900016784668,574923
2026-06-18,34.900001525878906,35.189998626708984,34.02000045776367,34.470001220703125,1829173
2026-06-19,38.38999938964844,38.38999938964844,34.15999984741211,35.0,5756360
2026-06-22,37.91999816894531,40.439998626708984,37.650001525878906,39.5099983215332,7467835
2026-06-23,36.97999954223633,38.099998474121094,36.41999816894531,38.099998474121094,2671185
2026-06-24,37.58000183105469,37.9900016784668,36.5,37.0099983215332,1973476
2026-06-25,37.58000183105469,37.58000183105469,37.58000183105469,37.58000183105469,0
2026-06-26,37.58000183105469,37.58000183105469,37.58000183105469,37.58000183105469,0
2026-06-29,35.5099983215332,37.75,35.349998474121094,37.279998779296875,2628738
2026-06-30,36.040000915527344,36.54999923706055,35.5099983215332,35.5099983215332,569256
2026-07-01,36.189998626708984,36.59000015258789,35.86000061035156,36.04999923706055,693563
2026-07-02,35.84000015258789,36.47999954223633,35.529998779296875,36.47999954223633,862547
2026-07-03,35.83000183105469,36.279998779296875,35.54999923706055,36.279998779296875,557108
2026-07-06,36.099998474121094,36.25,35.52000045776367,35.52000045776367,479871
2026-07-07,35.650001525878906,36.25,35.54999923706055,36.25,382183
2026-07-08,34.09000015258789,36.20000076293945,33.630001068115234,35.54999923706055,1291191
2026-07-09,34.619998931884766,34.779998779296875,34.0,34.0,374631
2026-07-10,34.66999816894531,34.9900016784668,34.5,34.959999084472656,529287
2026-07-13,34.2400016784668,34.459999084472656,34.0099983215332,34.0099983215332,382843
2026-07-14,33.0,33.9900016784668,32.880001068115234,33.880001068115234,640656
2026-07-15,33.0099983215332,33.88999938964844,32.900001525878906,33.0,420186
2026-07-16,33.0099983215332,33.0099983215332,33.0099983215332,33.0099983215332,0
2026-07-17,33.119998931884766,33.650001525878906,33.040000915527344,33.43000030517578,257922
2026-07-20,32.70000076293945,33.0,32.11000061035156,33.0,393125
2026-07-21,32.81999969482422,33.189998626708984,32.599998474121094,32.599998474121094,289992
2026-07-22,32.66999816894531,32.9900016784668,32.25,32.5,292574
2026-07-23,32.060001373291016,32.68000030517578,31.899999618530273,32.68000030517578,369467
2026-07-24,31.329999923706055,32.43000030517578,31.010000228881836,32.0,499993
2026-07-27,32.41999816894531,32.689998626708984,32.0,32.0,502700
2026-07-28,32.4900016784668,33.04999923706055,32.400001525878906,32.9900016784668,304007
2026-07-29,32.11000061035156,32.70000076293945,31.899999618530273,32.400001525878906,248542
2026-07-30,31.889999389648438,32.20000076293945,31.0,32.20000076293945,245921
2026-07-31,31.3799991607666,32.20000076293945,31.31999969482422,32.0,354897
2026-08-03,31.540000915527344,31.950000762939453,31.459999084472656,31.889999389648438,260932
2026-08-04,31.440000534057617,31.940000534057617,31.399999618530273,31.600000381469727,292783
2026-08-05,32.4900016784668,32.9900016784668,31.5,31.75,873657
2026-08-06,32.75,32.900001525878906,32.58000183105469,32.79999923706055,520760
2026-08-07,32.93000030517578,33.15999984741211,32.52000045776367,32.599998474121094,400081
2026-08-10,32.630001068115234,33.2400016784668,32.25,33.0,411098
2026-08-11,32.58000183105469,32.70000076293945,32.29999923706055,32.29999923706055,334920
2026-08-12,32.369998931884766,32.88999938964844,32.04999923706055,32.54999923706055,168166
2026-08-13,32.5099983215332,32.79999923706055,32.36000061035156,32.36000061035156,256113
2026-08-14,32.5099983215332,32.5099983215332,32.5099983215332,32.5099983215332,0
2026-08-17,33.20000076293945,34.369998931884766,32.0,32.790000915527344,1917198
2026-08-18,33.20000076293945,33.20000076293945,33.20000076293945,33.20000076293945,0
2026-08-19,32.779998779296875,33.25,32.56999969482422,33.0,324107
2026-08-20,32.97999954223633,33.880001068115234,32.810001373291016,33.63999938964844,1066000
2026-08-21,32.59000015258789,33.11000061035156,32.5099983215332,33.0,325724
2026-08-24,31.639999389648438,33.0,31.600000381469727,33.0,957608
2026-08-25,31.270000457763672,31.969999313354492,31.229999542236328,31.75,863776
2026-08-26,31.270000457763672,31.270000457763672,31.270000457763672,31.270000457763672,0
2026-08-27,30.809999465942383,31.5,30.75,31.5,840983
2026-08-28,29.18000030517578,31.299999237060547,28.90999984741211,31.0,1744666
2026-08-31,30.049999237060547,31.290000915527344,28.809999465942383,29.299999237060547,1646966
2026-09-01,29.670000076293945,30.489999771118164,29.010000228881836,30.489999771118164,319116
2026-09-02,29.100000381469727,29.700000762939453,29.0,29.700000762939453,387403
2026-09-03,29.18000030517578,29.489999771118164,28.940000534057617,29.489999771118164,153069
2026-09-04,29.010000228881836,29.399999618530273,28.8700008392334,29.299999237060547,237016
