Date,Close,High,Low,Open,Volume
2021-10-04,22.698453903198242,23.147372208822844,22.60025335831338,23.147372208822844,289379
2021-10-05,22.972013473510742,23.147372354987922,22.796654592033562,22.86679707431876,737706
2021-10-06,22.880826950073242,22.972014321019532,22.831726675509305,22.972014321019532,1343348
2021-10-07,23.126327514648438,23.217512196093367,22.901868385952824,22.901868385952824,3344528
2021-10-08,23.056182861328125,23.498087951115238,22.866794965705076,23.14035704322544,1356340
2021-10-11,22.62830924987793,23.245573271749954,22.600253861974284,23.245573271749954,3166149
2021-10-12,23.217517852783203,23.32273426564078,22.586227402931343,23.000074523998858,897720
2021-10-13,23.077228546142578,24.40294118578118,22.796653281601866,23.484059736386175,6286325
2021-10-14,24.318767547607422,24.515171307506375,23.042155149202642,23.063200033762868,1682113
2021-10-15,24.697540283203125,25.146458520012686,24.20653495828126,24.55023948845569,3654431
2021-10-18,24.571285247802734,25.181536072740617,24.536214007186153,24.900960796279694,859067
2021-10-19,24.571285247802734,24.571285247802734,24.571285247802734,24.571285247802734,0
2021-10-20,24.95005989074707,25.251677362189902,24.690529511516264,24.690529511516264,2535834
2021-10-21,25.32181739807129,25.960123518359936,24.900957219594908,25.244661750102836,3664854
2021-10-22,25.58836555480957,25.70761097578203,24.690529011899606,25.251676851218335,1342753
2021-10-25,25.58836555480957,26.016241618466335,25.427035718240685,25.946099141962982,463543
2021-10-26,25.23764419555664,26.296813098657363,24.557251032999098,25.32181569042282,1791086
2021-10-27,24.4660701751709,26.128471505644995,24.23459518350585,25.532252420788225,919145
2021-10-28,25.069307327270508,25.146462988875694,24.423985240351577,24.55024385136258,407957
2021-10-29,25.504194259643555,25.60239479786931,24.725600455476524,25.041246953890724,829016
2021-11-01,25.55329132080078,26.016238568435295,25.434045913808138,25.60239158374962,810450
2021-11-02,25.251672744750977,25.707606795169944,25.188543455858557,25.553290161041026,1477577
2021-11-03,25.244661331176758,25.672534679363046,25.041244422124507,25.462104593616864,735099
2021-11-04,25.602394104003906,25.672536579188765,24.978116977261383,25.427035240277853,2278229
2021-11-05,25.258689880371094,25.77775330104806,24.978117300239823,25.532251958962707,1298744
2021-11-08,25.06229019165039,25.602395849848474,24.97110282708082,25.58836681870207,123111
2021-11-09,24.851858139038086,25.244662953230023,24.571282889506147,24.753657604431073,2850623
2021-11-10,25.244661331176758,25.251674507870685,24.830814336378328,25.111386892118663,448884
2021-11-11,24.830814361572266,25.391962149386003,24.6905267456779,25.391962149386003,1238134
2021-11-12,24.760669708251953,25.244661858926296,24.515168382376395,24.690527236791443,491142
2021-11-15,24.774700164794922,25.006175150323056,24.220565510740222,24.220565510740222,414871
2021-11-16,24.725603103637695,25.07632087815738,24.374885329118012,25.07632087815738,334025
2021-11-17,24.725603103637695,25.069307700003264,24.62038670097608,25.069307700003264,1432465
2021-11-18,24.627399444580078,25.097359918716005,24.550241115808166,24.900958846033998,513323
2021-11-19,25.46912384033203,25.560308528323826,24.69053001112101,25.1113902387012,4057646
2021-11-22,25.651498794555664,26.38099243561692,25.60239851830773,25.96012948465187,6254636
2021-11-23,25.272720336914062,25.8829711515588,25.01318994981192,25.8829711515588,2631652
2021-11-24,24.865888595581055,25.60239532314897,24.550242090690794,24.971102313368448,1699256
2021-11-25,24.47308349609375,24.795743175066573,24.346824895493253,24.795743175066573,348739
2021-11-26,24.248626708984375,24.900961983457215,24.199526434627433,24.900961983457215,3457304
2021-11-29,24.66948699951172,24.8238036766961,24.017154399969268,24.19952646556186,2584755
2021-11-30,24.157440185546875,25.006179262974328,23.841796318116266,24.900962856654548,10812380
2021-12-01,24.04520606994629,24.339810346670223,23.918947476459444,24.19952272326663,2179526
2021-12-02,23.420930862426758,23.982078725969334,23.154384623832502,23.848806944554248,1554251
2021-12-03,24.164451599121094,24.55024055845838,23.154382846512785,23.154382846512785,3685776
2021-12-06,23.792692184448242,24.725602735133588,23.51211957447264,24.690531493357167,1094164
2021-12-07,23.589277267456055,24.19251224228329,23.49808990071692,23.708520021391404,1002061
2021-12-08,24.003124237060547,24.108337959104176,23.568232290168282,24.108337959104176,544218
2021-12-09,24.12938117980957,24.262652955511452,23.680460232456138,24.199523656333938,1168373
2021-12-10,24.711572647094727,24.900960555510018,23.848807292601144,24.409955164333052,602365
2021-12-13,23.820751190185547,25.00617900976258,23.77866676869527,25.00617900976258,2804682
2021-12-14,24.059240341186523,24.33279979474854,23.848810198120702,24.33279979474854,343072
2021-12-15,24.03118133544922,24.480102345735244,23.673450373803608,24.05923940029791,1911021
2021-12-16,23.715534210205078,24.4380118882504,23.708518357075413,23.855819163630755,217958
2021-12-17,23.897905349731445,24.18549377458099,23.70851745886508,24.171464744617126,501985
2021-12-20,24.164451599121094,24.47308223143815,23.72254651985496,23.72254651985496,1215965
2021-12-21,23.954021453857422,24.26966526266356,23.918947541088862,24.26966526266356,132053
2021-12-22,24.17146873474121,24.55024457900066,23.85582219785834,24.080284038569513,59952
2021-12-23,24.04520606994629,24.23459396017656,23.848805002639576,24.19952272326663,330388
2021-12-24,24.1153507232666,24.332793993091798,23.925962836933696,24.311751786531634,14521
2021-12-27,24.094308853149414,24.409955369832222,23.883878733948926,24.269667731777183,250156
2021-12-28,23.897905349731445,24.199522804544856,23.848805082739855,24.059235180670083,452072
2021-12-29,23.876867294311523,24.16445576916616,23.848809229505136,24.07326839642757,99693
2021-12-30,23.897905349731445,24.150422537553265,23.70851745886508,23.70851745886508,132308
2021-12-31,24.269664764404297,24.30473867645279,23.925962902745102,23.925962902745102,890269
2022-01-03,24.529193878173828,25.03422548661553,23.92595907776517,23.92595907776517,3020533
2022-01-04,24.339815139770508,24.79574666091134,24.199527488740873,24.409957627403134,2411056
2022-01-05,24.192508697509766,24.50113931755973,24.122363550386755,24.50113931755973,481149
2022-01-06,23.96103858947754,24.40995691913526,23.848809007063107,24.248627061649785,703215
2022-01-07,24.04520606994629,24.438010880323578,23.848805002639576,23.848805002639576,518897
2022-01-10,25.0272159576416,25.11840331130236,24.192508772517996,24.19952194937016,3815545
2022-01-11,25.300777435302734,25.560307812517003,24.886930396940745,24.893946250136914,3663660
2022-01-12,25.293764114379883,25.805811688471415,25.244663845341243,25.5953815817681,982949
2022-01-13,25.139450073242188,25.37793826588972,25.111392009221476,25.293766749591843,118760
2022-01-14,25.51120948791504,25.81282698000657,25.251679090916813,25.251679090916813,776105
2022-01-17,25.293764114379883,25.77775362737391,25.251677022733627,25.43404906833944,1218000
2022-01-18,25.314804077148438,25.49717610657966,25.251674783159988,25.321817253918827,363500
2022-01-19,25.36390495300293,25.58836407575628,24.90095767785367,25.12541680060702,718500
2022-01-20,24.96409034729004,25.363908380965572,24.76067340362658,25.363908380965572,432500
2022-01-21,25.09034538269043,25.44807627081188,25.013187058096996,25.251675208765892,447000
2022-01-24,25.083330154418945,25.25167583733729,24.900958117374273,24.900958117374273,1137500
2022-01-25,25.616430282592773,25.86894754494678,25.020208374086994,25.251683423166387,3490000
2022-01-26,26.1986141204834,26.40904690519733,25.609408209965213,25.88297029494052,2753000
2022-01-27,26.17757225036621,26.93512386328551,26.09340074085208,26.303830852519425,4878500
2022-01-28,26.879009246826172,27.019296887724767,25.847898163350305,26.296819149378653,5486000
2022-01-31,26.99825096130371,27.426124327281748,26.654546422207584,26.654546422207584,3278000
2022-02-01,27.040340423583984,27.27882862207942,26.654551399014274,27.27882862207942,1667500
2022-02-02,26.62649154663086,27.580444276565228,26.303831851436634,27.005267367474943,4293500
2022-02-03,26.542320251464844,26.65454982792026,26.030272641651763,26.584407346047186,1429000
2022-02-04,26.486204147338867,26.584407368112508,26.30383208885901,26.479190969451405,346500
2022-02-07,26.409048080444336,26.724691920033894,26.107430596413497,26.142501836838544,342666
2022-02-08,26.373977661132812,26.64052394007949,26.198618759992925,26.64052394007949,183002
2022-02-09,26.114442825317383,26.47918959916579,25.953112984612826,26.023255462914275,498586
2022-02-10,26.35994529724121,26.647533722549095,26.037282959085832,26.037282959085832,2042179
2022-02-11,26.261741638183594,26.647533266796852,26.023253484024412,26.647533266796852,365414
2022-02-14,25.78476905822754,26.2898034990642,25.60239699668331,26.2898034990642,270105
2022-02-15,25.967144012451172,26.121460687499052,25.427038325547827,25.95311498055916,402156
2022-02-16,26.093399047851562,26.549330480921583,25.637464939017676,26.549330480921583,142992
2022-02-17,26.49321746826172,27.13853680278295,25.953111846579077,26.00922796737079,2338096
2022-02-18,26.675586700439453,26.935119718127133,26.02325158162643,26.528285912517447,1180645
2022-02-21,26.54932975769043,26.82990499790872,26.33889966540861,26.82990499790872,169223
2022-02-22,26.822893142700195,26.991236154515263,25.98818323359038,26.13548403786955,1004906
2022-02-23,26.619476318359375,26.96317819631553,26.47918869080497,26.65454755630699,350190
2022-02-24,25.64447784423828,26.6545438040648,25.588361730810583,26.6545438040648,4194905
2022-02-25,25.889982223510742,26.093399145180854,25.462106173019784,25.77775265910032,1577691
2022-02-28,25.602394104003906,26.268758321315698,25.504193568439543,26.268758321315698,1192134
2022-03-01,25.81282615661621,25.911026699603944,25.532253558903278,25.602396039390484,240477
2022-03-02,25.36390495300293,25.953110819171428,25.251675391626254,25.602393105398843,515973
2022-03-03,25.434053421020508,25.777758038875195,25.251681344204272,25.427040242427914,139940
2022-03-04,25.370922088623047,25.73566888895044,25.19556320437512,25.73566888895044,76770
2022-03-07,24.585311889648438,25.25167609965317,24.241610018942044,24.241610018942044,622542
2022-03-08,25.251672744750977,25.251672744750977,24.550237390730114,24.900955067740547,166705
2022-03-09,24.641429901123047,25.23063582903615,24.269667266046625,25.20959094448505,1038387
2022-03-10,25.181533813476562,25.525235686752225,24.64142819399376,25.181533813476562,439843
2022-03-11,25.14646339416504,25.398980620256904,24.914991054090347,24.914991054090347,23377
2022-03-14,25.097362518310547,25.244666013843737,24.79574502501356,25.244666013843737,34941
2022-03-15,24.90096092224121,25.146462283563277,24.760673283301106,24.760673283301106,791647
2022-03-16,24.96409034729004,25.111391164799095,24.830818561319585,25.111391164799095,1341330
2022-03-17,25.00617790222168,25.38495105767971,24.97110398484745,25.38495105767971,3164957
2022-03-18,23.808191299438477,24.28449932688075,23.454567379934463,23.815406878087302,998716
2022-03-21,23.902008056640625,24.356666604086588,23.59890419366795,24.356666604086588,79749
2022-03-22,23.81540298461914,24.1185067920808,23.6133337796447,23.6133337796447,190480
2022-03-23,23.81540298461914,23.81540298461914,23.81540298461914,23.81540298461914,0
2022-03-24,23.81540298461914,24.1185067920808,23.53394866255147,23.80818740714996,2853898
2022-03-25,23.59168243408203,24.154593852506967,23.46899834155789,23.46899834155789,571694
2022-03-28,23.800968170166016,23.995821790249714,23.562815580943504,23.562815580943504,243651
2022-03-29,24.09685707092285,24.356661905054594,23.89478786792546,24.356661905054594,651600
2022-03-30,24.0679931640625,24.09686098431789,23.671070271004957,23.671070271004957,151875
2022-03-31,24.479347229003906,24.60924965263548,23.88757074489853,24.06799047183277,1705668
2022-04-01,25.280410766601562,25.61238514998967,24.33501317771932,24.825755045698433,798403
2022-04-04,24.537080764770508,25.15050668269524,24.537080764770508,24.75358386798004,241557
2022-04-05,24.724720001220703,24.89070858493729,24.356664942295744,24.529869104310688,777787
2022-04-06,25.013391494750977,25.042259312542054,24.73193715375453,24.905138554527745,37598
2022-04-07,24.81853485107422,25.22267599228796,24.594816172730106,24.89070438681933,32838
2022-04-08,25.38866424560547,25.83610439846813,25.193810609765304,25.83610439846813,1148205
2022-04-11,26.608301162719727,26.702120193695993,25.403098680816214,25.403098680816214,1496551
2022-04-12,26.399017333984375,26.99079385322853,26.196945355788447,26.196945355788447,1163219
2022-04-13,26.233028411865234,26.68768691566513,25.98044188363567,26.68768691566513,564255
2022-04-14,25.684553146362305,26.68047083740129,25.40309880504374,25.987656974555637,1270286
2022-04-15,26.21859359741211,26.341277678866557,25.619598838349667,26.088691185880165,159305
2022-04-18,25.44639778137207,26.124777735374412,25.251546893506113,26.124777735374412,912676
2022-04-19,25.273197174072266,25.619602739915532,25.258763264705454,25.439183002310493,473497
2022-04-20,25.323713302612305,26.16086073604632,25.258762089975757,26.16086073604632,264615
2022-04-21,25.020606994628906,25.330929152448075,24.760804894279794,24.760804894279794,319103
2022-04-22,24.65255355834961,25.879408360597946,24.58038676238839,25.879408360597946,234342
2022-04-25,24.565954208374023,25.035043913984236,24.54430196600125,24.54430196600125,321954
2022-04-26,25.265979766845703,25.973227586749076,24.255630851102126,24.897924699986195,2270636
2022-04-27,25.280410766601562,25.619600727612966,25.049473740845098,25.47526439826855,362880
2022-04-28,25.395877838134766,25.619599273570607,24.905135998007744,25.619599273570607,2349824
2022-04-29,25.395877838134766,25.395877838134766,25.395877838134766,25.395877838134766,0
2022-05-02,25.395877838134766,25.395877838134766,25.395877838134766,25.395877838134766,0
2022-05-03,25.395877838134766,25.395877838134766,25.395877838134766,25.395877838134766,0
2022-05-04,25.395877838134766,25.395877838134766,25.395877838134766,25.395877838134766,0
2022-05-05,25.395877838134766,25.395877838134766,25.395877838134766,25.395877838134766,0
2022-05-06,25.1505126953125,25.605171247836072,25.078345894652177,25.18659884862964,32922
2022-05-09,25.244325637817383,25.60516505988965,24.573164092524063,25.60516505988965,1588011
2022-05-10,25.330930709838867,25.547436602920897,25.13607981084391,25.186597118433237,3398808
2022-05-11,25.1505126953125,25.619605158565534,24.356666876101038,25.619605158565534,3893611
2022-05-12,25.265979766845703,25.43918393259459,24.688637135994114,25.1865973919054,7890502
2022-05-13,25.107210159301758,25.966007078640963,24.934006008072156,25.33092886144787,1579114
2022-05-16,24.890705108642578,25.042257008622833,24.18345740276197,24.70306706325013,1250866
2022-05-17,24.739152908325195,24.897923154322985,24.57316708432144,24.897923154322985,129765
2022-05-18,24.573169708251953,25.150512364910938,24.3566665561282,24.739155549979728,299038
2022-05-19,24.573169708251953,24.789672860375703,24.50821848731613,24.537086308395818,256844
2022-05-20,24.71750259399414,25.24432786636906,24.544298444795132,24.544298444795132,421438
2022-05-23,24.768016815185547,25.251543054830872,24.71749951816105,25.251543054830872,170889
2022-05-24,24.46491813659668,25.222680503025046,24.46491813659668,25.222680503025046,371361
2022-05-25,24.4865665435791,24.861839921038502,24.10407758806651,24.861839921038502,1919139
2022-05-26,24.69585609436035,24.970092130359813,24.537085834475587,24.537085834475587,183054
2022-05-27,24.623682022094727,25.222676799510978,24.537081329415333,24.970087545798695,846735
2022-05-30,24.443260192871094,24.89791860785057,24.392742897094056,24.78966568662198,127241
2022-05-31,24.544300079345703,24.890708400813104,24.26284572701684,24.26284572701684,317196
2022-06-01,24.6669864654541,24.768021076887585,24.537084035614853,24.537084035614853,69416
2022-06-02,24.017475128173828,24.537084865096343,23.8875726939432,24.537084865096343,2710811
2022-06-03,23.634984970092773,24.096859045061,23.606117152160596,23.82983861165499,433123
2022-06-06,23.85870361328125,24.34944544825398,23.52672925222112,23.52672925222112,137910
2022-06-07,24.176244735717773,24.313362744636184,23.461781366542112,23.461781366542112,55376
2022-06-08,23.461780548095703,24.140160496837193,23.093725509108395,23.851487826778694,840667
2022-06-09,23.346311569213867,23.80818838277548,23.259710871102683,23.800970052024056,43790
2022-06-10,23.41848373413086,23.562820082469578,22.992693020674412,23.41848373413086,18052
2022-06-13,22.797836303710938,23.28135983981798,22.72566813922713,22.94938821028301,752590
2022-06-14,22.94217300415039,23.086507958961782,22.754536324051642,22.93495604993583,33043
2022-06-15,23.288578033447266,23.31022751911981,23.100939980996927,23.201977337770597,80480
2022-06-16,23.808191299438477,23.945309317661273,22.949391531923112,22.949391531923112,332379
2022-06-17,23.844270706176758,25.15050770886237,23.74323610408908,24.096857211395957,923911
2022-06-20,23.873138427734375,24.356661950956926,23.671066471369745,24.104075446734164,336778
2022-06-21,24.33501434326172,24.39274722597274,23.671068297671848,23.74323784229392,201008
2022-06-22,23.995824813842773,24.537084020170056,23.995824813842773,24.35666428472763,1711023
2022-06-23,24.1906795501709,24.50100172937522,24.104078844086633,24.42883218014932,185864
2022-06-24,22.61741828918457,24.37109834908937,22.487515858600013,24.039126694478483,2482538
2022-06-27,22.992691040039062,23.093725649276788,22.01120725946694,22.01120725946694,182382
2022-06-28,23.06485939025879,23.67106983964045,22.76897112050029,23.67106983964045,264086
2022-06-29,22.552465438842773,23.30301214936422,22.083374433013493,22.913304885864257,1092538
2022-06-30,23.093725204467773,23.173110325335983,22.55246601998806,22.732885748147964,214100
2022-07-01,23.440128326416016,23.45456223353347,22.660715236484478,22.660715236484478,411520
2022-07-04,23.41126251220703,23.483432053959742,23.238061117973576,23.382397448492473,133317
2022-07-05,22.595766067504883,23.519515558882173,22.40812938754575,23.519515558882173,168783
2022-07-06,22.732885360717773,22.86278778301794,22.516382241213005,22.732885360717773,57683
2022-07-07,23.1658935546875,23.17311188597251,22.386481708098785,23.01434163354341,116301
2022-07-08,23.1658935546875,23.1658935546875,23.1658935546875,23.1658935546875,0
2022-07-11,23.1658935546875,23.1658935546875,23.1658935546875,23.1658935546875,0
2022-07-12,23.1658935546875,23.1658935546875,23.1658935546875,23.1658935546875,0
2022-07-13,23.923656463623047,24.17624297560642,22.74010214014511,23.68550110690743,285114
2022-07-14,24.031906127929688,24.42161338343336,23.71436841214139,24.42161338343336,57875
2022-07-15,23.959739685058594,24.428829311501637,23.64219921172667,24.03190647282322,83978
2022-07-18,23.25249671936035,23.808189842877404,23.187545503547014,23.49786767321221,65667
2022-07-19,22.66793441772461,23.598900870893434,22.444214341390687,23.598900870893434,155592
2022-07-20,22.39369773864746,22.718452431907103,22.357612966178618,22.444215043610516,103704
2022-07-21,22.422563552856445,22.50194867357377,22.191626521489624,22.379263203598487,187430
2022-07-22,22.105026245117188,22.949390695064483,21.874089194959534,22.949390695064483,817089
2022-07-25,21.931821823120117,22.559683085879183,21.830787215328684,22.559683085879183,24229
2022-07-26,21.513248443603516,22.011207289002353,21.29674531594836,21.657584779702496,302062
2022-07-27,22.249361038208008,22.718452060691508,21.44829699690215,22.256577992583853,706303
2022-07-28,22.552465438842773,22.725668208233895,22.37204571533203,22.68236786000943,662027
2022-07-29,24.226762771606445,24.24119668134636,23.274146752666482,23.418483097078827,1687027
2022-08-01,24.25562858581543,25.071126524287237,23.815404010596254,24.43604831316843,563742
2022-08-02,23.995824813842773,24.75358715210363,23.75766944162516,23.995824813842773,633054
2022-08-03,24.15459442138672,24.60925016049335,24.06799096852074,24.34944806085525,782669
2022-08-04,24.573169708251953,24.717506060663435,24.248413603572853,24.248413603572853,491920
2022-08-05,25.049470901489258,25.619597823633278,24.24840697976547,24.890703434894537,2547747
2022-08-08,25.049470901489258,25.049470901489258,25.049470901489258,25.049470901489258,0
2022-08-09,25.049470901489258,25.049470901489258,25.049470901489258,25.049470901489258,0
2022-08-10,24.473018646240234,24.630235075822796,23.58213887249027,24.330778201775672,7265479
2022-08-11,24.03132438659668,25.356416510798347,23.95646158647206,24.48050975484269,2556952
2022-08-12,24.727556228637695,25.603465732342357,23.95645863034,24.405641087325908,1619918
2022-08-15,24.929689407348633,26.56921138682158,24.854826615812193,25.07941784625395,4350270
2022-08-16,24.712589263916016,25.041992479986455,24.555375650336828,24.967126814591754,647941
2022-08-17,24.877290725708008,25.07942373733576,24.562863500398016,24.562863500398016,257948
2022-08-18,24.96712303161621,25.45373978753451,24.817397435179224,25.05696181647764,836129
2022-08-19,24.323293685913086,24.89225833412684,24.255916030324258,24.89225833412684,5665365
2022-08-22,24.03132438659668,24.66018161747488,23.814219695985795,24.293349898698377,2930735
2022-08-23,24.106189727783203,24.959638203723973,23.844165647019313,23.851652212517298,10172134
2022-08-24,24.360727310180664,24.70510075653862,23.657005858511162,23.963946477276057,13097030
2022-08-25,24.697616577148438,25.446256023058776,24.405644794343814,24.652697182293995,4410036
2022-08-26,24.413131713867188,25.04198893499484,24.33826605907061,24.413131713867188,2286486
2022-08-29,24.375701904296875,24.555373775862364,24.098703247231306,24.40564531233585,996044
2022-08-30,24.58531951904297,24.705101716160737,24.330781993188605,24.615265782280623,578589
2022-08-31,24.14362144470215,24.892260869344078,24.031324388672754,24.66766961311805,3626279
2022-09-01,24.18105125427246,24.323294563331423,24.098700466045184,24.25591690531207,452058
2022-09-02,24.458053588867188,24.65270147798735,24.113680069141786,24.31581309745887,297510
2022-09-05,24.293352127075195,24.592806210874713,24.14362365725892,24.592806210874713,80755
2022-09-06,24.4954833984375,24.525426805614053,24.14362194765937,24.473022273264053,486781
2022-09-07,24.697616577148438,24.779964517298986,24.517941853563507,24.5928046558214,494900
2022-09-08,24.46553611755371,24.81739755369285,24.40564359402675,24.81739755369285,85281
2022-09-09,24.615264892578125,24.88477554031003,24.33826625139103,24.690127692133547,1035044
2022-09-12,24.5403995513916,24.70510113952157,24.405644225800316,24.70510113952157,338891
2022-09-13,24.338266372680664,24.697615808669184,24.00138091716966,24.697615808669184,229486
2022-09-14,24.16608238220215,24.615267800089892,24.128650978003108,24.615267800089892,172702
2022-09-15,24.240947723388672,24.405646470836228,24.1511089275085,24.330783663435795,268297
2022-09-16,24.570348739624023,24.929695365378755,23.582144804840226,24.742535485975264,4907517
2022-09-19,24.12116241455078,24.555371782106146,24.10618928383057,24.555371782106146,132650
2022-09-20,24.18105125427246,24.47302015374548,24.07624219864959,24.47302015374548,195713
2022-09-21,24.14362144470215,24.48050975695757,24.106190044636605,24.48050975695757,532262
2022-09-22,23.739356994628906,24.32329772531882,23.5746568246799,24.32329772531882,627927
2022-09-23,23.642032623291016,24.13613594992749,23.60460122377927,23.911543269107934,853324
2022-09-26,23.84416389465332,23.92651325324633,23.709408581425883,23.80673106991444,170010
2022-09-27,23.81422233581543,24.023841911983492,23.8067357693898,23.844168601517957,546576
2022-09-28,23.67946434020996,23.956461555225463,23.65700607136842,23.956461555225463,56903
2022-09-29,23.0356388092041,23.948978526845224,22.983234270278643,23.948978526845224,1654808
2022-09-30,23.312633514404297,23.582144190659406,23.073069103473763,23.357552912391164,43323
2022-10-03,23.13295555114746,23.56716631556168,22.90836431807385,23.56716631556168,50849
2022-10-04,23.207820892333984,23.48481809255792,22.908365424467775,23.48481809255792,414932
2022-10-05,23.0131778717041,23.54471265490281,22.92334193206713,23.50727982345698,41437
2022-10-06,23.207820892333984,23.3949807382399,22.908365424467775,23.20033432714779,84884
2022-10-07,23.394981384277344,23.67197859215038,22.878419795495926,22.908366057067646,108983
2022-10-10,23.582141876220703,23.80673313244673,23.0580937078048,23.80673313244673,95353
2022-10-11,23.507272720336914,23.80672814183548,23.3201129034108,23.649514581017264,15218
2022-10-12,23.37252426147461,23.76930370348829,23.05809561993385,23.76930370348829,16984
2022-10-13,23.207820892333984,23.76930043005174,23.09552527037369,23.76930043005174,107657
2022-10-14,23.582141876220703,23.619573276286246,23.207822163899742,23.507277648173236,162038
2022-10-17,23.76930046081543,23.919028908900472,23.372521072931473,23.874109517725177,328072
2022-10-18,23.67946434020996,23.88159732728211,23.245253531638156,23.874110761696134,373438
2022-10-19,23.559680938720703,23.70192282172845,23.39498078802289,23.70192282172845,249694
2022-10-20,23.297657012939453,23.948972442568927,23.22279279295821,23.731867775331178,352434
2022-10-21,23.305143356323242,23.881596023730733,23.13295664099362,23.567167425864493,155770
2022-10-24,23.35755157470703,23.73187130232787,23.245254514087623,23.73187130232787,27900
2022-10-25,23.18536376953125,23.57465663491322,23.13295923532915,23.57465663491322,108351
2022-10-26,22.92333984375,23.215308762846544,22.833502484380702,23.215308762846544,149697
2022-10-27,23.058095932006836,23.2078244025447,22.92334202202258,23.2078244025447,19007
2022-10-28,23.177873611450195,23.432411104912468,22.541531305710755,23.432411104912468,16775
2022-10-31,23.267711639404297,23.394980389841685,22.908365083316237,22.908365083316237,15609
2022-11-01,23.35755157470703,23.394982976302536,23.13295888138466,23.387496410400146,97007
2022-11-02,23.11050033569336,23.409955828631748,22.90836734249129,23.32760503260503,930821
2022-11-03,22.781097412109375,23.207821646169094,22.64634209021339,23.02066179418386,540777
2022-11-04,22.863447189331055,23.207820616302172,22.646341085262602,22.646341085262602,944092
2022-11-07,23.06557846069336,23.207820340013225,22.833500657109784,23.17038894288939,138296
2022-11-08,23.859140396118164,24.181054166865042,22.945799334251674,23.132959200645107,6073741
2022-11-09,23.859140396118164,23.859140396118164,23.859140396118164,23.859140396118164,0
2022-11-10,25.648387908935547,25.648387908935547,23.95646390239541,24.158596909271836,21316777
2022-11-11,25.4088191986084,26.202377959186336,25.116850301139248,26.202377959186336,8743137
2022-11-14,25.08690643310547,25.4387678845472,24.9446659672919,25.31898568811661,718770
2022-11-15,24.73504638671875,25.14679748430904,24.705100125409324,24.929691373564694,482004
2022-11-16,24.46553611755371,24.85482895298085,24.40564359402675,24.73504676175963,541856
2022-11-17,24.27088737487793,24.487993480889923,24.143620050835963,24.353238163767486,615132
2022-11-18,24.330781936645508,24.705101658747747,24.143622075594386,24.143622075594386,119321
2022-11-21,24.218482971191406,24.630236917756676,24.143620174997327,24.630236917756676,217659
2022-11-22,24.345748901367188,24.6976102648821,24.158589087724295,24.181047351495167,376380
2022-11-23,24.158592224121094,24.6976134712575,24.143619094385915,24.555370166689567,154143
2022-11-24,24.13613510131836,24.510454794940443,24.106188840428764,24.18105163682013,1328601
2022-11-25,24.14362144470215,24.218484244833235,23.986407850927208,24.18105284476769,313631
2022-11-28,23.829195022583008,24.24843273915444,23.76930392021566,23.934004094746737,446350
2022-11-29,24.068758010864258,24.255917862097004,23.731869707478776,23.78427423735733,6738956
2022-11-30,24.03132438659668,24.210999105061635,23.948975020876322,24.12116317374554,839129
2022-12-01,24.18105125427246,24.330779700519095,23.956460012818802,24.14361985666895,1940129
2022-12-02,23.941490173339844,24.21848598067768,23.694439202617446,24.21848598067768,1316801
2022-12-05,23.552194595336914,23.956460552561218,23.50727663161743,23.956460552561218,191783
2022-12-06,23.649518966674805,23.956461009120858,23.50727707961657,23.934001312874923,1557452
2022-12-07,24.12116241455078,24.188540074875384,23.58214113195395,23.627059096198238,386816
2022-12-08,24.27088737487793,24.33077989619128,24.038810994370202,24.255917100382195,247764
2022-12-09,24.502967834472656,24.622750027246607,24.158594387226643,24.278376580000593,359767
2022-12-12,24.375701904296875,25.071936832237192,24.143622643039134,24.622751441657652,2873798
2022-12-13,24.330781936645508,24.697616520872153,24.263404272433792,24.48051039665297,918094
2022-12-14,23.327604293823242,24.330781234333696,23.245253500404562,24.330781234333696,3682253
2022-12-15,22.975744247436523,23.35755052378115,22.721206729873437,23.35755052378115,41170025
2022-12-16,23.020662307739258,23.16290419823781,22.983230907673715,23.13295793585227,17468556
2022-12-19,22.9682559967041,23.507275826628526,22.64634084058619,23.507275826628526,29018337
2022-12-20,22.496612548828125,23.05809207761335,22.27950787354764,22.840987402332864,4133983
2022-12-21,22.18967056274414,22.900878538387495,21.935133061645445,22.900878538387495,654378
2022-12-22,22.339399337768555,22.75863699308536,22.309453077002058,22.451694959810304,1080883
2022-12-23,22.331911087036133,22.683771056987368,22.092346730650934,22.459179829855294,182014
2022-12-26,22.45918083190918,22.698745198982945,22.309452388529948,22.683772069061767,299161
2022-12-27,22.429241180419922,22.908371483650424,22.384323205338426,22.68377875240956,16339606
2022-12-28,22.159725189208984,22.668800178975093,22.092347533038986,22.391802989396624,57893713
2022-12-29,22.36934471130371,22.459182067858336,22.08486236672736,22.36934471130371,52190634
2022-12-30,22.56399154663086,22.811042496852497,22.34688685845614,22.36934512707497,4688805
2023-01-02,23.424928665161133,23.80673352140001,22.309454647653684,22.459183106194878,1937561
2023-01-03,23.275197982788086,23.53722204624185,23.103011271458797,23.507275786228266,5807404
2023-01-04,23.507272720336914,23.5746503686636,23.132953086484683,23.28268151119201,2664539
2023-01-05,23.25274085998535,23.58214261699168,23.207822892912443,23.544711215750326,160412
2023-01-06,22.983232498168945,23.35755223639374,22.88590856659727,23.35755223639374,327025
2023-01-09,22.039945602416992,23.17039133273186,21.9800545040918,22.683774552433704,906546
2023-01-10,22.45918083190918,22.638854107214502,22.159725373066976,22.45918083190918,335096
2023-01-11,22.354373931884766,22.57147862499235,22.159727507906286,22.534047224499577,91618
2023-01-12,22.3768310546875,22.459181845052584,22.159726372701815,22.159726372701815,155752
2023-01-13,22.129779815673828,22.36185905306998,22.084861852400763,22.09234841759899,41047
2023-01-16,21.920162200927734,22.45918205622731,21.785406880123755,22.23459080683157,183450
2023-01-17,21.336225509643555,22.45169818072757,21.074201402011997,22.45169818072757,1303461
2023-01-18,21.20146942138672,21.635680253991634,21.089173787214435,21.635680253991634,2732755
2023-01-19,21.246387481689453,21.875244749283485,21.036769344435754,21.598248945650678,953565
2023-01-20,21.343711853027344,21.598249391735244,21.119119151152816,21.598249391735244,37686
2023-01-23,21.36617088317871,21.635680117913825,21.09666022052714,21.208955853993146,233964
2023-01-24,21.291303634643555,21.628190487305627,21.149061757519792,21.628190487305627,1059402
2023-01-25,21.740489959716797,22.03245888353367,21.336223977893674,21.336223977893674,2300479
2023-01-26,22.511587142944336,23.005689046174652,21.747974591436986,21.822838819060202,2892109
2023-01-27,22.64634132385254,22.7960697715404,22.42175008023705,22.608909925888725,1464663
2023-01-30,22.421751022338867,23.058093381958912,22.3094539678964,23.058093381958912,2837153
2023-01-31,23.13295555114746,23.357548212137306,22.42174902780354,22.676286520175623,2125918
2023-02-01,23.380002975463867,23.65700012080489,22.95327883981409,23.177870039235227,486610
2023-02-02,23.57465362548828,24.03132267089363,22.8409873844822,23.612086450794475,2894361
2023-02-03,22.945798873901367,23.574656126600168,22.833503241901532,23.574656126600168,779575
2023-02-06,23.245250701904297,23.35754774410717,22.915850423718904,23.192846177098264,2197290
2023-02-07,23.200336456298828,23.357551483804283,23.132958791355982,23.357551483804283,354746
2023-02-08,23.073068618774414,23.507279461443602,23.020664083473797,23.350065855541747,2238245
2023-02-09,23.275197982788086,23.43241156411058,23.140442668559505,23.28268454779148,520265
2023-02-10,22.863447189331055,23.394980459982026,22.83350092894246,23.028147337719464,510225
2023-02-13,22.64634132385254,23.20033429563154,22.534045702044796,23.147929767315677,336651
2023-02-14,22.608909606933594,22.885905374957222,22.459181161358025,22.646341004369344,207662
2023-02-15,22.623886108398438,22.983234168425604,22.316944014981072,22.833505691087904,970807
2023-02-16,22.75864028930664,22.908368758992257,22.496616181315066,22.496616181315066,692973
2023-02-17,22.990713119506836,23.170387815121533,22.60890831809516,22.90087719961569,110260
2023-02-20,22.67629051208496,22.97574601820434,22.64634424751478,22.97574601820434,68968
2023-02-21,22.773609161376953,23.013173525723086,22.53404479703082,22.53404479703082,49021
2023-02-22,22.788583755493164,22.82601515435895,22.646341869553773,22.758637494067465,309835
2023-02-23,22.65382957458496,23.132958358169567,22.5714787794377,23.132958358169567,136323
2023-02-24,22.45918083190918,23.050606612549263,22.24207473180092,22.65382723713568,483722
2023-02-27,22.511587142944336,22.758638094559494,21.957594143198722,22.489128874198833,163987
2023-02-28,23.23776626586914,23.39497984502793,22.496612047812356,22.496612047812356,2750723
2023-03-01,23.267711639404297,23.394980389841685,22.983229306146985,23.237766807021767,1198155
2023-03-02,23.469844818115234,23.73186888635834,22.848474190638534,22.848474190638534,308715
2023-03-03,23.971433639526367,24.10618895835615,23.20782111810181,23.582140813555064,1853122
2023-03-06,24.330781936645508,24.697616520872153,24.03132501663058,24.2184848776817,2074061
2023-03-07,23.95646095275879,24.630237559388206,23.58962781576963,24.630237559388206,436035
2023-03-08,23.881595611572266,24.293348121721266,23.66449093684186,24.293348121721266,114363
2023-03-09,23.971433639526367,24.398157863876467,23.836678320696585,24.398157863876467,2311034
2023-03-10,23.63644027709961,23.761088491294785,22.997617807868366,23.761088491294785,595919
2023-03-13,23.542957305908203,24.12724646476428,23.41051837046386,24.096085148972524,2062598
2023-03-14,23.628650665283203,23.683184075762547,23.37935422542107,23.410515537441842,2280390
2023-03-15,23.37935447692871,23.76108984031469,23.293658267582714,23.449469287134708,550295
2023-03-16,23.309236526489258,23.636438434728415,23.29365512944839,23.55853293544789,362918
2023-03-17,23.34819221496582,23.68318487455072,23.176801278260918,23.68318487455072,112740
2023-03-20,23.184595108032227,23.457263692360975,23.137852389152062,23.457263692360975,273781
2023-03-21,23.270288467407227,23.44947010600233,22.9820385169474,23.137849541940398,132537
2023-03-22,23.013200759887695,23.527375049638863,22.841808339354625,22.982037961272948,107092
2023-03-23,23.013200759887695,23.013200759887695,23.013200759887695,23.013200759887695,0
2023-03-24,23.15342903137207,23.25470664153864,22.904132584691332,22.98982879545935,51227
2023-03-27,23.075525283813477,23.51958477054584,22.982038372221584,23.51958477054584,67474
2023-03-28,23.036571502685547,23.363773460363362,22.904132579674908,23.363773460363362,212416
2023-03-29,22.982038497924805,23.34040177481839,22.763903360299977,23.34040177481839,246651
2023-03-30,22.79506492614746,23.24691509069359,22.732740816759165,23.24691509069359,1557252
2023-03-31,22.42112159729004,22.974247915119236,22.2808919713829,22.74832356243201,395731
2023-04-03,22.335424423217773,23.059943135270327,22.288681711901997,22.943085614018884,613664
2023-04-04,22.234149932861328,22.576931822233245,22.202987132414368,22.319844662242254,139937
2023-04-05,22.561349868774414,22.982038748947865,22.202986587966578,22.982038748947865,297425
2023-04-06,22.444488525390625,22.600299525462685,22.22635490839833,22.22635490839833,2496275
2023-04-07,22.43669891357422,22.584719222220038,22.32763209979514,22.584719222220038,1005354
2023-04-10,22.125080108642578,22.748322701769585,22.0471745987612,22.748322701769585,2792253
2023-04-11,22.164033889770508,22.82622701741409,22.031594967056986,22.82622701741409,548078
2023-04-12,22.28089141845703,22.475654452733888,22.125080396665936,22.475654452733888,1701444
2023-04-13,22.17961311340332,22.569139169749228,22.12507970326273,22.569139169749228,492150
2023-04-14,22.17961311340332,22.17961311340332,22.17961311340332,22.17961311340332,0
2023-04-17,22.054962158203125,22.54576576042942,22.008219453299027,22.164030450877743,1824110
2023-04-18,22.202987670898438,22.273102487680468,22.000433920853027,22.202987670898438,212720
2023-04-19,22.17182159423828,22.42891020840863,22.01601206901483,22.01601206901483,1197133
2023-04-20,22.413330078125,22.662626521325404,22.03159471373388,22.49123558810613,3210408
2023-04-21,22.413330078125,22.413330078125,22.413330078125,22.413330078125,0
2023-04-24,22.413330078125,22.413330078125,22.413330078125,22.413330078125,0
2023-04-25,22.413330078125,22.413330078125,22.413330078125,22.413330078125,0
2023-04-26,22.79506492614746,23.052152063114672,22.662626007956835,22.662626007956835,3469301
2023-04-27,22.95087432861328,23.37156317908023,22.709368591821498,22.966455727354422,14264424
2023-04-28,22.74053382873535,23.215754653926428,22.59251349666397,23.215754653926428,2048249
2023-05-01,22.74053382873535,22.74053382873535,22.74053382873535,22.74053382873535,0
2023-05-02,23.08331298828125,23.24691470138825,22.592510820808165,22.631462831302045,2104470
2023-05-03,23.340404510498047,23.44947283505616,23.036574610918393,23.246919073361646,3350516
2023-05-04,23.527374267578125,23.955852332819948,23.293657743508422,23.293657743508422,11782165
2023-05-05,24.166200637817383,24.50119333594289,23.52737804414745,23.52737804414745,8830315
2023-05-08,23.948062896728516,24.415494483601798,23.91690158342979,24.415494483601798,3914404
2023-05-09,23.690975189208984,24.360960497488335,23.550745567855255,24.360960497488335,257974
2023-05-10,23.37935447692871,23.690975030108692,22.982037714402733,23.690975030108692,4025757
2023-05-11,23.73771858215332,23.80783339484207,23.418307318093042,23.683185169156307,186242
2023-05-12,24.096084594726562,24.423286575596798,23.75330121335676,24.025969778402647,649377
2023-05-15,24.150615692138672,24.30642671032852,23.566326602812737,24.30642671032852,492140
2023-05-16,23.955854415893555,24.384332518393556,23.92469161560492,24.384332518393556,611987
2023-05-17,23.807832717895508,24.415493915278557,23.80004201827116,24.415493915278557,208002
2023-05-18,23.72992706298828,24.025967703213674,23.683184351451015,23.7610898612958,44955
2023-05-19,23.83120346069336,23.987014472466132,23.22354229788826,23.22354229788826,114522
2023-05-22,23.465051651000977,23.994805870224898,23.39493683791233,23.994805870224898,149995
2023-05-23,23.37935447692871,24.142825203700667,23.36377307778871,24.142825203700667,437145
2023-05-24,23.472841262817383,23.916902248546744,23.371565134375025,23.916902248546744,105652
2023-05-25,23.278078079223633,23.8389965900471,23.21575396534592,23.8389965900471,448241
2023-05-26,23.044361114501953,23.605278092930924,22.98203700578762,23.371563056733176,1467197
2023-05-29,22.943090438842773,23.29366307632088,22.904136932951218,23.29366307632088,342080
2023-05-30,22.5457706451416,23.2547080144662,22.13287245224714,23.2547080144662,9223546
2023-05-31,22.288684844970703,22.98204085632685,22.210779324544077,22.98204085632685,2453661
2023-06-01,22.21856689453125,22.56913945816827,22.202985495456538,22.553559545017556,810460
2023-06-02,22.27309799194336,22.44448890619144,22.202983189313723,22.3198406983885,3689867
2023-06-05,22.405540466308594,22.54577009389788,22.202986724893414,22.54577009389788,3416045
2023-06-06,22.4990291595459,22.592516086815273,22.296476874656797,22.537982665043263,1100016
2023-06-07,22.522396087646484,22.631462906129126,22.358795859922523,22.631462906129126,1583898
2023-06-08,22.27309799194336,22.592509210178875,22.218564586770054,22.592509210178875,669508
2023-06-09,22.288684844970703,22.514609219691295,22.1562459060227,22.514609219691295,1982646
2023-06-12,22.24972915649414,22.31984396939922,21.501839800072048,21.501839800072048,3302460
2023-06-13,22.45228385925293,22.584722790879002,22.296474312937864,22.584722790879002,324058
2023-06-14,22.514606475830078,22.553559974258224,22.218567317396317,22.514606475830078,70732
2023-06-15,22.615880966186523,22.717157076281627,22.210773553958468,22.5847181717426,489825
2023-06-16,22.43669891357422,22.974245255344062,22.00822087150735,22.00822087150735,216578
2023-06-19,22.296472549438477,22.553559692152408,22.280891150262114,22.280891150262114,6057834
2023-06-20,22.3276309967041,22.514603305055445,22.21856418831344,22.21856418831344,1874615
2023-06-21,22.28089141845703,22.35100622967062,22.202985907561484,22.327634130624748,853424
2023-06-22,22.358795166015625,22.50681399052716,22.21077485558018,22.218565554647718,641383
2023-06-23,22.28089141845703,22.74832299790629,22.202985907561484,22.584721276433235,462620
2023-06-26,23.184595108032227,23.340404666274196,22.436704176328355,22.553563202415134,431355
2023-06-27,23.71434783935547,23.761090552251986,22.717160553377482,22.982038402997823,3017643
2023-06-28,23.71434783935547,23.71434783935547,23.71434783935547,23.71434783935547,0
2023-06-29,23.71434783935547,23.71434783935547,23.71434783935547,23.71434783935547,0
2023-06-30,23.71434783935547,23.71434783935547,23.71434783935547,23.71434783935547,0
2023-07-03,25.49058723449707,25.49058723449707,25.49058723449707,25.49058723449707,2834483
2023-07-04,25.763254165649414,26.293009861344345,24.695953560432304,26.09824682533439,4289487
2023-07-05,25.576284408569336,25.950229097070896,24.734906630554665,24.734906630554665,2231619
2023-07-06,26.643585205078125,26.877300265188378,25.350358702496614,25.350358702496614,12044456
2023-07-07,26.503355026245117,27.033110736519244,26.34754399877952,27.033110736519244,1504116
2023-07-10,27.89006996154785,28.201692050353365,26.13720239867594,26.4799872907317,4094645
2023-07-11,27.52391242980957,27.80436869261937,27.422634823550286,27.80436869261937,903988
2023-07-12,27.4771671295166,28.038085576297085,26.994155673593315,27.640767352544966,2659110
2023-07-13,27.173337936401367,27.7420456097718,27.064271118473876,27.35251956183195,2672252
2023-07-14,27.188919067382812,27.656349131571638,27.072060065411673,27.079849278680744,305898
2023-07-17,26.768230438232422,27.42263431638162,26.370912205866176,27.42263431638162,1419482
2023-07-18,26.8695068359375,27.126592470175016,26.690322247052016,27.126592470175016,2459299
2023-07-19,27.80436897277832,27.897857366504866,26.799394000925787,26.877298023849928,1882703
2023-07-20,27.656352996826172,28.123783126343074,27.477171348116418,27.656352996826172,2373543
2023-07-21,29.7286319732666,29.7286319732666,27.656353230371828,27.656353230371828,3660470
2023-07-24,29.95455551147461,30.188270560151327,28.4743552501086,29.993507524279384,1826899
2023-07-25,30.040250778198242,30.49209946185267,29.720839528285428,29.907810372608644,1832520
2023-07-26,30.780353546142578,30.91279397596695,29.681889976234036,29.79874900420563,2638040
2023-07-27,30.780353546142578,30.780353546142578,30.780353546142578,30.780353546142578,0
2023-07-28,30.780353546142578,30.780353546142578,30.780353546142578,30.780353546142578,0
2023-07-31,32.01125717163086,32.87600564733495,30.390827060068517,31.115345892585538,6728353
2023-08-01,31.948928833007812,32.564380773051944,31.551613525851064,32.556591558806936,991524
2023-08-02,31.86323356628418,32.52542669345971,31.356848488904266,32.13590062527456,2148156
2023-08-03,33.024024963378906,33.38238829122708,31.863238755381882,32.33066892458832,4166922
2023-08-04,32.50984573364258,33.101927029523836,32.10473826063122,33.101927029523836,870447
2023-08-07,32.548797607421875,33.34343115048648,32.36961597102222,32.89158245257607,3155525
2023-08-08,31.606143951416016,32.72018870951151,31.403591709875002,32.252758630971954,947678
2023-08-09,32.27613067626953,32.47868292680302,31.629515968006608,31.746374978753526,856685
2023-08-10,31.473709106445312,33.49924357577622,29.853279153502022,32.41636152638056,23236014
2023-08-11,33.28889846801758,33.421338880689376,31.551612506386473,31.551612506386473,10741145
2023-08-14,33.28889846801758,33.28889846801758,33.28889846801758,33.28889846801758,0
2023-08-15,33.24215316772461,33.810863841394166,32.75914167623271,33.42133777396727,1086500
2023-08-16,33.11750030517578,33.45249291397744,32.805881278001706,33.45249291397744,1042937
2023-08-17,33.320064544677734,33.4836648012609,32.60333494102776,32.813679401712584,6511380
2023-08-18,33.608306884765625,33.951091708364295,33.30447704337436,33.50702928035257,3185504
2023-08-21,32.324989318847656,32.66397957836752,32.042500001666646,32.35727469192624,1623541
2023-08-22,32.914188385009766,33.09175488427192,32.20392854576733,32.40570753896411,1283946
2023-08-23,32.72048568725586,34.4638562470886,32.405710917674085,32.68820030604147,2739561
2023-08-24,33.81815719604492,33.97957791175077,32.45412936444982,32.849617507295854,2751703
2023-08-25,33.87466049194336,34.10065199327697,33.34196403958321,33.89887298739959,1048590
2023-08-28,33.866580963134766,34.27821177855135,33.107893158290274,33.107893158290274,1653732
2023-08-29,32.81733703613281,33.777803985267084,32.39763633900013,33.29353560798497,791267
2023-08-30,32.914188385009766,33.13211006713066,32.37342216111588,33.035257012489076,1391208
2023-08-31,32.357276916503906,32.90611598096222,31.154672857319497,32.90611598096222,1784449
2023-09-01,32.19585418701172,32.56712677854963,31.57437454696628,31.88914926930942,538401
2023-09-04,31.647016525268555,32.68012706315073,31.4855927150773,32.34920963776505,183042
2023-09-05,31.47752571105957,31.873013927274982,30.83990329746284,31.501738207126696,468764
2023-09-06,32.324989318847656,32.52676828223485,31.08203016544592,31.792292978661575,308607
2023-09-07,31.25960350036621,32.58327329812455,31.114322368524117,32.58327329812455,862296
2023-09-08,32.94647216796875,33.18053652768305,31.073963448060216,31.275742431489178,9272484
2023-09-11,33.18860626220703,33.689020356864084,32.68819524645292,33.083683407855695,59316454
2023-09-12,32.75276565551758,33.47109833485229,32.38956287413966,33.29353184642244,1161504
2023-09-13,32.5025634765625,33.03525994269572,32.28464177511209,32.68819979730099,1790467
2023-09-14,32.65591049194336,33.00297059562778,32.494486686687324,32.97875810245542,232721
2023-09-15,32.03443145751953,32.87383279783096,31.881080532981176,32.68819649584146,3609114
2023-09-18,32.12321472167969,32.19585528152856,31.751942117520148,32.12321472167969,161530
2023-09-19,31.84072494506836,32.68819607949693,31.73579900914009,32.284638103206845,210862
2023-09-20,31.38066864013672,32.066715958249844,31.275742705740758,32.066715958249844,251057
2023-09-21,31.35645294189453,31.921434713953605,31.15467395750936,31.477521564086818,418439
2023-09-22,31.622806549072266,31.889153240025962,31.356456779215236,31.477525416223582,1191646
2023-09-25,31.38066864013672,31.864936973051517,31.275742705740758,31.687370480828037,401475
2023-09-26,31.18695831298828,31.469450729221418,31.07396257805617,31.082032382450098,457684
2023-09-27,31.073963165283203,31.42909306448139,31.033607984745238,31.154673526359137,320491
2023-09-28,31.073963165283203,31.073963165283203,31.073963165283203,31.073963165283203,0
2023-09-29,31.073963165283203,31.073963165283203,31.073963165283203,31.073963165283203,0
2023-10-02,30.436336517333984,31.42908859616091,30.21841487872771,31.42908859616091,2420350
2023-10-03,30.436336517333984,30.589690492039775,30.274912739229062,30.347553285431154,158193
2023-10-04,31.388744354248047,31.55823799478775,30.347563855669495,30.371779432106276,2818237
2023-10-05,31.01746368408203,31.71158383729669,30.91253775701632,31.404878939129173,501295
2023-10-06,30.920621871948242,31.316107074782067,30.759198020649105,31.25960918866295,357362
2023-10-09,30.880252838134766,31.2757409820443,30.53319583531169,30.67847386405706,330997
2023-10-10,31.122390747070312,31.453308148599177,30.83989832987556,31.033607503920617,553080
2023-10-11,31.275741577148438,31.46137786736381,31.07396259923135,31.07396259923135,340816
2023-10-12,31.138532638549805,31.396809478070043,31.009391139886894,31.09817438076625,232517
2023-10-13,32.284645080566406,32.40571373118,31.162754156641313,31.162754156641313,4614749
2023-10-16,32.30885314941406,32.8819078609921,31.558235007892293,32.688198662349635,363293
2023-10-17,31.994077682495117,32.284639934530404,31.961792303623824,32.284639934530404,342745
2023-10-18,31.38066864013672,32.08285864653406,31.308028082309203,31.994075400422325,444819
2023-10-19,31.525949478149414,31.808438823378058,31.073963446880633,31.32417049472811,2744056
2023-10-20,32.30885314941406,32.486419658261056,31.63894845686968,31.679303641906746,1396727
2023-10-23,31.816505432128906,32.60748167712391,31.78422313799039,32.60748167712391,744338
2023-10-24,32.04249572753906,32.28462983552505,31.55822443266485,32.1877768081111,678205
2023-10-25,32.25235366821289,32.341136918214424,31.776155119125377,32.12321523518423,1087912
2023-10-26,31.38066864013672,32.97068494984552,31.235387524481684,32.38956356612836,4578280
2023-10-27,31.50981330871582,31.711592333880898,30.2829964662437,31.380674855766312,1108934
2023-10-30,31.243457794189453,31.630873082068046,31.11431936489659,31.485591964250695,1168657
2023-10-31,31.768085479736328,31.881081224362735,31.195033872614914,31.195033872614914,514069
2023-11-01,32.13128662109375,32.32499272215414,31.47752160248326,31.679300587114565,510292
2023-11-02,32.33306884765625,32.47834997746989,32.123216958412875,32.19585752331969,613476
2023-11-03,32.85769271850586,33.09175710526035,32.20393070716834,32.446064899474955,3721704
2023-11-06,32.97068405151367,33.648661546463735,32.768905071813094,32.768905071813094,3207921
2023-11-07,32.74468994140625,33.17246035865902,32.68819207795409,33.083680201021814,997209
2023-11-08,33.34196472167969,33.495315660878504,32.647844434636944,32.88997863086263,1341103
2023-11-09,33.34196472167969,33.34196472167969,33.34196472167969,33.34196472167969,0
2023-11-10,33.22088623046875,33.61637432749088,32.93839693181182,33.09174782552523,1402428
2023-11-13,33.30967712402344,33.576023798472434,33.002972187136976,33.08368563310876,2281231
2023-11-14,32.25235366821289,33.30967670538092,32.07479024711293,33.30160382143364,2773284
2023-11-15,32.25235366821289,32.84154796133759,32.08286005215711,32.26042655216018,2120326
2023-11-16,31.784229278564453,32.526774528551584,31.719658520007364,32.08286133963291,2285856
2023-11-17,30.985179901123047,31.92143425196399,30.831828983614784,31.881079071451595,2895817
2023-11-20,30.960968017578125,31.437166546357883,30.847972278359705,31.437166546357883,1213979
2023-11-21,31.404876708984375,31.437162081004654,30.960963619864412,30.960963619864412,817434
2023-11-22,32.13935852050781,32.37342289687244,31.477523654092984,31.75194321423351,4623224
2023-11-23,33.53566360473633,33.7132300804428,31.89721938258087,32.20392427364586,8111903
2023-11-24,33.503379821777344,33.898867969471766,33.09175206543672,33.44688195480712,3744701
2023-11-27,34.673702239990234,35.39203497947106,33.309677323386374,33.6163822621085,5359514
2023-11-28,36.66728591918945,36.80449418299275,34.49614464458708,34.66563829242775,3952623
2023-11-29,36.57042694091797,37.93445186775773,36.158796058167155,36.683422687899544,6061317
2023-11-30,36.53007125854492,37.32911750692415,36.32022243916944,37.11926868754866,1985935
2023-12-01,36.8529167175293,37.07890821400151,36.3444327715636,36.70763559011053,1971544
2023-12-04,37.32912063598633,37.49054447613889,36.7802814268098,37.046631224897084,1998557
2023-12-05,37.361392974853516,38.152366128634256,37.13539844598574,37.53088656232741,2559950
2023-12-06,37.563175201416016,38.0151581406515,37.3452535361834,37.3452535361834,2875164
2023-12-07,40.355796813964844,40.380009306804276,37.579319101569126,37.692314840023755,7664285
2023-12-08,42.93049240112305,43.16455674445457,40.557572830490386,40.71899662171567,5874237
2023-12-11,41.82475662231445,43.16456924330961,41.558409906735946,42.607660235170094,3451961
2023-12-12,41.39698028564453,42.1718109049616,41.20327109136367,41.81668097416708,1110343
2023-12-13,40.751285552978516,42.77714522693292,39.976451903241376,41.36469231849646,3441286
2023-12-14,40.25894546508789,41.001490679972136,39.758531346636595,40.606005578667336,1002932
2023-12-15,41.86510467529297,41.970030613920635,40.3477288622153,40.3477288622153,1101499
2023-12-18,40.751285552978516,42.37358725309393,40.186303773823326,42.03460003294262,497495
2023-12-19,39.79888153076172,40.735135743236,39.54867452231768,40.27507997979878,2572688
2023-12-20,39.16126251220703,39.95223569797127,37.77302222593775,39.16126251220703,1759322
2023-12-21,39.040191650390625,39.54060567943406,38.33800174370391,39.49217762145815,651546
2023-12-22,38.49943161010742,39.4679713703994,38.338007803574925,39.338832940954,500885
2023-12-25,38.49943161010742,38.49943161010742,38.49943161010742,38.49943161010742,0
2023-12-26,36.53813934326172,38.612427083754184,35.99737005695623,38.33800753821923,837715
2023-12-27,37.9425163269043,38.31379197326362,35.9327995012656,35.9327995012656,1358831
2023-12-28,39.484107971191406,40.073305281971265,37.53895879401542,37.53895879401542,1525875
2023-12-29,39.153194427490234,39.5486826082905,39.024055995190714,39.5486826082905,1074218
2024-01-01,39.710105895996094,40.37194073768744,39.33883329288203,39.467971723482705,1388329
2024-01-02,39.3630485534668,40.3396581959661,39.19355492868327,39.960312682390644,1171797
2024-01-03,39.44375991821289,39.92803138839474,39.14512784622125,39.548685865254456,1252386
2024-01-04,39.52447509765625,39.74239680693169,39.14512955792824,39.734323922012145,225667
2024-01-05,40.000667572021484,40.355797481453195,39.1451235570096,39.871529143236955,2130835
2024-01-08,39.7585334777832,40.92078250794025,39.572897164111616,40.51722450111422,1320969
2024-01-09,39.62132263183594,40.33965534419668,39.346903082056244,39.91188487029715,969439
2024-01-10,39.50025177001953,40.14594696511444,39.16126456360729,39.54867983332251,2560974
2024-01-11,39.2177619934082,39.54867939169278,39.06441107968217,39.46796903265863,1311308
2024-01-12,39.54061508178711,39.79081907690224,39.1531966836608,39.54061508178711,1991420
2024-01-15,39.040191650390625,39.839237673029146,38.87069806582875,39.54867548297877,554705
2024-01-16,39.484107971191406,39.54867872044506,38.74156282819108,38.98369698008672,457181
2024-01-17,39.67781448364258,40.113657775216936,39.22582850583555,39.22582850583555,915567
2024-01-18,39.34690856933594,39.9280331273014,38.8222818901834,39.427618945096256,428477
2024-01-19,39.11284255981445,39.82310553711377,38.91106354981264,39.55675576603777,888088
2024-01-22,39.855384826660156,40.1943720337831,38.98369815879624,39.266190576968235,696342
2024-01-23,40.339656829833984,40.64636176827211,40.03295189139586,40.35579951911001,1750079
2024-01-24,41.40504837036133,42.4542985086155,40.19437442339811,40.75128640949915,5022983
2024-01-25,40.60599899291992,41.97002365324547,40.347722170596775,41.97002365324547,4691190
2024-01-26,40.194374084472656,40.75128606587772,40.000667978777614,40.557576881279644,750754
2024-01-29,39.25005340576172,40.35580150490314,39.02405882368001,40.35580150490314,4153566
2024-01-30,39.52447509765625,39.94417582527152,38.870709969829925,39.81503737669017,1360562
2024-01-31,40.751285552978516,41.54225881223457,39.63746468309006,39.63746468309006,3987311
2024-02-01,41.38084030151367,43.382487738393465,40.55758156007947,41.162918598289615,10327286
2024-02-02,41.00956726074219,41.647186594862355,40.719004992584466,41.647186594862355,1563078
2024-02-06,41.154842376708984,41.243622542194004,40.39615143659606,41.154842376708984,1640393
2024-02-07,41.94581985473633,42.0426729134504,40.993422720488816,41.27591209128121,2064380
2024-02-08,41.94581985473633,41.94581985473633,41.94581985473633,41.94581985473633,0
2024-02-09,41.04185104370117,41.56647772224232,40.848144910540746,41.13870718918486,1415532
2024-02-12,40.33158874511719,41.324341086167856,39.71010903654336,41.187129760920065,1004635
2024-02-13,40.77549743652344,41.13870022332887,39.95223881273212,40.19437297763476,433959
2024-02-14,41.41312026977539,41.64718155399149,41.12255803678659,41.12255803678659,587849
2024-02-15,41.1144905090332,41.897394063361894,40.96113956782489,41.41312566456473,1081420
2024-02-16,40.82392120361328,41.46961326835059,40.34772272857528,40.84813369388386,557842
2024-02-19,40.63828659057617,41.162913186276185,40.35579724144724,40.35579724144724,451959
2024-02-20,40.630226135253906,41.162922658263525,40.55758556034788,40.9127155493864,487033
2024-02-21,40.969207763671875,41.31626789810288,40.767428758951674,40.91270988866248,652559
2024-02-22,40.5898551940918,41.162906685482504,40.444574100654364,41.122551510394885,1382405
2024-02-23,41.67140197753906,41.76825504017697,40.59793616723192,40.59793616723192,2098747
2024-02-26,42.752933502197266,42.882071932990776,41.24362443610081,41.24362443610081,1748493
2024-02-27,43.648834228515625,43.98782146653097,42.17181048855492,42.17181048855492,1586548
2024-02-28,44.54472351074219,44.79493053746452,43.18069880638472,44.31066224970166,2360174
2024-02-29,46.280033111572266,46.81272956623885,43.90711310058535,43.90711310058535,4517901
2024-03-01,47.159786224365234,47.498773452820394,45.610121965833294,46.732015746866175,5834010
2024-03-04,46.84501647949219,47.49877851226503,46.49795633020888,46.49795633020888,1778256
2024-03-05,46.804656982421875,47.40999396674294,46.09439405872563,46.09439405872563,637655
2024-03-06,46.84501647949219,47.33735776470355,46.57059689817291,47.200146434592206,754483
2024-03-07,46.76428985595703,47.19206333744493,46.376874628896275,47.19206333744493,209576
2024-03-08,46.473731994628906,47.29698744995825,45.61011520488448,47.1274938608553,7401248
2024-03-11,46.74814987182617,46.8127206195195,45.69083004902097,46.78850812858586,448930
2024-03-12,46.651302337646484,46.95800726759925,46.41723796797456,46.77237096441557,9472732
2024-03-13,43.9686393737793,45.25935567606074,43.44560579728602,45.25935567606074,7571063
2024-03-14,44.17110824584961,44.66039691781798,43.0828582570645,43.850537808156794,888980
2024-03-15,43.82522964477539,44.559164243824696,43.2937582091426,44.559164243824696,287870
2024-03-18,43.65650939941406,43.850537943906836,43.15034825883239,43.783051293606505,226745
2024-03-19,44.6688346862793,45.335282652081766,43.454042805708916,44.078311213012476,1401740
2024-03-20,44.947227478027344,45.132821418322806,44.08675087042257,44.66883978567855,284142
2024-03-21,45.132816314697266,45.53774586929336,44.87973574533646,44.92191530388092,630513
2024-03-22,45.14969253540039,45.284669064820804,44.500116981910196,44.85442916485341,435761
2024-03-26,44.8291130065918,45.6389720193571,44.00238152879884,45.14124556436919,88253
2024-03-27,45.39433670043945,45.5546203171154,44.71101623716882,44.8459927612365,182479
2024-03-28,45.47869110107422,46.17888395944378,45.42807370301698,45.55461558911316,874302
2024-03-29,44.179542541503906,45.97642004239216,43.86740994870445,45.97642004239216,719832
2024-04-01,44.289207458496094,44.37356656641766,43.867405482700896,44.289207458496094,114343
2024-04-02,45.107505798339844,45.5124353221911,43.89271400869227,44.289208908712666,128898
2024-04-03,45.51243591308594,46.145138905710596,44.45793092537817,45.503998071051726,423581
2024-04-04,45.57148742675781,45.96798232750443,45.14124759443833,45.554614960971385,766594
2024-04-08,45.94267272949219,46.271677772175494,45.174993223866515,45.55461566469105,901012
2024-04-09,45.048458099365234,46.9043844572248,44.45793461363987,46.18732229333307,6607310
2024-04-15,45.00626754760742,45.34371040061687,44.70257284161117,44.96408799550463,657735
2024-04-16,45.208740234375,45.47025864298684,44.62665461041264,44.753193284442375,2458126
2024-04-17,46.78627395629883,48.085424802245846,44.795368133802086,45.293094589426275,2062170
2024-04-18,47.34305953979492,47.74798910750127,46.39822388181344,46.718794329699605,1931692
2024-04-19,48.63377380371094,48.92903392810848,47.233391237250906,47.233391237250906,2876819
2024-04-22,49.409889221191406,50.42221473034491,48.50723314020384,48.92060054292523,2997834
2024-04-23,48.498802185058594,49.60392152063421,48.12761431336477,49.4098929595644,1113522
2024-04-24,48.802490234375,50.16913103480817,48.422871007904114,48.422871007904114,2054309
2024-04-25,49.4183235168457,49.77263564966676,48.844672543435934,49.34239902865636,1476290
2024-04-26,49.80638122558594,51.021169834224416,48.93746691216623,48.93746691216623,838960
2024-04-29,49.39301681518555,50.44752188475866,48.93746985278739,49.8063842184196,480836
2024-04-30,49.61235046386719,50.40533703443067,49.13993108377551,49.393011630287795,491233
2024-05-02,51.240509033203125,51.40922726089211,49.56173563570886,49.56173563570886,1314473
2024-05-03,50.682987213134766,51.46351709147701,49.91961223312516,49.91961223312516,3477889
2024-05-06,51.20620346069336,51.54929163357147,50.09116117290511,51.35201519797499,3326520
2024-05-07,50.665836334228516,51.635066899158524,50.19408804452433,51.37774994768011,1292417
2024-05-08,50.60579299926758,51.24051116468455,50.391361672999494,50.9917700409426,3251675
2024-05-09,50.974613189697266,51.02607788393678,49.790951397886424,50.82022237894097,433763
2024-05-10,50.236968994140625,51.19762038406265,49.842416153703645,51.19762038406265,391667
2024-05-13,50.520023345947266,50.94888601179754,50.17693190448206,50.520023345947266,503916
2024-05-14,50.47713088989258,51.33485616089814,50.21981396298336,50.94888240651544,439913
2024-05-15,51.73799133300781,52.063927872599116,50.47713405845489,50.50286804313476,1290509
2024-05-16,53.0160026550293,53.17896928622578,51.652219279552426,51.806610097301686,548797
2024-05-17,53.54779052734375,53.98522898893691,52.75010573976591,52.75010573976591,392171
2024-05-20,52.7844123840332,53.762218640216844,52.75010258894834,53.75363955546455,239037
2024-05-21,53.23043441772461,53.52206115674907,52.54425154569359,52.92165277970314,303902
2024-05-22,53.667869567871094,53.97665118677687,53.05888541500816,53.47916896254819,411701
2024-05-23,53.7879524230957,54.55132741154866,53.007422536120366,53.18754406266183,701988
2024-05-24,55.323280334472656,55.75214297272438,53.779375491158895,53.779375491158895,1586243
2024-05-27,54.2082405090332,55.32328276304314,53.17896947765387,54.9287299038025,1468800
2024-05-28,54.2082405090332,54.2082405090332,54.2082405090332,54.2082405090332,0
2024-05-29,53.68502426147461,55.22892907816498,53.17896622618564,54.791490634354886,921218
2024-05-30,53.2733154296875,54.55990329571971,53.16181023181531,53.178965129331196,322931
2024-05-31,53.21327590942383,54.628520625080355,51.47209140689394,54.46555400360588,306866
2024-06-03,52.261207580566406,53.60783616322973,51.90096122012893,53.15324275959359,1042820
2024-06-04,52.02961730957031,52.90449752069011,51.54928995680972,52.90449752069011,219777
2024-06-05,50.17692565917969,51.64363500856174,49.96249435294388,51.64363500856174,995354
2024-06-06,50.931732177734375,51.46352097836126,50.17693295390223,50.60579562872191,376622
2024-06-07,50.254127502441406,50.948886201613746,48.598717344334915,50.62294965820373,1855109
2024-06-10,49.79095458984375,50.562908693113016,49.32778212788219,50.21981725344613,200857
2024-06-11,49.319210052490234,50.597222326557485,48.16128208178207,49.79095836381716,270014
2024-06-12,48.17842483520508,50.262697416099755,47.17488788171762,49.06188405137875,542174
2024-06-13,52.269779205322266,52.269779205322266,48.04119316592632,48.375708785222436,1314576
2024-06-14,56.71279525756836,56.71279525756836,52.732947393207496,53.822258841275946,5053677
2024-06-20,60.847023010253906,61.533199190087586,57.12449253134519,57.467583893223754,4325817
2024-06-21,60.006465911865234,62.3995204719363,59.483252914291,60.5554096234308,1483343
2024-06-24,58.85711669921875,59.99788645735309,58.36821350461112,59.99788645735309,455744
2024-06-25,57.6734504699707,59.16589728460016,55.855076923388935,58.41967387728543,732566
2024-06-26,57.69060134887695,58.30816456735795,56.609865716535225,57.081617215076044,1044626
2024-06-27,58.616943359375,59.17446610838964,57.767797151939426,57.88787816939801,1394155
2024-06-28,58.34247589111328,59.18304962011738,58.15378180951148,58.81422745493065,539473
2024-07-01,59.06296920776367,60.032196515226836,57.91361381484277,57.91361381484277,706174
2024-07-02,59.87779998779297,61.74764136885135,59.131583178752315,59.78344968302985,1314759
2024-07-03,60.30666732788086,62.185087940412814,59.62049097351412,60.555408464913526,1070255
2024-07-04,59.91211700439453,61.66187758005765,59.61191442757312,61.49033512013838,1128848
2024-07-05,58.95146560668945,60.8727685395482,58.539754563400066,60.44390586875405,2180507
2024-07-08,59.92069625854492,60.195168121540405,58.6769970608303,58.9257316652329,936014
2024-07-09,58.35963439941406,60.03219623727578,58.32532459967264,59.620491728229126,726681
2024-07-10,57.887874603271484,58.968610237745686,57.519052488391154,58.968610237745686,498352
2024-07-11,57.467594146728516,58.31674034734397,56.609868860956446,58.31674034734397,104740
2024-07-12,57.844993591308594,58.7112913917267,56.2238933744636,57.06446046412613,314559
2024-07-15,58.75417709350586,59.21734949382044,58.33389357141309,58.33389357141309,631065
2024-07-16,58.75417709350586,58.75417709350586,58.75417709350586,58.75417709350586,0
2024-07-17,58.75417709350586,58.75417709350586,58.75417709350586,58.75417709350586,0
2024-07-18,58.77132797241211,58.96002856391429,58.32531374661746,58.41966404236855,434012
2024-07-19,56.89291763305664,58.942880465330575,56.181004102136576,58.942880465330575,1061469
2024-07-22,55.80360412597656,57.35609131882491,54.78291222976925,55.855072092187086,627395
2024-07-23,55.76072311401367,57.682025937476055,54.980189956526814,57.424705732081016,454437
2024-07-24,57.08161926269531,57.939344531592766,55.07453873063454,55.932263999532,183405
2024-07-25,55.855079650878906,57.68203237243816,55.75215024845324,57.38182979527003,476309
2024-07-26,57.18454360961914,57.38182330597669,55.33186038295421,56.18100658917878,246659
2024-07-29,56.63559341430664,57.467587898067684,55.77786822179817,57.45900881384391,538108
2024-07-30,55.949424743652344,57.38182443807166,55.58917514075829,57.373245352689125,286402
2024-07-31,55.33185958862305,56.995842180255956,54.89441786397065,56.995842180255956,860043
2024-08-01,53.290470123291016,55.66636943277473,52.552825892741154,55.66636943277473,1279830
2024-08-02,53.22185516357422,54.885844369424774,52.32982005033087,53.99380925618143,151135
2024-08-05,51.84949493408203,54.80006878218273,51.03465524634456,53.590676242517596,1095945
2024-08-06,52.34696960449219,53.178964122468344,51.89237628079572,53.07603801128392,191214
2024-08-07,52.226890563964844,52.73294859830223,51.84949262742731,52.321240866089774,174583
2024-08-08,52.70722579956055,53.04173817770015,52.32124872018306,52.74153560038582,243064
2024-08-09,52.6549072265625,53.797116225973944,51.00698963215933,52.96879692570392,222099
2024-08-12,51.809146881103516,53.61401256898648,51.4429444661722,52.3235764588088,453744
2024-08-13,51.44293975830078,52.227663898608704,51.01570032055784,52.227663898608704,333559
2024-08-15,50.945953369140625,52.18407009208277,50.57974762959169,51.739395257725995,355233
2024-08-16,50.745418548583984,51.21625312102101,50.31817903076013,51.21625312102101,332645
2024-08-19,50.54487609863281,51.0069896412908,50.44024398150741,50.832606105504425,599619
2024-08-20,50.57102584838867,51.355749993713005,50.39664233541784,51.34702898871559,671211
2024-08-21,51.76554870605469,52.306137942259696,50.405364588595624,50.98954554651172,355653
2024-08-22,52.253822326660156,52.53283462622269,51.23368090393737,51.87889892548132,194618
2024-08-23,51.721954345703125,52.7508134526856,51.442942044767776,52.22766621995407,301156
2024-08-26,50.815162658691406,52.314856269430216,50.571027727115876,51.44294199827304,259686
2024-08-27,50.562313079833984,50.99827024155458,50.187389654667136,50.81516570580415,152319
2024-08-28,50.52743148803711,52.14047152122908,49.82990075276731,51.20752353916405,366134
2024-08-29,50.84132385253906,51.006986371567464,50.1350720746176,50.52743417346285,591580
2024-08-30,50.22225570678711,51.30343075926188,49.91708707258667,51.30343075926188,228688
2024-09-02,49.63807678222656,51.19008302858829,48.93182506703953,50.1350676212545,226729
2024-09-03,48.58306884765625,50.56231482948812,48.39124662551285,49.69911815593211,542211
2024-09-04,49.72526931762695,49.87349647179317,48.844637376129846,49.699112954104834,88314
2024-09-05,49.67295837402344,50.12635420585609,49.26315759165585,49.95197068190675,639792
2024-09-06,50.745418548583984,51.44294940066322,49.6991206074204,50.43152883362596,379449
2024-09-09,50.274574279785156,51.2249609218468,50.13506813627559,51.2249609218468,376927
2024-09-10,53.0211067199707,53.27395932454813,49.78630232585853,50.33560923445703,684231
2024-09-11,52.38460922241211,53.18676872801692,51.54756902279938,53.18676872801692,535131
2024-09-12,52.35844802856445,53.17804952066103,52.0184020163494,53.16061083720272,389785
2024-09-13,53.186771392822266,53.622728535386386,52.09687853641197,52.14919459091172,166937
2024-09-16,53.17805480957031,53.491941164771596,52.83800543744632,53.273962588996504,521498
2024-09-17,53.17805480957031,53.17805480957031,53.17805480957031,53.17805480957031,0
2024-09-18,52.794410705566406,53.49194148703111,52.31485850118999,53.49194148703111,237813
2024-09-19,54.093563079833984,54.93059999579424,52.31485713885166,52.31485713885166,2044293
2024-09-20,55.78507995605469,55.80251864226111,53.622732757797785,54.276668523136784,5177776
2024-09-23,54.44232940673828,55.80251695490623,54.05868830006541,55.54094332189795,701219
2024-09-24,52.92519760131836,54.320259122575685,52.57643055795952,54.05868550310106,823424
2024-09-25,53.544254302978516,54.23306736315905,52.49795653104804,52.49795653104804,3377794
2024-09-26,54.529518127441406,55.10498140081389,53.54425409121209,53.87558243833228,1179400
2024-09-27,52.968788146972656,54.494638011288735,52.349729857425714,54.494638011288735,1076948
2024-09-30,52.88160705566406,53.59657656195428,51.89634290144878,53.57913787569241,737673
2024-10-01,50.9023551940918,53.16933092914519,50.57974452460357,52.2974166731879,1048326
2024-10-02,52.314857482910156,53.099581675589434,50.135071754455566,51.22496461868286,755038
2024-10-03,54.01509475708008,54.08484617565487,52.57643474623156,53.09958535294434,2106544
2024-10-04,54.89572525024414,54.91316393592139,52.75953448307525,54.02381092291718,353059
2024-10-07,56.37797927856445,56.68314793931247,54.39873018195404,54.895721044365935,11325520
2024-10-08,59.72611618041992,59.830748267782376,56.69185216867588,56.69185216867588,1692558
2024-10-09,59.72611618041992,59.72611618041992,59.72611618041992,59.72611618041992,0
2024-10-10,58.40082550048828,59.15938671993744,57.98230368975407,58.854218030953376,236863
2024-10-11,59.1681022644043,59.717405853871725,57.555062212514116,59.10706853224124,278476
2024-10-14,59.37736511230469,60.16208934726999,58.02590187914412,59.29017500890376,373093
2024-10-15,59.7784423828125,59.95282923442138,58.854215351909176,59.55174945398827,272759
2024-10-16,59.07219314575195,60.1620860082197,57.98230028328421,59.39480382782653,293072
2024-10-17,58.62752151489258,60.946816977185264,58.41826392463828,59.891801367255496,888562
2024-10-18,59.39480209350586,59.978983054207816,58.418255722465666,59.28144898172511,435066
2024-10-21,59.237850189208984,59.944098530471315,58.62750628559246,59.935377526257284,2334416
2024-10-22,59.11579513549805,59.359930087268886,59.028598379426874,59.23786261138347,184850
2024-10-23,59.11579513549805,59.47327655711148,58.55777048797084,58.88037453759151,360372
2024-10-24,58.95012664794922,59.3512064296798,58.56648222534684,58.56648222534684,461295
2024-10-25,58.697269439697266,59.71740755731249,58.18284320424583,58.51416823798516,1238586
2024-10-28,59.691253662109375,60.589324349063524,58.85421671158381,58.85421671158381,601784
2024-10-29,59.31962203979492,60.16906687976773,58.815263955098956,59.9036124138067,2354443
2024-10-30,58.84180450439453,60.1425191577755,58.48786748804527,60.1425191577755,738618
2024-10-31,57.97465515136719,59.275369714993026,57.35527047858661,58.62944094920566,537678
2024-11-01,59.841670989990234,60.602633220744245,57.0721268018283,57.514546389439374,1186856
2024-11-04,59.46119689941406,60.354886462190144,59.239987079474595,59.54968622802022,1428759
2024-11-05,59.346168518066406,59.726649667461004,58.62060059954506,59.284230040294624,1363752
2024-11-06,59.28422546386719,60.169064649895056,59.28422546386719,59.28422546386719,528407
2024-11-07,59.00107955932617,60.56724201102603,58.629448706487224,60.160216779232776,791319
2024-11-08,59.762046813964844,60.11598388223836,58.629453596120044,59.29308306758736,1170001
2024-11-11,59.46119689941406,60.169071023535544,59.284231743777674,60.169071023535544,568858
2024-11-12,59.28422546386719,59.82397790740717,58.39938627783932,59.82397790740717,41398
2024-11-13,59.27537536621094,59.72664524270962,58.62944653884176,59.72664524270962,1034826
2024-11-14,59.36385726928711,60.16906416242685,58.39938580470841,58.39938580470841,3217896
2024-11-15,59.32846450805664,60.60262822480212,59.133798825429615,60.151365143206675,2217101
2024-11-18,59.30192947387695,60.16022471202902,59.28423565746043,60.16022471202902,693905
2024-11-19,59.496585845947266,60.080582957620116,59.30192014205631,59.72664592788996,374885
2024-11-20,59.28422546386719,59.99209951300438,59.28422546386719,59.726645056881125,1197786
2024-11-21,59.12495803833008,59.72664899452869,58.4082404106478,59.284229372347,323220
2024-11-22,64.60211181640625,65.03568113374409,59.28422633960346,59.99210039919724,8609097
2024-11-25,65.73471069335938,69.3537000956323,63.09788667775586,65.0091427563068,2818227
2024-11-26,67.02656555175781,72.30905635259651,64.59325789146297,65.73470120402298,9749937
2024-11-27,72.52141571044922,72.54795980474518,67.30971367235207,67.30971367235207,3859594
2024-11-28,69.40679168701172,74.76891528571129,69.02631054629553,73.00808709997246,1504751
2024-11-29,72.45948028564453,72.99923272830466,69.01745639766987,69.01745639766987,1836946
2024-12-02,73.60092163085938,74.6627259230066,70.78713283080346,73.44165031195858,2781183
2024-12-03,75.14054107666016,76.49434393348874,71.22955354564708,74.3264906563274,2628904
2024-12-04,76.11386108398438,76.53858684840272,74.414971527885,75.21132811692752,871691
2024-12-05,76.9544677734375,77.42343147826557,75.2113334360294,76.51204816499028,2078671
2024-12-06,76.0784683227539,78.23747112300616,74.34417775667538,76.98100122888441,1809314
2024-12-09,71.28263854980469,76.53858517154774,70.78713079449501,76.08731532251251,6724129
2024-12-10,69.47756958007812,74.32649126637364,69.02630645795622,71.671973721146,1790168
2024-12-11,70.26509094238281,71.56579902215466,69.02631459181208,70.32702942237195,2145946
2024-12-12,71.70736694335938,72.55681173405384,69.90229423158846,70.35356409722796,3834897
2024-12-13,67.48667907714844,72.07014614940913,67.15929291177858,71.67197123176965,2756796
2024-12-16,67.33625793457031,69.89344253685772,66.45141878496811,67.51322981496294,2214953
2024-12-17,70.69865417480469,73.39740971275744,66.71687773286585,67.3362624790747,1383490
2024-12-18,69.37139892578125,72.11439926547617,68.84049672306413,72.0259166901546,2106702
2024-12-19,65.60197448730469,70.96409761253771,63.053640148248675,69.91114360740836,2835637
2024-12-20,70.4332046508789,70.6898088496707,65.92052571705048,66.35409506980108,1156522
2024-12-23,73.01692962646484,75.15824567422628,69.90229853548348,70.77828747501144,1675130
2024-12-24,71.68083190917969,73.44166018483646,71.22956198649801,73.22045036500262,1086249
2024-12-26,69.91114807128906,73.22044483588691,69.25636219345857,72.90190217931733,1060451
2024-12-27,71.97281646728516,72.77802337048544,69.45987640830526,70.77828491105775,3767987
2024-12-30,75.96343231201172,76.980998586007,70.43318816071812,70.79597541742041,2712315
2024-12-31,73.73365783691406,75.9634498223594,73.08772220080226,75.9634498223594,984421
2025-01-01,73.73365783691406,73.73365783691406,73.73365783691406,73.73365783691406,0
2025-01-02,75.75108337402344,77.24646376099412,73.66286235167864,73.66286235167864,1332538
2025-01-03,76.83943176269531,77.86584846004654,74.7689113053856,76.92792108202971,500509
2025-01-06,76.22004699707031,77.8658484242829,73.66286228774491,76.83943172740311,769682
2025-01-07,75.58295440673828,77.20221158217498,74.76890405379697,76.98100180686788,268437
2025-01-08,73.7867431640625,76.4058664859288,72.55681716918446,76.09617410426662,237823
2025-01-09,73.41510772705078,75.21133017944571,72.87535528805296,74.326491000864,492208
2025-01-10,74.10529327392578,75.09631574560416,72.9992441205836,73.4151196823664,374068
2025-01-13,73.08771514892578,75.21133053779751,72.29135853425048,72.56566327145305,1029642
2025-01-14,72.12324523925781,73.34432090763308,70.8844690064031,72.84881311480613,1340349
2025-01-15,74.0433578491211,74.76892585364564,72.55682745560878,72.55682745560878,365750
2025-01-16,74.50345611572266,75.01666445934747,73.35316923435592,74.7246659103071,1450715
2025-01-17,75.29096221923828,75.65374952164977,73.6628613763432,74.6804277785462,832526
2025-01-20,74.17607116699219,75.87496079730856,74.06103775140201,75.12284883344023,625309
2025-01-21,74.37074279785156,74.76891776611336,73.8929287854647,74.76891776611336,215852
2025-01-22,74.32647705078125,75.82185714217347,73.8840575445266,74.29108268018658,970442
2025-01-23,74.29994201660156,75.6360509785627,74.23800354820797,75.6360509785627,119546
2025-01-24,75.18478393554688,75.38829316036386,73.4505000051844,74.59194332302854,290794
2025-01-27,73.1142578125,75.476783514903,72.55681156853727,75.184784970109,971702
2025-01-28,73.32662963867188,73.87522564240095,72.55681707599666,73.87522564240095,195035
2025-01-29,72.12324523925781,73.43280347766826,71.48615993374469,73.43280347766826,2165797
2025-01-30,71.66312408447266,73.79558977205403,70.78713517687922,72.99923315115669,1247053
2025-01-31,71.76046752929688,72.468341685883,71.49501978366828,72.468341685883,3841081
2025-02-03,70.97295379638672,71.67197759786784,70.78713836826454,70.79598865078108,235314
2025-02-04,69.99076843261719,71.53923679064317,69.81380332058588,70.97294033119942,439163
2025-02-06,69.64569091796875,71.5834908788109,68.57503632225765,71.47730774712531,439131
2025-02-07,69.80496215820312,70.78713418508414,69.45987541911381,70.68095105352313,375327
2025-02-10,69.45987701416016,70.69865324100329,67.29202368027518,70.69865324100329,525422
2025-02-11,69.7961196899414,70.76944829458098,69.6810930142967,70.76944829458098,103854
2025-02-12,68.34497833251953,70.69865385918034,68.13261881345132,69.90229722419032,503177
2025-02-13,69.10594177246094,69.40679061784728,68.13261998004634,68.92897662867192,467283
2025-02-14,70.12349700927734,70.60131092202168,68.61927327532351,68.79623839080521,310083
2025-02-17,69.62799835205078,70.97295095689225,69.01745714779908,70.5216810776285,791708
2025-02-18,70.53937530517578,70.78712917717,69.45102022373065,70.63670814785733,399048
2025-02-19,70.76058959960938,70.96409882854061,69.90229452343618,70.69865112765807,1472409
2025-02-20,69.6014633178711,70.78714475209027,69.38025349052081,70.78714475209027,4696305
2025-02-21,68.51309967041016,69.90229694730614,68.26534577401404,69.90229694730614,431459
2025-02-24,68.88473510742188,69.90230160756295,68.51310423805175,68.51310423805175,490876
2025-02-25,68.99976348876953,69.90229649853072,68.14146838834515,69.76956926894566,7394938
2025-02-26,68.43346405029297,69.45988081610652,68.26534918407624,69.1501884301413,4172023
2025-02-27,68.1591567993164,69.81380839530856,68.05298042469424,69.54835395717957,601817
2025-02-28,68.18569946289062,68.98205600978852,68.13261127669298,68.1591553697918,235176
2025-03-03,68.22109985351562,69.45987606340255,68.19455575807595,69.45987606340255,191361
2025-03-04,68.22109985351562,68.22109985351562,68.22109985351562,68.22109985351562,0
2025-03-05,68.21224975585938,69.03515047065025,68.13261746932507,69.03515047065025,282804
2025-03-06,68.35383605957031,68.99977172018876,67.99989898871588,68.22110881415139,461675
2025-03-07,68.81394958496094,69.54836782622384,68.57504594363313,68.79625576925775,282515
2025-03-10,68.36429595947266,69.69525349673071,67.44701951296521,69.69525349673071,82266
2025-03-11,67.57291412353516,69.23660575297211,67.4470135804036,67.89666033760629,96268
2025-03-12,68.05853271484375,69.01178163435087,66.5477193524007,68.34630636192504,98420
2025-03-13,67.49198913574219,68.7689844334657,67.44702171017573,68.34631533297807,239395
2025-03-14,68.00457763671875,68.88588143355173,67.89665994562972,68.68803576375433,394461
2025-03-17,67.90565490722656,68.63408045527952,67.53694127456545,68.33731195012277,42758
2025-03-18,68.96683502197266,69.24561386928178,68.2563921862196,68.2563921862196,101545
2025-03-19,69.6233139038086,70.13591101846133,68.3463185460514,69.46144076965162,397781
2025-03-20,69.1646728515625,70.1448995649926,69.11970542792795,69.62330763952025,355656
2025-03-21,68.33731842041016,69.87510964582526,68.07652245431301,69.87510964582526,103044
2025-03-24,68.31034088134766,69.47942530318412,67.53694783817566,69.2456070466037,112747
2025-03-25,67.95061492919922,69.36250545525743,67.8157263925256,69.36250545525743,344640
2025-03-26,66.43980407714844,69.22761953210927,65.19878146544482,69.22761953210927,2410018
2025-03-27,65.76533508300781,67.42903364546918,64.29948906110872,67.42903364546918,2047192
2025-03-28,65.76533508300781,65.76533508300781,65.76533508300781,65.76533508300781,0
2025-03-31,65.76533508300781,65.76533508300781,65.76533508300781,65.76533508300781,0
2025-04-03,66.97938537597656,67.44701499440241,65.83727874654153,66.52074375291639,713152
2025-04-04,66.88046264648438,70.14489570750398,66.6466444063611,67.44701510336921,43523860
2025-04-07,66.0351333618164,66.72758645730491,62.95055585068995,66.32290705697692,7698691
2025-04-08,67.71680450439453,68.48120262083987,66.63764816847315,66.63764816847315,32603056
2025-04-09,66.1430435180664,67.40204900247176,65.87325270794223,67.40204900247176,2886543
2025-04-10,67.29414367675781,68.571138978956,66.72758430132494,67.87868590584078,6431847
2025-04-11,66.57470703125,67.26716697582903,66.10707735760126,67.26716697582903,1783130
2025-04-14,66.34088897705078,67.35709518398485,65.6034684647691,67.35709518398485,3438962
2025-04-15,66.82649993896484,67.58191007101672,66.55671599692606,66.99736790500167,1866115
2025-04-16,67.2761459350586,68.09450633034609,66.54772038048866,67.3570859194914,4089687
2025-04-17,67.00636291503906,68.79595512060762,66.54772129313677,67.4470148241251,10345768
2025-04-18,67.51896667480469,67.80674035892636,66.09808110773766,66.98837987094753,4036186
2025-04-21,68.93086242675781,69.4704372663218,67.8966733153048,67.8966733153048,6429759
2025-04-22,67.9865951538086,69.15567958452891,67.4470203631168,69.15567958452891,1596323
2025-04-23,67.53694915771484,68.43624277329312,67.43802631111598,68.1574639480049,3616887
2025-04-24,66.07109832763672,67.44701636368545,65.19878248489594,67.00636444454099,2854200
2025-04-25,66.67362213134766,66.99736835281021,65.7383560316853,66.99736835281021,4283445
2025-04-28,65.10031127929688,66.68277242792942,64.91737094038372,66.68277242792942,2427924
2025-04-29,65.55767822265625,66.24371505708018,64.49661154768557,65.05458873131523,880667
2025-04-30,64.59722900390625,65.5668254691142,64.02095361299956,65.5668254691142,2438938
2025-05-02,66.27114868164062,67.23160294375646,64.48745588482763,64.48745588482763,1228905
2025-05-05,65.3838882446289,66.93890230814316,65.17350054066448,66.31689528699192,366694
2025-05-06,64.97225189208984,66.0882061083707,64.13986427454162,65.24666938022425,512721
2025-05-07,63.25259017944336,65.74976005847851,62.67631483910698,63.10623232198436,1474547
2025-05-08,61.734153747558594,64.85333728615235,57.169724868130395,63.847151524218496,6702326
2025-05-09,64.16731262207031,64.46917050088062,61.267665307835195,61.267665307835195,4507583
2025-05-12,70.23187255859375,70.58861113461863,67.8261727035775,70.58861113461863,10000983
2025-05-13,68.28353118896484,69.51839603864265,68.0548522546272,69.51839603864265,1803613
2025-05-14,66.98463439941406,68.46646938069522,66.77424671583387,68.20120098780151,1116299
2025-05-15,67.14927673339844,67.68895559715469,67.00291888502136,67.00291888502136,362649
2025-05-16,68.49390411376953,68.60367250211443,67.14012888448129,68.05484451784281,1200566
2025-05-19,68.29267120361328,68.59452205289891,67.4602766437124,68.49390277689493,640567
2025-05-20,66.98463439941406,68.51220795760783,66.40835903671403,68.5030588464799,3364680
2025-05-21,68.10972595214844,68.51220306833075,66.78339106105895,67.46027868295296,1405999
2025-05-22,67.30477905273438,68.6036735979614,67.1401299569502,68.58538235564163,1008528
2025-05-23,67.68895721435547,68.14631503337138,67.18586082194737,67.60663615672132,692266
2025-05-26,67.50601196289062,67.68895228568587,67.23159449997178,67.68895228568587,433044
2025-05-27,67.49687194824219,67.67067016342493,67.00292463566514,67.67067016342493,697707
2025-05-28,67.49687194824219,67.49687194824219,67.49687194824219,67.49687194824219,0
2025-05-29,67.23159790039062,68.10057494570786,67.01206810618783,67.01206810618783,238259
2025-05-30,67.35051727294922,67.6889646083327,67.00292780486986,67.67067336421367,175108
2025-06-02,67.28649139404297,67.87190894234386,67.23161067974215,67.47858087282349,231499
2025-06-03,68.375,68.78661928208776,67.0943965975656,67.0943965975656,862192
2025-06-04,70.70752716064453,72.033862148394,68.58538699300918,68.58538699300918,11109864
2025-06-05,70.86302185058594,71.57649893422865,69.97574656189767,71.10999200310592,1593248
2025-06-06,70.86302185058594,70.86302185058594,70.86302185058594,70.86302185058594,0
2025-06-09,70.86302185058594,70.86302185058594,70.86302185058594,70.86302185058594,0
2025-06-10,72.3906021118164,72.70160908808633,70.25017065938067,70.93620745496554,1240004
2025-06-11,73.55229187011719,73.90903043037305,72.71989724370226,72.71989724370226,2867052
2025-06-12,71.22891235351562,74.54932775209554,70.707524696239,73.55229101292998,3841723
2025-06-13,70.14039611816406,71.33867138300377,69.51838919881507,70.44225395668487,521425
2025-06-16,70.14039611816406,70.14039611816406,70.14039611816406,70.14039611816406,0
2025-06-17,70.09465789794922,70.89046302750276,69.07018083413033,70.89046302750276,371361
2025-06-18,69.69219207763672,70.65263938451608,68.84150618941383,70.43310956847608,122225
2025-06-19,68.60367584228516,71.34782287597656,67.96337765924787,70.41481595516127,2087020
2025-06-20,68.7591781616211,69.92087101998594,68.1554694226983,69.92087101998594,418720
2025-06-23,68.02740478515625,69.41776948989212,67.23159966454055,68.3201135113494,927767
2025-06-24,71.39356231689453,73.16810600799425,68.61282578492805,68.61282578492805,2193720
2025-06-25,72.75648498535156,73.04004460890846,71.43929219177453,72.26253768776017,1195235
2025-06-26,71.16487884521484,73.17725044084759,70.4331035493158,73.158959198877,1068053
2025-06-27,72.6375732421875,73.63460995262686,71.11914191076693,71.66796990597287,2891840
2025-06-30,73.39678955078125,73.9547667144875,71.39356681132621,71.39356681132621,2333404
2025-07-01,75.78418731689453,75.92139605490769,73.40592811332942,74.09196482466896,9013689
2025-07-02,77.10138702392578,77.43068523351273,75.82993276196999,76.02202222110789,8271590
2025-07-03,76.50682067871094,77.75083459045639,76.20496282246528,77.2934767399243,9520118
2025-07-04,78.06182861328125,78.64725303765104,75.92139738615896,76.37875520173823,4818340
2025-07-07,81.38225555419922,83.138507993278,78.6655488550506,79.10461545418372,10366138
2025-07-08,81.31822204589844,81.81216933048941,80.03761875015073,81.40969221443902,3119897
2025-07-09,81.23589324951172,81.40969145322231,79.96443907612468,80.95233363606937,1744672
2025-07-10,83.71477508544922,84.61119951309256,80.95233683144531,80.95233683144531,3901522
2025-07-11,83.7513656616211,86.71504949778536,82.59882892628404,84.7026708089264,4084365
2025-07-14,86.0930404663086,86.44062990490737,83.87028113246191,83.92516183889154,4798976
2025-07-15,85.2606430053711,88.63594591209643,84.24530809812407,85.9832691902684,6396304
2025-07-16,83.49525451660156,85.89181235057995,82.78177733133673,85.26065623497144,2834159
2025-07-17,83.86113739013672,84.47399524692155,82.59883221036283,83.69648828158124,2423990
2025-07-18,83.68733978271484,84.15384675682344,83.13851174308968,83.69648889401462,636668
2025-07-21,84.0623779296875,84.6020568666778,83.26657272328116,83.68734112637375,771397
2025-07-22,83.74222564697266,84.55632206673434,83.60501689537448,84.06237474821708,1174066
2025-07-23,84.14469909667969,85.05941483807248,83.92516927278905,85.05941483807248,928064
2025-07-24,83.8062515258789,85.05940751734742,83.55927438887193,84.61119879668414,341896
2025-07-25,84.10810852050781,84.61120496313082,83.55928047865457,84.61120496313082,790704
2025-07-28,81.5926284790039,84.61119274126379,81.22674782310371,84.5288716873041,2730461
2025-07-29,82.18720245361328,83.01044796137225,81.45543409683727,82.14147085684861,1042227
2025-07-30,82.45246887207031,83.14765472634764,81.40969358001766,83.14765472634764,1393876
2025-07-31,80.53157043457031,85.06855943358072,80.29374240038989,82.55309127828667,6554598
2025-08-01,80.06507110595703,80.76940616463702,79.68089215325571,79.68089215325571,5146940
2025-08-04,80.51327514648438,81.40969962876693,80.0925067498953,80.48583479129574,4038798
2025-08-05,80.49498748779297,81.4097032546997,80.28459979076433,80.54986820061458,3121515
2025-08-06,82.41587829589844,83.14765360407401,80.2937382766611,80.7693943205932,19236934
2025-08-07,83.50439453125,83.87028219578187,81.88534388378268,82.59882797004686,7941820
2025-08-08,82.13182067871094,83.37455970969395,81.42699079757915,82.26165813447788,1613831
2025-08-11,82.80882263183594,84.06083050562354,81.20439280018743,83.36526978956272,8681240
2025-08-12,87.17694854736328,88.6979075091621,82.81810395023909,82.81810395023909,10208778
2025-08-13,88.0950927734375,89.95919771762308,86.48139368214795,87.63138556870749,5587956
2025-08-15,88.28057861328125,88.75355486076884,87.8725140148744,88.10436761385823,964790
2025-08-18,91.54507446289062,91.81402548763471,87.8261407422711,88.28057889215438,7290928
2025-08-19,92.48177337646484,92.68580569482172,90.79387930043644,91.81403381660992,2722713
2025-08-20,95.56078338623047,97.1002876553959,92.74144267969449,92.74144267969449,6204463
2025-08-21,95.48658752441406,96.6365794203131,94.32731950317418,95.56078237591993,7348237
2025-08-22,96.41400146484375,98.29665158993394,94.59627006559766,95.4309444518868,8545465
2025-08-25,98.0369873046875,98.25956480660125,95.98740208035426,96.46038546308075,2433979
2025-08-26,97.90713500976562,98.305923472916,97.38778522542471,98.305923472916,950877
2025-08-27,97.41561126708984,98.30592825885147,96.91480663254697,97.93496107671483,4887175
2025-08-28,97.3228759765625,98.25955948941726,96.45110411745922,97.3785185801271,9891749
2025-08-29,97.45271301269531,98.12045255501835,96.96118448171053,98.12045255501835,7232305
2025-09-01,96.49746704101562,97.842215033507,96.20996377784357,97.45270270024041,1120312
2025-09-02,99.77124786376953,100.15148410755947,95.82973646570393,96.45110244678182,3756809
2025-09-03,98.3152084350586,100.16076122082688,98.2131922788774,99.77124884755915,2081409
2025-09-04,97.39705657958984,99.23334019363784,96.45109701063865,98.35229934926555,2396890
2025-09-05,97.22085571289062,98.25028628901642,96.45110004324513,97.37851446673787,952138
2025-09-08,98.0833511352539,98.25028601403982,96.46964494845328,98.20391246275075,1982148
2025-09-09,97.89787292480469,98.49141764220559,95.98740130789623,98.08336007124944,3023316
2025-09-10,97.3228759765625,99.12205522272282,96.3769092622992,97.3785185801271,1343706
2025-09-11,96.46037292480469,97.88859193802747,96.08012962766672,97.84221838816812,688665
2025-09-12,95.30110168457031,97.3692317465434,95.0599719696229,96.45109351064177,848408
2025-09-15,94.96723175048828,95.70915899211731,93.66885023312494,95.30110148568485,872611
2025-09-16,94.25312042236328,95.98738785153826,93.62247836408238,94.9672334537454,619731
2025-09-17,94.30877685546875,95.96884955544556,93.67813475198935,94.25312717754277,292844
2025-09-18,95.14344787597656,95.84828486023687,94.29022825459411,94.29022825459411,1264776
2025-09-19,95.5793228149414,96.45109458791201,94.68900586781851,95.14343692845611,1065506
2025-09-22,94.20675659179688,96.45109774502501,93.96562686626342,95.59787819388859,363540
2025-09-23,94.20675659179688,94.20675659179688,94.20675659179688,94.20675659179688,0
2025-09-24,94.3922348022461,94.68900712188419,92.83417835524352,92.98256805286768,587312
2025-09-25,93.03821563720703,94.59627216769945,91.8233049941506,94.59627216769945,2227152
2025-09-26,97.97205352783203,98.80672787635515,93.21442035466538,93.48337137116783,2930497
2025-09-29,99.86398315429688,100.34623553037696,97.9535117491495,97.9535117491495,2481158
2025-09-30,101.40348815917969,103.77767385940042,99.92890264406606,100.16075624648848,9463215
2025-10-01,100.98616027832031,102.85026532953617,97.37851858443166,101.09745256106527,7200680
2025-10-02,105.26152801513672,106.37442239738759,100.16074912453539,101.08816346828108,4517189
2025-10-03,105.48411560058594,107.58007419978725,103.8704164687601,106.0962125224985,2450090
2025-10-06,101.98776245117188,107.58007013742484,100.17003108068174,105.48411161736963,3240176
2025-10-07,101.98776245117188,101.98776245117188,101.98776245117188,101.98776245117188,0
2025-10-08,105.60468292236328,110.73328355082188,98.39866889139168,102.6555047734132,8771817
2025-10-09,102.42364501953125,106.08692894122109,102.01558043360161,105.60467658334888,1953721
2025-10-10,100.55027770996094,102.00631818206219,99.24262695314668,102.00631818206219,2197566
2025-10-13,96.84989166259766,100.55027335091334,94.13256703080228,100.55027335091334,4127843
2025-10-14,103.96316528320312,104.56598613056364,99.23335269153269,99.23335269153269,5684474
2025-10-15,107.63571166992188,110.5477922838931,103.96315154037107,104.05589156410316,12149051
2025-10-16,104.46395874023438,110.36231496313655,104.14864123663271,105.02968209727072,3063906
2025-10-17,103.9724349975586,106.18895497643265,102.47929716066207,106.18895497643265,1163949
2025-10-20,108.13652801513672,108.86918631060716,102.53494365183728,104.19501643641802,2572156
2025-10-21,107.10710144042969,111.19700288927537,106.6526703046506,108.97120661562127,4718833
2025-10-22,105.73451232910156,108.32199922212466,104.84419539961137,106.66192668177177,1937208
2025-10-23,101.92284393310547,102.95227448272992,99.76196668384978,99.76196668384978,10423754
2025-10-24,98.89019775390625,102.01558691853948,98.30592921241077,102.01558691853948,3840772
2025-10-27,98.81600952148438,99.6506768410252,96.45109991449064,98.30592875900008,1008868
2025-10-28,97.45271301269531,100.14221635789163,96.72933086704896,99.23334707514954,928555
2025-10-29,98.27810668945312,99.92890321605219,97.36923744948632,97.36923744948632,1297544
2025-10-30,95.23619842529297,99.51157988824184,94.59628014832927,99.49302763567441,1319987
2025-10-31,103.14703369140625,103.77767578471956,96.91480761057134,96.91480761057134,2629762
2025-11-03,101.3836669921875,103.64414452949313,100.3612983226766,102.23721044085748,716245
2025-11-04,98.8605728149414,102.98758102118134,98.46663297659173,102.98758102118134,771039
2025-11-05,97.61309051513672,99.17010106765044,97.07845582725707,98.86057383886825,410055
2025-11-06,97.54743957519531,99.28265702104657,97.17225568408321,98.48539572495682,191488
2025-11-07,98.61670684814453,100.07991611971323,96.85335190148386,98.48539356254413,670290
2025-11-10,98.4009780883789,99.84542418803848,98.01641265168976,99.84542418803848,361040
2025-11-11,96.1498794555664,98.9543661220654,95.6809014170732,97.73502035956828,845733
2025-11-12,96.5438232421875,97.98827651859541,95.86849369414875,96.60947988402252,1473316
2025-11-13,97.38798522949219,98.48539216762535,96.65638060407008,97.72565000369273,473152
2025-11-14,97.53805541992188,98.4853931097153,96.6563815286641,98.39159892843733,1298471
2025-11-17,97.43488311767578,98.84181735468748,97.07846235380636,97.73502880199678,733158
2025-11-18,96.67513275146484,98.48538826971149,96.60009454771523,97.45363801428381,376742
2025-11-19,95.65276336669922,97.87571467737061,95.21192286791413,96.70326958742598,863444
2025-11-20,95.42765808105469,96.84397389178243,95.20255060548104,96.84397389178243,573383
2025-11-21,95.80284118652344,96.60948405304156,95.67152789718678,96.60010248779248,360712
2025-11-24,95.70903778076172,96.60947474490241,95.01495229599352,95.81221352044797,1391353
2025-11-25,97.41612243652344,98.43849116445826,95.67152349443603,95.72779857126555,1904024
2025-11-26,96.46878814697266,98.29780692457621,95.90601589080137,97.54743914565616,1743805
2025-11-27,97.49116516113281,97.72565420017264,96.4687892297796,97.50992113559947,676728
2025-11-28,98.21338653564453,99.32955663189205,96.6094823953778,97.53805697005065,1145498
2025-12-01,97.54743957519531,99.23576350718102,97.31295053775494,98.21338758280147,584267
2025-12-02,98.71049499511719,100.83027772113084,97.54743146974519,98.9543655774819,1142081
2025-12-03,97.89448547363281,100.54889592658222,97.53805755850932,98.96375490692833,515033
2025-12-04,98.07269287109375,99.41397045343574,97.547439716399,99.41397045343574,134671
2025-12-05,99.01065063476562,99.42335363791165,97.35985293425685,99.37645296717682,1455355
2025-12-08,98.69174194335938,99.42334655607017,97.82882404918956,97.82882404918956,625918
2025-12-09,99.04816436767578,99.87357032919698,98.02579563665716,99.42334824509112,1615403
2025-12-10,98.68236541748047,99.61093999979362,98.2509064483649,98.83244183597502,803981
2025-12-11,98.23214721679688,100.25812870703136,97.64123028361566,100.25812870703136,587078
2025-12-12,98.38220977783203,99.17947099127876,98.02578905404226,99.17947099127876,888922
2025-12-15,98.1102066040039,99.1419568825358,97.55681594004155,98.50414644845546,1214762
2025-12-16,98.70112609863281,100.17371692739144,97.45364273599267,98.11020916052047,11630326
2025-12-17,99.69535064697266,100.5488869418962,97.5286744345914,98.86057032462503,5101295
2025-12-18,101.55249786376953,102.47169793670922,100.4644725724914,100.4644725724914,1887230
2025-12-19,99.27326965332031,101.75885473611294,98.81367317049117,101.66506055782658,1008001
2025-12-22,98.58856964111328,100.26751197669866,98.48539389407459,99.4139684613854,892560
2025-12-23,99.42333984375,99.8923178618809,98.67297215232591,99.37643917952225,838585
2025-12-24,99.01065063476562,99.89233172110934,98.53229814225108,99.89233172110934,404850
2025-12-26,99.77976989746094,100.83028333254084,98.58856876860735,99.70473884612741,886864
2025-12-29,100.37068939208984,100.73649171729375,99.1232059979137,100.27689520850582,4962117
2025-12-30,100.80213928222656,102.60301320657115,100.36129878744664,101.01786516943575,2530441
2025-12-31,102.28411865234375,102.7061960476589,100.83028379108066,101.28988029025187,2049006
2026-01-01,102.28411865234375,102.28411865234375,102.28411865234375,102.28411865234375,0
2026-01-02,105.17301940917969,106.92699996727247,98.5322953761165,104.10374998198996,3657039
2026-01-05,108.13695526123047,109.22498057215746,105.17301067001463,105.42626281416929,4205607
2026-01-06,111.02586364746094,111.61677340105793,106.56119070772827,106.9551305434596,5533640
2026-01-07,112.26396179199219,113.93352241420541,109.75023929449229,111.56986916340273,2189923
2026-01-08,111.24159240722656,113.02371043449659,110.30363630403572,112.2639682808439,7951282
2026-01-09,111.09152221679688,112.5078307683472,109.74086314963867,111.24159147090495,2286688
2026-01-12,108.58717346191406,110.6788186926432,106.92699433018072,110.6788186926432,785926
2026-01-13,110.20984649658203,110.67882456678025,107.53667292765965,110.67882456678025,1416951
2026-01-14,109.7596206665039,110.9883480347273,108.81229014927872,110.67882080147763,1084736
2026-01-15,109.3938217163086,110.58503001805165,108.80291192598749,109.27188999463398,1116665
2026-01-16,111.63553619384766,112.54535479102528,109.08430151418129,110.19109004125757,2797313
2026-01-19,114.97466278076172,115.88448136112834,112.08575621688591,112.08575621688591,4628412
2026-01-20,116.79429626464844,117.24451836382201,114.37437484420764,115.46240025348442,2072578
2026-01-21,116.98188781738281,118.18247049971555,116.29717670472013,117.713492442177,2818647
2026-01-22,116.99127197265625,118.18247311652348,115.13411567502585,117.24451698067806,1064185
2026-01-23,117.56342315673828,118.08868347913334,114.43065297733874,117.33831567916194,1052670
2026-01-26,116.90685272216797,118.07929789721862,115.39674276421972,117.47900654007569,540510
2026-01-27,119.35491943359375,120.52736461467032,117.8072903633652,118.08868006923856,2298559
2026-01-28,118.64205932617188,120.88378087990812,117.94797384955467,120.05837497211131,894127
2026-01-29,117.9292221069336,120.0396233051848,117.24451101395579,118.67020111922919,5003785
2026-01-30,119.43932342529297,120.05837787108851,117.23512807527334,117.90107603130261,1362777
2026-02-02,121.0995101928711,122.77844528058289,119.7300951733075,121.83111479110013,3259074
2026-02-03,124.38236236572266,125.67674639867961,122.39389995967547,122.87225243129777,2205062
2026-02-04,127.20560455322266,128.49998858009772,125.78929596282536,126.14572386867783,3569221
2026-02-06,122.64714050292969,127.56203586048967,120.5367391743554,127.20560794513312,3035579
2026-02-09,119.53312683105469,124.74816042034945,117.7134897199538,122.65652233947925,5164627
2026-02-10,117.0194091796875,120.99634118069586,115.36860438159373,119.53313190286127,4501819
2026-02-11,120.37728881835938,120.99634331206329,117.22576273890202,117.22576273890202,1748706
2026-02-12,117.11320495605469,121.84049763433998,116.30656209805294,121.46532090078915,1070744
2026-02-13,115.8188247680664,119.12042715958107,113.52082798199542,119.12042715958107,2806694
2026-02-16,113.94290924072266,124.27918222916357,112.0857530293211,121.93429199842463,5677237
2026-02-17,113.07999420166016,118.82967013598233,111.61678485815756,114.43065338399346,5306660
2026-02-18,121.18392181396484,121.83111379450581,113.50206643936137,115.34984104882007,3143550
2026-02-19,116.18462371826172,120.52735784902201,115.83757738797057,120.05837980291686,1080166
2026-02-20,115.19976806640625,118.18246875454824,112.6579078908067,116.6723588590905,1650599
2026-02-23,113.558349609375,117.90108396238881,110.7726187279757,113.50207453089419,899728
2026-02-24,112.28272247314453,116.10958503090772,108.33392820007407,113.55834332573225,2737824
2026-02-25,117.0850601196289,118.79213991263094,112.55473049957224,112.55473049957224,2959241
2026-02-26,117.6009292602539,119.12042066698241,114.43064032576262,117.43209688172853,2809227
2026-02-27,121.08074951171875,123.4819148377396,114.14925450533816,116.67235870422039,7033889
2026-03-02,108.97174072265625,113.30510051019336,108.97174072265625,109.7408644436265,6101079
2026-03-03,111.93567657470703,115.3685993060281,105.9984199514484,109.13118986355983,4494135
2026-03-04,111.62616729736328,113.49269809708761,108.89671137103932,111.61678573184649,2858609
2026-03-05,113.3144760131836,114.27119525828631,112.08575579192372,112.08575579192372,1007605
2026-03-06,109.92845153808594,113.82097076589812,109.28126669824965,113.02370951587324,391594
2026-03-09,102.42479705810547,107.81804430666764,100.36129662541809,103.17516475510271,1904927
2026-03-10,111.52298736572266,112.08575962299882,105.98904466442568,107.85557539420603,1060202
2026-03-11,109.79713439941406,116.30655176387225,108.82165923557329,116.30655176387225,900467
2026-03-12,108.05254364013672,110.91331270769736,107.02079332522608,108.06192520515553,2828606
2026-03-13,106.65498352050781,109.17808763068528,105.9890355716581,108.80290377267558,743965
2026-03-16,101.10411071777344,105.03915768453662,100.5148014697038,104.55440342002287,4129733
2026-03-17,101.7789535522461,104.07914851883018,100.7524177442557,100.7524177442557,543439
2026-03-18,103.30924987792969,104.06964112950484,101.79795984689197,101.81697379790745,732315
2026-03-19,103.57538604736328,104.41181859047009,101.23717046512827,102.65340522901626,1672341
2026-03-20,103.57538604736328,103.57538604736328,103.57538604736328,103.57538604736328,0
2026-03-23,103.57538604736328,103.57538604736328,103.57538604736328,103.57538604736328,0
2026-03-24,103.10014343261719,106.4553879828773,101.91202526316543,106.33182630386553,1253390
2026-03-25,105.229248046875,107.4058813804525,102.65340875299886,103.60390327848958,1451905
2026-03-26,101.7789535522461,105.5048902793621,101.70291225127697,105.22924600212221,2988099
2026-03-27,102.55835723876953,104.31677060037254,101.81697269454645,104.31677060037254,1017132
2026-03-30,100.95201873779297,103.35676863305505,99.32667403291265,103.35676863305505,5001957
2026-03-31,102.6438980102539,104.07914672154688,100.95201897724374,101.70291049502754,2790114
2026-04-01,106.75003814697266,109.06924711644069,103.60390357901557,103.60390357901557,3570156
2026-04-02,106.77855682373047,107.64351036576272,103.12866114512366,105.50489757703896,2477020
2026-04-03,108.68904113769531,109.54448761059037,104.55439164568278,104.55439164568278,3444754
2026-04-06,107.21578216552734,109.78211440682608,106.55043166658868,106.55043166658868,9532627
2026-04-07,105.09618377685547,107.88113314276752,104.66846412322415,107.88113314276752,3228821
2026-04-08,115.60865020751953,115.60865020751953,107.66251514115848,109.3068739133852,4258004
2026-04-09,57.22927474975586,57.98016629824838,56.083930727174504,57.50491903350864,2992616
2026-04-10,57.29105758666992,58.69303552747247,57.086701123605096,57.50491739938598,1913978
2026-04-13,56.27878189086914,58.66927512333419,55.199972163259794,55.60393162511002,4720526
2026-04-14,57.666500091552734,58.21778864690226,57.07719451150747,57.49541441579988,4260024
2026-04-15,58.925907135009766,59.1682842544222,58.217789728246736,58.217789728246736,6609286
2026-04-16,58.0086784362793,60.29937004657367,57.90887694843116,60.29937004657367,3116582
2026-04-17,59.56748962402344,60.109274834349215,57.747295380101214,58.33660096524565,3159214
2026-04-20,61.48749542236328,63.207888255851365,58.05620947976694,59.38689968859126,7116176
2026-04-21,62.10531234741211,63.25541717016995,61.30690038139969,63.20788954051286,3470998
2026-04-22,60.822147369384766,63.11283907175458,60.546503081858575,63.11283907175458,2239354
2026-04-23,58.23679733276367,61.57303136838083,57.504916146703785,61.29738709846567,12253962
2026-04-24,58.189273834228516,58.93065837610796,55.119177066833124,57.98016388617073,12853841
2026-04-27,57.70452117919922,59.11125262736398,57.40987019986906,58.45541271682229,7108516
2026-04-28,57.70452117919922,57.70452117919922,57.70452117919922,57.70452117919922,0
2026-04-29,57.70452117919922,57.70452117919922,57.70452117919922,57.70452117919922,0
2026-04-30,56.611454010009766,57.00115661193567,55.03363327710871,56.079175782027335,2358325
2026-05-04,56.982147216796875,58.17026536716441,56.55442395749479,57.742542107862334,5796506
2026-05-05,56.79691696166992,57.46959139519141,55.57830816923117,57.46959139519141,1457360
2026-05-06,58.94166946411133,59.477856591587845,57.06013718200913,57.52808251429221,7953897
2026-05-07,58.31774139404297,59.370621163515615,58.005777844324896,58.88317765221877,2856276
2026-05-08,57.5963249206543,58.444475557222454,57.32335403571035,57.81079752873323,1697134
2026-05-11,58.2495002746582,58.62970562284972,57.42084778341509,57.51833499924408,1185984
2026-05-12,57.92778396606445,58.61995656495036,57.71331135413391,58.61995656495036,1166403
2026-05-13,57.391597747802734,58.3957339058839,56.83591244467283,58.3957339058839,1018326
2026-05-14,55.93901824951172,58.23975221176104,55.471072926174394,57.40134877952793,2581702
2026-05-15,55.93901824951172,55.93901824951172,55.93901824951172,55.93901824951172,0
2026-05-18,54.98362731933594,56.73842314465544,54.61316922456779,56.3484668639628,1496718
2026-05-19,54.93488311767578,56.49470461021082,54.603421375915744,55.47107396383093,1608888
2026-05-20,55.139610290527344,56.20223727374898,54.83739398045372,55.44182288170217,2207544
2026-05-21,56.124244689941406,56.543446400421956,55.56855939351813,55.56855939351813,2315285
2026-05-22,55.744041442871094,56.44596130421394,55.56856147753538,56.44596130421394,756606
2026-05-25,57.83029556274414,58.3957317982361,56.348466901581,56.54344504205749,2985961
2026-05-26,57.83029556274414,57.83029556274414,57.83029556274414,57.83029556274414,0
2026-05-27,57.83029556274414,57.83029556274414,57.83029556274414,57.83029556274414,0
2026-05-28,57.83029556274414,57.83029556274414,57.83029556274414,57.83029556274414,0
2026-05-29,57.93753433227539,58.346985084552145,57.26486364543555,58.005776124321514,3643460
2026-06-01,57.54758071899414,58.103266033682026,57.4305953156122,57.93753702213252,1583635
2026-06-02,57.5378303527832,57.810797518781435,57.5183321667978,57.5183321667978,1293094
2026-06-03,57.5378303527832,57.5378303527832,57.5378303527832,57.5378303527832,0
2026-06-04,56.982147216796875,57.43059435467326,56.884656283194055,56.972396263987164,1439431
2026-06-05,56.8846549987793,57.216116727746986,56.66043143490391,56.9918931638716,418517
2026-06-08,56.26072692871094,57.41109386682361,55.71479259801252,56.67018139563346,1370801
2026-06-09,56.767669677734375,57.225867758702144,56.397211575698755,56.397211575698755,1889915
2026-06-10,56.51420211791992,57.216118248169394,56.37771852922972,56.64093475376147,1645173
2026-06-11,56.397212982177734,56.83591288777915,56.04625677659548,56.05600401054268,1397563
2026-06-12,56.397212982177734,56.397212982177734,56.397212982177734,56.397212982177734,0
2026-06-15,58.629703521728516,60.296759397394446,57.53783112419804,60.296759397394446,1867934
2026-06-16,59.4486083984375,60.004293687043706,58.63945412791743,59.46810658456914,4613928
2026-06-17,59.702083587646484,60.49173970494795,59.468109063213404,59.56559627903616,3022085
2026-06-18,59.819068908691406,60.35525603278185,59.487607168888395,60.316259658946464,3000309
2026-06-19,59.56559371948242,60.248015357614534,58.98066301188275,60.043289981844524,5274876
2026-06-22,58.81493377685547,59.85806255660545,58.639453821486434,59.5655934850579,2243188
2026-06-23,57.654815673828125,59.46810606019559,56.211983382897785,59.46810606019559,2441105
2026-06-24,57.3136100769043,58.20075713613908,56.54344842138759,57.76205722357266,4139894
2026-06-25,57.3136100769043,57.3136100769043,57.3136100769043,57.3136100769043,0
2026-06-26,57.3136100769043,57.3136100769043,57.3136100769043,57.3136100769043,0
2026-06-29,55.471073150634766,57.9960306914358,52.79988106868085,57.001645480733195,4238120
2026-06-30,55.24684524536133,58.88317707672732,53.6480311389574,56.52394857128096,8583374
2026-07-01,59.858062744140625,60.44299345127085,55.76353663753285,55.76353663753285,9066848
2026-07-02,60.481990814208984,61.700599573107944,60.19927268960871,60.83295073179569,3679126
2026-07-03,60.09203338623047,60.832949580198466,59.370619097202336,60.832949580198466,3327833
2026-07-06,60.569732666015625,61.85658325768182,60.160278176540615,60.160278176540615,6786556
2026-07-07,60.17977523803711,61.80783849363333,59.858064455586835,61.4178821984645,11323618
2026-07-08,57.77180099487305,60.13102942832029,57.420844804754914,59.46810598215486,7259834
2026-07-09,57.284358978271484,57.76205524871133,56.36796652916301,57.53783168304326,7637862
2026-07-10,57.15762710571289,57.88879237175956,56.97239619155247,57.61582147691758,18753121
2026-07-13,56.640933990478516,57.32335564363223,55.58805794984323,56.397212237130674,2167096
2026-07-14,54.973876953125,56.34846746482108,54.60341885440656,56.10474571651398,4534448
2026-07-15,55.59780502319336,56.18273946087921,54.983628884136614,54.983628884136614,1658310
2026-07-16,55.59780502319336,55.59780502319336,55.59780502319336,55.59780502319336,0
2026-07-17,55.31509017944336,56.445958954022416,55.081115662437895,56.445958954022416,1897815
2026-07-20,55.7635383605957,56.05600372319784,54.62291861187889,55.06161851523151,883688
2026-07-21,55.41257858276367,56.543447381640526,55.27609499445249,56.338721999173764,1612930
2026-07-22,55.30533981323242,55.93901785937957,55.13961080605787,55.93901785937957,485886
2026-07-23,54.78865051269531,55.56855937416702,54.496185154505774,55.55881214041685,1364717
2026-07-24,54.10622787475586,54.98362765217625,53.53104440264665,54.98362765217625,2654624
2026-07-27,56.07550048828125,56.34846765726987,55.37358066071192,55.46132063915809,2756342
2026-07-28,55.685546875,56.543448514441856,55.56856147108941,56.28022856646882,2011127
2026-07-29,55.72454071044922,56.28022600233107,55.18835360481395,55.56855893937534,1048188
2026-07-30,56.24123001098633,57.17712436267093,54.886137668305025,55.568559315965054,15855930
2026-07-31,56.70917510986328,57.76205485688294,56.250980747866606,56.543446104628025,8262237
2026-08-03,57.19662094116211,57.71331360202129,57.03089192917446,57.45984088864156,3533573
2026-08-04,57.21611785888672,57.84979590937859,56.84566346893345,57.35260516554718,2679715
2026-08-05,57.48908996582031,57.73281172593467,57.3038590480381,57.596328135294456,11134217
2026-08-06,57.67431640625,58.29824350891387,57.235616500033565,57.61582184578818,5197729
2026-08-07,57.5378303527832,58.00577565973676,57.42084495576949,57.674313935782315,3284944
2026-08-10,58.33723831176758,58.47372189693799,57.51833308184636,57.71331122590356,2817855
2026-08-11,58.22999954223633,58.493219476146834,57.64506883503435,58.34698493989697,3021476
2026-08-12,58.15999984741211,58.79999923706055,57.869998931884766,58.099998474121094,1420945
2026-08-13,57.720001220703125,58.400001525878906,57.5,58.38999938964844,1099056
2026-08-14,57.720001220703125,57.720001220703125,57.720001220703125,57.720001220703125,0
2026-08-17,57.5099983215332,58.38999938964844,57.0,58.0,3929935
2026-08-18,57.5099983215332,57.5099983215332,57.5099983215332,57.5099983215332,0
2026-08-19,56.75,57.47999954223633,56.5,57.400001525878906,2434687
2026-08-20,57.349998474121094,57.7400016784668,57.099998474121094,57.5,1806294
2026-08-21,56.31999969482422,56.88999938964844,56.0,56.88999938964844,3516091
2026-08-24,57.060001373291016,57.5,56.31999969482422,56.5,2185419
2026-08-25,57.349998474121094,57.689998626708984,56.52000045776367,57.4900016784668,2424501
2026-08-26,57.349998474121094,57.349998474121094,57.349998474121094,57.349998474121094,0
2026-08-27,57.900001525878906,58.0,57.25,57.349998474121094,1408230
2026-08-28,58.290000915527344,58.4900016784668,57.400001525878906,57.939998626708984,2211415
2026-08-31,58.68000030517578,59.349998474121094,57.70000076293945,57.70000076293945,2732792
2026-09-01,57.380001068115234,58.470001220703125,56.5,58.470001220703125,5056834
2026-09-02,56.40999984741211,56.900001525878906,56.150001525878906,56.900001525878906,1781335
2026-09-03,56.400001525878906,57.029998779296875,56.38999938964844,56.72999954223633,1448336
2026-09-04,56.2400016784668,57.0,56.13999938964844,56.880001068115234,1668835
2026-09-07,56.22999954223633,56.529998779296875,56.04999923706055,56.29999923706055,1571232
2026-09-08,55.849998474121094,56.5,55.310001373291016,56.380001068115234,2416979
2026-09-09,55.70000076293945,56.220001220703125,55.61000061035156,56.220001220703125,628613
2026-09-10,55.0099983215332,55.65999984741211,54.97999954223633,55.52000045776367,4176942
2026-09-11,55.189998626708984,55.470001220703125,54.0,55.02000045776367,3626665
2026-09-14,54.2400016784668,55.08000183105469,53.95000076293945,55.08000183105469,10179833
2026-09-15,56.529998779296875,56.75,54.970001220703125,54.970001220703125,2255314
2026-09-16,55.47999954223633,57.0,55.150001525878906,56.5,2620105
2026-09-17,56.88999938964844,57.0,55.119998931884766,55.880001068115234,1665014
2026-09-18,57.150001525878906,57.29999923706055,56.41999816894531,56.63999938964844,1392334
2026-09-21,57.41999816894531,57.54999923706055,56.70000076293945,57.33000183105469,1179802
2026-09-22,56.97999954223633,57.5,56.75,57.38999938964844,966922
2026-09-23,56.689998626708984,57.29999923706055,56.52000045776367,56.70000076293945,657298
2026-09-24,56.369998931884766,57.029998779296875,55.900001525878906,56.5099983215332,1010843
2026-09-25,57.060001373291016,57.18000030517578,55.5,56.47999954223633,2532997
2026-09-28,56.93000030517578,57.290000915527344,56.70000076293945,57.060001373291016,626456
2026-09-29,56.380001068115234,57.029998779296875,56.29999923706055,56.939998626708984,371675
2026-09-30,56.869998931884766,58.2400016784668,56.47999954223633,56.5099983215332,2692836
2026-10-01,56.470001220703125,57.25,56.06999969482422,56.9900016784668,1450017
2026-10-02,56.5,56.79999923706055,56.11000061035156,56.5,1017362
