Date,Close,High,Low,Open,Volume
2021-09-09,95.43353271484375,97.30289140575016,94.6337547850667,96.16585993678272,1298285
2021-09-10,97.90031433105469,98.62300367013961,95.39499275920888,95.87678565193215,2185154
2021-09-13,96.99454498291016,98.43028568988407,96.84036773437762,98.43028568988407,700691
2021-09-14,93.39073944091797,97.322171499535,92.02244928916429,97.322171499535,2636876
2021-09-15,90.625244140625,93.94961208930862,89.70983325291179,93.85325498312196,3037208
2021-09-16,90.1916275024414,90.81795972951187,89.22804172281793,90.63487607887907,1200642
2021-09-17,90.39398193359375,92.40788008705988,89.23768190925978,91.299754941987,2213272
2021-09-20,90.17235565185547,90.7215992316529,88.65952632844319,90.38434569170286,1137854
2021-09-21,86.99252319335938,90.62524570715642,86.24092745990511,90.09527058660478,2978562
2021-09-22,85.7591323852539,87.58994679413068,82.38658223527202,87.44540746024485,2509060
2021-09-23,84.54501342773438,86.72271932705505,82.86837624585259,86.3372835486196,1531586
2021-09-24,82.83946990966797,85.25807225333519,81.23028343646561,85.25807225333519,2422077
2021-09-27,82.82982635498047,84.76663568129865,80.26669220140523,82.86837066538598,1377362
2021-09-28,83.01290893554688,83.83195530441283,80.94119822495033,82.38657676468158,1851665
2021-09-29,80.3437728881836,82.7720129650991,77.32775229867772,82.48293431494115,3904241
2021-09-30,85.20025634765625,86.36619430640309,79.4861921471878,79.97762297329643,4605588
2021-10-01,83.4657974243164,85.56641458071483,82.38657877508146,85.56641458071483,1948008
2021-10-04,83.24417114257812,84.16921256692308,81.42299468971528,82.73347187876458,1714428
2021-10-05,78.93694305419922,83.44652466846419,78.53223880266188,82.96473179237424,3143287
2021-10-06,77.63610076904297,78.82131443327106,74.98624005260334,78.47442298772017,3129254
2021-10-07,80.98938751220703,83.34053180944282,80.26669817932562,80.94120528271785,4787839
2021-10-08,79.04293823242188,81.31700120021966,78.77313539752653,81.03756044934208,737543
2021-10-11,76.18109130859375,79.96798381222062,75.15969270890028,79.20675014490286,949914
2021-10-12,78.19498443603516,80.50759168722189,73.71430926528133,75.54512364545315,3653645
2021-10-13,75.46803283691406,79.49582141605732,75.0633286013559,78.24315704705286,878102
2021-10-14,78.82131958007812,79.43801388986459,75.15969068309194,75.73784067956974,4241560
2021-10-15,78.44551849365234,80.36305205466995,77.62646473473345,79.01403055056467,2180238
2021-10-18,77.03093719482422,78.48453310661829,76.28950257599564,76.87485000522975,1267935
2021-10-19,77.03093719482422,77.03093719482422,77.03093719482422,77.03093719482422,0
2021-10-20,81.43075561523438,82.67948289761603,78.04552957887059,78.04552957887059,3213942
2021-10-21,79.53814697265625,82.67948064344067,79.02109654417337,81.94780382358721,1515525
2021-10-22,79.8698501586914,83.65505583659845,79.22597093762879,80.97224063484165,2932059
2021-10-25,79.8698501586914,79.97716336220185,78.25040177335359,78.25040177335359,528159
2021-10-26,78.2699203491211,79.5088899607043,78.04553615774654,79.02110535971838,631924
2021-10-27,81.11857604980469,81.70391604931883,79.25523540666588,79.25523540666588,1537749
2021-10-28,82.4551010131836,84.38673119878175,81.46002375836157,81.46002375836157,2018858
2021-10-29,85.82081604003906,86.5817587571086,81.41123948230032,82.92337458427302,4911064
2021-11-01,90.6596450805664,92.2498201800164,88.77679624705708,88.77679624705708,8588224
2021-11-02,93.4887924194336,96.28867108612252,92.10348602774067,92.28883910299416,7536424
2021-11-03,92.97174072265625,94.37655520342403,92.19128244433945,93.17660934603902,1753605
2021-11-04,91.24498748779297,92.57176221562914,90.28893382517722,92.48396455892058,2146158
2021-11-05,92.8936996459961,95.96674408916087,90.38648712046847,90.72793484904183,3554627
2021-11-08,91.27424621582031,94.13266408933038,90.72792988002377,93.75219272075752,1451549
2021-11-09,88.26950073242188,91.4986322651653,86.14275966925803,91.4986322651653,2282718
2021-11-10,88.60118865966797,89.75236053820413,87.82073037343937,89.75236053820413,680919
2021-11-11,87.45001983642578,90.23039048337665,86.97199302698561,89.26457908875206,763456
2021-11-12,83.98674011230469,87.7426870957109,83.22579740639951,86.98174438980573,1417812
2021-11-15,83.70384216308594,86.24032064981529,82.94289191836491,84.09406389719624,582198
2021-11-16,87.75244903564453,88.2402336493902,84.33795673942487,84.33795673942487,1482540
2021-11-17,84.23063659667969,87.50854952671467,83.80139123315263,87.50854952671467,1292862
2021-11-18,84.50379943847656,85.60618985917681,81.55757654247866,84.38672846517144,1040976
2021-11-19,85.84032440185547,86.14275588894759,82.28925341633571,85.07938168253004,1426925
2021-11-22,81.86001586914062,85.84033258368653,81.55758435322238,83.17703281219637,1074735
2021-11-23,77.8016357421875,82.53314438963244,76.77728520976058,81.95756219314605,1678796
2021-11-24,76.6309585571289,77.80163854232046,75.70416341276724,77.54798848309495,1205706
2021-11-25,75.2651596069336,79.36254696151512,73.26523992017252,79.36254696151512,842825
2021-11-26,74.06521606445312,76.56267841887177,71.75312169327607,75.11883264633273,1639922
2021-11-29,77.57726287841797,78.97232719272856,71.46044700367318,73.23598272706823,1937225
2021-11-30,78.69915771484375,80.24055868316289,76.38706370536663,79.49912408119899,2254068
2021-12-01,81.9770736694336,83.31360607114001,79.27475042569358,79.27475042569358,2233630
2021-12-02,75.87001037597656,81.65513579842111,75.83099415937838,81.65513579842111,2674685
2021-12-03,71.52873229980469,76.63096240894626,70.24098127416508,73.65547341943699,2192947
2021-12-06,71.97749328613281,75.11882725304979,70.72876592007934,74.14325806794524,565865
2021-12-07,73.55791473388672,75.02126844566297,71.97749004568769,71.99700559659243,1483873
2021-12-08,71.80188751220703,74.53348409269937,71.32386071567153,73.89936266047773,523882
2021-12-09,68.23130798339844,72.19211630713755,67.31427061070934,71.21654716785191,2310285
2021-12-10,68.12399291992188,69.75319155166126,65.50946740040527,69.15809379752864,1309738
2021-12-13,66.7484359741211,68.77762148657006,66.34845651385079,67.31426783791963,825711
2021-12-14,69.37272644042969,70.14342700195647,65.870429140403,68.19228860102862,1240350
2021-12-15,74.55299377441406,74.57250932578773,72.28967361020135,73.1579295712785,2724454
2021-12-16,72.83599853515625,74.72859768269163,72.28967473323692,74.72859768269163,1348031
2021-12-17,73.90911865234375,75.55782540473027,71.46043807587401,72.66039136899715,1426544
2021-12-20,76.11390686035156,77.06996796573362,72.67990649933108,72.67990649933108,1394081
2021-12-21,75.08956146240234,77.45043710699103,74.78713739640195,76.53339969008377,1405232
2021-12-22,75.04077911376953,75.89928475082286,74.38714955319638,75.11882643404749,607458
2021-12-23,75.28466796875,76.92362440471703,74.63103843803147,74.63103843803147,619848
2021-12-24,74.85542297363281,76.09439249966815,74.04569880558513,75.59685015697596,789846
2021-12-27,75.63587951660156,76.32853276122424,74.63104442309259,74.82615528752065,814657
2021-12-28,77.09922790527344,78.04553116148676,74.82615002387469,74.82615002387469,1433779
2021-12-29,78.884521484375,79.55766657468575,76.19194856613387,77.11874371761999,2628191
2021-12-30,80.03569030761719,81.93804708612342,79.41132667554326,80.47469342788736,2458759
2021-12-31,80.91370391845703,81.94780478758751,79.61619522299985,79.99666657835924,1606287
2022-01-03,81.77220153808594,82.14291511603328,80.4844506257933,80.4844506257933,752995
2022-01-04,82.8160629272461,83.40140291718987,82.14291784515976,82.43559156163255,1591233
2022-01-05,81.60636138916016,82.44535145877224,81.07955315175244,82.44535145877224,543717
2022-01-06,79.05036926269531,81.0697971624194,78.72842964779674,81.0697971624194,637225
2022-01-07,78.94305419921875,79.5088860951736,78.14308779021438,78.53331694063158,216836
2022-01-10,80.12348937988281,81.4112403243198,78.53331438912403,79.02109895054717,947613
2022-01-11,79.9869155883789,81.06979798179916,79.16744104362965,80.95273444283625,444198
2022-01-12,79.69424438476562,81.50880355684414,79.41132844471018,80.73810305317623,1096743
2022-01-13,79.08939361572266,80.00643103237465,78.63087490739666,79.51864643934736,327519
2022-01-14,78.03578186035156,79.99667812776809,77.75286588600767,79.99667812776809,518475
2022-01-17,77.57726287841797,78.72843488213582,76.58218552612075,77.80164707908446,500071
2022-01-18,76.69925689697266,77.70409203074264,76.59194368433675,77.57726326508059,375554
2022-01-19,73.61644744873047,77.30409765902093,73.15792875558817,77.30409765902093,1476180
2022-01-20,75.6553955078125,76.2895095423841,72.71893009021746,73.26524646818773,916581
2022-01-21,75.12857818603516,75.99683408625502,74.73834905893598,75.43100222411128,321746
2022-01-24,74.53348541259766,75.36271771110978,73.26524252569531,75.36271771110978,226962
2022-01-25,75.38223266601562,76.67974155472331,75.03103458360869,75.11883224345975,922670
2022-01-26,74.8261489868164,75.59684948951472,73.65546901281996,75.12858047711686,341763
2022-01-27,74.51396942138672,75.3139358312172,74.14325582175864,74.91395634780295,265010
2022-01-28,74.12374877929688,75.6066106421313,73.8993645953735,75.6066106421313,572078
2022-01-31,75.04077911376953,75.36271872766453,74.33836811727213,75.0212710052011,710749
2022-02-01,75.84074401855469,76.58217866032578,75.12858270355251,75.12858270355251,1223308
2022-02-02,77.95773315429688,78.777207655096,74.65054693892374,76.09439253371502,2832391
2022-02-03,78.10406494140625,80.9722406672852,77.7528594466863,79.26499462911956,4323297
2022-02-04,77.70408630371094,78.42600540941525,76.97240942221272,78.42600540941525,336936
2022-02-07,76.0261001586914,78.33820160206908,75.86025519823434,77.36263250337831,707795
2022-02-08,76.09439849853516,76.27975903048467,75.22614249572283,75.22614249572283,577866
2022-02-09,76.29926300048828,77.0699635289379,76.09439437034375,76.23097345710677,663238
2022-02-10,75.51881408691406,77.05045740768523,75.40174310538298,76.58218092456312,430301
2022-02-11,74.7090835571289,76.09438989452946,74.59201258550291,76.07488178742591,430492
2022-02-14,74.18228149414062,75.11882701572183,73.3627995108807,75.11882701572183,612488
2022-02-15,74.65055084228516,75.53832237423957,73.5774262262211,74.15301591635685,787199
2022-02-16,74.03594207763672,74.95297945890573,73.5579152789548,74.67982128823034,302518
2022-02-17,73.53839874267578,74.83590747900243,72.97257430085823,73.66522749379155,515850
2022-02-18,73.74327087402344,74.08472604202926,72.44576951900959,72.72868547487037,254890
2022-02-21,73.36280059814453,74.09447749550502,73.16768973604931,73.36280059814453,430627
2022-02-22,72.91403198242188,73.88960107616636,71.9970020955431,72.97257118928758,798282
2022-02-23,74.17252349853516,74.72859763292038,72.24090069193475,73.16768843490941,1472048
2022-02-24,70.10440063476562,73.27500041388903,69.61661605336202,73.27500041388903,1877491
2022-02-25,69.81172943115234,72.18236288014938,69.26541306200151,71.20679368209304,1032415
2022-02-28,69.99708557128906,70.53365157377495,67.70449958821655,69.28491682644434,1169708
2022-03-01,69.26541137695312,71.70433431276133,68.28984220262984,71.21654972559969,2223609
2022-03-02,68.34837341308594,68.77762622804289,66.77770645981387,68.09473078879508,1503070
2022-03-03,66.60210418701172,68.27033402321516,65.94847462721394,67.80205754510501,1894996
2022-03-04,66.65088653564453,67.80205847363644,66.3387046936299,66.3387046936299,755979
2022-03-07,62.17302322387695,65.4606903094173,61.70475046534459,65.4606903094173,1602132
2022-03-08,61.78279495239258,63.6558859006191,60.97307078603362,62.44618226026469,937749
2022-03-09,62.66080856323242,63.31443809472561,60.68040069654965,61.95839387648436,1513729
2022-03-10,67.33377838134766,67.35329393211667,63.90953607856596,64.38756287038132,3550141
2022-03-11,65.48020935058594,67.80206143685636,65.11924605626132,67.16793994920612,3742581
2022-03-14,64.68023681640625,65.46068766088213,63.60710481037391,64.38756309785164,550111
2022-03-15,65.48020935058594,65.841165201908,64.48512456861108,65.36313836358815,726890
2022-03-16,69.23614501953125,70.12390909173847,65.86067659259663,65.86067659259663,3742580
2022-03-17,68.7190933227539,71.99700626290924,68.3971537168632,71.32386116750175,1532709
2022-03-18,64.9533920288086,68.38739196286298,64.77778929426594,68.38739196286298,1643145
2022-03-21,64.89485931396484,65.85092039611837,63.51931062494043,65.36313580059156,674803
2022-03-22,63.997337341308594,65.37289347111692,63.80222648061343,65.02168796746383,980804
2022-03-23,63.997337341308594,63.997337341308594,63.997337341308594,63.997337341308594,0
2022-03-24,64.77779388427734,64.98266251526006,62.68031869611812,63.99733557700814,929067
2022-03-25,64.40706634521484,65.05094550024397,63.724170977457845,63.98757134987804,859102
2022-03-28,68.46544647216797,69.23614703015888,63.509553170227655,64.36805882621869,1779804
2022-03-29,71.10923767089844,72.09456463693937,68.3873987373611,69.50930479457575,2689243
2022-03-30,72.37747955322266,74.14325738012009,68.68007148281694,70.24098067590324,4496074
2022-03-31,74.1920394897461,75.60661183066738,72.19211968347594,72.24090111992241,4015671
2022-04-01,73.89936828613281,75.5090589849263,72.78721997271239,73.16769137240873,2317073
2022-04-04,68.3581314086914,71.58726297795432,68.3581314086914,70.43609106023187,1546486
2022-04-05,66.16309356689453,68.58250811849224,65.83140365805521,67.3240231338347,1624662
2022-04-06,66.22163391113281,67.25574231335916,65.75336486820207,66.14359403264585,783222
2022-04-07,65.06071472167969,67.11916640479764,63.997340384224145,66.43626347388972,537869
2022-04-08,65.52897644042969,66.35820870935112,64.77779148794838,64.98266011135237,2090891
2022-04-11,70.43608856201172,70.43608856201172,68.78738178528525,69.26540857734187,2537398
2022-04-12,72.4360122680664,73.05061817752677,70.0458707327183,70.96290070894456,3163153
2022-04-13,70.73851776123047,72.43600591685781,70.3873122886177,72.19211364104346,1103189
2022-04-14,72.26040649414062,72.97257524709656,69.45077002740074,71.20679002798744,1640928
2022-04-15,71.3043441772461,73.54815615464848,70.92387281178247,73.13841890614948,1189306
2022-04-18,70.52389526367188,73.14817867817115,70.2312215393255,71.41165932631908,1080497
2022-04-19,69.31419372558594,71.5579983902742,68.82640913200125,71.41166152359834,855440
2022-04-20,68.04594421386719,70.09463781987795,67.11915655302946,70.09463781987795,1516768
2022-04-21,67.26548767089844,67.94839051891366,67.03135316675117,67.31426910397155,389664
2022-04-22,67.17769622802734,67.60694906111455,66.73869306182627,67.31427532164557,476796
2022-04-25,67.78254699707031,69.26540881221379,66.92404139193296,68.0947288235743,3208080
2022-04-26,66.81673431396484,68.28984593167453,66.53381834480189,67.80206131787686,534263
2022-04-27,66.22163391113281,67.16793721593325,65.94847572892283,66.37772855411121,357577
2022-04-28,65.41191101074219,65.85091412772641,63.46077281436511,65.78262458857327,1310201
2022-04-29,65.41191101074219,65.41191101074219,65.41191101074219,65.41191101074219,0
2022-05-02,65.41191101074219,65.41191101074219,65.41191101074219,65.41191101074219,0
2022-05-03,65.41191101074219,65.41191101074219,65.41191101074219,65.41191101074219,0
2022-05-04,65.41191101074219,65.41191101074219,65.41191101074219,65.41191101074219,0
2022-05-05,65.41191101074219,65.41191101074219,65.41191101074219,65.41191101074219,0
2022-05-06,62.40715789794922,65.36313114543722,62.19253150032273,64.72900972781399,1208279
2022-05-09,58.348793029785156,62.14375648173296,57.76344929857277,62.14375648173296,2125995
2022-05-10,58.47561264038086,59.49996320982595,57.070794425043196,58.046363560514024,1012681
2022-05-11,55.773284912109375,60.14383785309565,54.09530855307981,59.021931874322235,2261430
2022-05-12,57.71467208862305,58.43659491363823,53.95873226359416,55.7732877981438,2023285
2022-05-13,57.97807312011719,58.53414722099659,56.64154446725801,57.1781067391503,1833160
2022-05-16,55.665977478027344,57.54882625010589,54.63187283112638,57.54882625010589,1071691
2022-05-17,56.06595993041992,56.37814175896838,55.070878956358854,55.75377810187146,586525
2022-05-18,57.73418426513672,58.7292652735074,54.64162803497963,56.19278317721907,2871021
2022-05-19,57.148841857910156,58.61219556407924,57.07079454059403,57.55857910931706,805558
2022-05-20,57.32444381713867,58.02685482298348,56.69032607819643,57.509804344515004,183963
2022-05-23,56.18302536010742,57.06103905030738,55.43183669660319,56.40740580949167,422761
2022-05-24,55.69524383544922,56.38789705014461,55.1196578786528,55.1196578786528,882564
2022-05-25,56.885440826416016,57.36346764562476,54.631874657071414,55.60744384737626,1854358
2022-05-26,58.42683410644531,58.87559500929224,54.739184017093045,56.58300906176918,1060357
2022-05-27,59.2365608215332,60.96331868817683,58.55366166251862,60.48528816041631,2822139
2022-05-30,60.39748764038086,62.368137825844315,59.753612131981996,59.753612131981996,2764583
2022-05-31,60.085304260253906,61.168186615129805,59.55849602466548,60.485287463978246,462346
2022-06-01,58.05611801147461,60.4852868128713,57.75369395917085,59.98774818783874,628959
2022-06-02,58.046363830566406,58.739017026812945,56.63178783325242,57.65613468596223,1006639
2022-06-03,54.222137451171875,58.04636689562171,53.8514201163728,57.55858229986018,3306374
2022-06-06,55.69524383544922,56.583011627643586,53.41241183816356,54.63187329565587,2026793
2022-06-07,55.27574920654297,56.96348342965658,54.88552004864919,55.900112881972156,1202635
2022-06-08,54.758697509765625,55.98791300306164,54.24164332890614,55.412327054879135,9623374
2022-06-09,54.700164794921875,55.50988901796248,54.61236341798375,54.72943068006753,1326714
2022-06-10,54.875762939453125,55.119655219184025,54.631870659722225,55.070877507538015,538302
2022-06-13,53.02218246459961,54.60260718647563,52.729512460308094,54.192866203266696,711077
2022-06-14,54.748939514160156,55.10990277820583,52.388063963596146,53.63679128148118,797427
2022-06-15,56.446434020996094,57.44151504300082,56.09522851658252,56.58301311237889,2932160
2022-06-16,57.929298400878906,58.82682025164412,55.21721357558613,56.48545647475592,3905712
2022-06-17,58.49512481689453,59.50971761696698,58.14391933060015,58.87559618654647,2622857
2022-06-20,57.56833267211914,59.07071002412959,57.38297587732599,58.68048460538071,910218
2022-06-21,59.138999938964844,59.72434365303648,58.09514126192982,58.4268349167868,3272818
2022-06-22,58.66097640991211,59.97799332720978,58.38781450621618,59.704835145014975,1593564
2022-06-23,59.17802429199219,60.09505795018131,58.87559651676447,59.07071109041135,2380328
2022-06-24,54.91478729248047,59.75360929043108,54.7489386049837,59.68531974896209,3733442
2022-06-27,58.19270324707031,58.77804326819463,54.91479019717148,54.91479019717148,3994921
2022-06-28,59.919456481933594,61.851086708517535,57.94881003849122,58.53415005039475,5281639
2022-06-29,59.53898620605469,60.143841780605115,58.18294563351617,59.02193572856906,2421227
2022-06-30,60.97307205200195,62.43642578125,59.02193374633789,59.412162896071095,5120816
2022-07-01,59.665809631347656,60.87551702628778,59.41216328740107,60.87551702628778,684364
2022-07-04,57.1878662109375,59.99750658575413,56.973243514747494,59.99750658575413,1969676
2022-07-05,56.52447509765625,57.80247202132807,56.29034058616736,57.54882568029827,327591
2022-07-06,56.173274993896484,57.75369601850128,55.861089433498194,57.314689144582985,1473456
2022-07-07,56.280582427978516,56.81714843295263,55.66597654837334,56.00742425926511,575265
2022-07-08,56.280582427978516,56.280582427978516,56.280582427978516,56.280582427978516,0
2022-07-11,56.280582427978516,56.280582427978516,56.280582427978516,56.280582427978516,0
2022-07-12,56.280582427978516,56.280582427978516,56.280582427978516,56.280582427978516,0
2022-07-13,56.8171501159668,57.2659110411464,54.75869857118514,55.61719676157193,2610672
2022-07-14,58.77804183959961,59.07071184304845,56.982994437878766,57.60735810430323,3329798
2022-07-15,57.304935455322266,59.49996611739562,56.97324178419336,59.01218152582377,2369585
2022-07-18,54.4367561340332,56.53423122995284,53.88068203353374,56.09522438179514,2222184
2022-07-19,52.97340393066406,55.54890588295698,52.35879432611659,54.73918542623655,1577035
2022-07-20,53.4807014465332,54.241644206045386,52.192950443589034,52.192950443589034,1091123
2022-07-21,52.68073272705078,53.90019413276955,52.4856181578356,53.34412002948186,1123623
2022-07-22,54.00750732421875,54.38797868730866,51.900278164296964,51.900278164296964,888748
2022-07-25,53.227054595947266,53.783128718242544,52.583179100578995,53.783128718242544,313524
2022-07-26,52.76853561401367,53.987997054787236,52.5148892717932,53.227054306624844,1296101
2022-07-27,51.792964935302734,53.2660726748913,51.022264434282484,52.92462497013593,2362165
2022-07-28,52.01734924316406,53.10023164637584,51.60761196708455,51.802722829121755,2211273
2022-07-29,51.19786834716797,52.3392861834286,50.97348789011695,52.3392861834286,733170
2022-08-01,51.4417610168457,52.04661284998803,51.022265983125756,51.45151879242113,611678
2022-08-02,51.98808288574219,52.87585069734845,50.98324409217605,51.16860461952863,825004
2022-08-03,55.28550338745117,55.61719705597034,51.9978363081443,52.436843181405116,3975213
2022-08-04,56.465946197509766,57.34395624242422,55.626956092157336,55.70499969278253,3653073
2022-08-05,58.92437744140625,59.490205606434834,56.631787733520696,56.89519184743951,6209551
2022-08-08,58.92437744140625,58.92437744140625,58.92437744140625,58.92437744140625,0
2022-08-09,58.92437744140625,58.92437744140625,58.92437744140625,58.92437744140625,0
2022-08-10,58.49512481689453,59.99750218759785,58.04636390507435,59.30484899046223,2586251
2022-08-11,58.05611801147461,59.31460309799942,57.86100716024674,58.47561304031621,1958549
2022-08-12,59.31460189819336,59.50971646697542,57.76344684470232,57.94880735972067,1621960
2022-08-15,61.92912673950195,62.338867701433394,59.69507258143741,60.095055768215275,4210797
2022-08-16,61.31452178955078,62.98274420276503,60.9730740633962,61.94864324841054,6156818
2022-08-17,63.31443786621094,63.85099642055912,60.73893224343383,61.460855035276836,5729009
2022-08-18,62.57300567626953,64.09489119260472,62.43642658854725,64.09489119260472,1890670
2022-08-19,61.59743881225586,62.58276579021119,61.36330428784154,62.426674866767925,925868
2022-08-22,60.02676773071289,61.36330012614646,59.753609563588206,61.36330012614646,2203249
2022-08-23,61.84132766723633,62.29008858194534,61.07062714751805,61.36330086898137,2913637
2022-08-24,60.30968475341797,61.958395282594196,60.20237155112525,61.70474894022131,1546144
2022-08-25,60.1926155090332,61.13891502576742,59.314601811546964,61.13891502576742,2171804
2022-08-26,59.07071304321289,61.84132966038899,58.82682074846676,61.84132966038899,2049919
2022-08-29,58.98291015625,59.26582610406338,57.54882603052543,58.534149238581115,1475598
2022-08-30,57.68540573120117,60.24139589982952,57.31468840672039,59.9975036087371,2388779
2022-08-31,58.64146423339844,59.36338334536662,56.68056808992851,58.18294552613411,2391439
2022-09-01,60.31944274902344,61.412079162578564,59.021933984207166,59.41216313551306,7213498
2022-09-02,60.30968475341797,61.11940893689865,60.04628063547248,60.973072075317496,2953153
2022-09-05,58.61219787597656,61.070628924390064,57.94881053862655,60.48528890743467,3136646
2022-09-06,57.32444381713867,58.52439719262392,57.07079746586199,58.290258950175286,2063412
2022-09-07,57.02201843261719,58.10490080109468,56.70007882188019,57.558580729011155,768221
2022-09-08,59.33411407470703,59.5097168154892,57.070793995182264,57.55857855924365,3762038
2022-09-09,59.20729064941406,60.729179870239946,58.53414927252043,59.21704842500004,2831823
2022-09-12,58.58292770385742,59.70483373392963,58.53414998983277,59.31460457873033,486171
2022-09-13,59.441429138183594,59.69507548198887,58.05611899762874,59.021934102216356,2922648
2022-09-14,59.08047103881836,59.70483472025087,58.778043252467754,59.02193554812115,1938932
2022-09-15,58.865840911865234,59.607271806388354,58.72926183036105,59.39264913038213,1562003
2022-09-16,57.85124969482422,59.21704798974457,57.558579694912986,58.86584250125071,1357002
2022-09-19,57.422000885009766,58.43659369630035,57.31468768284428,57.80247225886849,644031
2022-09-20,57.52931213378906,58.36830217150326,56.739099807720855,57.55857801647649,1182712
2022-09-21,56.74885940551758,57.99759053035454,56.58301442541883,57.37322682868667,840691
2022-09-22,56.11473846435547,57.24639853977602,54.202623806145056,57.24639853977602,2271628
2022-09-23,57.25615310668945,59.50971922358527,54.25140200566274,56.583011720786,1128044
2022-09-26,59.48045349121094,59.89019075632785,56.77812644348409,56.77812644348409,3698378
2022-09-27,59.724342346191406,60.72917734266773,59.314601383156834,59.7536082287293,2627481
2022-09-28,59.3536262512207,60.4852862976062,59.0707103092491,59.997501730690026,2634276
2022-09-29,59.19753646850586,60.221883334280236,58.82681914855383,59.50971829957041,1051240
2022-09-30,59.138999938964844,60.45602050450033,58.046363549465745,59.03168673864333,1839323
2022-10-03,58.59268569946289,59.26582708713192,58.33903563118108,58.77804250205264,675461
2022-10-04,58.90486526489258,59.60727250970204,58.33903338169792,58.778040235641896,1464043
2022-10-05,60.76820373535156,61.441345114524545,58.33903489485602,59.099981368596126,4690657
2022-10-06,60.53406524658203,61.93888720975878,60.192617531366004,61.343789430524296,3562829
2022-10-07,60.02676773071289,61.4608555511193,59.851164988561045,60.44626275679774,1821352
2022-10-10,60.5535774230957,60.895025140267585,59.821900553583674,60.895025140267585,1397044
2022-10-11,59.84141540527344,60.924297822275726,59.55849944161495,60.53406865022945,1050991
2022-10-12,59.382896423339844,60.63162753545664,59.041448690437505,59.26582916084492,913956
2022-10-13,59.37297821044922,60.34500445291781,59.16468768356183,59.70029135503499,1059285
2022-10-14,59.46224594116211,60.20614392095064,59.214279947899264,59.759804376345365,861707
2022-10-17,58.123226165771484,59.511837214234575,58.02404128387871,59.511837214234575,507948
2022-10-18,57.85542678833008,58.91672092623768,57.72648341369193,58.51005685268113,717290
2022-10-19,58.59932327270508,58.946474137537905,57.82566682818233,57.82566682818233,2539707
2022-10-20,58.49021911621094,59.66061889539046,58.37119271640029,58.61915870718136,1274958
2022-10-21,58.152984619140625,58.767939210526194,57.13136217474346,58.02404124583599,922787
2022-10-24,58.152984619140625,59.3134636279002,58.02404124583599,59.02582217347475,655140
2022-10-25,56.47673416137695,58.46046213901991,56.18909648020097,58.033960321133804,852343
2022-10-26,52.737403869628906,55.59397307603647,52.420007711545914,55.59397307603647,2637982
2022-10-27,52.91593933105469,53.41187129773247,52.42992812256042,52.5687884678445,1050090
2022-10-28,51.45790481567383,53.36228185865305,51.18018032582706,53.36228185865305,892994
2022-10-31,51.7257080078125,52.469605991911465,51.08099490812907,51.67611178194392,473556
2022-11-01,53.97723388671875,54.25495836326117,52.17204181566603,52.787000183705146,1833401
2022-11-02,53.65983963012695,54.17560935208986,53.15399066678185,53.957401850088445,875238
2022-11-03,54.36406707763672,55.18731222824801,53.47138796621639,53.47138796621639,2085535
2022-11-04,53.4912223815918,55.53446345226761,52.568788618239275,52.71756972213252,1769812
2022-11-07,53.64992141723633,54.433494848887705,53.47138560284334,53.80861949851224,570371
2022-11-08,54.80048370361328,55.14763457560174,54.10617817597563,54.21528381678935,1429153
2022-11-09,54.80048370361328,54.80048370361328,54.80048370361328,54.80048370361328,0
2022-11-10,55.425357818603516,55.94112751950702,55.04844846339314,55.04844846339314,1699803
2022-11-11,55.35593032836914,55.84194156184775,55.14763601607463,55.792349119362704,675263
2022-11-14,54.770729064941406,55.39560063531138,54.55251778303782,55.048449762883614,439779
2022-11-15,54.760807037353516,55.53446348087194,54.403735414754344,54.77072779557052,494847
2022-11-16,54.32439041137695,54.949265775587854,54.26487721070803,54.26487721070803,322841
2022-11-17,54.32439041137695,55.39560153779199,54.25496023576027,54.5525186717833,703342
2022-11-18,54.38390350341797,54.7409713557359,54.05658657588388,54.25496012738992,297400
2022-11-21,54.15576934814453,54.76080695399876,53.58049023323537,53.957399588034185,554348
2022-11-22,54.572357177734375,54.929428819480165,53.76894598380635,53.76894598380635,758998
2022-11-23,54.26487731933594,55.34600920652375,54.155771676388234,54.98893756911701,620357
2022-11-24,54.562435150146484,55.06828789207647,54.19544654184683,54.33430689181639,725099
2022-11-25,53.39204025268555,55.43527764498709,53.10439878828903,55.43527764498709,998239
2022-11-28,50.28750228881836,52.07285661606562,49.8709174683863,52.07285661606562,2845813
2022-11-29,50.67433166503906,50.9222976638338,50.039539313510275,50.58506375412652,579016
2022-11-30,50.436279296875,50.93221126157843,49.851079427178526,50.83302638210199,2157873
2022-12-01,50.386688232421875,50.83302776956975,50.11888451013315,50.56522404728103,382510
2022-12-02,49.6527099609375,50.62473616344723,49.49401188264327,50.62473616344723,666071
2022-12-05,48.35336685180664,50.01969856600791,48.00621598787331,50.01969856600791,1477948
2022-12-06,48.75011444091797,49.56344257363736,47.9169485752468,49.13694077432589,483413
2022-12-07,48.61125183105469,49.45433848140798,48.5021499718977,48.750115966061465,892564
2022-12-08,48.08556365966797,49.037752139979645,48.00621651147233,48.60133336575196,867122
2022-12-09,47.99629592895508,48.40295999705646,47.60946959389043,47.60946959389043,421339
2022-12-12,49.07742691040039,51.58684144805325,47.63922345200219,48.293853495896876,1693884
2022-12-13,49.22621154785156,49.494015282807155,48.60133616628851,49.037754965663794,515896
2022-12-14,49.74197769165039,50.525547322165366,48.45255155342295,48.86913637226921,933703
2022-12-15,49.08734893798828,49.960186496645996,48.37320567757676,49.692382773991675,689811
2022-12-16,49.38490676879883,49.960185889851566,48.60133334354876,49.33531432824163,400678
2022-12-19,49.52376937866211,51.4678218931531,48.710441208647296,49.38490902529288,1039059
2022-12-20,48.44263458251953,51.08099248987336,46.02248795094239,49.474173979713974,3802055
2022-12-21,47.748329162597656,48.59141577643313,46.81597842704402,47.113536850419806,1246376
2022-12-22,47.728492736816406,48.432719024604125,46.8159797089889,46.8159797089889,830727
2022-12-23,47.23255920410156,48.10540052039136,46.716789507369434,47.311910134519096,1765832
2022-12-26,48.69060134887695,49.46425401738998,47.24248089316667,47.51028461311211,1212176
2022-12-27,48.105403900146484,49.49401501072847,47.49044928084801,48.7501170122726,1691937
2022-12-28,48.92864990234375,50.33709487885611,46.96475597449311,48.4029594420497,5632062
2022-12-29,50.64457702636719,51.34879955584473,47.80784539082569,47.95662272011286,3403600
2022-12-30,51.21985626220703,52.07285990605384,49.09726791142219,50.58506390873802,4867553
2023-01-02,50.15856170654297,51.08099552057832,49.89075797501714,51.08099552057832,816082
2023-01-03,48.283939361572266,50.376772986971055,47.916950744502124,50.366852228215706,1095419
2023-01-04,46.855655670166016,49.374987281747295,46.42915385980375,48.283938426754986,1682425
2023-01-05,47.16313171386719,47.460690152533125,46.62752425407201,47.073863803901325,384275
2023-01-06,47.311912536621094,47.60947097347314,46.91516543171116,47.16313142636467,631111
2023-01-09,46.696956634521484,47.60946965338761,45.625741751163126,47.31191122478608,804158
2023-01-10,47.17304992675781,48.65092506529461,46.667197203030526,47.60946869433809,3137748
2023-01-11,46.082000732421875,47.29207602845834,45.87371019959423,47.17305340736553,1745969
2023-01-12,46.57793045043945,47.807843420287696,45.635658935815655,45.72492684317287,3057013
2023-01-13,45.486881256103516,46.38947729734656,45.37777561644875,45.88362456506731,894867
2023-01-16,44.742984771728516,45.605905375453965,44.62396215347761,45.129811118789554,761672
2023-01-17,41.97568130493164,45.20915984251637,41.75747002909225,44.93143536863152,3661677
2023-01-18,41.77730941772461,42.34267157875386,40.696177537506074,42.015358435681506,1004718
2023-01-19,42.35259246826172,42.97746783162734,41.866577455941616,41.866577455941616,819001
2023-01-20,41.271461486816406,42.4021858370863,40.8747143748764,42.15421983803901,1167837
2023-01-23,41.96576690673828,42.45177814446735,40.27959736187435,41.559102820947054,366798
2023-01-24,43.00722122192383,43.5428286598209,41.80706675763128,41.96576483734219,3783832
2023-01-25,42.560882568359375,44.43550485601126,42.25340337722475,42.99730135065238,4881581
2023-01-26,43.62217712402344,45.516637163084006,42.45177733196918,42.61047541646837,13474736
2023-01-27,41.80706787109375,43.93957313752607,41.658286762050686,43.7213656368999,2571629
2023-01-30,40.30935287475586,42.64023557502951,39.92252651515009,42.332756368943954,3579269
2023-01-31,41.003658294677734,41.459914830864534,40.19033010976704,40.36886593412899,3297609
2023-02-01,41.350807189941406,41.95584481180005,41.003656316904845,41.26153928206618,3112543
2023-02-02,41.311134338378906,42.00543606481031,41.13259852767922,41.261538114781835,1283521
2023-02-03,40.72593688964844,41.53926506071531,39.87293325080736,41.27146132873073,874551
2023-02-06,41.271461486816406,41.5293444610148,40.18040882081181,40.567238957600715,2005104
2023-02-07,40.77552795410156,42.253403133952276,40.59699213881399,41.65828627210084,2359834
2023-02-08,40.70609664916992,41.06316826982835,40.37877973567948,40.716013623672374,1318540
2023-02-09,42.42202377319336,42.84852559627988,41.06317115136424,41.06317115136424,10873946
2023-02-10,41.44999694824219,42.39226849315706,41.162355483770966,41.64837050248651,2890724
2023-02-13,41.24170684814453,42.05503502371596,41.16235591215664,41.36072946846548,2146434
2023-02-14,40.67633819580078,41.49958707570593,40.39861750554874,41.49958707570593,1299525
2023-02-15,41.092926025390625,41.26154109006512,40.46805064288328,40.864797758304654,946007
2023-02-16,40.74577331542969,41.559101460385406,40.56723749983836,41.112761921407085,2841844
2023-02-17,40.626747131347656,40.84495841459648,40.17049061515534,40.66642259805849,757520
2023-02-20,40.06138610839844,40.71601619302867,39.87293331167458,40.63666904102,613544
2023-02-21,40.74577331542969,40.91438837256553,40.07130551956484,40.07130551956484,669697
2023-02-22,41.24170684814453,42.05503502371596,40.96398235584781,40.96398235584781,3753549
2023-02-23,40.289512634277344,41.112761529847894,39.98203723097904,40.66642199512053,2415404
2023-02-24,40.1407356262207,40.666422313650116,39.88284887806462,39.88284887806462,1520990
2023-02-27,40.25975799560547,40.7656069467241,39.972116541214135,39.92252410030614,625810
2023-02-28,39.724151611328125,40.22008360094186,39.67455916909891,40.22008360094186,896538
2023-03-01,39.505943298339844,39.66464138041418,39.18854335053043,39.66464138041418,862357
2023-03-02,39.11911392211914,39.863011905465434,38.98025357061356,39.48610631813909,1027054
2023-03-03,40.210166931152344,40.46804990289804,38.68269548347005,38.78188036868128,833865
2023-03-06,40.67633819580078,41.41031917045912,40.26967413493431,40.26967413493431,1533408
2023-03-07,41.69796371459961,42.283163629405784,40.82512233001427,40.90447326664062,4488727
2023-03-08,41.41032028198242,42.35259179962195,41.36072784077207,42.055033368699135,1979584
2023-03-09,42.57080078125,43.09649127064977,41.182193460664365,41.84674052009575,6061862
2023-03-10,42.67990493774414,43.394048198874195,41.85665981941765,42.83860301981074,4706599
2023-03-13,43.43372344970703,44.08835350793984,42.79893112459167,43.04689711306865,5415991
2023-03-14,42.74933624267578,43.54283045765345,42.550966472592194,42.8981173538993,1304652
2023-03-15,45.953060150146484,45.953060150146484,42.40218527472571,42.66006824550392,8451046
2023-03-16,46.607688903808594,48.50214890624991,46.12167390111516,47.123454830715765,6558116
2023-03-17,46.46882629394531,47.01435451391721,45.52655853289022,46.36964140867452,4522943
2023-03-20,45.219078063964844,47.708654937444805,45.030625273781816,46.96475696783603,3027748
2023-03-21,45.15956497192383,45.87370823522196,44.58428584155868,45.21907817175225,1204516
2023-03-22,42.90803527832031,45.377778320579026,42.6699900354887,45.22899720606358,2566632
2023-03-23,42.90803527832031,42.90803527832031,42.90803527832031,42.90803527832031,0
2023-03-24,41.68804168701172,43.54283004576699,41.26153987477694,43.54283004576699,726731
2023-03-27,41.52934265136719,41.95584445383651,40.81520317811913,41.95584445383651,1154311
2023-03-28,42.25340270996094,42.65014980298789,41.43015759987194,41.469833065906776,3430473
2023-03-29,42.25340270996094,43.04689689601485,42.18397253623032,42.58071962925728,1377104
2023-03-30,42.1046257019043,42.44185959839463,41.509505057924514,42.025274769242706,1095994
2023-03-31,43.5527458190918,44.36607395401587,41.757470710526825,42.11454233730533,3000878
2023-04-03,42.60055923461914,43.394049671887196,42.30300079360123,43.394049671887196,861454
2023-04-04,42.35259246826172,42.73941881293446,41.90625292300056,42.640233928947886,620550
2023-04-05,42.69974136352539,43.344454430489456,42.55096404445257,42.94770734564071,556720
2023-04-06,43.810630798339844,44.03876284657889,42.749336627464416,42.749336627464416,1221141
2023-04-07,44.2172966003418,45.72492647107841,43.8403872408273,44.4355040959254,4316454
2023-04-10,43.32461929321289,44.53469456919577,43.146083472701946,44.23713234590363,858997
2023-04-11,44.187538146972656,44.3363192527053,42.90803274538614,43.51307035932987,810839
2023-04-12,44.63387680053711,44.78265790333648,43.76103548367941,43.840386414148576,1076207
2023-04-13,44.663631439208984,45.51663502214261,44.23712964774217,45.13972567031274,1006039
2023-04-14,44.663631439208984,44.663631439208984,44.663631439208984,44.663631439208984,0
2023-04-17,44.35615921020508,45.41745338558452,44.23713280618543,44.73306480528464,534605
2023-04-18,44.08835220336914,44.62395963070942,43.840386222229455,44.62395963070942,191694
2023-04-19,43.770957946777344,44.286727663935224,43.53290892975803,44.247052197155206,1932605
2023-04-20,44.32640075683594,44.53469507222533,43.622178225566664,43.93957440257988,2699064
2023-04-21,44.32640075683594,44.32640075683594,44.32640075683594,44.32640075683594,0
2023-04-24,44.32640075683594,44.32640075683594,44.32640075683594,44.32640075683594,0
2023-04-25,44.32640075683594,44.32640075683594,44.32640075683594,44.32640075683594,0
2023-04-26,44.30656051635742,44.83225097902131,44.18753790262589,44.18753790262589,866575
2023-04-27,44.693389892578125,45.12980865814345,44.18753717118636,44.3065597829477,2012559
2023-04-28,44.59420394897461,45.576150960949136,44.24705306697701,44.981030298532175,2507660
2023-05-01,44.59420394897461,44.59420394897461,44.59420394897461,44.59420394897461,0
2023-05-02,46.49858474731445,46.79614318653721,44.78266050468036,44.78266050468036,5802462
2023-05-03,47.45077133178711,47.84751842368316,45.87370750617436,46.66719790630579,9087395
2023-05-04,47.71857452392578,49.08734781381398,46.92508413256329,47.212721798165504,8237683
2023-05-05,49.12702178955078,49.89075750929265,47.26232022869459,47.60947110873143,5149394
2023-05-08,47.20280456542969,49.28571730432045,47.10361968592465,49.107181494282884,2005465
2023-05-09,46.61760711669922,47.80784465087902,45.59598842682812,47.26232021794768,2605046
2023-05-10,46.101837158203125,47.728493473731284,45.87370889772401,46.4192333278837,2007438
2023-05-11,46.63744354248047,47.51028488088948,46.51842092749856,46.76638691584629,2024719
2023-05-12,47.421016693115234,48.095484480122636,46.04232262778553,46.91516396102934,3244598
2023-05-15,47.728492736816406,48.00621721874452,47.06394569920212,47.43093430529269,1583050
2023-05-16,47.52020263671875,48.70051939853737,47.41109699466663,47.70865542884283,2130398
2023-05-17,46.746551513671875,47.69874004832776,46.627525109094215,47.61938911194265,1148602
2023-05-18,45.6654167175293,47.123454136818424,45.526556371278964,47.123454136818424,1768372
2023-05-19,46.131591796875,46.815980360937004,45.427369282941186,45.5265579506042,1588801
2023-05-22,45.87370681762695,46.20102373107739,45.59598612766462,45.923299257454424,541736
2023-05-23,45.923301696777344,46.61760724222347,45.774524369392275,46.12167525028492,459758
2023-05-24,46.18118667602539,46.51842056892527,45.536473597826586,45.82411505017133,932067
2023-05-25,46.42915344238281,46.99451559826186,46.17126669330702,46.22085913469521,1306149
2023-05-26,47.3019905090332,47.51028481453653,46.26053411615938,46.41923219713386,2560787
2023-05-29,49.2658805847168,50.33709546696904,47.13337536222389,47.51028472268234,6432231
2023-05-30,50.33709716796875,50.7338442748752,48.89889363500891,49.563444471528086,5006168
2023-05-31,50.327178955078125,51.37855233029685,49.61303569367617,50.684246802118366,4086686
2023-06-01,50.61481857299805,51.35871657099584,50.099048840346946,50.099048840346946,3146400
2023-06-02,53.37220001220703,53.858211224309365,50.684245857276444,50.694166615533604,8134363
2023-06-05,53.10439682006836,53.43170995624348,51.874483856586245,52.83659309938288,3508244
2023-06-06,52.38033676147461,54.45333257623054,52.17204245559773,53.06472152746802,4380221
2023-06-07,52.66797637939453,52.96553860345801,51.82489350097695,52.85643295912285,1794520
2023-06-08,51.60668182373047,53.0448853557851,51.378553561684136,52.62830429909027,2007431
2023-06-09,52.16212463378906,52.46960381658682,51.38847197317227,51.477739878909645,1340135
2023-06-12,51.64635467529297,53.0647204018099,51.279366079602624,52.082773443582546,2821725
2023-06-13,51.23969268798828,52.23155666087513,51.10083233716985,51.180179487497185,1340828
2023-06-14,50.8627815246582,51.46781913216193,50.74375891153538,50.74375891153538,596561
2023-06-15,50.386688232421875,50.88262021066158,49.99986189478062,50.84294474432383,1311634
2023-06-16,50.53546905517578,51.18017835306549,50.38668794907624,50.585061495988725,1730796
2023-06-19,49.63287353515625,50.83302802033834,49.21628870387623,50.743760112468394,1417576
2023-06-20,49.90067672729492,50.386687944341105,49.09726556502216,49.593197540426424,1644069
2023-06-21,49.28572082519531,50.18831691434908,49.09726802720879,50.039539584463164,1246437
2023-06-22,48.958404541015625,49.59319685537877,48.76003099686198,49.24604599085538,625005
2023-06-23,48.9088134765625,49.28571905902903,48.60133428529278,49.2758020841897,364484
2023-06-26,51.735626220703125,52.053022398820374,49.59320012658125,49.791573683819756,2340691
2023-06-27,50.88262176513672,51.775300866704015,50.28750488653241,51.57692731261564,1249328
2023-06-28,50.88262176513672,50.88262176513672,50.88262176513672,50.88262176513672,0
2023-06-29,50.88262176513672,50.88262176513672,50.88262176513672,50.88262176513672,0
2023-06-30,50.88262176513672,50.88262176513672,50.88262176513672,50.88262176513672,0
2023-07-03,54.701297760009766,54.701297760009766,53.58049044929564,54.701297760009766,3167677
2023-07-04,54.44341278076172,55.69316350348397,53.67967706880052,55.544382394320586,5904990
2023-07-05,54.473167419433594,55.19723144719749,53.56065438313732,54.45333346965391,2763194
2023-07-06,54.73105239868164,55.02861082333401,54.13593554937691,54.552516587158095,2460211
2023-07-07,55.34600830078125,55.74275539888722,54.45333300553393,55.48486865002012,3434278
2023-07-10,55.62373352050781,56.23868812543189,54.949265714980456,55.64356747038145,4719622
2023-07-11,56.9329948425293,57.9645305220381,56.28828173213303,56.28828173213303,8930238
2023-07-12,57.518192291259766,57.726482813282146,56.4370604312941,57.52810926597767,4179010
2023-07-13,56.82388687133789,58.42078844374835,56.54616239113996,56.54616239113996,4766966
2023-07-14,55.66340637207031,56.923074100485934,55.37576868893672,56.73462130344519,1230571
2023-07-17,54.64178466796875,55.99072023328559,54.45333188127268,55.7328334897429,951529
2023-07-18,54.09626007080078,54.94926366261738,53.649920542099,54.939342904390315,1009562
2023-07-19,52.94569778442383,54.05658432956983,52.677894068568335,54.05658432956983,1359224
2023-07-20,53.61024475097656,53.89788619924449,52.94569773290305,53.213501448497944,1806541
2023-07-21,54.483089447021484,54.75089317921423,53.134153810936915,53.858214071905074,2639467
2023-07-24,54.06650161743164,54.55251661205885,53.709433777882204,54.55251661205885,734070
2023-07-25,54.21528244018555,54.79056533762858,53.85821081882927,54.06650133673356,1205798
2023-07-26,54.661624908447266,55.544383251160326,54.10617971381776,54.21528535773256,2879747
2023-07-27,54.661624908447266,54.661624908447266,54.661624908447266,54.661624908447266,0
2023-07-28,54.661624908447266,54.661624908447266,54.661624908447266,54.661624908447266,0
2023-07-31,55.157554626464844,55.94112805165638,53.709434173802975,54.17560765539864,4136800
2023-08-01,56.99250411987305,58.49022086789485,56.63543247706888,57.528111584079284,6167202
2023-08-02,56.43706130981445,57.3694120778999,55.84194065863715,57.3694120778999,2921170
2023-08-03,57.10160827636719,58.36127596847155,56.486653676264375,56.486653676264375,7355283
2023-08-04,56.15933609008789,57.62729428990376,55.80226446079146,57.2206302195741,1945283
2023-08-07,55.05836868286133,56.63543258583447,54.80048570904133,56.15933832240157,1178523
2023-08-08,52.79691696166992,55.79234650824051,52.221637845177376,55.29641453927837,2843340
2023-08-09,54.126014709472656,54.4533316246588,52.79691688328104,52.86634705613981,1611308
2023-08-10,52.86634826660156,55.11787990793856,52.32082384579462,54.552517753909086,2956673
2023-08-11,52.965538024902344,54.24503968302341,52.479523010080264,53.064722909399514,2532762
2023-08-14,52.965538024902344,52.965538024902344,52.965538024902344,52.965538024902344,0
2023-08-15,52.52911376953125,53.46146830204375,52.39025342221935,53.25317399741522,698569
2023-08-16,51.60668182373047,52.80684011871971,51.55708938131358,52.56879109799351,575240
2023-08-17,51.676109313964844,51.87448285698268,50.58506050285765,51.626516874125535,899272
2023-08-18,51.0611572265625,52.2613117340536,50.634655412551474,51.57692695010282,877091
2023-08-21,51.051239013671875,51.87448412944802,50.733842850521945,51.56700872470569,579475
2023-08-22,50.952049255371094,51.477739713540494,50.78343420266476,50.833026642657174,171838
2023-08-23,50.13872146606445,51.21985331321401,49.80148757474274,50.78343454124619,808369
2023-08-24,50.148643493652344,51.32896025132335,49.79157186043133,50.48587739350988,1400327
2023-08-25,49.1865348815918,50.38668938838711,48.86913871092958,50.38668938838711,2431325
2023-08-28,48.125240325927734,49.39482499800907,48.0062177088353,49.107183538346646,1307537
2023-08-29,46.845733642578125,48.40295973267988,46.61760538939272,47.70865421482913,964112
2023-08-30,45.58606719970703,47.26231973226293,45.328184232054234,47.01435373950953,1749005
2023-08-31,42.16413497924805,45.992730443397974,42.16413497924805,45.992730443397974,2579314
2023-09-01,41.4004020690918,41.76739066346615,39.97211558951918,40.91438707897931,4823991
2023-09-04,42.32283401489258,42.66998867648506,41.608694525481575,41.90625296137456,1312201
2023-09-05,43.215511322021484,43.9395715401429,42.46169639663747,42.65014918206831,1721142
2023-09-06,43.64201354980469,43.74119843077179,42.51128925867273,43.21551175105692,1115466
2023-09-07,42.16413497924805,43.642013934099865,41.41032003974249,43.642013934099865,2192438
2023-09-08,42.31291580200195,42.937791147657826,42.055032840749114,42.40218370852422,580668
2023-09-11,41.747554779052734,42.640233868305494,41.559101986281945,42.640233868305494,530205
2023-09-12,41.202030181884766,41.74755460812308,40.38870202996711,41.74755460812308,1492638
2023-09-13,41.24170684814453,42.124465200874916,41.152438936988595,41.16235591215664,783480
2023-09-14,41.678123474121094,42.13437998130283,40.815202900336395,41.608693300578686,313260
2023-09-15,44.802494049072266,44.802494049072266,43.13616604778239,43.2452679070361,6058895
2023-09-18,44.15778350830078,45.824115247003505,43.989164669296215,45.23891536515361,4713321
2023-09-19,43.394046783447266,44.18753716789818,43.334533585740715,43.9891636258703,1124518
2023-09-20,42.9973030090332,43.88998212504077,42.89811812221499,43.85030665684912,1349795
2023-09-21,44.26689147949219,44.92152156962557,42.650152096412434,43.19567654091343,3385271
2023-09-22,43.72136688232422,44.63387994504344,43.44364238977677,44.62396296986644,1551864
2023-09-25,43.979248046875,44.187538569966044,43.64201414982537,44.038761246469896,977866
2023-09-26,43.463478088378906,44.11810814556984,43.32461774043851,44.11810814556984,932317
2023-09-27,43.53290939331055,44.43550546203278,43.19567548941099,43.26510566518494,2640972
2023-09-28,43.53290939331055,43.53290939331055,43.53290939331055,43.53290939331055,0
2023-09-29,43.53290939331055,43.53290939331055,43.53290939331055,43.53290939331055,0
2023-10-02,43.09648895263672,43.63209638835138,42.94770784816243,43.14608139290793,886355
2023-10-03,43.384132385253906,44.0387624642571,43.14608336395237,43.23535127398284,961608
2023-10-04,43.6618537902832,44.01892543612892,43.30478214443749,43.64201605621834,1809737
2023-10-05,46.935001373291016,46.935001373291016,43.989164258511316,43.989164258511316,10923202
2023-10-06,46.766387939453125,47.857436798599366,46.41923327797147,47.163131259296854,5041785
2023-10-09,46.88541030883789,47.559878111028596,45.625742613089386,46.12167459801427,3620183
2023-10-10,47.86735153198242,48.45255140123411,47.12345358549268,47.16312905071735,4161460
2023-10-11,48.016136169433594,49.40474728523408,47.62930981416856,47.65906452344713,3401067
2023-10-12,47.649147033691406,48.20458844708483,47.311913125419316,48.20458844708483,2028323
2023-10-13,49.593196868896484,50.07921186302235,47.530118062993274,47.60946899414063,5051248
2023-10-16,50.15856170654297,51.328961518251035,49.19645242480138,50.585063525232904,5045919
2023-10-17,49.74197769165039,51.725705555187226,49.54360414856458,50.56522278751466,7561186
2023-10-18,49.03775405883789,50.23791235633268,48.71044091127447,50.059376536330504,3371527
2023-10-19,50.297420501708984,50.604899691415774,49.03775281851509,49.03775281851509,3731975
2023-10-20,50.88262176513672,51.676112197829404,50.3370973291393,50.61481803466653,4384471
2023-10-23,50.69416809082031,51.4777415348702,50.09904743887349,50.65449262395837,3067753
2023-10-24,50.44620132446289,50.704084287787445,49.989944813532894,50.287503243110685,1503531
2023-10-25,52.7473258972168,53.163906945852794,50.783435702945496,50.83302814440301,8076243
2023-10-26,53.53089904785156,54.45333283189488,52.65805770499816,52.747325612604314,5341228
2023-10-27,52.42000961303711,54.05658668674225,52.072858734935195,54.05658668674225,2814882
2023-10-30,53.213504791259766,53.55073870056427,51.87448612917091,52.56879168169911,4189282
2023-10-31,53.23333740234375,54.00699387108608,52.0827753496011,52.9655374603238,4043238
2023-11-01,54.483089447021484,55.048451620430335,53.46147074483723,53.550738655568146,4792545
2023-11-02,57.9446907043457,58.56956605832595,55.04844975843732,55.04844975843732,13904116
2023-11-03,56.843727111816406,58.51997590703561,56.23868946739182,57.31982137702078,4410984
2023-11-06,60.55329513549805,61.098819566984176,56.58583922118321,56.982586326079016,11428951
2023-11-07,60.106956481933594,62.09068446858039,59.769722572857205,61.366624207493615,7747991
2023-11-08,61.73361587524414,61.991498845631206,60.30532932029787,60.999634864101104,6653559
2023-11-09,61.73361587524414,61.73361587524414,61.73361587524414,61.73361587524414,0
2023-11-10,63.36027145385742,64.96709002559992,61.981581141142634,61.981581141142634,8584973
2023-11-13,65.67131042480469,65.90935565106712,62.99327703555806,63.9553900498194,7840957
2023-11-14,66.69293212890625,67.89308664081256,64.47115892480905,65.76058513023389,10035917
2023-11-15,66.37553405761719,67.19878295648851,65.95895301264186,66.21683975981196,4339854
2023-11-16,66.83179473876953,68.14105493846857,66.01846654755228,67.24838337705889,6213999
2023-11-17,65.25473022460938,67.42691469818449,64.81830766475868,66.95081667222723,3071762
2023-11-20,63.79669189453125,65.26465393764616,63.390027807680205,65.26465393764616,4004780
2023-11-21,63.925628662109375,65.20513406792044,63.261081630607,63.925628662109375,6877580
2023-11-22,63.925628662109375,65.05635296169656,63.54872308468745,63.727258898691815,3473513
2023-11-23,64.0446548461914,65.90935634496797,63.77685490974191,64.0942510705405,7514165
2023-11-24,63.33051300048828,65.01668629066538,62.98336212429114,64.6695278471467,4979922
2023-11-27,68.08154296875,68.08154296875,63.87604181320705,63.92563047180456,15655201
2023-11-28,70.4620132446289,71.25549983415235,68.93454191146186,69.30153428328366,9575726
2023-11-29,72.85240173339844,73.37809596636717,69.43047424401475,71.41420207955802,11332917
2023-11-30,72.60443878173828,74.3897969351095,71.61257482260349,73.49711785842389,8371218
2023-12-01,77.9803466796875,78.04977685367847,71.97956673937198,72.59452511423576,14240764
2023-12-04,77.42489624023438,79.54748445288868,77.16701706595316,79.24000905499578,9303543
2023-12-05,77.92082977294922,79.20033518116648,76.37352442688251,77.38522232992888,5456117
2023-12-06,79.84504699707031,81.2336580235271,78.34733033206412,78.34733033206412,9792108
2023-12-07,79.52765655517578,81.7097543483451,79.10115472855466,80.09301873769013,8822266
2023-12-08,79.88472747802734,80.63854623697132,78.15888623666251,80.34098401000556,7797953
2023-12-11,79.01188659667969,80.57902590054547,77.9605056544885,79.894644914697,4338172
2023-12-12,81.75934600830078,82.30487420977848,79.1011503096231,79.59708228648594,9909340
2023-12-13,79.28960418701172,83.86209746363599,77.52408762016822,83.31656928070292,10688263
2023-12-14,79.64668273925781,80.638546745638,78.20847538961344,79.34912051041502,3759723
2023-12-15,80.08309173583984,80.63854068343433,78.65481281980566,79.84504651105436,5441376
2023-12-18,80.41040802001953,82.22552081718764,79.84504588600403,81.01544561907556,4422825
2023-12-19,76.64132690429688,80.83691489665264,74.63776498126518,80.77740547900787,5273775
2023-12-20,73.9434585571289,78.1390387177221,71.01745544109446,75.9370995957898,6609662
2023-12-21,74.62784576416016,75.23288341378615,72.52509891250953,74.38980052134198,2405528
2023-12-22,72.4259033203125,76.77027232563752,71.91013738866354,75.08409904647596,3033610
2023-12-25,72.4259033203125,72.4259033203125,72.4259033203125,72.4259033203125,0
2023-12-26,67.40707397460938,72.22753343711491,67.01032687619694,71.92005803032299,2833617
2023-12-27,72.465576171875,72.465576171875,66.4548831885983,67.21861508368175,3325301
2023-12-28,75.23287963867188,76.96864156373765,72.8127367289302,73.38801207293055,5302469
2023-12-29,76.77027130126953,77.86132013362678,73.90378508899688,75.38166025675967,3390669
2024-01-01,80.71788787841797,81.21381986786656,77.2562847109168,77.26620546955583,5944734
2024-01-02,81.56097412109375,84.0108716664646,79.90455561033143,80.83691012410314,9130870
2024-01-03,81.48162841796875,83.316575288842,80.63854553862933,81.82877930154125,4694238
2024-01-04,81.82877349853516,82.32470545913233,80.1426078594332,81.53121129524837,2087363
2024-01-05,80.52943420410156,83.11819964447282,79.4482985947136,82.07673950002143,3585886
2024-01-08,77.75221252441406,81.23365702221025,77.37530695691193,81.22373626410406,2423032
2024-01-09,77.58360290527344,79.64668183117962,75.62962962421088,78.60522160942573,3868549
2024-01-10,75.95694732666016,77.96050928733911,75.33206816036164,77.86132440029354,2407508
2024-01-11,76.83970642089844,78.60522315609344,76.49255552925703,76.49255552925703,4384308
2024-01-12,76.36360168457031,78.55562005699,76.14539040967692,77.55384293835576,2718438
2024-01-15,73.2789077758789,77.06782785908803,72.90200218947521,76.42312232895674,2946279
2024-01-16,73.58638763427734,74.4889798785881,71.4142031987719,73.39793106540445,2626231
2024-01-17,72.01924133300781,75.2824746056901,71.47371313874432,74.3897955456777,2495355
2024-01-18,71.14640808105469,72.55485314551973,69.93633278974858,72.55485314551973,3965905
2024-01-19,71.84070587158203,72.88216604123228,71.2257475011678,71.414204072346,1424488
2024-01-22,71.4935531616211,72.40606615176017,70.63062882708368,72.40606615176017,1164859
2024-01-23,73.10037231445312,73.83435710827914,70.91827458492261,71.40428581637482,1467667
2024-01-24,75.10394287109375,75.82799934934756,73.46736576677452,73.9137015373517,6202711
2024-01-25,75.30230712890625,77.36538590246234,74.91548080477963,75.58002781624627,3188075
2024-01-26,74.5683364868164,76.373528680201,74.29061577511445,75.38166467136723,1482799
2024-01-29,73.02102661132812,75.1138601480065,72.7135436415208,74.68735834746727,1070894
2024-01-30,69.68836212158203,73.2491500123223,69.03372829282884,72.70362938901592,3346980
2024-01-31,70.60087585449219,71.7117661962892,69.93632882800101,70.86867578981861,1322495
2024-02-01,70.154541015625,71.34477473722187,69.48007322210107,71.3050992708591,385839
2024-02-02,71.59274291992188,72.05892020481495,69.87681489193783,70.30331670925258,556540
2024-02-06,73.47728729248047,74.29061547373178,71.18607629559058,71.18607629559058,1081747
2024-02-07,73.11029052734375,74.29061104423529,72.25728692868083,73.58638855088732,3449640
2024-02-08,73.11029052734375,73.11029052734375,73.11029052734375,73.11029052734375,0
2024-02-09,70.1148681640625,71.11664534962601,68.41878164224002,71.11664534962601,3478775
2024-02-12,66.06806182861328,70.25372913099294,64.88774124379691,69.43048019255258,4691568
2024-02-13,66.40528869628906,67.83357521165468,62.685802652286355,65.48285491633568,4006264
2024-02-14,65.39359283447266,68.93454695826931,64.81830990700904,67.92284902317955,4783377
2024-02-15,64.02481842041016,65.93911606949216,62.993275262223044,65.8597651405314,2243058
2024-02-16,63.5784797668457,64.42156263853369,61.297193363753955,63.46937790704226,3275092
2024-02-19,64.23311614990234,65.21505941231752,62.973448388583286,62.973448388583286,1833420
2024-02-20,64.98692321777344,65.46302124737579,63.925629085092176,64.42156106423896,1417464
2024-02-21,67.9327621459961,68.53779978162794,66.28627186754673,66.5540718136079,2885072
2024-02-22,66.93098449707031,68.91471245105517,66.46480721711242,68.91471245105517,1570542
2024-02-23,67.05992126464844,68.06170595805624,66.46480441698922,66.93098167730734,2017124
2024-02-26,66.92106628417969,68.9345490232973,66.45488898648804,67.46658695188458,2482645
2024-02-27,68.16089630126953,68.87503960262832,65.21505896682545,66.44496822620899,6275419
2024-02-28,70.6703109741211,71.19599769059569,67.4467529296875,67.49634915729985,5219493
2024-02-29,68.96430206298828,72.87224860791126,68.53780024429201,70.9281960942069,5128966
2024-03-01,68.5576400756836,69.9065756752529,67.95260245084789,69.2816965333909,1675224
2024-03-04,68.44853210449219,70.42233921142731,67.95260013821454,70.32315433163603,2610180
2024-03-05,69.36104583740234,70.32315507289374,68.19064608195735,68.67665729518241,3148559
2024-03-06,68.91471099853516,70.18429565155488,68.63698273428082,69.71811838142263,1400592
2024-03-07,69.79747009277344,70.21405114282041,68.73617595061287,68.765930658856,2906146
2024-03-08,70.35291290283203,71.11664484322469,69.67844508895779,70.41242232051098,3185881
2024-03-11,70.4223403930664,71.92997026622614,70.22397063015534,70.91827236766547,2749883
2024-03-12,67.5360107421875,70.71990058753896,67.34756174299372,70.42233838433864,1858944
2024-03-13,65.56221008300781,68.43861724896493,64.59018758296916,67.5459381192097,1756950
2024-03-14,68.07162475585938,68.88495294702746,65.95895712409056,66.30610801654244,1086514
2024-03-15,67.91292572021484,69.43047634965737,67.70463519924444,69.42055559132886,901132
2024-03-18,67.98236083984375,68.42869662192132,66.65325911801747,68.12122119725997,723640
2024-03-19,66.44496154785156,67.84349330033362,66.20691632709843,67.44674622086431,1849784
2024-03-20,64.7488784790039,67.14918746016991,64.13392766327135,66.851632810812,1181681
2024-03-21,63.062713623046875,65.36383775243932,62.5072684324946,64.5306680747805,1334233
2024-03-22,63.70742416381836,63.97522409786245,62.49734516319417,63.380107247625666,730666
2024-03-26,64.27278900146484,64.86790587665364,63.052792975104445,63.38010990502085,1302369
2024-03-27,64.54058837890625,65.35391653355028,64.23311296901691,64.47115820353378,1317348
2024-03-28,65.7407455444336,65.95895683797735,64.6695305946671,64.8579871786043,1260508
2024-03-29,64.5604248046875,66.05814157924314,64.3323003199955,65.8597718040917,747529
2024-04-01,63.72726058959961,65.46302255118404,63.47929459508755,64.6992906177084,837333
2024-04-02,64.13392639160156,64.81830736867964,63.47929255481577,64.15376034090355,658969
2024-04-03,68.94446563720703,68.94446563720703,63.97522510335244,63.97522510335244,3541944
2024-04-04,68.1212158203125,70.6703058478509,67.45666879551439,70.45209456990015,2385749
2024-04-08,68.28983306884766,68.93454616515152,67.6451199725438,68.62707075487864,1024641
2024-04-09,69.66852569580078,70.61080104234306,68.53780133380751,68.74609186708818,2811847
2024-04-15,70.9678726196289,71.81095551082974,68.68658238007669,69.43048038419305,6832813
2024-04-16,69.32137298583984,71.76135746958289,68.98414286481302,71.47371600718387,3809954
2024-04-17,69.74787139892578,70.42233917541131,68.73617351785813,68.83535839759868,2652293
2024-04-18,69.21226501464844,71.15631744279548,68.85519338832333,69.93632902561917,3437248
2024-04-19,69.17259216308594,70.67030889859393,67.64512071881317,68.43861493337516,4146555
2024-04-22,71.17616271972656,72.60444173316267,68.68658196224492,69.43047996183603,6664933
2024-04-23,73.35826110839844,76.51238895587764,71.22575197817602,71.51339344851503,13681350
2024-04-24,77.48441314697266,78.54570725227173,73.40785177817875,73.41776496903447,12197169
2024-04-25,76.2148208618164,79.2499296378921,75.78832663591285,78.24814494825776,5400024
2024-04-26,77.90099334716797,78.50603094501413,74.99483175282079,76.61156722155327,5496092
2024-04-29,76.18506622314453,81.0352802470066,75.67922106611147,79.0912278476566,17062994
2024-04-30,74.74687194824219,77.76213942853795,74.4889851883472,74.49890594723749,7404333
2024-05-02,76.80994415283203,77.85139672527319,74.38979377384678,75.57011425660124,9109354
2024-05-03,80.17236328125,81.23365738369942,77.26620166354141,77.26620166354141,11161289
2024-05-06,82.53299713134766,83.56453653192715,81.13447291786787,81.13447291786787,11946009
2024-05-07,81.8486099243164,84.60599806523317,81.19398365152422,83.11820213841656,10701211
2024-05-08,80.54927062988281,82.7115343478294,80.04341789553767,81.87837226050463,3637426
2024-05-09,84.5464859008789,85.54827066754609,80.14261485229365,81.2237429884154,9890693
2024-05-10,90.10092163085938,90.74563474076871,85.85574494503922,85.85574494503922,21018192
2024-05-13,89.39669799804688,91.15230148437054,88.59329059394852,91.15230148437054,12806628
2024-05-14,89.57523345947266,90.01165603147119,87.14516973954616,89.14873164610725,9985430
2024-05-15,88.3949203491211,90.55718412154297,88.02792795341755,90.23978795161506,7865518
2024-05-16,87.6510238647461,89.25783869177025,86.89720511053572,89.06938967870896,4191596
2024-05-17,89.56532287597656,91.20189243397878,87.77996463611001,88.16679099352746,9600493
2024-05-20,86.83769226074219,89.65458225977034,84.45721725600261,89.65458225977034,5844764
2024-05-21,85.45899963378906,87.77995759204418,85.19119213563887,86.2921617006536,4873380
2024-05-22,84.38778686523438,86.6393147069976,84.06046994486714,85.7863111027613,4161462
2024-05-23,85.6176986694336,85.84583071503738,83.83234047394808,84.80437050645055,3247574
2024-05-24,86.31199645996094,87.38321132797681,85.54826455816449,85.84582676616489,4211150
2024-05-27,85.00273895263672,87.13524799534333,84.79444842762652,86.78809712032633,2029695
2024-05-28,85.00273895263672,85.00273895263672,85.00273895263672,85.00273895263672,0
2024-05-29,82.69170379638672,85.09201284258533,82.2850359270616,84.20925449446004,4159251
2024-05-30,86.12355041503906,86.56988617504464,83.43559996180278,83.50503013707747,5575480
2024-05-31,88.42467498779297,89.16857296991014,85.79623393751461,87.18484501759767,6732706
2024-06-03,88.56353759765625,89.86287701801436,86.89720577252537,89.16857524392724,6097331
2024-06-04,85.3300552368164,88.90076397804602,84.80436854898014,88.62304328011903,6405012
2024-06-05,84.42745971679688,86.77817236751267,83.82242211933573,85.458999103168,6699996
2024-06-06,84.22908782958984,86.04420073914928,83.8621029980534,84.7051858722349,3452040
2024-06-07,87.58158874511719,88.37507535505907,81.43202778963075,84.23900455009674,8094582
2024-06-10,88.05767822265625,89.71408916448321,87.62125567326137,88.12710839484896,8437492
2024-06-11,86.18305969238281,90.55718342957871,85.39948624850912,90.54726267103509,9955546
2024-06-12,87.49231719970703,88.41475096618223,85.44907990577498,86.54012872581671,4354045
2024-06-13,94.54447174072266,94.93129807718475,88.27589185757428,88.27589185757428,17350798
2024-06-14,91.97554779052734,95.61568668580689,91.57880069543508,95.21893959071463,6710754
2024-06-20,92.79878997802734,94.2270765066179,91.25148461693523,92.24334858016279,5021959
2024-06-21,90.38855743408203,93.32447376586543,89.89262546788913,92.29294193542692,5485413
2024-06-24,89.57523345947266,91.43994258177794,88.77182605858592,90.36872766904789,2352071
2024-06-25,89.47604370117188,90.85473395053464,88.82141744615446,89.66450026832776,4611876
2024-06-26,90.51750946044922,91.64823379884415,89.16857383441287,89.86287559752496,4040690
2024-06-27,90.32904815673828,92.04497609199065,89.26775405016802,91.25148191794953,4447686
2024-06-28,89.53556060791016,90.95392644101923,89.26776065556507,90.06125488832105,2418251
2024-07-01,89.00987243652344,91.06303059527055,87.65102361189302,89.16857430740326,5053769
2024-07-02,89.60498809814453,90.42823701565528,89.07930140082274,89.26775797809721,2450987
2024-07-03,89.43637084960938,90.94400829626984,89.26775579371173,90.02157451704196,6242138
2024-07-04,89.93230438232422,91.00351928654095,89.56531955635258,89.76368932350906,3650280
2024-07-05,88.68256378173828,90.45799368068178,88.37508079627352,90.45799368068178,1509968
2024-07-08,89.34710693359375,90.5571821701564,88.07752228123998,88.67263914111562,2250068
2024-07-09,90.42823791503906,91.91603389613805,89.06938909538788,89.76369085963873,6620515
2024-07-10,88.99003601074219,91.3506695194972,88.72222850291294,91.25148463661735,2575418
2024-07-11,87.8493881225586,88.77182188167555,87.43280708742738,88.77182188167555,2592708
2024-07-12,87.64109802246094,89.16856939253921,84.30843459089401,88.27589033634784,3685535
2024-07-15,89.5157241821289,91.15230126235791,88.37507909182858,88.37507909182858,5723446
2024-07-16,89.5157241821289,89.5157241821289,89.5157241821289,89.5157241821289,0
2024-07-17,89.5157241821289,89.5157241821289,89.5157241821289,89.5157241821289,0
2024-07-18,88.96028137207031,89.96205852745693,88.67263991436911,89.96205852745693,1849064
2024-07-19,87.34353637695312,90.61669041495408,85.84582727187318,89.5454755406278,5020497
2024-07-22,86.17314147949219,88.02792988122539,84.82420583592655,87.26419793187748,2615859
2024-07-23,87.28402709960938,88.02792505784468,86.58972536551829,86.88728000841961,1922086
2024-07-24,88.15686798095703,88.66272073054121,86.7880984102652,87.7799623920968,1648395
2024-07-25,87.74028778076172,89.91247234370825,87.53199725062353,88.52386124213203,2437675
2024-07-26,87.74028778076172,88.72223101350504,87.28403125274642,87.28403125274642,1528129
2024-07-29,90.97376251220703,91.72758123146141,87.87914427052172,87.97832915184749,6879200
2024-07-30,87.86922454833984,92.24334824247472,87.69069630024109,91.9953822525756,5535659
2024-07-31,84.73493957519531,88.02792766515968,84.06047177039193,87.92874278125481,1703513
2024-08-01,84.51673126220703,85.28047078650648,83.06861071777283,84.80437273277107,1100740
2024-08-02,83.20746612548828,86.29216361409033,81.92796072244217,85.09200914316833,5215542
2024-08-05,80.95594024658203,84.30843775299476,80.53935162652049,84.30843775299476,2526101
2024-08-06,80.86666870117188,81.92796285212528,80.34098200499706,81.34276673897114,1013941
2024-08-07,80.91626739501953,82.42389735394745,80.45009010160443,81.32292770231831,1834604
2024-08-08,81.5411376953125,82.53300168513601,81.13447739449214,81.72959427492191,2267408
2024-08-09,80.4004898071289,82.22552342016166,79.35903719430063,82.22552342016166,1868689
2024-08-12,78.73416137695312,81.28325154717605,78.01010489666555,81.28325154717605,2653630
2024-08-13,76.84962463378906,78.95237143196336,76.57189636235547,78.3572545563918,1652675
2024-08-15,76.78018951416016,77.85139679428912,76.57189143216613,76.86945363445376,978599
2024-08-16,77.48441314697266,80.44016342872688,76.78019066283227,76.78019066283227,4674596
2024-08-19,76.10572814941406,78.6052221030699,75.67922632616195,78.10929010241962,1548175
2024-08-20,76.13548278808594,76.85953927066379,75.49076967437402,76.62149402942246,768427
2024-08-21,77.5042495727539,78.25806830454718,76.37352525872474,76.37352525872474,1983847
2024-08-22,81.83869934082031,83.8125065477698,78.55562441192777,78.56554517060597,6333986
2024-08-23,80.86666870117188,82.32470995573772,80.7377291086095,82.32470995573772,656789
2024-08-26,79.78553771972656,81.70974861669391,79.54748492576088,80.09301311944725,796904
2024-08-27,79.41854858398438,80.82699361957043,78.46636007116614,80.13269186042847,2622262
2024-08-28,79.01188659667969,80.32114671970817,78.85318473094462,79.74586380740074,960540
2024-08-29,78.40685272216797,79.7458676171612,78.10929049335978,79.448305388353,794793
2024-08-30,76.45287322998047,79.29951785443086,76.17515254148006,78.95236699380536,3298844
2024-09-02,77.00831604003906,77.65302911738182,75.77840686779776,77.36538766541901,1532805
2024-09-03,78.60521697998047,78.8333490150327,77.25628142074274,77.35546630094407,1994922
2024-09-04,78.52587127685547,80.24179933113174,78.21839585756436,79.19041834250092,3810684
2024-09-05,78.56554412841797,79.77561938217043,78.08945366068288,78.36717436141528,1467365
2024-09-06,78.44651794433594,79.2995215659806,77.97042747528684,79.2995215659806,541007
2024-09-09,79.84504699707031,80.32114501686056,78.25806620997169,78.95236793953943,1034666
2024-09-10,81.56097412109375,81.97755515465596,80.14260840149946,80.27154798789122,5545308
2024-09-11,80.74765014648438,82.32471024046322,80.35090304149975,81.82877825106283,2134781
2024-09-12,82.52307891845703,83.46535422625519,80.10293598795272,81.28324896134487,5502981
2024-09-13,79.02179718017578,85.79622961193414,78.15888040751126,85.30029764885938,9855447
2024-09-16,75.42133331298828,79.1507437674834,75.03450698994268,78.8432608067981,4349911
2024-09-17,75.42133331298828,75.42133331298828,75.42133331298828,75.42133331298828,0
2024-09-18,74.4195556640625,75.87759697354127,74.31045001727689,75.38166496717825,2639006
2024-09-19,73.54671478271484,74.9353258521731,73.3483374486085,74.61792968492448,2250161
2024-09-20,75.27255249023438,75.77840520967419,72.90199832030669,74.33028479057386,3413111
2024-09-23,74.33029174804688,75.9569481281891,74.14183516354636,75.38166518300366,1192462
2024-09-24,73.5665512084961,74.76670574277733,73.39793614432178,74.4393963732983,971516
2024-09-25,74.94523620605469,75.19320218880878,73.74508175760343,73.88394210256001,1759201
2024-09-26,73.92362213134766,75.77841052108413,73.68557689205862,75.38166341072125,1227191
2024-09-27,72.70362854003906,74.3798734231441,72.40606633638572,74.3798734231441,1720687
2024-09-30,72.9020004272461,73.28882676290291,72.40606845155054,72.70363066389643,884859
2024-10-01,75.86767578125,76.6710907727483,72.65403851722229,72.65403851722229,5913617
2024-10-02,74.55841064453125,76.11563672953669,74.38979559068282,74.50882198786358,1525717
2024-10-03,76.75042724609375,78.14895900270571,74.3897938456281,74.3897938456281,6206029
2024-10-04,75.84783935546875,76.96864292263494,75.48084696059693,76.69092222049264,4539673
2024-10-07,78.67465209960938,79.33919916279585,75.49076957083233,76.34377321537566,7672781
2024-10-08,80.093017578125,81.58081357028831,77.88115754015398,78.85318758465557,5624910
2024-10-09,80.093017578125,80.093017578125,80.093017578125,80.093017578125,0
2024-10-10,79.428466796875,80.63854202458543,78.45643679790915,79.33919510651992,1811208
2024-10-11,80.27155303955078,81.0352849824781,78.15888546439814,79.94423610658691,3105315
2024-10-14,77.48441314697266,81.03528027488426,77.26620187100666,80.26162761814753,4564970
2024-10-15,77.13726043701172,78.14896596109442,76.85953972603116,77.57368302130793,2412095
2024-10-16,77.55384826660156,78.70440656692189,77.11742568683087,77.11742568683087,2419206
2024-10-17,78.18863677978516,78.75399892703861,77.16701812486411,78.14896131381562,3271882
2024-10-18,77.29595947265625,78.46635925976534,76.86945766293036,78.35725361769674,1322593
2024-10-21,79.70619201660156,80.04342214585769,77.56376213430917,77.56376213430917,4195036
2024-10-22,79.89464569091797,81.05512471792488,79.3987137066598,80.08309469915741,3319211
2024-10-23,82.46356964111328,82.72145639147749,79.87480408091203,80.28147193984489,7226931
2024-10-24,84.74485778808594,85.5978613852229,82.83056007367225,82.91982419630871,7754570
2024-10-25,86.3219223022461,88.67264269539898,84.60600182803634,85.3003035978342,11043089
2024-10-28,85.55818939208984,88.47426435972781,84.32827260326562,86.7880986135924,4032276
2024-10-29,87.09557342529297,89.04954667134818,85.30030204792035,85.30030204792035,9759889
2024-10-30,85.00273895263672,88.02792707918813,84.506806969092,87.28402910387105,6740545
2024-10-31,83.60421752929688,85.5978662896068,83.31657606100764,85.05233806227864,2451790
2024-11-01,86.29216766357422,86.77817890282931,83.52486620628443,83.97120954493735,2933936
2024-11-04,88.96028137207031,90.25962074365032,86.76826291923167,86.78809686889453,12031774
2024-11-05,87.63117980957031,89.66450396510356,86.28224421154931,89.66450396510356,8599697
2024-11-06,86.85752868652344,89.31735469392567,86.10370994061154,87.82955871946153,4335263
2024-11-07,86.28224182128906,87.63117738194076,85.82598531802765,87.49231703604909,2667732
2024-11-08,87.30386352539062,87.68077667800726,85.54826762377635,86.67899194698315,2961606
2024-11-11,86.42110443115234,88.35524370072012,86.24256861499718,88.2758927674686,3162855
2024-11-12,85.8755874633789,87.22452311704626,85.3003045236898,86.421108126335,1278933
2024-11-13,86.14338684082031,87.27411119483452,85.7962359544689,86.08387742239486,1706125
2024-11-14,85.09201049804688,87.27410819495474,84.81428979851187,86.09379522193092,3160917
2024-11-15,85.40940856933594,87.77004213535912,85.20111804003875,85.40940856933594,3879626
2024-11-18,84.9134750366211,86.19298046538995,84.49689398557678,85.74663713870972,1202419
2024-11-19,85.04241180419922,86.19297760295544,84.31835536818996,84.80436657826807,1278039
2024-11-20,83.39592742919922,85.69705162011074,83.21739160545083,84.94323285680402,1561617
2024-11-21,83.08843994140625,84.30843593216369,82.77104377941332,83.69347755759925,1963488
2024-11-22,80.30130767822266,84.16957875056266,78.13904387851723,83.32649587299001,7972799
2024-11-25,81.42211151123047,83.06860937107912,79.55740992958415,80.34098339173025,3558581
2024-11-26,77.13726043701172,82.11642198612378,76.36360772290249,81.33284851310187,4804551
2024-11-27,81.2733383178711,81.81885897570821,78.5754670358522,79.59708574176632,3814066
2024-11-28,84.45722198486328,85.30030488009754,81.87837707172005,82.20568644393256,10362778
2024-11-29,84.75477600097656,85.59786645710105,83.62405164332179,84.50681000030978,4372959
2024-12-02,88.58336639404297,89.14872853928297,85.40940480099755,85.40940480099755,14275062
2024-12-03,92.19375610351562,93.96919357795782,87.38321719973786,89.51572632084564,20406335
2024-12-04,92.48139190673828,94.67341031222203,90.16043391292773,93.24513138038529,13007810
2024-12-05,97.37128448486328,98.6607106776402,91.36059122560569,93.71131156758027,14004720
2024-12-06,95.823974609375,99.4343586988917,93.73114111765851,98.98802295859325,6318491
2024-12-09,104.81026458740234,105.40538145987666,95.03048517309169,95.7644699642209,14452667
2024-12-10,106.02033996582031,111.47559184290547,101.1701257204885,107.12130958639959,18218926
2024-12-11,107.03204345703125,109.30340526408992,105.73269652485307,107.12130758103447,5929939
2024-12-12,107.74617767333984,110.07706399907673,105.75253659139489,107.61723808466303,7485165
2024-12-13,105.1276626586914,107.81561317572023,103.43157613616717,107.617243403748,7238382
2024-12-16,108.92649841308594,110.34486416072109,105.53432552875168,106.12944238379467,12819895
2024-12-17,102.61824798583984,109.08520546912621,101.1701274616246,107.12131142995547,8414789
2024-12-18,97.28202056884766,104.69124567931934,96.12154153324457,103.30263459964614,9334978
2024-12-19,91.78709411621094,99.68233053184893,90.25962267062938,97.2026705683701,7524857
2024-12-20,96.07194519042969,96.80592241282405,91.36059131082037,91.36059131082037,3749066
2024-12-23,99.43436431884766,100.6642735392033,95.61568949687495,97.5696627546103,8815495
2024-12-24,96.13145446777344,101.0510988668378,95.7148734151806,100.12866506905564,5036745
2024-12-26,93.35424041748047,95.71487396300587,92.83846691075692,95.2288627321992,2337047
2024-12-27,98.17469787597656,99.16656183381001,92.29294430333132,93.13602715402547,7561386
2024-12-30,105.19709014892578,105.93107493458517,99.18639691728141,100.17826088645423,17425105
2024-12-31,104.06636810302734,106.27822813222745,102.95548527636976,106.12944702013675,7983546
2025-01-01,104.06636810302734,104.06636810302734,104.06636810302734,104.06636810302734,0
2025-01-02,105.89139556884766,109.54145514370228,105.13757686118169,109.4521834547565,7792725
2025-01-03,101.36849212646484,105.63351011581601,99.58314156630865,105.13757814344129,11556889
2025-01-06,98.31356048583984,102.50914088627114,97.3117757465376,102.04296360459618,6507188
2025-01-07,98.95826721191406,101.25939137204932,94.33618494141312,99.18639925983324,7502383
2025-01-08,96.65714263916016,101.17012681314583,96.0124371005808,100.12866659843476,3654819
2025-01-09,94.45520782470703,97.30185253429269,93.73114380747232,97.30185253429269,2510942
2025-01-10,98.93843078613281,99.87078533738963,94.22707693917411,94.4750429311193,5792080
2025-01-13,99.40460968017578,101.19988106954506,98.88883617083236,100.17826237686924,6233903
2025-01-14,102.45954895019531,103.1538506875096,98.93842890460657,99.68232686629534,8102463
2025-01-15,101.19988250732422,104.53254614606095,100.6841165579748,103.16377655302763,9536691
2025-01-16,101.21971893310547,102.40995264392716,99.18639481252025,101.64622073349216,3758988
2025-01-17,103.83824157714844,105.28636206717076,100.27744598516708,101.63630235008657,10838447
2025-01-20,106.08976745605469,107.46845774470549,104.04653013535639,104.4531904208924,10929413
2025-01-21,104.70115661621094,108.41073325453836,103.71921342009905,106.27822423888414,11273442
2025-01-22,106.91301727294922,108.9066659535711,104.29449702108232,105.23676475718024,16695919
2025-01-23,109.2835693359375,109.89852770367119,107.23041128049987,107.23041128049987,14798994
2025-01-24,107.80569458007812,110.19608275199963,107.12130603663458,110.09689787098553,9477438
2025-01-27,104.51271057128906,108.41073632561826,103.77872577569003,108.35121934088326,6753837
2025-01-28,104.55238342285156,105.7822926116599,102.66784038958819,105.23676440794738,6247579
2025-01-29,103.72913360595703,105.9310727835802,102.29092633946733,105.1474993557661,3540068
2025-01-30,104.71107482910156,105.53432370748646,102.1619848306794,103.87791275988401,2500344
2025-01-31,106.5757827758789,107.3196807689185,105.13758301626434,105.23676790187196,7602272
2025-02-03,106.10961151123047,108.90666762162545,105.64343423161104,106.67497367501281,5858375
2025-02-04,104.68132019042969,108.31153824304255,104.30441462086873,106.92293479343837,3440397
2025-02-06,101.69580841064453,105.62358869929676,100.67418976469051,105.12765673001256,6744752
2025-02-07,101.29906463623047,103.03482658551879,100.17826107321149,101.66605702974434,4491123
2025-02-10,102.7174301147461,103.401818674277,100.28736641983318,102.15206795562275,1998945
2025-02-11,108.0635757446289,108.78763976725851,102.76702581439052,103.1538521545845,12196282
2025-02-12,108.11317443847656,109.84893641340624,106.67497468617779,108.55951020510125,12828142
2025-02-13,107.2006607055664,109.10503772978362,106.73448342449495,108.58927179013706,4567373
2025-02-14,105.22684478759766,110.69201737297342,104.40360344489335,107.71642546742402,9616562
2025-02-17,104.21514892578125,106.42700894884047,103.15385476121926,104.39368474633007,2930859
2025-02-18,109.17446899414062,109.99771792137598,104.14571887133204,105.02847721637949,11147320
2025-02-19,110.93006134033203,112.97330623793154,108.1131713342136,110.93006134033203,24970307
2025-02-20,119.92627716064453,121.91991830709435,114.56028940966118,114.95703651415464,32200333
2025-02-21,116.03816223144531,121.4041498720945,115.62158118558756,121.00740277575886,7879713
2025-02-24,119.75765228271484,120.5114710103539,114.1238646932828,116.0480831951556,11477310
2025-02-25,120.67017364501953,122.7431657000844,117.88303075687938,120.51147177826469,11469423
2025-02-26,122.0389404296875,123.73502686378994,119.0335938937873,119.0335938937873,8658437
2025-02-27,120.29325866699219,122.69356761026931,120.01553797171336,121.00740192189281,4341246
2025-02-28,120.00562286376953,121.80090184390275,118.13100051505037,121.80090184390275,2526880
2025-03-03,117.93262481689453,120.66025067126319,117.43669284337295,120.26350357898166,1701340
2025-03-04,117.93262481689453,117.93262481689453,117.93262481689453,117.93262481689453,0
2025-03-05,118.46823120117188,120.41228361198208,117.8929483008538,118.41863497733293,2591313
2025-03-06,121.33472442626953,122.3265884221014,118.19051737563973,119.02367949982406,6160994
2025-03-07,125.64933013916016,126.34363190292872,120.53130833542033,121.99927036537319,9721256
2025-03-10,124.8558349609375,128.9423172789365,123.04072963040613,125.47079335219591,9171488
2025-03-11,124.35990142822266,125.56005591992454,121.00740394480718,121.00740394480718,4307723
2025-03-12,126.98834228515625,128.30752317535533,124.25079562167794,124.97485964607428,5626023
2025-03-13,132.79075622558594,134.35790315067914,126.21469310892687,127.95045509667243,12175485
2025-03-14,133.43545532226562,135.68699071532123,130.3309163310464,133.74293072370088,6494720
2025-03-17,132.8998565673828,134.39756568857746,132.41383778173497,133.60407149891188,2468549
2025-03-18,131.6798553466797,133.653670097519,131.42197616268103,133.17757962912032,2760925
2025-03-19,133.28668212890625,135.68699106607318,130.62847887917778,131.12441085300506,6377463
2025-03-20,132.096435546875,134.69512942580377,130.9260433332218,133.65366923599726,3160253
2025-03-21,131.54100036621094,133.50490200598665,131.37238530040784,132.71140776983276,1766910
2025-03-24,130.6979217529297,132.5626157561937,129.63662002263118,131.71954044836363,2253956
2025-03-25,129.9242706298828,132.05677217309415,129.19028582242004,130.67808182037498,1039386
2025-03-26,131.90798950195312,133.40569858781342,129.94408802356912,130.92603876276112,3542374
2025-03-27,134.2289581298828,135.78617675371683,131.0252416190917,131.90799998155651,4818120
2025-03-28,134.2289581298828,134.2289581298828,134.2289581298828,134.2289581298828,0
2025-03-31,134.2289581298828,134.2289581298828,134.2289581298828,134.2289581298828,0
2025-04-03,132.95936584472656,133.60407135992253,129.43824578681566,133.43545630417347,9908599
2025-04-04,131.02523803710938,135.38943350275477,130.62848336364135,132.90977354849187,4866645
2025-04-07,123.89373016357422,128.94231405863255,117.92270492100523,128.94231405863255,11670563
2025-04-08,125.07404327392578,127.69257107835722,124.7368131613732,125.07404327392578,4978269
2025-04-09,125.79811096191406,128.5257369191074,122.99113406980881,123.99291881293715,10063297
2025-04-10,129.83499145507812,133.90163990608326,128.06947474708792,130.33092345473028,8716529
2025-04-11,126.96849822998047,127.96036217559762,124.72689116135709,126.88915486549533,5668795
2025-04-14,125.96672058105469,128.88280299085184,125.67907912991703,127.85125601620553,3306656
2025-04-15,124.69713592529297,126.84947886200344,124.33014354273425,126.46265253023782,2103439
2025-04-16,122.25715637207031,125.9568047821433,121.7612243817522,124.96494080150707,4025505
2025-04-17,124.84591674804688,126.2146862598711,121.99926451838229,122.25715126141745,5691617
2025-04-18,123.98299407958984,126.9585859375,123.53665832783189,125.83778239525623,4410173
2025-04-21,126.43289947509766,128.54557454100456,122.80267376976671,123.98299429701717,7243662
2025-04-22,125.46086883544922,126.95858551782986,125.27241983084974,126.23452150517707,3552896
2025-04-23,124.17145538330078,127.28590770786089,122.99113481314778,125.75843625452221,4587039
2025-04-24,121.62236022949219,123.37795609073935,120.0155379068344,120.11472278833445,2943424
2025-04-25,123.6358413696289,124.13177333856659,119.61878939430514,121.99926435867029,3560574
2025-04-28,117.84335327148438,125.7485101499052,115.55214997254163,124.59795190492822,3946648
2025-04-29,126.71062469482422,127.44460949573553,118.03181478421982,118.04173554296773,9206064
2025-04-30,123.4473876953125,127.20655301610883,121.99926722012776,127.20655301610883,6085018
2025-05-02,131.70960998535156,133.10814181609106,126.16509402249095,127.45452021108817,9605968
2025-05-05,137.58145141601562,138.9601416635743,129.93417391058512,132.89985248877124,14728440
2025-05-06,134.8835906982422,140.34875588530426,134.39757189016768,138.86095988652013,11352512
2025-05-07,129.6961212158203,134.84389740141688,125.90720889726298,126.06590319004953,5539591
2025-05-08,118.57733917236328,132.65189115395398,116.72255084719102,130.43011044018957,7662050
2025-05-09,126.59159851074219,127.85126245032397,118.52774698409364,118.57734321059726,3900173
2025-05-12,139.24778747558594,139.24778747558594,136.87723310188827,139.24778747558594,8202285
2025-05-13,149.51358032226562,150.6443046429521,138.1170578557505,143.62190591750436,19785523
2025-05-14,146.28009033203125,153.1933832376157,145.20887545555877,148.78950490144305,19418708
2025-05-15,150.0690155029297,151.1997397767419,146.20073709857246,147.2917934744625,10735623
2025-05-16,146.13131713867188,150.26738798181623,145.06010225967407,150.26738798181623,3581156
2025-05-19,143.80043029785156,146.68675800588974,143.0862870477258,146.13131661904583,3855199
2025-05-20,146.85537719726562,149.13666735862122,142.7292194435529,143.86987209155225,7225038
2025-05-21,150.6244659423828,151.40803183428042,146.2999383458914,147.77782113765372,10333183
2025-05-22,150.67405700683594,154.43321473630635,149.77145717564852,150.8724267708685,9634556
2025-05-23,149.92022705078125,151.55681161699616,148.78950277532482,150.76331744561702,3003238
2025-05-26,148.90853881835938,150.55502146376259,148.60106341713305,149.7714556069162,2042676
2025-05-27,153.7190704345703,155.1275154246761,147.78772826279695,148.33325646116538,12899792
2025-05-28,153.7190704345703,153.7190704345703,153.7190704345703,153.7190704345703,0
2025-05-29,157.88490295410156,159.49173291241587,154.2348507288138,154.6315902716865,10758626
2025-05-30,159.37269592285156,160.68196363188824,157.61710758752028,158.67839416865473,5576922
2025-06-02,155.34573364257812,160.48359699309162,154.68118658384455,159.36278583862276,3170033
2025-06-03,156.02020263671875,157.81547396783782,154.73077647251918,155.34572727951658,3248886
2025-06-04,155.60362243652344,157.95433517181894,154.33403778217757,156.91287498991133,2745567
2025-06-05,155.76231384277344,156.96247592615967,153.54054819830003,155.52427617209034,2976489
2025-06-06,155.76231384277344,155.76231384277344,155.76231384277344,155.76231384277344,0
2025-06-09,155.76231384277344,155.76231384277344,155.76231384277344,155.76231384277344,0
2025-06-10,154.11582946777344,156.56573469980233,153.73891631372493,156.20866306297827,1675631
2025-06-11,161.4556121826172,162.3284572996074,155.72263977615194,158.10310719657997,11988113
2025-06-12,167.0199737548828,177.60316052726452,161.92179354067247,162.2193557594063,23822086
2025-06-13,164.10389709472656,167.12908534601945,159.7892977407639,163.6575613180606,11233272
2025-06-16,164.10389709472656,164.10389709472656,164.10389709472656,164.10389709472656,0
2025-06-17,161.1282958984375,168.41850199600924,158.9461982320093,164.15348397751976,10076009
2025-06-18,155.137451171875,159.68019008752194,154.73078330139663,158.20230728572284,3887362
2025-06-19,152.6577911376953,157.40881301558932,151.77503278732908,155.52427747851547,2118633
2025-06-20,153.6298065185547,156.51613424364876,152.55859163703596,152.7371350179438,2580363
2025-06-23,141.98532104492188,151.55681742227227,139.10892158996694,150.76332322049893,5712820
2025-06-24,156.18882751464844,156.18882751464844,153.73892218899425,155.72265021723933,9529454
2025-06-25,162.98309326171875,163.85592325544295,157.70636972697986,158.74782991248284,6527352
2025-06-26,162.7549591064453,165.14535496376072,161.47546121371695,165.0858455456771,2212132
2025-06-27,165.89915466308594,169.60873119141627,162.8342987668535,163.44924955732742,4621581
2025-06-30,164.21299743652344,166.63314795938118,163.50878248900005,165.93884620314572,1933502
2025-07-01,160.1463623046875,165.1155953164147,158.2518985009202,165.1155953164147,6539552
2025-07-02,159.91822814941406,161.9713938897691,158.90653776846335,160.68196766552447,5122099
2025-07-03,159.86862182617188,161.66390826215505,159.0949691674134,161.17788948538933,2237242
2025-07-04,161.19773864746094,161.6738291212836,159.1941691654357,159.86862940879757,2007289
2025-07-07,164.6494140625,166.0380175248327,159.59090191395168,161.67382224209337,9231384
2025-07-08,166.8216094970703,169.8071147049833,162.76488934712125,165.14535690632798,6647475
2025-07-09,166.86126708984375,168.0217460883643,165.64127867621588,166.53395017211088,3497483
2025-07-10,167.43655395507812,168.6168744981078,166.14712777022282,166.63314656283592,1752507
2025-07-11,169.3706817626953,175.11358247838953,167.4266369063203,167.8630594635677,9470432
2025-07-14,169.1723175048828,172.58433200749343,166.70258588818862,169.41037030784747,2582765
2025-07-15,169.35086059570312,170.10467176847965,166.27607621833397,169.17231721012993,3285314
2025-07-16,170.53115844726562,172.08839208406687,168.6267815152878,169.60873225576617,2882140
2025-07-17,171.92970275878906,172.57442344194178,169.31118239456296,170.60060862622478,4049693
2025-07-18,170.40223693847656,173.5563571699986,168.41850895347602,171.9297008276839,2094370
2025-07-21,169.8269500732422,170.99734229265576,168.9144370374342,170.10467077393838,696440
2025-07-22,171.29490661621094,173.9233552485564,169.67817861756387,169.67817861756387,5685694
2025-07-23,170.67994689941406,173.77455751808904,170.25343753947783,171.09652793387858,3129868
2025-07-24,169.75750732421875,171.59246166758467,169.50954133915,170.7989674884361,1656683
2025-07-25,170.96759033203125,172.08840147869594,169.26158306625484,169.81703961121733,3094747
2025-07-28,173.1497039794922,174.56806222040413,171.59247025073816,171.69166270358437,12307729
2025-07-29,170.6105194091797,173.67539063949044,168.81524800947764,173.5266019602587,3681473
2025-07-30,166.2760772705078,172.08840080808596,163.6674701558066,170.6105180270262,5353826
2025-07-31,166.84144592285156,168.11103060029973,164.8973858722723,166.63314782882256,2840061
2025-08-01,170.6898651123047,171.58255175640124,164.758522873784,167.59525440257963,3020635
2025-08-04,178.85292053222656,181.01517674876106,172.18759336117196,172.69343854361472,17378018
2025-08-05,180.44979858398438,184.81400898249595,179.52737238827527,180.03321754708583,11908497
2025-08-06,182.52281188964844,183.74280033433016,180.61843488452672,180.95566500181386,4520315
2025-08-07,181.20362854003906,183.48491866572806,179.775342021881,182.6120735413775,2154693
2025-08-08,177.41470336914062,181.21354418822074,176.73031480868994,181.01517442126303,1968428
2025-08-11,181.48135375976562,182.6021649010444,176.5517885649066,177.54365254560832,4082514
2025-08-12,183.6138458251953,186.9663507507074,182.00703110214752,182.00703110214752,5908266
2025-08-13,183.68328857421875,186.46051068007975,182.9989000225104,184.98262793603357,4642516
2025-08-15,182.7806854248047,185.47855654901633,181.52101398487346,183.8419871039115,1507843
2025-08-18,187.89871215820312,191.1817794644281,181.79873968594526,183.47499221018535,8147205
2025-08-19,189.0492706298828,192.9175338931638,187.96812744661085,188.45414621954305,6630503
2025-08-20,189.89234924316406,191.49917912561978,188.99967774652188,189.0492739707004,1739982
2025-08-21,187.4325408935547,192.3224231385629,185.47856760692417,189.94195559746512,4622000
2025-08-22,188.66244506835938,191.64795005367938,187.1647208456351,188.35495453649713,3017686
2025-08-25,184.9330291748047,188.66244728724857,184.37758778817926,186.9861948017694,2101745
2025-08-26,187.37303161621094,188.93025022406786,183.79240197571923,184.93303952030277,3057532
2025-08-27,183.90150451660156,188.45415656121332,183.50474984305515,186.46051540606365,1975580
2025-08-28,187.07546997070312,189.09886587497857,182.75094231779718,183.3460667726895,6110323
2025-08-29,205.78201293945312,205.78201293945312,190.9338085398912,191.4297405101247,16112994
2025-09-01,207.5177764892578,210.62231549074932,203.88755080590033,207.29956520984445,10329525
2025-09-02,204.16526794433594,208.77744430471444,203.77844161659448,208.2815123391668,3903638
2025-09-03,208.20216369628906,211.15791400573144,204.32397205077802,204.32397205077802,7326939
2025-09-04,214.07400512695312,216.11724250905306,207.39876476343164,207.94427784601,7394926
2025-09-05,235.47842407226562,235.47842407226562,214.14342081521116,214.63935279035954,14974012
2025-09-08,235.73631286621094,246.40876395824625,233.13763405352285,240.0211725708946,10727141
2025-09-09,238.16636657714844,242.51073551660522,230.6083681292872,235.12135212390714,7190259
2025-09-10,237.74978637695312,241.02294044698894,235.56768870847685,237.93824294946276,2556313
2025-09-11,233.42526245117188,239.9814838809472,232.2052740089931,239.03921613886368,2066197
2025-09-12,230.0826873779297,234.7741997396634,228.2279065886812,233.58396599717966,3165903
2025-09-15,237.7001953125,238.9400252799857,227.3848160368763,230.6083739523391,3046277
2025-09-16,240.1798553466797,242.25286255550083,237.71012373659966,239.02930463870652,4872143
2025-09-17,238.5234375,242.26276881417672,237.7001886086504,241.02293888165792,1922452
2025-09-18,244.06797790527344,246.67656989268087,238.52344673016358,239.0392202397503,4633615
2025-09-19,242.590087890625,245.98226080001646,240.0013223631101,244.99039684517768,1667959
2025-09-22,246.15087890625,251.93344765076932,243.0066719466082,243.0066719466082,3166548
2025-09-23,246.15087890625,246.15087890625,246.15087890625,246.15087890625,0
2025-09-24,252.2310028076172,257.3886922653901,250.9415766595133,252.91539134732233,4227154
2025-09-25,250.94158935546875,253.9171813241107,249.9596385573453,253.9171813241107,1741439
2025-09-26,269.1918640136719,273.50647815446234,250.94157379176417,250.94157379176417,17196273
2025-09-29,262.40753173828125,271.77073011714475,259.6203963801556,268.7852098555986,8014282
2025-09-30,263.2506103515625,271.7707179121888,259.82866767159646,263.6374215457888,14559255
2025-10-01,257.75567626953125,265.3236029461847,253.91716767933937,264.827670978061,7089151
2025-10-02,255.28594970703125,261.25695982213654,253.42124062762483,257.8846284273286,3165812
2025-10-03,254.06594848632812,260.5626756162316,252.62774876454202,257.23992528086114,3205607
2025-10-06,249.552978515625,255.15700383859212,247.96599012496804,253.92710221374375,2927932
2025-10-07,249.552978515625,249.552978515625,249.552978515625,249.552978515625,0
2025-10-08,241.45936584472656,246.37900263131706,239.13840780102112,241.75692806088847,1736907
2025-10-09,239.01937866210938,244.99040408437608,238.21597125649302,242.01481213193426,1296909
2025-10-10,243.82000732421875,250.06873820070177,233.98070346553627,238.05726497013652,3656287
2025-10-13,238.25,241.39999389648438,230.00999450683594,237.64999389648438,10104747
2025-10-14,249.75,251.0,241.10000610351562,242.0,2900061
2025-10-15,244.19000244140625,251.89999389648438,243.00999450683594,250.1300048828125,2205787
2025-10-16,244.1699981689453,247.85000610351562,242.5,245.0,1421176
2025-10-17,241.27000427246094,245.27999877929688,238.3000030517578,244.0,4310094
2025-10-20,240.49000549316406,246.5,239.6999969482422,240.25999450683594,2694618
2025-10-21,239.97999572753906,243.49000549316406,238.2100067138672,241.77000427246094,1542760
2025-10-22,239.92999267578125,242.0,239.0,239.97999572753906,777799
2025-10-23,236.07000732421875,239.89999389648438,236.0,239.89999389648438,1346775
2025-10-24,234.27999877929688,237.99000549316406,233.52000427246094,237.99000549316406,608890
2025-10-27,234.8800048828125,238.5,231.00999450683594,233.75,742569
2025-10-28,232.19000244140625,237.5,231.6999969482422,234.0,641759
2025-10-29,225.0500030517578,233.27000427246094,222.5500030517578,232.0,1446207
2025-10-30,216.4199981689453,228.0,215.3000030517578,226.5,3211047
2025-10-31,221.67999267578125,223.0,217.50999450683594,218.00999450683594,1623907
2025-11-03,219.10000610351562,224.0,217.75,222.0,1570454
2025-11-04,219.10000610351562,220.89999389648438,216.10000610351562,219.39999389648438,1406089
2025-11-05,214.86000061035156,221.39999389648438,212.50999450683594,219.0,2212199
2025-11-06,214.22000122070312,217.99000549316406,210.16000366210938,217.99000549316406,1028474
2025-11-07,214.17999267578125,217.25,213.05999755859375,214.5,1385228
2025-11-10,216.99000549316406,219.89999389648438,213.5,215.89999389648438,2005541
2025-11-11,211.97999572753906,217.0,210.75,217.0,1914170
2025-11-12,209.6699981689453,214.85000610351562,208.2899932861328,211.89999389648438,1439911
2025-11-13,228.17999267578125,229.4499969482422,212.77000427246094,213.0,11784663
2025-11-14,227.2899932861328,230.75,223.39999389648438,229.25,5885598
2025-11-17,221.5500030517578,228.5,220.10000610351562,227.0,1897227
2025-11-18,223.77000427246094,227.4499969482422,219.1199951171875,220.25,2847722
2025-11-19,220.97000122070312,226.5,220.14999389648438,224.99000549316406,2486451
2025-11-20,222.38999938964844,225.0,220.97000122070312,222.0,1683583
2025-11-21,219.75,223.0,218.5800018310547,223.0,901910
2025-11-24,218.3000030517578,221.8000030517578,217.6999969482422,219.6999969482422,595717
2025-11-25,216.80999755859375,218.80999755859375,214.32000732421875,218.35000610351562,985924
2025-11-26,219.17999267578125,219.89999389648438,215.00999450683594,217.74000549316406,1313748
2025-11-27,221.8800048828125,223.0,218.0,219.39999389648438,732302
2025-11-28,225.8300018310547,226.8000030517578,222.10000610351562,222.10000610351562,1396736
2025-12-01,228.6699981689453,231.99000549316406,223.0,223.0,2786509
2025-12-02,229.38999938964844,234.89999389648438,226.7100067138672,229.47000122070312,2389419
2025-12-03,227.41000366210938,231.5,226.80999755859375,230.0,1208440
2025-12-04,231.25,232.5,227.41000366210938,227.41000366210938,1590387
2025-12-05,234.2100067138672,238.64999389648438,232.00999450683594,233.0,3627742
2025-12-08,241.88999938964844,242.5800018310547,234.39999389648438,234.39999389648438,5389268
2025-12-09,243.16000366210938,248.0,242.0,242.24000549316406,4994226
2025-12-10,248.25,253.60000610351562,241.99000549316406,242.0,9339676
2025-12-11,243.77000427246094,247.97999572753906,243.14999389648438,247.97999572753906,3350874
2025-12-12,242.0399932861328,245.5,241.22000122070312,243.77000427246094,2517431
2025-12-15,244.82000732421875,246.75999450683594,241.02000427246094,241.99000549316406,4260942
2025-12-16,242.5800018310547,251.39999389648438,241.1999969482422,249.0,4697149
2025-12-17,241.8300018310547,244.99000549316406,238.1199951171875,242.5,2297067
2025-12-18,245.2100067138672,248.3000030517578,240.99000549316406,242.99000549316406,2882194
2025-12-19,244.1300048828125,256.0,242.47999572753906,249.0,14209925
2025-12-22,244.50999450683594,246.8000030517578,242.85000610351562,245.88999938964844,3715832
2025-12-23,244.8800048828125,247.0500030517578,243.60000610351562,246.0,1541152
2025-12-24,244.02999877929688,245.89999389648438,243.05999755859375,245.0,775079
2025-12-26,248.0,249.47999572753906,243.0,243.0,1703073
2025-12-29,245.69000244140625,250.0,244.77000427246094,248.0,1331833
2025-12-30,238.63999938964844,246.8000030517578,237.89999389648438,246.8000030517578,5608220
2025-12-31,229.91000366210938,240.8000030517578,229.0,240.8000030517578,10632750
2026-01-01,229.91000366210938,229.91000366210938,229.91000366210938,229.91000366210938,0
2026-01-02,224.19000244140625,229.94000244140625,223.67999267578125,228.39999389648438,5307045
2026-01-05,226.60000610351562,231.0,222.50999450683594,224.19000244140625,6553254
2026-01-06,226.1199951171875,228.5,223.0,227.63999938964844,7586001
2026-01-07,230.30999755859375,232.1999969482422,226.00999450683594,227.0,5020731
2026-01-08,228.67999267578125,234.0,227.5,231.5,6264155
2026-01-09,225.5500030517578,229.0,224.75999450683594,228.5,2310332
2026-01-12,226.27999877929688,232.60000610351562,224.0,227.0,6846316
2026-01-13,231.3699951171875,232.39999389648438,227.0399932861328,227.0399932861328,4756519
2026-01-14,228.1699981689453,234.88999938964844,227.3000030517578,232.25,4480391
2026-01-15,227.86000061035156,229.75,225.0,228.25,4201878
2026-01-16,229.0399932861328,232.0,228.14999389648438,228.88999938964844,2894634
2026-01-19,233.1199951171875,234.0,230.0,232.22000122070312,3655674
2026-01-20,235.39999389648438,237.75,231.3000030517578,234.0,5964382
2026-01-21,231.3000030517578,237.6999969482422,230.25,236.4499969482422,3991375
2026-01-22,236.27000427246094,238.5,230.64999389648438,232.5,5381598
2026-01-23,235.63999938964844,237.4499969482422,232.8000030517578,237.3699951171875,2559196
2026-01-26,235.75999450683594,239.85000610351562,234.0,236.0,5823970
2026-01-27,229.7100067138672,235.0,228.5,235.0,3693922
2026-01-28,229.5500030517578,231.00999450683594,228.0,229.7100067138672,2761425
2026-01-29,222.35000610351562,231.0,220.10000610351562,230.0,2315887
2026-01-30,224.07000732421875,227.17999267578125,221.00999450683594,222.97000122070312,2473170
2026-02-02,226.61000061035156,227.1999969482422,224.0,225.0,1839311
2026-02-03,227.99000549316406,229.5,226.25,227.0,1824352
2026-02-04,227.13999938964844,229.9499969482422,226.0,229.1999969482422,1155203
2026-02-06,224.02000427246094,228.0,222.38999938964844,228.0,1733507
2026-02-09,220.88999938964844,225.75,218.75999450683594,225.0,1885094
2026-02-10,218.1300048828125,222.39999389648438,216.10000610351562,221.0,1316224
2026-02-11,221.5500030517578,223.72999572753906,218.5500030517578,220.0,1779735
2026-02-12,216.24000549316406,223.0,211.11000061035156,222.97000122070312,1902465
2026-02-13,215.55999755859375,216.8800048828125,212.50999450683594,216.3000030517578,1802121
2026-02-16,213.07000732421875,217.49000549316406,208.50999450683594,217.49000549316406,2278375
2026-02-17,214.30999755859375,216.39999389648438,212.0,213.0,2005915
2026-02-18,219.5,221.24000549316406,214.0,215.89999389648438,2449734
2026-02-19,209.75,219.89999389648438,206.10000610351562,219.25,1217313
2026-02-20,214.44000244140625,215.47999572753906,205.1199951171875,211.0,1567182
2026-02-23,213.2100067138672,217.0,208.0,213.8000030517578,2805722
2026-02-24,213.24000549316406,216.5,208.5,213.0,4375501
2026-02-25,198.72000122070312,215.0,195.1699981689453,215.0,3188471
2026-02-26,209.02000427246094,210.0,196.0,198.94000244140625,5778303
2026-02-27,205.19000244140625,209.97999572753906,203.0,203.5,2129655
2026-03-02,184.6699981689453,194.0,184.6699981689453,184.6699981689453,6493373
2026-03-03,192.19000244140625,195.0,176.0,178.6199951171875,4237741
2026-03-04,184.75999450683594,189.89999389648438,184.0,189.89999389648438,1880043
2026-03-05,189.89999389648438,190.8000030517578,183.5,184.6999969482422,2908548
2026-03-06,183.33999633789062,190.0,182.0500030517578,190.0,3365749
2026-03-09,165.00999450683594,168.4499969482422,165.00999450683594,165.00999450683594,806765
2026-03-10,176.61000061035156,181.5,175.0,181.5,3104738
2026-03-11,172.39999389648438,178.0,171.5,176.5,3147057
2026-03-12,166.27000427246094,169.99000549316406,165.1199951171875,169.99000549316406,3393757
2026-03-13,166.32000732421875,170.0,163.14999389648438,164.75,3044806
2026-03-16,155.08999633789062,165.7899932861328,153.61000061035156,165.7899932861328,5151805
2026-03-17,150.22000122070312,157.60000610351562,147.02000427246094,155.08999633789062,7298570
2026-03-18,162.82000732421875,163.72999572753906,149.0,151.77000427246094,5895271
2026-03-19,159.97000122070312,162.82000732421875,150.11000061035156,159.8000030517578,3875794
2026-03-20,159.97000122070312,159.97000122070312,159.97000122070312,159.97000122070312,0
2026-03-23,159.97000122070312,159.97000122070312,159.97000122070312,159.97000122070312,0
2026-03-24,164.6199951171875,169.39999389648438,163.02000427246094,165.0,4048295
2026-03-25,170.91000366210938,175.5,166.0,168.1999969482422,7354808
2026-03-26,162.72999572753906,169.60000610351562,162.0,166.4499969482422,6153714
2026-03-27,159.97999572753906,165.6999969482422,159.10000610351562,162.89999389648438,2620999
2026-03-30,149.17999267578125,161.97000122070312,145.10000610351562,161.97000122070312,3626703
2026-03-31,151.7100067138672,157.0,148.02999877929688,150.0,2928916
2026-04-01,163.92999267578125,166.8800048828125,156.0,159.89999389648438,8068838
2026-04-02,156.5,159.5,150.10000610351562,159.5,3791666
2026-04-03,151.47000122070312,155.00999450683594,150.0,152.0,3185706
2026-04-06,152.94000244140625,156.0,146.5,151.75,4364795
2026-04-07,154.74000549316406,155.33999633789062,149.10000610351562,150.8000030517578,3335493
2026-04-08,170.2100067138672,170.2100067138672,170.2100067138672,170.2100067138672,1733781
2026-04-09,183.22000122070312,186.3000030517578,170.0,175.0,17929124
2026-04-10,190.97000122070312,193.8800048828125,185.61000061035156,185.61000061035156,12126165
2026-04-13,176.8699951171875,186.39999389648438,175.5,180.1999969482422,7655935
2026-04-14,190.55999755859375,192.5,182.8000030517578,185.0,12157676
2026-04-15,196.3300018310547,204.99000549316406,195.14999389648438,198.0,11229359
2026-04-16,196.66000366210938,200.1999969482422,194.0,198.50999450683594,4163403
2026-04-17,202.8300018310547,204.3000030517578,196.66000366210938,198.89999389648438,8176800
2026-04-20,198.1199951171875,202.5,191.60000610351562,200.0,8579182
2026-04-21,194.72000122070312,201.60000610351562,194.0,201.0,3658693
2026-04-22,187.11000061035156,194.0,186.39999389648438,194.0,6030548
2026-04-23,180.91000366210938,186.8000030517578,179.25,186.25999450683594,3688127
2026-04-24,183.8300018310547,186.89999389648438,176.02999877929688,180.0,7494269
2026-04-27,177.88999938964844,184.83999633789062,176.5,184.8000030517578,4255560
2026-04-28,174.14999389648438,177.9600067138672,171.0,173.0,2537069
2026-04-29,174.14999389648438,174.14999389648438,174.14999389648438,174.14999389648438,0
2026-04-30,175.75999450683594,177.39999389648438,168.02000427246094,175.0,8305888
2026-05-04,174.85000610351562,184.88999938964844,172.0,180.00999450683594,7413294
2026-05-05,175.5500030517578,176.00999450683594,171.60000610351562,174.00999450683594,3178670
2026-05-06,175.5500030517578,175.5500030517578,175.5500030517578,175.5500030517578,0
2026-05-07,193.41000366210938,198.44000244140625,189.0500030517578,193.0,15136572
2026-05-08,190.30999755859375,193.4499969482422,187.1999969482422,188.99000549316406,6992753
2026-05-11,186.6199951171875,188.52999877929688,185.0,185.0,2566857
2026-05-12,180.5,188.89999389648438,180.02000427246094,186.60000610351562,5333361
2026-05-13,180.0800018310547,183.0,179.75999450683594,181.0,2170769
2026-05-14,180.83999633789062,183.83999633789062,179.5,181.0,2736504
2026-05-15,179.02999877929688,181.0,176.0,179.99000549316406,3148050
2026-05-18,174.63999938964844,178.0,172.75999450683594,177.97999572753906,2764540
2026-05-19,176.42999267578125,178.5,175.52000427246094,176.0,1662023
2026-05-20,181.8699951171875,183.60000610351562,172.00999450683594,177.5,4319437
2026-05-21,186.38999938964844,188.66000366210938,185.88999938964844,185.88999938964844,5142869
2026-05-22,183.63999938964844,188.39999389648438,182.97999572753906,187.0,1901518
2026-05-25,193.3300018310547,193.85000610351562,187.97999572753906,190.25,8769852
2026-05-26,193.3300018310547,193.3300018310547,193.3300018310547,193.3300018310547,0
2026-05-27,193.3300018310547,193.3300018310547,193.3300018310547,193.3300018310547,0
2026-05-28,193.3300018310547,193.3300018310547,193.3300018310547,193.3300018310547,0
2026-05-29,200.77000427246094,202.75,195.0,195.00999450683594,11702415
2026-06-01,193.8800048828125,202.0,193.00999450683594,202.0,5302191
2026-06-02,195.66000366210938,199.19000244140625,194.5,194.5500030517578,3867156
2026-06-03,195.66000366210938,195.66000366210938,195.66000366210938,195.66000366210938,0
2026-06-04,197.47000122070312,198.60000610351562,194.52000427246094,195.00999450683594,4896609
2026-06-05,197.1999969482422,200.89999389648438,196.25,198.6999969482422,3541626
2026-06-08,193.64999389648438,194.97999572753906,190.5,193.08999633789062,3253432
2026-06-09,195.91000366210938,198.89999389648438,195.39999389648438,197.0,2959351
2026-06-10,193.4600067138672,198.38999938964844,193.10000610351562,195.47999572753906,3192528
2026-06-11,194.10000610351562,194.89999389648438,191.1999969482422,192.0,2512358
2026-06-12,206.32000732421875,208.89999389648438,197.8000030517578,198.89999389648438,14121963
2026-06-15,221.0500030517578,224.89999389648438,215.13999938964844,224.89999389648438,14463033
2026-06-16,217.19000244140625,222.66000366210938,216.50999450683594,222.66000366210938,7680389
2026-06-17,219.77000427246094,221.39999389648438,216.00999450683594,219.0,6670714
2026-06-18,219.10000610351562,223.5,218.39999389648438,221.5,7324254
2026-06-19,215.2899932861328,220.1999969482422,212.0,219.0,4319271
2026-06-22,216.58999633789062,218.8699951171875,214.8000030517578,217.0,2121691
2026-06-23,218.6199951171875,220.60000610351562,215.80999755859375,218.3000030517578,4223372
2026-06-24,221.94000244140625,222.39999389648438,219.0,219.0,6039710
2026-06-25,221.94000244140625,221.94000244140625,221.94000244140625,221.94000244140625,0
2026-06-26,221.94000244140625,221.94000244140625,221.94000244140625,221.94000244140625,0
2026-06-29,220.05999755859375,224.5,219.1999969482422,221.0,4424442
2026-06-30,223.27000427246094,224.00999450683594,220.2100067138672,221.00999450683594,3511930
2026-07-01,227.13999938964844,228.75,222.50999450683594,224.85000610351562,8336417
2026-07-02,226.92999267578125,231.60000610351562,226.1999969482422,229.39999389648438,7031592
2026-07-03,226.89999389648438,228.27000427246094,225.16000366210938,227.5,2744306
2026-07-06,233.97999572753906,237.49000549316406,227.0,228.0,13357359
2026-07-07,233.25999450683594,235.5,232.02000427246094,234.0,3944836
2026-07-08,224.2899932861328,231.5500030517578,212.1999969482422,230.5,11186908
2026-07-09,223.3000030517578,224.5,220.5,221.0,6095348
2026-07-10,224.49000549316406,226.8000030517578,224.00999450683594,225.0,3300064
2026-07-13,217.3000030517578,220.0,216.0,220.0,4939129
2026-07-14,204.00999450683594,213.60000610351562,202.5,213.0,7776641
2026-07-15,206.8000030517578,209.39999389648438,205.02000427246094,205.02000427246094,3621115
2026-07-16,213.02999877929688,214.39999389648438,207.02999877929688,207.8000030517578,6210819
2026-07-17,207.8699951171875,213.99000549316406,207.00999450683594,213.99000549316406,2946544
2026-07-20,209.89999389648438,211.0,203.0,205.14999389648438,4608204
2026-07-21,206.50999450683594,213.85000610351562,205.8000030517578,211.5,4816956
2026-07-22,204.92999267578125,207.60000610351562,202.5,204.97000122070312,3767933
2026-07-23,196.6699981689453,206.10000610351562,195.11000061035156,203.02000427246094,4158482
2026-07-24,195.17999267578125,198.88999938964844,191.10000610351562,194.0,5852182
2026-07-27,213.8699951171875,214.6999969482422,204.50999450683594,206.0,8897542
2026-07-28,213.3300018310547,219.5,211.52000427246094,213.8699951171875,10664499
2026-07-29,207.88999938964844,211.77000427246094,207.38999938964844,211.77000427246094,6259316
2026-07-30,207.22999572753906,208.5,204.0,206.0,4797515
2026-07-31,207.30999755859375,211.5,206.3000030517578,210.0,4286791
2026-08-03,215.8300018310547,217.0,212.55999755859375,215.00999450683594,7240203
2026-08-04,212.02999877929688,216.4499969482422,210.75,216.0,2367445
2026-08-05,216.99000549316406,221.0,215.77000427246094,220.5,6052788
2026-08-06,220.19000244140625,221.5500030517578,217.60000610351562,220.0,5467323
2026-08-07,218.02999877929688,219.4499969482422,216.1199951171875,219.4499969482422,2396791
2026-08-10,217.00999450683594,221.5,216.5,219.0,4070281
2026-08-11,213.02000427246094,216.47999572753906,212.66000366210938,216.47999572753906,1991776
2026-08-12,213.66000366210938,214.5,210.60000610351562,213.0,4437372
2026-08-13,215.80999755859375,218.0,213.3000030517578,214.5,4224634
2026-08-14,215.80999755859375,215.80999755859375,215.80999755859375,215.80999755859375,0
2026-08-17,214.25,218.0,213.5,218.0,1369599
2026-08-18,214.25,214.25,214.25,214.25,0
2026-08-19,213.69000244140625,215.0,209.0,210.0,4567270
2026-08-20,210.69000244140625,215.8000030517578,210.22999572753906,213.5,4345837
2026-08-21,211.86000061035156,213.97999572753906,210.0,212.25,2539244
2026-08-24,218.32000732421875,219.6999969482422,214.14999389648438,214.14999389648438,7460654
2026-08-25,221.41000366210938,222.4600067138672,218.5500030517578,219.85000610351562,7679903
2026-08-26,221.41000366210938,221.41000366210938,221.41000366210938,221.41000366210938,0
2026-08-27,215.30999755859375,223.6999969482422,213.10000610351562,222.89999389648438,6770759
2026-08-28,212.74000549316406,215.39999389648438,212.0,215.39999389648438,2085415
2026-08-31,209.5800018310547,212.8000030517578,208.75,212.0,2633417
2026-09-01,207.80999755859375,211.0,207.1999969482422,210.0,1629093
2026-09-02,202.49000549316406,205.39999389648438,202.0,205.39999389648438,3290657
2026-09-03,203.42999267578125,206.89999389648438,203.0,203.10000610351562,2379420
2026-09-04,206.52999877929688,206.99000549316406,203.02000427246094,204.39999389648438,1533916
