Date,Close,High,Low,Open,Volume
2021-09-30,36.605167388916016,37.08434621015498,36.224950879754196,36.95413431479102,1867783
2021-10-01,36.50620651245117,36.74579990624439,36.40724817023416,36.74579990624439,1200212
2021-10-04,36.620792388916016,36.693710732834575,36.38120297693337,36.459330909346605,2364570
2021-10-05,36.69370651245117,36.902046317006686,36.45932671592075,36.870796737136295,2299832
2021-10-06,36.782257080078125,37.24060151431916,36.667669978079964,36.8708002138943,1292642
2021-10-07,36.907257080078125,37.162471262565575,36.797879573297784,36.797879573297784,877933
2021-10-08,36.84995651245117,37.00621233451306,36.495780093028124,36.974958785850305,906298
2021-10-11,36.813507080078125,37.08955566142836,36.719754356812786,37.05830607825714,5167631
2021-10-12,36.365577697753906,36.96976279498249,36.25099059491733,36.96976279498249,4157597
2021-10-13,35.933265686035156,36.66245293560717,35.46971175765562,36.66245293560717,6354779
2021-10-14,36.474952697753906,36.823919596880664,35.81868368277197,35.990564325178184,5287537
2021-10-15,37.26142883300781,37.438515067082,36.47494803322032,36.745790945481986,1632106
2021-10-18,37.9906120300293,38.02186160358278,36.92808281795583,37.2197561011229,1571718
2021-10-19,37.9906120300293,37.9906120300293,37.9906120300293,37.9906120300293,0
2021-10-20,38.573970794677734,38.67293310722607,38.02187362730644,38.10000155964713,1523900
2021-10-21,38.92814636230469,39.167735768227836,38.67293216504441,38.67293216504441,2327546
2021-10-22,38.459381103515625,39.011482207502624,37.99582710289305,38.82918636013724,2860178
2021-10-25,38.459381103515625,38.69995861931803,38.19146788822207,38.69995861931803,1453131
2021-10-26,38.74370193481445,38.847588441917516,38.284417951576614,38.60154211006479,791847
2021-10-27,39.328739166259766,39.416219247054734,38.82571723012218,38.82571723012218,801305
2021-10-28,38.825714111328125,39.503700326073066,38.73822986608185,39.36700932148458,785832
2021-10-29,39.04988479614258,39.10456036313128,38.80931146709664,38.98427578434749,772837
2021-11-01,39.49276351928711,39.634919148493516,38.90772623630953,39.36153716258851,856239
2021-11-02,39.596649169921875,39.74974242747707,39.394349153071836,39.74974242747707,581323
2021-11-03,39.87002944946289,40.12700919413186,39.42715194910553,39.72240500650318,1042536
2021-11-04,40.37852478027344,40.45507141454485,39.77708515179293,39.77708515179293,1439006
2021-11-05,40.78313064575195,40.92529047429018,40.29651094921453,40.46054184148778,2113766
2021-11-08,41.42284393310547,41.85478801584263,40.51521364423228,40.62456895272943,2860216
2021-11-09,41.242408752441406,41.49938850028657,40.979960196573636,41.329888823411814,1912962
2021-11-10,41.83292770385742,42.09537216873339,40.97997276431164,41.24242140066716,1227136
2021-11-11,42.25939178466797,43.25450213840716,41.86025221293351,41.936798842338185,3744687
2021-11-12,41.43376922607422,42.428879394477576,41.06743840051136,42.428879394477576,1735663
2021-11-15,41.887603759765625,42.100841454191865,41.1713440257431,41.39004635845133,974847
2021-11-16,42.35234832763672,42.51091042336246,41.887599658911874,42.10083733246186,2049391
2021-11-17,41.77824783325195,42.78429179781716,41.55407254484478,42.510909741601075,2411350
2021-11-18,41.14400100708008,42.10083823980287,40.89795881582879,41.93680733131582,2075454
2021-11-19,41.72902297973633,42.100822619075586,40.739381601095864,40.739381601095864,1827040
2021-11-22,41.61967849731445,41.800107452694256,41.29708555794871,41.77277175471715,551729
2021-11-23,41.28068161010742,41.827445604943286,41.14399061139846,41.74543017142226,1194975
2021-11-24,40.84873580932617,41.38456633683521,40.73391587589096,41.06197342448843,1356659
2021-11-25,40.230892181396484,41.143986970823526,39.91376809129724,40.897944863509416,1139217
2021-11-26,40.48788070678711,41.00183609159821,39.91377676959188,40.29650994673619,1159076
2021-11-29,41.07838439941406,41.991483596024686,40.07780928943594,40.64644026963513,1629524
2021-11-30,40.340248107910156,41.93679802060751,39.941112715475,41.253343006116005,13914693
2021-12-01,40.78858947753906,41.001827082448386,40.50427406148591,40.50427406148591,567977
2021-12-02,38.628875732421875,40.87060719936217,37.75405420525957,40.57535415179275,6116068
2021-12-03,39.73881149291992,40.20902891167416,38.87492328902459,39.093629744267275,2500448
2021-12-06,39.95751190185547,40.241827330613724,39.64038779831422,39.8590942204626,1038499
2021-12-07,40.36212921142578,40.46054692485894,39.91378277722571,40.050473814134016,516963
2021-12-08,40.38399887084961,40.46601432443289,40.18716345084143,40.26917890442471,513469
2021-12-09,40.14341354370117,40.42773317152051,40.034062407757396,40.41133091827679,385871
2021-12-10,40.602691650390625,40.70657396314809,39.91376791292093,40.35118073672216,849029
2021-12-13,41.269752502441406,41.444716832315656,40.35665336479018,40.73392189574475,3540346
2021-12-14,41.00730514526367,41.28068717956543,40.73392311096192,41.28068717956543,784392
2021-12-15,40.91434860229492,41.554061441756716,40.76125535915651,41.143988467002536,1820363
2021-12-16,41.00730514526367,41.18226948035765,40.799536300926704,41.17680067165755,859188
2021-12-17,41.0838508605957,41.308026126009935,40.870613212336586,41.08931966917326,491530
2021-12-20,41.43376922607422,41.499382398263045,40.95261847778916,41.226000438026105,609256
2021-12-21,41.01823806762695,41.4337799224757,40.903418115263236,41.29162009843925,537035
2021-12-22,41.06744384765625,41.19866603796141,41.00729947470842,41.17133034119854,235227
2021-12-23,41.176795959472656,41.280682455491984,41.02370270521995,41.280682455491984,234687
2021-12-24,41.17133712768555,41.472054870515365,41.11665738219022,41.26975482950669,462852
2021-12-27,41.18772888183594,41.384564235294576,41.06744014678034,41.384564235294576,475750
2021-12-28,41.37363052368164,41.41737264446093,40.98542858759148,41.061975213216115,281840
2021-12-29,41.4993896484375,41.68528741156671,41.28068320774318,41.47204977904631,711247
2021-12-30,41.3681640625,41.58140167754562,41.33535538762356,41.33535538762356,320166
2021-12-31,41.603271484375,41.71809559728151,41.28615152915935,41.39003385436863,262035
2022-01-03,41.800113677978516,41.82745355150575,41.444720350998615,41.63608695125218,336250
2022-01-04,42.01880645751953,42.095353072673845,41.71808880412118,41.7946354192755,349179
2022-01-05,42.5437126159668,42.64213031927566,41.8274529911228,42.10083503681641,1180777
2022-01-06,43.150611877441406,43.18888518880709,42.439821213296135,42.62025015460402,1131139
2022-01-07,44.4519157409668,44.56126687452152,43.08500571414098,43.08500571414098,3322477
2022-01-10,43.1232795715332,44.99868031883379,42.65852681937228,44.533927566672865,3807656
2022-01-11,43.506011962890625,43.6044296512196,42.90457238820395,43.35838751613634,922186
2022-01-12,43.85593795776367,44.42457299264693,43.3310450420587,43.369318353470156,1619567
2022-01-13,44.06371307373047,44.315228209267254,43.850475426562106,43.850475426562106,845812
2022-01-14,44.003570556640625,44.402705958764635,43.905152865305666,44.17853487773851,939353
2022-01-17,44.01997375488281,44.28241815642403,43.68644735883699,43.93795831509672,684932
2022-01-18,43.76846694946289,44.20587571734001,43.741127076448535,44.15120014279024,948787
2022-01-19,43.71925735473633,43.93249502206318,43.52242194313015,43.76846829337741,1185985
2022-01-20,43.516944885253906,43.74112012822061,43.085004994888614,43.74112012822061,1006574
2022-01-21,43.270896911621094,43.63176310627212,43.167010430468025,43.47320106663555,775951
2022-01-24,44.0855827331543,44.18400042652069,43.1888900475843,43.44040100363652,956180
2022-01-25,43.899681091308594,44.28788302216002,43.850470163226426,43.877810031214096,1051953
2022-01-26,43.872352600097656,44.06918802051241,43.741130376980905,43.95983686316166,982305
2022-01-27,44.03636932373047,44.15118925340966,43.741116288207714,43.95982270394434,1081870
2022-01-28,44.3535041809082,44.61594860629524,44.0145089456811,44.03638000970984,10252501
2022-01-31,44.949466705322266,45.315797574109766,44.34802715613061,44.53392490871717,1211577
2022-02-01,45.479827880859375,45.92817417619645,44.95493496228021,45.108028208764374,1914520
2022-02-02,45.441551208496094,45.86802641258325,45.38140684161428,45.53450007677605,1016673
2022-02-03,45.72587203979492,45.98285178847643,45.44155659386794,45.62745435245899,2019567
2022-02-04,45.977378845214844,46.39292061786796,45.65479011497532,45.81882096960831,2382337
2022-02-07,45.92818069458008,46.201562722524,45.846165251901155,46.10861383417796,826434
2022-02-08,46.207027435302734,46.310909760107776,45.66026342788008,45.92817662350325,1217231
2022-02-09,46.387451171875,46.47493540553597,46.272631243803374,46.332775611575826,1569739
2022-02-10,45.99925994873047,47.021710266727744,45.79149110277266,46.58429733984107,5586259
2022-02-11,45.41969299316406,46.114081555127896,45.38141967355155,46.092214662331294,3011772
2022-02-14,45.671199798583984,46.03753070587201,45.25019332134649,45.38141552352097,3530082
2022-02-15,46.032066345214844,46.20156186451921,45.60012224850759,45.714942197534285,1524470
2022-02-16,45.85709762573242,46.365588306426304,45.76961338448357,46.11407319857495,2126160
2022-02-17,46.42573547363281,46.529617802020404,45.86256502252385,45.873502639077365,1151188
2022-02-18,47.49192428588867,47.70516192524599,46.39292741048506,46.39292741048506,2872386
2022-02-21,47.13106155395508,47.39897895392852,47.03811266244372,47.049050279962024,397990
2022-02-22,47.13652801513672,47.792647374755795,46.52961958894142,47.04904793674135,2338353
2022-02-23,47.34428787231445,47.40443223982653,46.85766829624616,47.13105026803634,895793
2022-02-24,47.158409118652344,47.37711561842606,46.474953914034195,46.96704249565517,2137587
2022-02-25,47.66141128540039,47.84184438537992,47.02169848163055,47.02169848163055,1668855
2022-02-28,48.39408493041992,48.6619981341558,47.38257232035395,47.568470086197244,1817361
2022-03-01,48.246456146240234,48.66199797108594,48.005882813100875,48.66199797108594,1376359
2022-03-02,48.055084228515625,48.22457972165829,47.84731542493823,47.984006415273406,877867
2022-03-03,48.372215270996094,48.5526484052941,47.70516247496969,48.115235504840484,537203
2022-03-04,49.04472732543945,49.203289380178134,48.333936654499794,48.333936654499794,1211634
2022-03-07,48.169921875,49.19784117009849,47.56301332099426,49.19784117009849,2248420
2022-03-08,48.055084228515625,48.79868354965721,47.56846463664064,48.333935016813214,1480205
2022-03-09,49.03927230834961,49.077545627588606,48.055095282948386,48.055095282948386,1943275
2022-03-10,49.09941101074219,49.64617503459687,48.60732255497728,49.154086578831965,2147192
2022-03-11,49.00646209716797,49.33452387638315,48.662002234766604,48.99005984250297,2707032
2022-03-14,50.64522171020508,51.50803068514523,49.00646031443122,49.80557595567084,3806822
2022-03-15,50.40201187133789,50.755243232563416,50.10089443983466,50.67417417437385,962214
2022-03-16,50.18197250366211,50.58152592185774,50.089319618442254,50.37885325785521,614337
2022-03-17,49.90401840209961,50.257249796581846,49.79399420508401,50.1993439521278,530891
2022-03-18,51.299564361572266,52.11025937626894,49.51604063075848,49.62606040150083,3721406
2022-03-21,51.42695999145508,52.86304868554104,51.143218281864904,51.531192271009154,6465931
2022-03-22,51.5369873046875,51.71070925378649,51.259033069715656,51.5948931484096,2799991
2022-03-23,51.5369873046875,51.5369873046875,51.5369873046875,51.5369873046875,0
2022-03-24,52.2376594543457,52.34768365266523,51.24745492326839,51.53698856690267,1354123
2022-03-25,52.69512176513672,52.926749557581005,52.20291546740055,52.20291546740055,1918283
2022-03-28,52.67195129394531,52.781975474246664,52.11604731935735,52.781975474246664,776645
2022-03-29,52.753013610839844,53.042547170084774,52.579296126051794,52.78196873393694,1832489
2022-03-30,52.57930374145508,52.926743179284614,52.116048212394276,52.695115414754206,517181
2022-03-31,53.140995025634766,53.39578600749543,52.52139329805444,52.52139329805444,1417420
2022-04-01,52.451908111572266,53.563716076864004,52.13341938394238,52.73564980295844,1959997
2022-04-04,52.41715621948242,52.695110394022166,51.53697609964805,51.88441550437394,747892
2022-04-05,53.38999557495117,53.60425203543483,52.28977139834214,52.28977139834214,2020261
2022-04-06,53.72005844116211,54.403357866066955,53.38999033697521,53.39578224559093,2414208
2022-04-07,53.4594841003418,54.577083980858085,53.27418277176598,53.85324997580692,1292159
2022-04-08,53.39580154418945,53.853265295670276,53.10047594909506,53.285777330384335,1615027
2022-04-11,54.05012893676758,54.57708219581732,53.50580878696593,54.37440956461819,3704900
2022-04-12,54.385990142822266,54.54812825129465,53.85324938128956,54.322292397646386,909603
2022-04-13,54.30492401123047,55.069292576546566,53.88220740823896,54.345458540530096,3266291
2022-04-14,54.727638244628906,54.94189026524075,54.14277917904294,54.14277917904294,1168290
2022-04-15,54.55971145629883,55.011383158520715,54.43231596737839,55.011383158520715,998160
2022-04-18,54.40916061401367,54.77976331647802,54.11383506682304,54.43232383515929,1216903
2022-04-19,55.74102020263672,56.0595045706915,54.40916362951179,54.663954658301975,7999936
2022-04-20,55.202476501464844,56.05370598100267,55.01138326770491,55.908939182929764,2021276
2022-04-21,56.181095123291016,56.939676123341314,55.53254271766867,55.59044855132325,3450156
2022-04-22,55.61361312866211,56.57486236104932,55.515172767248316,56.57486236104932,1073984
2022-04-25,57.31028747558594,57.64614754696237,55.66573415852617,56.16373235596498,3331907
2022-04-26,58.491580963134766,59.29648404321467,57.21763043199277,57.327654617218684,3529401
2022-04-27,58.191497802734375,59.94912529612323,57.71994171405731,59.40407794444095,2282966
2022-04-28,58.27111053466797,58.84677570244888,56.22564824099718,58.19761927667105,2105185
2022-04-29,58.27111053466797,58.27111053466796,58.27111053466796,58.27111053466796,0
2022-05-02,58.27111053466797,58.27111053466796,58.27111053466796,58.27111053466796,0
2022-05-03,58.27111053466797,58.27111053466796,58.27111053466796,58.27111053466796,0
2022-05-04,58.27111053466797,58.27111053466796,58.27111053466796,58.27111053466796,0
2022-05-05,58.27111053466797,58.27111053466796,58.27111053466796,58.27111053466796,0
2022-05-06,57.64643478393555,58.33233903521104,57.566822774906434,57.90365179837664,733383
2022-05-09,56.20726776123047,57.87303196864317,55.729586340174905,57.87303196864317,2625545
2022-05-10,56.335899353027344,56.825831872350655,56.2072931179821,56.22566476979674,805505
2022-05-11,55.71734619140625,56.21952474919465,54.510891630388215,56.04192438856518,2676999
2022-05-12,54.92733383178711,55.71734731157011,54.1373203520041,55.71734731157011,1985288
2022-05-13,55.043701171875,55.41115285937446,54.198572569779294,54.99471166290506,1844672
2022-05-16,54.37004089355469,54.53539506720848,53.37180910099711,54.53539506720848,8319330
2022-05-17,54.49864196777344,54.743608149015614,53.892354290263526,54.382286652747894,4372771
2022-05-18,55.22128677368164,55.53974419451139,54.22305512680215,54.627245333435546,996449
2022-05-19,55.76021957397461,56.02355741724572,55.03144642512959,55.2274184476331,1081627
2022-05-20,55.637733459472656,56.02967749968778,55.515252699033496,55.72959636597278,883854
2022-05-23,54.52314376831055,55.270288583158944,54.45577794583459,55.270288583158944,1100062
2022-05-24,54.01484298706055,54.78035949579066,53.89848765492611,54.4129125060686,1357271
2022-05-25,52.01224899291992,53.892357175677745,50.84866307397675,53.892357175677745,5985362
2022-05-26,52.600162506103516,52.97373488311277,51.363090059461,51.75503408249673,1995143
2022-05-27,53.335060119628906,54.13732454030132,52.973738596205365,52.973738596205365,1749331
2022-05-30,53.45753479003906,54.076073268321394,53.310556968783104,53.892347487495925,685100
2022-05-31,53.10234069824219,53.45754142668719,52.673653386216344,53.01047779642486,1121003
2022-06-01,54.74973678588867,56.18890676026643,53.004360235160696,53.249321758367635,4254807
2022-06-02,54.37004089355469,54.902842037501095,54.1434510092508,54.566012922533524,1121689
2022-06-03,53.46367645263672,54.137330066187424,52.65529118190745,54.137330066187424,1135695
2022-06-06,53.85560989379883,54.137319361129926,52.91249315238192,53.06559642847542,700936
2022-06-07,53.80049133300781,54.1924353536563,53.65351349334995,54.13732041591258,438590
2022-06-08,54.16794967651367,54.25981259777486,53.598405171505014,54.06384054617738,584337
2022-06-09,53.89848709106445,54.535397380345884,53.67801796506927,54.167945722125964,610623
2022-06-10,54.382293701171875,54.504774471496916,53.6780175909482,54.16794534459023,464947
2022-06-13,53.886226654052734,54.56600555992505,53.77599211060476,54.504765185196426,730586
2022-06-14,54.18019485473633,54.31492650209145,53.76987914494883,54.198566502586246,658487
2022-06-15,54.43740463256836,54.65787374077224,54.045460589615125,54.321044638699206,294629
2022-06-16,54.89059066772461,55.42339180691698,54.04546217635827,54.106702558803654,1454325
2022-06-17,54.81708908081055,55.239650874717974,54.62723787312535,54.99468941195325,1014050
2022-06-20,54.55376434326172,55.15392661176912,54.51701637719079,55.0559429377102,675735
2022-06-21,55.46013259887695,55.82145878197812,54.56600997297137,54.56600997297137,1297551
2022-06-22,55.82757568359375,56.403240771369326,55.72346191448239,55.852068093847386,1974175
2022-06-23,56.07254409790039,56.29913863566005,55.760216768971134,55.760216768971134,1689519
2022-06-24,53.99033737182617,56.15827548290925,52.05510986812295,56.03579474039117,3874324
2022-06-27,54.56600570678711,56.21952386295709,54.10669588657453,54.4435249570002,1046162
2022-06-28,54.204689025878906,55.01919496156119,53.910728659072944,54.810976734010666,1143800
2022-06-29,54.48638916015625,54.78034480416067,53.739244500438886,54.25979465229978,2069644
2022-06-30,54.284305572509766,54.964084597023536,54.04546479874459,54.20469353870201,2437595
2022-07-01,55.55198287963867,56.127652596967074,55.12941641288991,55.12941641288991,1903952
2022-07-04,54.95796203613281,55.729604015370676,54.51090299405958,55.36215701127622,636553
2022-07-05,54.308799743652344,55.09881328841339,54.1679426596527,54.99470417156329,1653327
2022-07-06,54.29042434692383,54.80484912807436,54.16793891878704,54.80484912807436,1784127
2022-07-07,54.9702033996582,55.11718124137963,53.83724005305367,54.62724887251972,2396926
2022-07-08,54.9702033996582,54.9702033996582,54.9702033996582,54.9702033996582,0
2022-07-11,54.9702033996582,54.9702033996582,54.9702033996582,54.9702033996582,0
2022-07-12,54.9702033996582,54.9702033996582,54.9702033996582,54.9702033996582,0
2022-07-13,54.694610595703125,55.04368586387371,54.32103824368922,54.87221094931146,971263
2022-07-14,55.49687576293945,55.72959105453097,54.81097142176398,55.11717796601964,1216318
2022-07-15,55.34989547729492,55.60711253576401,55.11718017637087,55.60711253576401,705845
2022-07-18,54.982452392578125,55.233544029236846,54.688496694238964,54.688496694238964,1366653
2022-07-19,53.7392578125,55.1171875,53.12684461805555,54.964084201388886,1637769
2022-07-20,52.67365264892578,53.892353423776086,52.367446095381595,53.892353423776086,1997248
2022-07-21,50.78742218017578,52.96761147600787,50.291369029062444,52.42256415204985,2383588
2022-07-22,51.94487762451172,52.05511216658165,50.34035366156961,51.13649254011256,1669421
2022-07-25,52.42256164550781,52.60628744871993,51.38146122021582,51.74278271490073,287546
2022-07-26,52.447059631347656,53.18807895163602,51.93263484926635,51.93263484926635,875061
2022-07-27,51.44883728027344,52.979870370739384,50.89153899261958,52.937001631100024,1956832
2022-07-28,49.21352005004883,52.97373633644377,47.95195048331284,52.03674498465702,8106151
2022-07-29,48.38064956665039,48.99306285230419,48.203049153129676,48.778719136793875,3097627
2022-08-01,47.333412170410156,48.56436389056324,47.15581179905741,48.074431509428656,2314076
2022-08-02,48.6990966796875,49.54422990458165,46.84961083082402,47.15581743756143,4253520
2022-08-03,48.888946533203125,49.58709720250106,48.74808944236426,48.99305565510818,977458
2022-08-04,49.34824752807617,49.89329480013122,48.99304681728897,48.99304681728897,1254257
2022-08-05,49.0604133605957,49.360494468562095,48.47862278991827,49.11552829636171,1707895
2022-08-08,49.0604133605957,49.06041336059571,49.06041336059571,49.06041336059571,0
2022-08-09,49.0604133605957,49.06041336059571,49.06041336059571,49.06041336059571,0
2022-08-10,48.93793869018555,49.605466803208415,48.686847047593446,49.084916542828275,1986954
2022-08-11,48.09280776977539,49.60546911887632,47.79885205076759,48.99305591987785,1735239
2022-08-12,48.66847610473633,48.91956307862228,48.013194189803365,48.38064116290135,959333
2022-08-15,49.04816436767578,49.10940941733605,48.3806363119187,48.59497996870578,1295799
2022-08-16,49.078792572021484,49.5136053753475,48.993055099384904,49.04817004364764,2053633
2022-08-17,49.084922790527344,49.26864396162999,48.99305986880488,49.02368240015979,1745612
2022-08-18,48.9869270324707,49.225767789485765,48.83994918330949,48.9869270324707,849984
2022-08-19,49.023685455322266,49.268647032058496,48.74809667298013,48.80933706716419,429225
2022-08-22,48.68684005737305,48.993046598614384,48.38675895521202,48.72358334717288,402994
2022-08-23,50.1505126953125,50.2791188966844,48.74196057532044,48.74196057532044,2763194
2022-08-24,50.06476593017578,50.48733242216665,49.91166267045047,50.18724666901975,1694123
2022-08-25,49.69120788574219,50.09540285032106,49.605470409439164,50.09540285032106,994247
2022-08-26,49.32374954223633,50.18724954698696,49.28088081394858,49.69732189117568,1106280
2022-08-29,50.903785705566406,51.53457053961141,48.68684829006384,49.60546806912165,6608766
2022-08-30,50.26687240600586,52.05511768024769,50.09539747181027,51.68154528546094,655587
2022-08-31,51.49781799316406,52.055116185640074,49.930041871428145,50.266870962742374,1562697
2022-09-01,50.95277404785156,51.9632567162466,50.836418722349336,51.902016333507255,491356
2022-09-02,51.246734619140625,51.41208412039328,50.891533856637324,51.13650006085828,530962
2022-09-05,50.91602325439453,51.258973085102774,50.83028579671747,50.87927996463036,584030
2022-09-06,50.36484909057617,51.424325747451626,50.279111635377106,50.8302843276146,320823
2022-09-07,49.59321594238281,50.769047997881636,49.391118493747975,50.769047997881636,561902
2022-09-08,49.32987976074219,49.85042998962629,48.77870700625373,49.85042998962629,1888277
2022-09-09,49.660579681396484,50.15663750599945,48.99305159612322,49.48298398102106,7325569
2022-09-12,49.95453643798828,50.06477098300965,49.366620421988,50.02802769211625,1526322
2022-09-13,49.62383270263672,50.08926796649092,49.30537994674142,49.64832978729654,495223
2022-09-14,50.11988830566406,50.21175120961252,49.329879479794904,49.623835165620314,1522037
2022-09-15,49.29313278198242,50.27911832020362,49.00529785597056,50.09539717992519,1320236
2022-09-16,49.25639343261719,50.12601904765856,48.98693013182165,49.299262169349035,1707796
2022-09-19,48.82158279418945,49.599345530120104,48.392890735482766,49.256395621028425,1394724
2022-09-20,48.52761459350586,48.98080366894073,48.4418771300109,48.91955861872319,423927
2022-09-21,47.57837677001953,48.83994630159489,47.46201678211416,48.53986518116354,1596247
2022-09-22,47.49264144897461,47.76822549636317,46.78836539500864,47.61512220951585,1127403
2022-09-23,47.73148727416992,47.82334551816509,47.19868609728784,47.6763676554308,638898
2022-09-26,47.2476806640625,47.951956798648,47.15581774697012,47.951956798648,617296
2022-09-27,48.9869270324707,49.084915380139236,47.06395009672083,47.247675912428534,1743765
2022-09-28,47.890708923339844,49.2686385816854,47.76822815597917,49.2686385816854,652294
2022-09-29,47.7620964050293,48.50311569603543,47.65186186003344,47.8907025954676,308894
2022-09-30,47.78046798706055,48.25815412963607,47.462015231018015,47.76822178089555,956307
2022-10-03,47.792724609375,48.13567449130495,47.5661300531903,47.78047372939652,677898
2022-10-04,47.786598205566406,48.037689844302015,47.5845007410731,47.82946693994302,980531
2022-10-05,48.96855926513672,49.054296739968855,47.823344890818994,48.227539848463586,1810380
2022-10-06,50.70781326293945,51.19774100440398,49.042048662808156,49.146157782230915,2441737
2022-10-07,50.193382263183594,51.197739476403804,49.91167276897223,50.695560869793695,1124616
2022-10-10,49.354373931884766,50.462844919922574,49.31763063772428,50.462844919922574,826029
2022-10-11,49.9361686706543,50.32811271176007,49.17677767505456,49.54422462954853,1613954
2022-10-12,49.69120788574219,50.83029683930186,49.61159584984425,49.972917403929564,1582544
2022-10-13,49.715702056884766,49.97291447069639,49.61771370552315,49.79531408810977,515419
2022-10-14,49.45235824584961,49.911668074758424,49.3604953455996,49.605461522152545,621314
2022-10-17,49.72794723510742,49.85043267177361,49.51360356136867,49.59934103086417,372411
2022-10-18,49.7463264465332,49.911675955216964,49.60546935426471,49.672835180261565,621538
2022-10-19,49.89942169189453,50.09539369797512,49.70344968581394,50.03414864979773,771697
2022-10-20,49.72794723510742,50.14438837508914,49.60546647078289,49.67283229286388,1011612
2022-10-21,50.08313751220703,50.27910949752091,49.30537500958838,49.66669645937245,1728061
2022-10-24,51.10031509399414,51.329179802274695,50.083141307340135,50.85873783537232,2087076
2022-10-25,51.54533386230469,51.97127464332958,50.776096006190855,50.776096006190855,3741384
2022-10-26,51.36732864379883,51.653407112313936,50.922311764670795,51.335539991622774,2808617
2022-10-27,52.09207534790039,52.35272391504919,51.208404969798075,51.30376124420112,2102416
2022-10-28,51.6724739074707,52.09841464840115,51.50082781121723,52.09206079872775,397000
2022-10-31,51.32283401489258,51.81234730934146,51.18932553886583,51.18932553886583,222984
2022-11-01,51.36732864379883,51.615264609916544,51.18296513176587,51.27196753753801,437638
2022-11-02,51.81871032714844,52.117506259803626,51.30376218459165,51.774209114855225,395429
2022-11-03,51.8250617980957,52.13021641856626,51.52627072943404,51.73605937759765,168083
2022-11-04,51.8250617980957,52.06664395396311,51.36733714279207,51.52627072943404,372681
2022-11-07,51.60891342163086,51.983994350514955,51.38640737481249,51.983994350514955,380474
2022-11-08,51.8250617980957,52.06664395396311,51.52627072943404,51.52627072943404,242449
2022-11-09,51.8250617980957,51.825061798095696,51.825061798095696,51.825061798095696,0
2022-11-10,52.10477828979492,52.18106814551319,51.68519620901296,51.68519620901296,542505
2022-11-11,51.94584655761719,52.123851376961746,51.81234294310877,51.90770405354837,724860
2022-11-14,51.74241256713867,51.87591618366392,51.526265240459985,51.87591618366392,327928
2022-11-15,51.86956024169922,51.93949140411311,51.58984044231153,51.60255299444683,318657
2022-11-16,51.92677688598633,52.06663920551881,51.59619719003768,51.59619719003768,790308
2022-11-17,51.8314208984375,51.971283231801465,51.78056098625638,51.971283231801465,1021548
2022-11-18,51.933128356933594,51.93948220674217,51.55804265674528,51.831408556792006,541115
2022-11-21,51.805992126464844,52.12385930945993,51.62162857829549,51.93314190982385,743223
2022-11-22,51.92677688598633,51.99670804575257,51.653410947882215,51.653410947882215,506167
2022-11-23,51.87592315673828,52.060286704417166,51.78056203203979,52.060286704417166,498109
2022-11-24,51.952205657958984,52.03484936749957,51.43090374718296,51.570766063534414,813753
2022-11-25,52.01578140258789,52.034852655974234,51.81234661602036,51.971280194597114,230116
2022-11-28,51.202030181884766,51.65340085656862,51.01766669218008,51.49446731547148,2330439
2022-11-29,51.63433837890625,51.6534096310349,50.93503164933961,51.30375384111778,703161
2022-11-30,51.69791030883789,51.907703780648525,51.49447553776113,51.780554017308354,828195
2022-12-01,51.85685348510742,52.03485833650291,51.65341867633138,51.8187109741708,234331
2022-12-02,51.66613006591797,51.971284697341524,51.43091145341671,51.558056387186674,460370
2022-12-05,51.55169677734375,52.02849754598482,51.500841714892566,51.6852052607993,428551
2022-12-06,51.62797546386719,51.81233896984102,51.430899407601146,51.7805503187097,1029086
2022-12-07,51.69791030883789,51.81234267071028,51.49447553776113,51.56440669503135,1002201
2022-12-08,51.8314208984375,51.92678202121004,51.57077233647862,51.87592210902892,269912
2022-12-09,51.68519592285156,52.32093016618175,51.55804616402511,51.68519592285156,725154
2022-12-12,51.64705276489258,51.964919912375144,51.52626654703128,51.685200120772556,137587
2022-12-13,52.21920394897461,52.352707541653686,51.56439853476764,51.57075723449525,377947
2022-12-14,52.01578140258789,52.130213773173864,51.53262196563956,51.96492149337903,271460
2022-12-15,50.58537292480469,52.63879663959056,50.42008066549958,52.22556841646144,2619687
2022-12-16,51.11940383911133,51.208406264316295,50.73160547917468,50.795177947139884,709145
2022-12-19,50.87145233154297,51.14481825187501,50.79516732604302,51.04946199500008,229850
2022-12-20,50.19758224487305,50.85874653181886,49.26941070269952,50.85874653181886,1271107
2022-12-21,49.97507095336914,50.68709507617566,49.89242724502587,50.095862015789514,522243
2022-12-22,49.809776306152344,50.21029197808358,49.5554816422829,49.84156495798626,1388830
2022-12-23,49.49827194213867,49.90514149753666,49.23761855650712,49.58727435424025,1072440
2022-12-26,49.9178581237793,50.184870232147034,49.58727840188469,49.89878686966762,376336
2022-12-27,48.51923370361328,50.00049554615566,48.35394145437785,50.00049554615566,2135618
2022-12-28,47.62285614013672,48.62731259307334,47.42577521971848,48.62731259307334,1713219
2022-12-29,49.110469818115234,49.39654828471578,47.699139035648955,47.83900134385982,904296
2022-12-30,48.881614685058594,49.58728021459545,48.66546733020066,49.116838144993636,620014
2023-01-02,50.731597900390625,51.303754876871416,48.94518126075,48.94518126075,1549597
2023-01-03,50.76337814331055,51.14481771762801,50.38193856899309,51.14481771762801,698470
2023-01-04,50.85239028930664,51.17025747050043,50.69981540040874,50.69981540040874,239447
2023-01-05,50.85239028930664,51.17025747050043,50.54088180981185,51.17025747050043,809828
2023-01-06,50.89053726196289,51.360979328474585,50.73160367257546,50.73160367257546,1002386
2023-01-09,50.83967590332031,50.95410827843532,50.223012817993194,50.795174693568256,268270
2023-01-10,50.909610748291016,51.49448521881062,50.82696217401495,51.017684429747554,588557
2023-01-11,50.8841667175293,51.17660387190815,50.19121390693848,51.14481522132186,696162
2023-01-12,50.27387237548828,51.15754271311023,50.191223807767344,50.858746799619574,898347
2023-01-13,49.66991424560547,50.50908324536217,49.466479483551346,50.22300477850294,873124
2023-01-16,48.951541900634766,50.000504482844796,48.47474116783638,50.000504482844796,503798
2023-01-17,48.28401184082031,49.174040714669644,47.68006627477997,49.174040714669644,1544902
2023-01-18,49.40927505493164,49.70171227743225,48.24588001631289,48.252238717964794,944686
2023-01-19,49.21855163574219,49.968718353955595,49.08504800583999,49.08504800583999,778609
2023-01-20,48.32851791381836,49.619062578641845,48.12508313788248,49.55548527031942,916441
2023-01-23,48.226802825927734,48.8879670585718,47.947078190890885,48.3285177884981,399545
2023-01-24,48.729034423828125,48.95154045584661,48.195015096716034,48.195015096716034,441222
2023-01-25,48.50653076171875,49.17404889038749,48.32852107713912,48.856181729040095,4789938
2023-01-26,50.610809326171875,50.7951728599948,48.506530290576684,48.570102752175096,6019882
2023-01-27,50.09585952758789,50.85873866749338,49.65084265408695,50.66801645738336,962927
2023-01-30,50.19122314453125,50.852387426221725,49.90514463767091,50.09586687575647,408877
2023-01-31,51.9077033996582,52.13020942103596,49.911498207410666,50.22300663733952,2415203
2023-02-01,52.142921447753906,53.33174625039859,52.00306398591404,52.12385019615154,809383
2023-02-02,52.13020706176758,52.435361627466264,51.71697884061475,52.060275908175534,516322
2023-02-03,52.02849578857422,52.38451031531655,51.65341485804142,52.28914919475578,235056
2023-02-06,52.54344177246094,52.98845385003902,51.558051650336466,52.04756978594024,896019
2023-02-07,52.734153747558594,53.02023706832118,52.00306324512252,52.575220186112944,699754
2023-02-08,52.74051284790039,53.38896449966407,52.51164812966232,52.51164812966232,1147424
2023-02-09,54.41250228881836,54.86387795883077,52.130218233317756,52.702380135200514,4470983
2023-02-10,53.96748733520508,54.80029776235628,53.338111701337695,54.005629843237024,1936039
2023-02-13,54.056495666503906,54.98466731552093,53.47162117812636,53.96113453572595,1103286
2023-02-14,55.56953811645508,56.00819149020917,54.024703556060274,54.22813834033882,2177095
2023-02-15,55.715755462646484,55.944620206056335,55.11816364926877,55.62675304579465,764425
2023-02-16,54.743080139160156,55.715752827514514,54.685861530879926,55.63310911585165,976682
2023-02-17,54.99737548828125,55.49960616582677,54.552358569437835,54.921085626410665,1366376
2023-02-20,54.20905685424805,54.991012108521545,54.069199394786224,54.80028989520585,1022184
2023-02-21,54.469703674316406,54.66042586470431,54.23448028620691,54.66042586470431,295944
2023-02-22,54.36163330078125,54.609569253043546,54.22812969958364,54.35527460064792,365249
2023-02-23,54.304420471191406,54.36799292847956,53.81490721477828,54.36799292847956,633739
2023-02-24,54.457000732421875,54.603216900616935,54.03741377965141,54.34892221865917,369915
2023-02-27,53.92296600341797,54.45062646887147,53.814892370811705,54.164543214584825,521057
2023-02-28,53.68141174316406,54.03106273642672,53.560620660804574,54.03106273642672,663312
2023-03-01,53.78947067260742,54.355273718616104,53.40167242530705,53.68139702342981,559533
2023-03-02,55.81111145019531,56.027258771174736,53.7831176020687,54.10098473310961,2782464
2023-03-03,55.6839714050293,55.9255535709501,55.245317985825324,55.633116341391336,444740
2023-03-06,55.14359664916992,55.84926217193938,55.05459422740334,55.30888893970852,279124
2023-03-07,55.302520751953125,55.40424055953433,54.876579970808436,55.3088794524938,1680467
2023-03-08,55.2135124206543,55.43601841302749,55.1499399728715,55.40423461426953,798464
2023-03-09,55.8492546081543,56.256124152632076,55.02280296792587,55.62674858387232,835759
2023-03-10,56.91093444824219,57.21608905733253,55.30888608875478,55.91283175536388,2127584
2023-03-13,57.22245407104492,57.533962565534516,56.618503487543954,56.89822817254518,2222651
2023-03-14,57.12073516845703,57.50217484039671,56.89822909734794,57.50217484039671,715890
2023-03-15,57.158870697021484,57.34322936758013,56.90457601828643,57.08893953911265,1061939
2023-03-16,57.743743896484375,58.36040690362315,57.12072218868209,57.21608329756486,1432422
2023-03-17,57.08893966674805,57.851818854391226,56.42141673985957,57.69288528610993,2355317
2023-03-20,56.04545211791992,57.762161714770876,55.89734319442682,56.98795924685279,1084140
2023-03-21,55.5405387878418,55.877148113828724,55.203929461854884,55.809827275881474,1188078
2023-03-22,55.15679931640625,55.540533707480655,55.0019567806656,55.27124524407313,379451
2023-03-23,55.15679931640625,55.15679931640625,55.15679931640625,55.15679931640625,0
2023-03-24,54.28160858154297,55.37222445635949,54.194092021117804,54.96829436295516,215069
2023-03-27,54.907711029052734,55.136608039146594,53.89115457345401,54.35567194573896,2179404
2023-03-28,55.19718933105469,55.520336505862865,55.069281294906745,55.15679786029745,425887
2023-03-29,56.07238006591797,56.55036467479535,55.203927420633555,55.50014526014931,236901
2023-03-30,55.84347915649414,56.382056074994146,55.61458730469423,56.31473524424418,451510
2023-03-31,57.102386474609375,57.661158998802286,55.877129149315316,55.877129149315316,734764
2023-04-03,57.21010971069336,57.560181066587155,57.055267197582005,57.22357182058372,239597
2023-04-04,57.50633239746094,57.82947959000859,57.02161417676464,57.22358181413823,305083
2023-04-05,57.35822677612305,57.863140762308106,57.18992211406135,57.863140762308106,1088601
2023-04-06,57.48613739013672,57.661175668997345,57.22358253997101,57.290903374532654,788873
2023-04-07,56.99468994140625,57.7621587452788,56.92063548346676,57.425549440553986,603203
2023-04-10,57.49286651611328,57.56018734540761,57.16299085719605,57.35821972127459,390697
2023-04-11,57.44573974609375,57.56018566618034,57.15625556594835,57.49286483884999,140115
2023-04-12,58.36804962158203,58.502696421154724,57.22358007459031,57.2303136986315,517927
2023-04-13,58.31419372558594,58.70465658823761,57.96411719682923,58.57001493025428,862693
2023-04-14,58.31419372558594,58.31419372558593,58.31419372558593,58.31419372558593,0
2023-04-17,58.1862907409668,59.03454771625405,57.997790332292055,58.8729715348892,904606
2023-04-18,58.495967864990234,58.77198997584014,58.058374716905384,58.23341300338946,517325
2023-04-19,58.78544998168945,59.27016821227034,58.24687302854392,58.73832488350801,880982
2023-04-20,59.088409423828125,59.51254053785816,58.57003322876563,59.236518375632166,1420767
2023-04-21,59.088409423828125,59.08840942382813,59.08840942382813,59.08840942382813,0
2023-04-24,59.088409423828125,59.08840942382813,59.08840942382813,59.08840942382813,0
2023-04-25,59.088409423828125,59.08840942382813,59.08840942382813,59.08840942382813,0
2023-04-26,58.71678161621094,59.59325616711392,58.54850000031888,59.42497455122186,1079842
2023-04-27,58.86402130126953,59.17955530968656,58.5555059358351,58.899082418729904,987256
2023-04-28,58.88506317138672,59.00426241545936,58.61861150866477,59.00426241545936,410313
2023-05-01,58.88506317138672,58.88506317138671,58.88506317138671,58.88506317138671,0
2023-05-02,59.03231430053711,59.649350444270844,58.54849864775125,58.88506722133619,1293696
2023-05-03,59.34782791137695,59.42495807844179,58.899073493676816,58.94114254859413,331762
2023-05-04,61.14283752441406,62.47507936682957,59.249655408584715,59.249655408584715,1821198
2023-05-05,60.96754837036133,61.77390577249841,60.406608044647065,61.016630715731004,916667
2023-05-08,61.00261688232422,61.70379638671875,60.86238312127534,61.24101534602232,1756505
2023-05-09,60.37856674194336,60.99560277169152,60.091080581199606,60.99560277169152,726333
2023-05-10,59.95785140991211,60.66603874534475,59.81761232152874,60.21728436166643,445422
2023-05-11,60.00693893432617,60.23131614553758,59.62128809494342,59.81060954321302,326174
2023-05-12,59.82463073730469,60.0560212407751,59.74048727706781,60.02096012828273,446533
2023-05-15,60.07004928588867,60.294426522382274,59.25668380969009,60.294426522382274,621754
2023-05-16,60.57489776611328,60.99560440445671,59.88073154536789,60.231321302249924,456073
2023-05-17,60.371543884277344,60.89742842220585,60.30142701580171,60.51178297080278,570390
2023-05-18,60.280399322509766,60.785249392073645,60.161200097633504,60.785249392073645,217441
2023-05-19,60.06303787231445,60.48374449773813,59.78957294873533,60.09108034437771,252226
2023-05-22,59.621299743652344,60.30144480259042,59.60026521186262,60.091088785541785,638320
2023-05-23,59.31277084350586,59.93682551492049,58.89206421692268,59.93682551492049,480350
2023-05-24,59.03929901123047,59.52311447361942,58.9691821462865,58.98320872901962,292128
2023-05-25,59.27069854736328,59.53013687187597,59.109430268278814,59.354842007912595,217835
2023-05-26,58.948158264160156,59.42496052126361,58.68871993249766,59.179548774866575,537616
2023-05-29,59.74049377441406,60.79226306867893,58.92011500878554,59.10943647751537,1002816
2023-05-30,59.94382858276367,60.02095874881446,59.600252156448555,59.73347796136801,218341
2023-05-31,60.329490661621094,60.65203262089297,59.677393449517496,59.95085305302137,1191602
2023-06-01,60.32246780395508,60.63098847676691,59.91578243517124,60.476728140361,419365
2023-06-02,59.92280197143555,60.47673444189586,59.77555491213475,60.47673444189586,251647
2023-06-05,60.07004928588867,60.25937075549048,59.81061628250327,59.95085004922104,390120
2023-06-06,60.58892059326172,60.652024177789514,59.88774112299825,60.05602269798054,743848
2023-06-07,60.40662384033203,60.65203563135298,60.37156272036797,60.65203563135298,340780
2023-06-08,60.17522048950195,60.44868004841968,59.985904390856874,60.44868004841968,523656
2023-06-09,60.413631439208984,60.52581738328202,59.77555549312841,60.126145261416546,815079
2023-06-12,59.894752502441406,60.392589312942654,59.84567015068988,60.392589312942654,203260
2023-06-13,59.516117095947266,60.266378985561325,59.46002679873874,59.95786362740085,362531
2023-06-14,58.93414306640625,59.84567326777997,58.82896506443898,59.26369295985977,567031
2023-06-15,58.39422607421875,58.934137268062045,58.19789667630296,58.934137268062045,339023
2023-06-16,57.770179748535156,58.520441614766455,57.503733458979006,58.33813344318848,596896
2023-06-19,56.9217529296875,58.162838310621886,56.7745058742936,58.162838310621886,890226
2023-06-20,56.767486572265625,56.97082925092557,56.1013682470077,56.935768139249014,521502
2023-06-21,56.46598434448242,57.00589555586992,56.30471605505762,56.86565644596243,253850
2023-06-22,56.19954299926758,56.48001589415762,55.470315612383686,55.470315612383686,604590
2023-06-23,56.12240219116211,56.4870131407675,55.610538853704576,55.610538853704576,560032
2023-06-26,58.85701370239258,59.214611424622106,56.09436453707737,56.09436453707737,1767678
2023-06-27,57.868350982666016,59.424970535819604,57.35649287528804,58.19790624746935,1361451
2023-06-28,57.868350982666016,57.868350982666016,57.868350982666016,57.868350982666016,0
2023-06-29,57.868350982666016,57.868350982666016,57.868350982666016,57.868350982666016,0
2023-06-30,57.868350982666016,57.868350982666016,57.868350982666016,57.868350982666016,0
2023-07-03,61.079742431640625,62.19461519142879,60.336493925115185,62.138524901000686,2285289
2023-07-04,58.60457229614258,61.00260442767767,58.33812071514491,61.00260442767767,2110148
2023-07-05,57.70006561279297,59.214610653799305,57.58086637360146,58.21192368676845,1902381
2023-07-06,58.23295211791992,58.68871445458504,57.91741817379673,58.33812474971996,1486866
2023-07-07,58.07168960571289,58.232963254606105,57.84731236567148,58.19790213758464,809095
2023-07-10,58.225948333740234,58.58355138897696,58.12778362831451,58.527455743140756,835781
2023-07-11,58.39422607421875,59.004254145949844,58.23996573312066,58.23996573312066,1280791
2023-07-12,58.282047271728516,58.625623760126025,57.84731401630425,58.54849358013824,1415401
2023-07-13,58.21893310546875,58.688722087187244,57.57384924852022,58.23295969124918,1384430
2023-07-14,58.03662872314453,58.37319725935398,57.98754636886142,58.21893690315696,821970
2023-07-17,57.980525970458984,58.12777300167859,57.81223906371578,57.889369225246185,608380
2023-07-18,57.67201232910156,58.17686241150106,57.42660058059484,58.17686241150106,970914
2023-07-19,57.46866989135742,57.84029416210494,57.36349189879729,57.672012583753684,1488583
2023-07-20,57.4967155456543,58.15582594791961,57.36348973679436,57.601893534250316,2488114
2023-07-21,57.60188293457031,57.84729462975148,57.46164385905698,57.496704965328746,1349454
2023-07-24,57.594871520996094,57.84729651557542,57.39854215845081,57.60188481239383,765668
2023-07-25,57.987548828125,58.12778795314959,56.80255898172707,57.56684215220248,1053265
2023-07-26,58.53447341918945,58.79390643885096,58.19790486854603,58.19790486854603,1603566
2023-07-27,58.53447341918945,58.53447341918945,58.53447341918945,58.53447341918945,0
2023-07-28,58.53447341918945,58.53447341918945,58.53447341918945,58.53447341918945,0
2023-07-31,57.54579544067383,57.987536554457,57.28635712647288,57.65097342478634,1524023
2023-08-01,58.15582275390625,58.197891807204265,57.49671238784036,57.50372567991484,1123920
2023-08-02,58.08570861816406,58.583550782840334,57.85432344324044,58.197899908675666,1081815
2023-08-03,57.566837310791016,58.47135953022007,57.496720428963414,58.19088665333448,2358586
2023-08-04,57.188201904296875,57.98754615659597,57.040954841986554,57.60190061709048,2173868
2023-08-07,57.45026397705078,57.8724796267513,57.144523908175806,57.7632851581927,1157380
2023-08-08,57.02077102661133,57.50850001022707,56.81694432025616,57.45026222159382,751422
2023-08-09,56.74415969848633,57.32652663505418,56.65680854570505,57.14453766160957,1357185
2023-08-10,56.72231674194336,57.319240298297515,56.63496559712122,56.78783565442217,611872
2023-08-11,57.9598388671875,58.05447111538352,57.08628863407478,57.100850859250556,1735197
2023-08-14,57.9598388671875,57.9598388671875,57.9598388671875,57.9598388671875,0
2023-08-15,58.214622497558594,58.76787042531454,58.12726580774608,58.12726580774608,982978
2023-08-16,57.91614532470703,58.4839497998339,57.87246976626972,58.41115535115156,832819
2023-08-17,58.60771560668945,58.78242342152987,57.77056543170965,58.04718660136208,778706
2023-08-18,58.1563720703125,58.6732198765665,58.09085873258164,58.60042542780095,481771
2023-08-21,57.887027740478516,58.418437780183815,57.79967662163311,58.098135534122505,948454
2023-08-22,57.55217361450195,58.054464805098206,57.47937915812043,58.04718369330175,449117
2023-08-23,57.60313034057617,57.87247593867444,57.326509184536,57.8579192689296,380265
2023-08-24,58.09086990356445,58.847938980944534,57.58129755649299,57.60313533993606,2579087
2023-08-25,58.047183990478516,58.236454021128274,57.79968172674202,58.16365956437407,906337
2023-08-28,57.734169006347656,58.076309098953466,57.63225564521337,57.94527684122915,184073
2023-08-29,57.028053283691406,57.83608464584558,56.853345451130515,57.83608464584558,414998
2023-08-30,56.75142288208008,57.392021866819405,56.61310952872575,57.079006263099124,422763
2023-08-31,55.98707580566406,56.91885821725375,55.65949240686811,56.91885821725375,1010668
2023-09-01,56.02346420288086,56.23457200047862,55.324627469726536,55.72500528480172,771979
2023-09-04,56.38744354248047,56.52575689213653,56.11809795469258,56.161779069977065,415445
2023-09-05,56.48208999633789,56.671360066590985,56.416576637709255,56.4529766506333,260164
2023-09-06,56.118099212646484,56.63495261909632,56.05258586904241,56.598552614520095,571637
2023-09-07,56.05259323120117,56.263701066976886,55.90700430149596,56.263701066976886,326320
2023-09-08,56.05987548828125,56.23458331826641,55.98708102194258,56.16178885192774,251656
2023-09-11,55.43382263183594,56.22729160692776,55.22999594296321,56.05986492129404,671785
2023-09-12,55.44111251831055,55.68861480715544,55.28823692359857,55.68861480715544,471739
2023-09-13,55.3319206237793,55.53574735441197,55.2591261562479,55.470228445930395,256803
2023-09-14,55.35375213623047,55.470222160310506,55.28823323517319,55.46294660208511,162079
2023-09-15,55.5139045715332,55.77596907414165,55.43382899829943,55.47022345185754,356666
2023-09-18,55.477508544921875,55.68861638460798,55.39743296594225,55.681335271829354,170383
2023-09-19,55.30280303955078,55.615824255846384,55.25184635568229,55.615824255846384,568170
2023-09-20,55.288230895996094,55.477500925212276,55.21543643979326,55.477500925212276,221127
2023-09-21,55.20088195800781,55.43382755940639,54.88786078545398,55.43382755940639,804476
2023-09-22,55.193603515625,55.50662470331949,54.96065790295897,55.433830240710385,547323
2023-09-25,55.32462692260742,56.01618253759577,54.96064911390605,55.61581028034063,777162
2023-09-26,54.866031646728516,55.61582524579478,54.815074961953,55.324641809708105,802853
2023-09-27,55.4119873046875,55.644932895692484,54.81506388062092,54.829620550244556,647260
2023-09-28,55.4119873046875,55.4119873046875,55.4119873046875,55.4119873046875,0
2023-09-29,55.4119873046875,55.4119873046875,55.4119873046875,55.4119873046875,0
2023-10-02,55.37559509277344,55.79781077146939,55.324638411128184,55.60854071656056,654428
2023-10-03,57.08628845214844,57.32651518202849,55.404712450711315,55.47022580220863,2212410
2023-10-04,58.7969856262207,59.08816904760304,56.92613950270606,57.43571187859062,2432917
2023-10-05,59.83067321777344,61.00995774863755,58.79697203315086,58.97168537790598,3360393
2023-10-06,59.728763580322266,60.129135857357696,59.54677466698047,59.84523359685336,799743
2023-10-09,60.165550231933594,60.60232261750352,59.08089760443146,59.58318334859889,682311
2023-10-10,60.56591033935547,60.79158037672474,60.056343585026944,60.056343585026944,1290246
2023-10-11,61.76704025268555,61.876234718843996,60.434879984047264,60.434879984047264,2467800
2023-10-12,64.59151458740234,65.21755140778988,61.366670470323896,61.87623726152125,9900552
2023-10-13,64.30760955810547,64.78806302843967,63.659729372130016,64.71526856277556,2382455
2023-10-16,64.05281829833984,64.72981729835179,63.62332711587495,64.53327170976944,1442153
2023-10-17,63.630615234375,64.0601064641332,63.46318296696279,64.0528253514992,2060608
2023-10-18,63.30302429199219,63.69612101960507,63.04824091868597,63.47773209742203,1564006
2023-10-19,64.5260009765625,64.78806550606453,63.33215392165859,63.4049483901065,1685194
2023-10-20,65.7562484741211,66.24397752517075,64.31489355240163,64.4968825016466,3328902
2023-10-23,67.65621185302734,68.4205620883838,65.95279244277523,65.95279244277523,3934442
2023-10-24,68.27098083496094,69.56278013963552,67.74958620065699,68.48109065986651,1884765
2023-10-25,66.80018615722656,68.40327021958838,66.69123944602678,68.27097863272444,1346654
2023-10-26,66.92469787597656,67.08033433338616,66.146503714628,66.65233110693462,1105308
2023-10-27,67.08033752441406,67.19706784159929,66.6134221928237,66.92470105960079,738218
2023-10-30,68.26319122314453,68.47330102956003,66.96360842831314,66.97138609500064,1143971
2023-10-31,67.75736999511719,68.24763021270492,67.31379953049475,68.09199374472013,998365
2023-11-01,68.42662048339844,68.67564240534254,67.70289959506857,67.70289959506857,1392956
2023-11-02,68.09978485107422,68.63673488077718,67.70290409569706,68.52001048550567,573875
2023-11-03,68.12312316894531,68.55891003505698,67.71068117963951,68.09977829213943,412800
2023-11-06,68.75344848632812,68.87017879035191,68.0141664560939,68.0997682832347,1429568
2023-11-07,70.25537109375,71.86623284264465,68.823496622355,68.823496622355,3259549
2023-11-08,71.08804321289062,71.74950713482303,70.084171922694,70.232030729381,8411588
2023-11-09,71.08804321289062,71.08804321289062,71.08804321289062,71.08804321289062,0
2023-11-10,74.55101013183594,76.3797653977345,70.97131189900371,70.97131189900371,2825596
2023-11-13,78.87776947021484,79.37581331407618,74.71443142989692,74.71443142989692,6586730
2023-11-14,76.98676300048828,80.50419865447918,76.46537423990769,79.04119549523543,3478030
2023-11-15,75.43036651611328,77.69490862502727,73.96736350952986,76.9867549671321,1482332
2023-11-16,78.72990417480469,79.50809835884859,75.0957387602358,75.951751175254,7139523
2023-11-17,76.03734588623047,79.06452050356118,75.60934268739791,78.79215375209503,1758501
2023-11-20,76.27859497070312,76.84667936468205,75.09574236649941,75.57044131653431,1337151
2023-11-21,76.099609375,77.0334400136898,75.95175058129979,76.49649006816085,611525
2023-11-22,76.2552490234375,77.43032394367842,76.09961255619992,76.09961255619992,2160832
2023-11-23,76.47313690185547,76.76885448015402,76.18520886464927,76.41866354856103,838144
2023-11-24,76.1073989868164,76.8388975345767,75.52375330727686,76.6521325795263,2543078
2023-11-27,76.18522644042969,76.76887219058035,75.99067785704614,76.30195677789014,1713146
2023-11-28,78.50423431396484,78.59761976194746,76.3330716298648,76.3330716298648,7148610
2023-11-29,78.13849639892578,79.29800430118968,77.0490231373123,78.01398245490064,3356408
2023-11-30,78.53536224365234,79.76491058291992,77.90502680137318,77.90502680137318,2921068
2023-12-01,79.01005554199219,79.18125921456235,78.24742855691666,78.5820522977173,1092486
2023-12-04,78.85442352294922,79.92054582871204,78.55870591287707,79.1812636778334,2446322
2023-12-05,78.72212219238281,79.37580242131452,77.75715718231677,79.37580242131452,6315632
2023-12-06,78.81551361083984,79.64818123058167,78.55870808042341,78.98671729778412,2378404
2023-12-07,80.8621597290039,81.32129144330136,79.36802239790704,79.37580600207406,6740451
2023-12-08,84.65196228027344,85.60136013351651,81.32129212684069,81.32129212684069,8022357
2023-12-11,87.71027374267578,88.55850856769366,85.25118298492089,85.59358441975705,5648655
2023-12-12,89.2744369506836,89.8036092286203,87.70248138806998,87.70248138806998,2659301
2023-12-13,85.69475555419922,89.63241667909412,84.04498155663894,89.49234147234702,5568049
2023-12-14,86.65971374511719,87.3523061653537,84.04498054216658,85.60136907072523,5966681
2023-12-15,87.59353637695312,88.01376195321266,85.99045824085788,87.07993129740292,3052430
2023-12-18,86.32508087158203,88.71413677352335,85.95154505176836,87.78808379678878,2227826
2023-12-19,83.76481628417969,86.84646434881422,82.48857837671943,86.84646434881422,4257120
2023-12-20,84.50411224365234,86.7297483127617,82.79987084344631,83.77261367305177,5763963
2023-12-21,84.80760955810547,85.44572858741631,84.0449766025141,85.328998265816,1409780
2023-12-22,83.91268157958984,85.44572509565381,83.65587606999372,84.80760609241989,1311071
2023-12-25,83.91268157958984,83.91268157958984,83.91268157958984,83.91268157958984,0
2023-12-26,81.0489273071289,84.5508012153252,80.16178639202455,83.61696461084917,3580379
2023-12-27,83.96715545654297,84.66753142471639,80.15400268506603,81.01001511854439,2705225
2023-12-28,85.68695831298828,87.07992655364583,84.2083882408772,84.83872360235316,3442565
2023-12-29,87.33672332763672,89.29776977706166,85.725861835811,85.97488370140702,3979673
2024-01-01,89.97482299804688,90.34835292019889,87.66358508255871,87.66358508255871,2518691
2024-01-02,89.36781311035156,90.65961824591949,88.98649964021712,90.348339399276,1484435
2024-01-03,90.16937255859375,90.65963281325669,88.71414713056878,89.10324426710636,1808192
2024-01-04,91.37555694580078,92.51171970822988,90.77635005426806,90.85416828292618,2796089
2024-01-05,91.32109069824219,91.74909989489302,89.88143257601325,91.74909989489302,989507
2024-01-08,94.58171844482422,96.79957060227852,90.97089803549329,91.826910419773,4946862
2024-01-09,96.07585906982422,96.68284962020554,94.4338687670487,95.3287933203433,1882529
2024-01-10,94.76847839355469,96.48828667558784,94.23930615776372,96.41825205505592,1970341
2024-01-11,94.51168823242188,95.01751567670453,93.89692000647857,95.00973207188918,579611
2024-01-12,95.90465545654297,97.00191217312083,94.16928564457974,94.16928564457974,4231999
2024-01-15,93.55450439453125,96.80735627399343,93.25878680912082,96.49607741747474,1507186
2024-01-16,92.90083312988281,94.08369178729126,91.82692713634076,94.08369178729126,642443
2024-01-17,95.42216491699219,95.63227471657328,91.82690595331063,92.9085953027039,6132570
2024-01-18,94.51168823242188,95.67897959438913,93.81131816496223,95.52334312098719,2344364
2024-01-19,94.33271026611328,95.32879798078464,94.16150657693831,94.90078875784721,505878
2024-01-22,95.03306579589844,95.13422889170177,94.16148626499725,94.35603479033816,558328
2024-01-23,99.0174331665039,99.60886244970125,95.02529886351128,95.25097590495699,5102626
2024-01-24,99.03299713134766,101.54656704971858,98.46491274395555,99.6088591861152,4192497
2024-01-25,100.69054412841797,101.165243051555,97.85791779794647,98.83066051959604,11294695
2024-01-26,99.90457916259766,101.2041621032829,99.21976443962997,100.23141931465906,5227550
2024-01-29,95.77235412597656,99.99794861221208,95.11089028367603,99.99794861221208,2212702
2024-01-30,94.82295989990234,97.23536067694275,94.47277489282325,95.71788439673277,1199993
2024-01-31,95.04085540771484,95.83461681567637,94.78405583422193,95.09532876417097,536473
2024-02-01,93.74127960205078,95.48443307749093,93.46112919421117,94.93969947177557,735646
2024-02-02,96.62059783935547,97.11864166845312,93.85022236070522,94.16150123817893,1090638
2024-02-06,98.37152099609375,98.96294424916132,96.2237035747828,97.27426444334091,872956
2024-02-07,99.45323181152344,100.19251400602782,97.66338258451644,98.83067400982938,947362
2024-02-08,99.45323181152344,99.45323181152344,99.45323181152344,99.45323181152344,0
2024-02-09,97.12640380859375,98.8306507890167,95.13422881068733,98.8306507890167,1424135
2024-02-12,94.45720672607422,96.87739108278397,93.53893736304141,96.87739108278397,1506655
2024-02-13,97.7100601196289,98.28592809216669,93.42221442840449,94.47277539234703,1820765
2024-02-14,100.1847152709961,101.00959913820476,97.66336204776401,97.66336204776401,4763095
2024-02-15,98.97073364257812,101.16524093931416,97.99020733722577,101.07963910662426,2672703
2024-02-16,101.0718765258789,104.66713028688591,99.025221776998,101.6477326914726,10886102
2024-02-19,101.96678161621094,102.72163091454216,99.6088542201621,100.38704839375711,2123177
2024-02-20,101.11076354980469,103.03290411374235,100.62828696064327,102.33253410532734,1913074
2024-02-21,102.73719787597656,103.0718156701541,101.90452441256616,101.90452441256616,1974214
2024-02-22,105.01731872558594,106.25464481646992,102.08352288096877,102.76055999852825,3579931
2024-02-23,105.18850708007812,106.22350677614644,103.26636648370854,105.83440968172832,3154586
2024-02-26,105.35971069335938,106.22350671746243,104.3947456249872,105.21185189767402,1564344
2024-02-27,106.25464630126953,107.00171806664628,104.74495930805271,105.05623228361635,878412
2024-02-28,109.18064880371094,110.50357657089666,105.83441136367567,106.48809164285433,5551847
2024-02-29,114.25447082519531,115.0949100579767,109.68646308927022,109.7020302970774,9034636
2024-03-01,114.12217712402344,116.30112330554232,112.56578869069587,114.1610892097169,4169314
2024-03-04,114.53462219238281,116.65131146863737,114.04436789721107,114.3945529292771,3133766
2024-03-05,114.58909606933594,115.09491755014224,113.6163533183229,115.08713988288257,1062272
2024-03-06,114.26226043701172,115.445118993706,113.96654282926274,115.01710979151713,1223008
2024-03-07,113.67859649658203,114.31670948924331,112.92374726337192,113.84980014994719,408651
2024-03-08,114.58132934570312,115.56184985762506,113.26617912083573,114.00546130735401,477816
2024-03-11,114.8692398071289,115.56183213078585,114.3867632303321,114.78363797502298,505096
2024-03-12,114.7447280883789,115.32837371637096,114.51126746232194,114.51126746232194,233439
2024-03-13,114.4256591796875,115.63965199190442,114.20776577412805,114.83032345042648,746782
2024-03-14,115.31279754638672,115.85754292295056,114.42565673575676,114.42565673575676,4434394
2024-03-15,116.83464050292969,117.2623988128299,112.5324179027,117.13900047530153,3161462
2024-03-18,117.92870330810547,119.02276992826395,116.3986568572323,116.80995953163948,2694558
2024-03-19,119.14616394042969,119.30246097581526,117.50918721646195,117.61611738386075,9633401
2024-03-20,119.31891632080078,119.77135180324237,118.45517813649636,119.31891632080078,1865014
2024-03-21,119.2037582397461,120.10039516377162,118.86648699428082,119.59038380367691,1561652
2024-03-22,118.75952911376953,119.31890727290602,117.22126114207659,119.07212316010937,1311547
2024-03-26,119.79601287841797,121.29314798518583,119.68907017366288,121.2520152101292,392590
2024-03-27,120.98878479003906,121.74558013328097,119.27776431976852,119.79600965723344,692997
2024-03-28,121.45767974853516,121.90189368434186,120.84895979852436,121.0875098366709,1010900
2024-03-29,120.6926498413086,121.64687499562142,120.04278462940425,121.04636409308486,442653
2024-04-01,120.40472412109375,121.7537962031915,120.18262974525625,121.64686605807114,250590
2024-04-02,119.46697235107422,120.90653172423983,119.27777663372171,120.90653172423983,508338
2024-04-03,124.13114166259766,125.28279667791459,118.9898582512581,119.2777751430777,1880353
2024-04-04,125.13472747802734,127.33931644263424,124.78923472165594,124.91263306090707,1684907
2024-04-08,124.65760040283203,125.86683118599622,124.13113351813176,125.85860965178362,633717
2024-04-09,126.9033432006836,127.50384165003419,122.56820907003286,125.03602536003353,2442002
2024-04-15,125.14295959472656,126.43444350521125,122.89723788572911,125.94088781186423,2224622
2024-04-16,123.81033325195312,126.68123059385798,123.39080901999154,125.4637781260768,1847270
2024-04-17,121.76205444335938,123.26742382690685,121.33429612214205,122.56820421829943,1334065
2024-04-18,126.79638671875,129.97164383606395,120.68443506203351,122.11576032165641,3488713
2024-04-19,129.45339965820312,130.54746627778619,127.67658164518934,128.31821281277016,2566591
2024-04-22,132.71914672851562,134.08467464844918,129.96342628378898,129.97164781874216,5040996
2024-04-23,132.7438201904297,133.6322354671529,131.69912044217565,132.71914303429529,1227165
2024-04-24,134.15048217773438,135.31858027018384,132.77673274748824,132.77673274748824,1540645
2024-04-25,135.7381134033203,136.1411945706044,133.92016248679363,134.08468105745325,1561364
2024-04-26,143.9641571044922,145.59292472720776,136.55248745472213,136.55248745472213,7583099
2024-04-29,137.99905395507812,146.541568549032,137.5163308926078,146.53295319192253,3383447
2024-04-30,136.02505493164062,138.69727557033863,135.46474105748223,138.18007794021156,1232437
2024-05-02,133.68038940429688,136.06815859066526,133.1804224858346,136.02505549967051,2318621
2024-05-03,133.55108642578125,135.1630526630855,132.74942413900558,134.47344263431734,1762736
2024-05-06,133.9131622314453,134.904467755582,132.79254740858258,134.47346306626704,1964570
2024-05-07,131.835693359375,134.0424348772772,131.37020101071994,133.913138754438,1113771
2024-05-08,130.2495880126953,131.89601549510763,129.30137268505194,131.89601549510763,2385283
2024-05-09,128.02561950683594,130.15478344008662,126.7326056114959,129.3617364959975,2770043
2024-05-10,125.1120376586914,129.2927883050994,124.87067609077702,127.80150264586251,2548298
2024-05-13,125.73267364501953,125.8274951915999,124.12933586398107,125.42234977923087,2990537
2024-05-14,131.2064208984375,133.60280532682305,125.98263430560098,125.98263430560098,2776338
2024-05-15,132.93907165527344,134.90445175315787,130.16340073307884,131.88741928583485,2846740
2024-05-16,131.4219207763672,133.3959159421511,131.0771092244903,132.74940907974974,702666
2024-05-17,132.93907165527344,133.18043320040186,131.03402536706224,131.42194006400652,857800
2024-05-20,133.6028289794922,135.85267382640106,132.62013888275146,133.22354277492238,1739596
2024-05-21,133.24078369140625,134.45620680683723,132.8356382685232,133.87004679692362,399842
2024-05-22,133.64590454101562,134.0165753476726,132.2322099372512,132.87871685640962,786040
2024-05-23,133.5941925048828,134.24932796580381,132.87872323495031,133.8700417838427,1119697
2024-05-24,136.2922821044922,136.62846518354698,133.00802898913744,133.61143282933617,5898450
2024-05-27,136.30093383789062,136.84400401561314,135.0768819630351,136.69746398340024,2363989
2024-05-28,136.30093383789062,136.30093383789062,136.30093383789062,136.30093383789062,0
2024-05-29,136.3095245361328,138.7834868314908,136.1974591265562,136.6284637440453,1149552
2024-05-30,136.3354034423828,136.8870889062818,135.98197644824873,136.60262423928748,1144060
2024-05-31,138.24905395507812,138.6541993730959,136.3526229970299,136.36125150797787,1146375
2024-06-03,136.6284637451172,138.74038374018696,136.36985834397828,138.35248221508712,558258
2024-06-04,136.3095245361328,137.48185762183186,135.34406524876962,136.6284637440453,980765
2024-06-05,137.06809997558594,137.31809004918108,135.4216721379492,136.1974752801563,504813
2024-06-06,136.2922821044922,136.9818921303838,136.19746056151686,136.9818921303838,1059588
2024-06-07,136.73193359375,137.39568454753896,132.8787503325753,136.11128574274062,3413841
2024-06-10,135.6285400390625,136.7319108902668,135.16306080470554,136.7319108902668,439913
2024-06-11,135.77508544921875,136.6284794249497,134.45621222059185,136.6284794249497,987027
2024-06-12,136.31814575195312,136.88707502826207,134.54240875609582,134.54240875609582,1826361
2024-06-13,142.13670349121094,142.83492887322686,135.36131031800667,136.97326339269617,1847033
2024-06-14,142.6366729736328,144.12794530707313,142.23152757011508,143.0935368281158,902250
2024-06-20,145.0244598388672,147.05880245988865,142.7142679083829,143.1021694907483,1938785
2024-06-21,141.48158264160156,147.80872739011838,140.49026411055914,145.24855886119775,1332631
2024-06-24,141.4901885986328,143.09352622584626,139.47309024113682,142.23151703171465,1308257
2024-06-25,141.0419464111328,142.27462645326767,140.29200258789518,141.36951412850883,477051
2024-06-26,142.15396118164062,144.90377303753107,140.50752021134872,140.50752021134872,1396914
2024-06-27,143.5331573486328,145.58474359933814,142.2315280993666,142.24877196749168,1330569
2024-06-28,143.28318786621094,144.38655872540735,142.92114553615133,143.9555540724957,978742
2024-07-01,146.61915588378906,149.37758296053448,143.09354107080475,143.52454571258428,2781277
2024-07-02,147.2397918701172,148.6965895475909,146.11056190328495,146.90360880248608,1607730
2024-07-03,145.3519744873047,148.0069641713999,144.9899322330938,146.9725558517666,1365050
2024-07-04,145.58474731445312,147.00705737045513,144.86066267333277,145.89507118253584,600352
2024-07-05,144.9985809326172,146.2829662899957,144.73134701788408,146.11056707158713,454529
2024-07-08,144.1279296875,145.36060963252487,143.52452590293566,144.81753964980896,446587
2024-07-09,145.39508056640625,146.11054973345742,144.17102916177436,144.55893064546785,927856
2024-07-10,144.5417022705078,145.98126926837895,144.37793156449303,145.0761569406145,343917
2024-07-11,144.24862670898438,145.24856060941786,143.96416207421188,144.81755597852938,307796
2024-07-12,145.70541381835938,147.40357299222302,141.80051320012097,144.602043096172,960823
2024-07-15,146.53297424316406,147.12774964637225,145.72268334908776,145.80887639221615,600436
2024-07-16,146.53297424316406,146.53297424316406,146.53297424316406,146.53297424316406,0
2024-07-17,146.53297424316406,146.53297424316406,146.53297424316406,146.53297424316406,0
2024-07-18,147.74838256835938,148.14491261716154,145.6795655963258,146.97257949215117,876936
2024-07-19,147.03292846679688,148.25698005988065,145.24856295258854,147.40358614179607,1486280
2024-07-22,146.4898681640625,149.04140842410604,145.67957728647482,146.5415866195309,3393924
2024-07-23,146.35194396972656,147.9294226325175,145.55889695923173,147.32601872814303,812872
2024-07-24,148.6190185546875,149.041394670849,145.72266693676022,146.54157309695265,1924886
2024-07-25,146.9381103515625,148.69660352760346,146.36918105955414,147.83459423179124,2374490
2024-07-26,146.757080078125,147.83459167928598,146.2829723429706,146.63639930492369,456474
2024-07-29,147.42083740234375,149.12761217087808,146.80018964047338,146.97258887361107,1438417
2024-07-30,144.52447509765625,147.74838129881996,143.09353657513273,146.6277797879742,1625018
2024-07-31,144.6537628173828,148.61038191787503,136.2836607892766,137.92147302010366,13227280
2024-08-01,143.9813995361328,146.06746027843113,143.3607518430107,144.7744464432962,823064
2024-08-02,144.82615661621094,146.3088134480311,143.95553208546266,143.95553208546266,433681
2024-08-05,147.53286743164062,148.52418589089075,143.24006535344992,143.98139378209635,9511945
2024-08-06,147.87771606445312,148.69662236859273,146.5502142148957,147.40360826103975,2803435
2024-08-07,144.3434600830078,148.6017882896753,143.69695308369316,148.6017882896753,1476069
2024-08-08,146.22264099121094,146.88637867836778,142.99872149117977,144.6020593067906,2942502
2024-08-09,145.0379638671875,148.30237218409883,144.792256866132,146.5473145251154,571428
2024-08-12,143.83575439453125,145.8014104130735,143.40576044546145,145.23102202698453,341933
2024-08-13,143.07229614257812,143.91472972035817,141.72967808895015,143.475965300479,333734
2024-08-15,143.74798583984375,145.80139995044507,141.2909026029575,142.15966090668562,772167
2024-08-16,142.37905883789062,143.91473435694337,142.1596766208831,143.91473435694337,596221
2024-08-19,141.2558135986328,142.7300555720292,139.87808693989803,142.68618984355646,831192
2024-08-20,140.30807495117188,141.5015146178131,139.5270748789599,141.28213242460717,561935
2024-08-21,142.010498046875,142.16844681560312,140.5011473255651,140.5011473255651,1005463
2024-08-22,142.2123260498047,143.91473419426325,142.0280524861423,142.15967646018686,1502065
2024-08-23,141.8086700439453,143.4408742696427,141.29091783679468,142.37905845060223,409162
2024-08-26,141.77354431152344,142.2474173402991,140.8433659684042,141.9402769183139,1224591
2024-08-27,140.04481506347656,141.8964013285384,138.47404443578267,141.8964013285384,894423
2024-08-28,139.20242309570312,139.96586900546905,137.7720466072642,139.96586900546905,703746
2024-08-29,137.95631408691406,140.36073452598,137.58774019286986,138.6495559751779,1178756
2024-08-30,141.6068115234375,142.2474171581835,137.94751820602684,137.94751820602684,4301403
2024-09-02,141.3523406982422,142.24742382337018,140.71174842350663,142.15966558736721,511218
2024-09-03,141.5804901123047,142.01925450218292,140.40460476103738,141.36989177478011,187700
2024-09-04,143.55491638183594,144.09020942280537,140.81703113098916,141.70333029487858,530582
2024-09-05,144.5991973876953,144.792254798629,142.95822278478622,144.3534903901483,393441
2024-09-06,144.35348510742188,145.6697782846932,143.91472071499808,144.60796256341595,4491544
2024-09-09,144.78347778320312,145.2310126392044,143.91471947329018,144.6518404325958,349406
2024-09-10,149.1184539794922,150.9349449182205,144.79224367154873,144.79224367154873,1569948
2024-09-11,146.53854370117188,149.53090682604702,146.1085497553559,149.17990065111414,1256038
2024-09-12,146.75791931152344,147.11769593814884,145.66977879409768,146.98607197597207,814847
2024-09-13,150.4786376953125,150.92618596131837,148.17074601327243,148.17074601327243,4808782
2024-09-16,151.56680297851562,153.1288034554549,150.05745209674947,151.03150977754007,485973
2024-09-17,151.56680297851562,151.56680297851562,151.56680297851562,151.56680297851562,0
2024-09-18,157.34970092773438,158.82395640517632,151.46148965641814,151.46148965641814,5912074
2024-09-19,165.8441619873047,167.34472863966738,157.95517376602552,157.95517376602552,3061228
2024-09-20,163.44851684570312,166.73047952626152,159.7541279293524,166.73047952626152,6926154
2024-09-23,167.9853515625,171.9868946099102,160.32452798448548,162.95711469487122,2905824
2024-09-24,164.64195251464844,169.79305578047243,162.69383746788506,166.7480297114336,3645870
2024-09-25,165.50193786621094,168.3977722087157,164.1154407484527,164.1154407484527,2218213
2024-09-26,164.24705505371094,167.0814691760293,162.34281926695039,166.90596610347566,894296
2024-09-27,167.32717895507812,168.04675897162096,163.2203507505039,164.24705780164746,716138
2024-09-30,166.95863342285156,168.92430285834035,164.98419351931253,168.92430285834035,621044
2024-10-01,166.82699584960938,168.39776646429448,165.85293837434943,168.00288119378942,965912
2024-10-02,164.20318603515625,166.8270019877629,163.30811629308573,166.64271504673255,936552
2024-10-03,167.12535095214844,169.9773194441306,164.11543370936147,164.20317855202202,2414396
2024-10-04,170.16160583496094,170.59158635968925,164.18563709473185,167.60799391820296,1825470
2024-10-07,172.0482940673828,174.10170824197846,168.49429975595075,170.24058688513057,2029155
2024-10-08,178.6121826171875,180.4199029555432,172.0833804497282,173.31191525246984,3426176
2024-10-09,178.6121826171875,178.6121826171875,178.6121826171875,178.6121826171875,0
2024-10-10,171.0478973388672,176.39204405640783,170.33710121456707,176.3832735895738,4426719
2024-10-11,173.89111328125,175.40923438275408,170.15283195785713,170.15283195785713,1144460
2024-10-14,167.66064453125,175.4179956387737,162.4305805642875,174.01395764181578,1948035
2024-10-15,172.69766235351562,173.7506941857269,162.43934902408543,164.97540660058917,9476557
2024-10-16,173.4962158203125,173.66293503592686,168.4855207440726,172.706431907809,3309568
2024-10-17,174.17189025878906,176.89223454781398,171.55685851754959,173.75068023772283,1472084
2024-10-18,171.99563598632812,174.62822225142497,171.074228115539,174.18945787390885,437789
2024-10-21,173.53134155273438,173.7946029031336,171.11813705579368,171.99566596377213,907345
2024-10-22,172.7503204345703,174.6282315345671,172.0307403899788,174.6282315345671,366242
2024-10-23,173.82968139648438,174.67211495847693,172.87317819267963,172.87317819267963,1057995
2024-10-24,177.94528198242188,180.33216129558994,172.09216672381586,173.18030721335688,2524270
2024-10-25,182.68092346191406,191.02377524303228,177.27006722154147,180.09543562234578,2714461
2024-10-28,179.64230346679688,188.35831581730932,179.08255507678157,185.69286795197002,907003
2024-10-29,175.49310302734375,181.87240217239815,170.5797948837415,179.46462169780267,1628764
2024-10-30,176.5770263671875,179.47347459139897,174.14257930650592,175.91066445657586,1733486
2024-10-31,172.2678985595703,177.60767434638927,171.04178817784657,176.57704478724486,731354
2024-11-01,172.6321563720703,174.1425739448524,168.85610566153142,172.35672895997777,757811
2024-11-04,173.96490478515625,175.0133077999162,171.40607042657444,174.80896058735894,899489
2024-11-05,173.85826110839844,175.83069347929222,173.12083251273967,174.14258203548886,1613686
2024-11-06,173.20079040527344,176.274932435179,172.3656146394201,174.14257973879558,1614100
2024-11-07,176.0528106689453,176.85245309283783,172.90758842837104,173.74276418886942,2118295
2024-11-08,177.33224487304688,178.6738623209734,175.92844069074647,177.6076723192077,2724313
2024-11-11,177.41220092773438,178.38953722088777,176.18610414570495,178.35400388166798,1279786
2024-11-12,177.07456970214844,178.14074601925915,176.27492729643984,177.69650475736574,938262
2024-11-13,177.34112548828125,177.8297800535487,176.15054854711983,176.80803052613922,917858
2024-11-14,177.34112548828125,177.6698596992069,176.82580397345544,176.82580397345544,358343
2024-11-15,177.8209228515625,178.5583651020708,177.1634407884519,177.34114817000653,840966
2024-11-18,175.33316040039062,178.58501010680223,174.98665271411195,178.42508973952093,564666
2024-11-19,177.34112548828125,177.46551250515864,175.47530667795226,175.96397480038775,2193675
2024-11-20,176.1505584716797,177.6965231032588,175.91955787222622,177.5632561337989,764416
2024-11-21,185.47073364257812,190.12638711854592,175.8840128244821,176.15054674565926,6782895
2024-11-22,181.42813110351562,189.24678013018692,180.81507598465132,189.24678013018692,1951257
2024-11-25,176.35491943359375,181.250453770037,175.91955807091827,180.3619711535172,2107474
2024-11-26,172.2945556640625,177.68765191343815,169.70018792577486,175.9195665408556,2163482
2024-11-27,180.85064697265625,182.1389441098039,173.52954502151533,176.63035436523396,2117588
2024-11-28,178.6649627685547,182.1478129334659,177.72317338176347,180.89506277099625,975574
2024-11-29,177.8831024169922,179.47348026208138,176.0084036402847,178.70050475964248,3907792
2024-12-02,179.12696838378906,179.473476037813,178.09632536668332,178.09632536668332,818285
2024-12-03,182.60093688964844,183.91588726344776,177.20784132090776,179.47347452761568,2713218
2024-12-04,182.30772399902344,183.02739264561922,179.93547738139898,181.92566947921114,1313166
2024-12-05,186.8301239013672,187.91407378032366,181.70357539749955,183.6049276584747,3381293
2024-12-06,185.6484375,187.87853751389684,184.89323542047148,187.3632159764234,942618
2024-12-09,186.6435546875,188.34054622640832,181.2504585553958,185.64844491185025,1237091
2024-12-10,181.01943969726562,187.4698181325247,177.69651007822245,186.58133558213356,2001080
2024-12-11,180.25537109375,183.02743272685265,179.48238194054267,181.0283466897875,919245
2024-12-12,186.04823303222656,188.3582929917852,180.36195036477542,181.25043287888764,4535437
2024-12-13,181.81906127929688,187.28322332223695,178.69159903131597,187.02556935810858,2535058
2024-12-16,181.7035675048828,183.91589400905053,179.02923982040426,181.2504462697889,3415722
2024-12-17,180.7617950439453,184.79551392526682,179.9177392256785,182.14782582883305,1761823
2024-12-18,174.94219970703125,183.2050897100241,173.69832962364183,180.3619484071575,1614232
2024-12-19,171.38829040527344,178.5850049842215,170.1533001170723,174.14259192491252,1765284
2024-12-20,172.72100830078125,174.1425858530613,168.41187591779982,171.4771381104124,1815666
2024-12-23,179.26913452148438,181.25044688505406,175.03994875091206,177.6965165539746,1216947
2024-12-24,178.99371337890625,182.13893586726473,178.40731159995454,182.13893586726473,1030952
2024-12-26,177.06570434570312,179.47349833304864,175.03996495404226,178.99372365909508,1691562
2024-12-27,177.99859619140625,178.58499794584432,175.91955021530933,177.69651536899934,516935
2024-12-30,183.07183837890625,183.8270404378465,177.69651605675574,177.69651605675574,1944509
2024-12-31,181.41928100585938,184.7955179088772,180.71737209506765,183.82706148205276,678368
2025-01-01,181.41928100585938,181.41928100585938,181.41928100585938,181.41928100585938,0
2025-01-02,194.3644561767578,195.46617952374527,183.92478522492144,183.92478522492144,4958698
2025-01-03,212.7471466064453,213.80444302361173,196.35464606076943,196.35464606076943,5638473
2025-01-06,207.61172485351562,221.05447075747085,204.5819959726369,216.78975162071168,6480375
2025-01-07,199.82862854003906,209.59304381924062,194.2489587927328,209.59304381924062,3740511
2025-01-08,197.48301696777344,205.79032054065792,195.60831827552306,200.79705302928525,2483809
2025-01-09,193.79580688476562,199.0023151006592,192.80071078032213,197.24312347111297,1043755
2025-01-10,194.19564819335938,194.5776892035327,190.13527620801827,193.6892066044298,1200947
2025-01-13,195.63499450683594,197.2431459147415,192.82738611306766,195.45730069041866,958465
2025-01-14,194.462158203125,197.24311273447657,193.3337952022456,196.35463024468163,1336562
2025-01-15,194.8353271484375,195.6882763384945,193.24494939215685,195.46615570700925,893421
2025-01-16,194.8086700439453,197.02099637194897,193.69806690768854,193.69806690768854,1076331
2025-01-17,196.64784240722656,197.24312408277845,193.69807386395354,195.4661590009516,1320401
2025-01-20,196.37240600585938,198.9312263877657,195.4661500595764,197.67847636583082,1203874
2025-01-21,196.77224731445312,198.56698600631248,195.91041808682192,197.6873833302398,762628
2025-01-22,194.97750854492188,198.17605140466745,194.5776940767459,195.4661766981009,873483
2025-01-23,194.7909393310547,196.19474353240756,193.68921597428974,195.02193993741557,525526
2025-01-24,198.25601196289062,199.6953494739216,193.70698527121917,195.3595634923606,1520635
2025-01-27,201.47230529785156,203.00938992498862,198.35373631740597,198.35373631740597,1297792
2025-01-28,199.91746520996094,203.0182743686448,198.57586136276635,202.1297917674691,1367523
2025-01-29,197.2609100341797,201.59669588981316,196.4435076715835,200.78818702977716,955892
2025-01-30,197.66961669921875,199.46435545297678,196.37243961879997,197.90951081136114,647829
2025-01-31,197.767333984375,198.93124399359144,196.36352988284753,197.6784938607856,849119
2025-02-03,194.3733367919922,197.9094936456355,193.244960125368,197.9094936456355,1285146
2025-02-04,193.59146118164062,195.00414517442567,192.80071225890234,194.57767734884612,774482
2025-02-06,190.4373321533203,193.68918129483436,186.6879349904708,193.68918129483436,1442741
2025-02-07,188.54490661621094,192.1343705093585,185.82613835531652,191.37915484402632,1369837
2025-02-10,190.71278381347656,195.4661711250672,190.17970239016384,191.02375814495204,1637928
2025-02-11,192.89845275878906,194.577684286371,190.71277965507582,191.08595426757688,2008428
2025-02-12,193.36935424804688,195.02193244108724,190.8460668952403,192.80072592125708,2027890
2025-02-13,193.65367126464844,196.12365178005933,192.57860136568817,194.55991374520804,1233488
2025-02-14,194.29335021972656,195.39507342087424,191.46798232442134,192.57858547015465,2500591
2025-02-17,195.28848266601562,196.26580541410755,192.80960856320357,194.35557320320646,1978426
2025-02-18,200.29953002929688,201.13470588629235,193.42266946366644,195.2884884444933,3809432
2025-02-19,201.481201171875,204.2532625204564,199.06452743720513,200.7970657800685,1085602
2025-02-20,200.15736389160156,202.54738431263917,199.46434853138896,202.54738431263917,301760
2025-02-21,199.69534301757812,201.1968807711168,198.35373918074367,200.15735776262892,347463
2025-02-24,201.27684020996094,202.48517707606754,198.13161780281916,199.69534228247602,732544
2025-02-25,202.023193359375,206.56334033449548,200.33506815611355,201.72109894884912,1869120
2025-02-26,201.07249450683594,203.01827356485393,200.79706707070892,200.79706707070892,401757
2025-02-27,201.05470275878906,202.0231590055351,200.5749281648772,201.95207877733196,342713
2025-02-28,198.3892822265625,201.57894519967053,198.13162822675835,199.90859350233467,587283
2025-03-03,199.4465789794922,201.23243776022673,198.57586978939838,199.02011110883777,287252
2025-03-04,199.46434020996094,199.908581502188,199.02009891773383,199.11783254431055,242194
2025-03-05,196.2391357421875,199.6864523615165,195.9104015382175,199.6864523615165,758437
2025-03-06,199.11782836914062,199.9085773104374,196.35464704714076,196.35464704714076,405160
2025-03-07,199.4110565185547,201.20579534301442,198.91350838278444,199.90860465432493,602573
2025-03-10,200.077392578125,200.7970612923711,199.05562948592043,199.1089498282671,260690
2025-03-11,198.4070587158203,199.89971661990666,196.80778723185972,199.89971661990666,1258797
2025-03-12,198.8868408203125,199.5976160738311,197.69626380061402,199.02898773671484,717709
2025-03-13,199.8108367919922,200.93921340766445,198.806847188957,199.6153695496815,1270069
2025-03-14,201.89288330078125,202.32587396582986,199.912192089604,201.29407360174412,848931
2025-03-17,198.152587890625,203.5972042838968,196.60488738380832,201.75469564784342,8823073
2025-03-18,197.98675537109375,199.41470227818755,197.1484106250757,198.0328208953015,1614845
2025-03-19,197.2221221923828,198.29998803630548,196.22716586170995,198.06967446135042,1621347
2025-03-20,197.01943969726562,199.17517132575674,196.6877875961728,197.60904187062792,2196418
2025-03-21,196.13502502441406,198.06966458041484,195.76652894575884,198.06966458041484,767510
2025-03-24,191.0128631591797,195.98764481275717,190.0086993460666,195.40725010553354,2657622
2025-03-25,192.3855438232422,194.8360837199029,191.01286980806933,191.01286980806933,1423007
2025-03-26,191.06814575195312,196.1166296896173,190.23902246338073,193.4634126746245,14419464
2025-03-27,191.23399353027344,193.3712964675369,190.69966428165088,191.16029149006064,920485
2025-03-28,191.23399353027344,191.23399353027344,191.23399353027344,191.23399353027344,0
2025-03-31,191.23399353027344,191.23399353027344,191.23399353027344,191.23399353027344,0
2025-04-03,193.1593780517578,194.60575398027018,191.6208851320358,191.6208851320358,1054087
2025-04-04,191.7866973876953,194.84526815537959,191.43663034188393,194.19117147190173,1116850
2025-04-07,185.48533630371094,190.76413353304721,177.80207886036987,190.76413353304721,3887226
2025-04-08,181.82797241210938,187.93589344746437,180.65798947116383,186.73825994248133,2100818
2025-04-09,178.46539306640625,183.21906886642492,175.95958012022086,183.21906886642492,1711920
2025-04-10,176.7886962890625,182.4083531973247,176.2820176648501,180.5658445791699,2812771
2025-04-11,170.0359344482422,177.34147522565348,169.0593929584096,175.96880108408442,3923319
2025-04-14,173.98809814453125,174.82644298178258,168.5987545418881,170.43205576996087,1930472
2025-04-15,173.8959503173828,175.83058990029468,173.19580213530898,174.76193157721528,1098398
2025-04-16,176.1161651611328,179.17473587750405,173.66562559544602,173.66562559544602,7651359
2025-04-17,175.03831481933594,177.5256985869026,174.34737410294383,176.7702773800708,1632898
2025-04-18,172.36669921875,174.9830582705221,172.11795660142855,174.1170769086983,1053450
2025-04-21,169.2989044189453,172.87336149699024,167.77882640961545,172.36668288443846,1468853
2025-04-22,166.0745086669922,174.11705438593893,165.37434643580082,166.84835886830697,4250782
2025-04-23,165.99159240722656,167.20765482615752,162.14996367742646,166.0745159774082,4052166
2025-04-24,162.334228515625,165.81656869068425,161.4221816860713,164.44389470509387,2810254
2025-04-25,161.9104461669922,163.3291716295921,158.93479865994624,162.08548673632876,2228507
2025-04-28,156.53033447265625,163.9832790042264,156.1526168045864,163.06202462779817,2234086
2025-04-29,157.19363403320312,158.8242441093677,147.4006958072,156.53032977749265,1954814
2025-04-30,150.92941284179688,157.77244423302807,150.20123346955756,157.77244423302807,2271580
2025-05-02,158.2765655517578,158.79937379117257,151.72295109325154,151.72295109325154,1878181
2025-05-05,158.752685546875,159.68625027900003,154.81304123770198,158.70600446125528,760070
2025-05-06,155.81195068359375,160.43310758048077,155.43853048256358,158.69667658006205,612940
2025-05-07,150.65869140625,154.4116116314483,146.47631086179567,150.30393222518484,1560999
2025-05-08,145.33734130859375,154.97173556187983,135.60026861664485,151.42418695904038,4048451
2025-05-09,151.8349609375,152.3110738021973,147.5032213364106,149.37035072041581,1879536
2025-05-12,167.0147247314453,167.0147247314453,164.77417507435354,167.0147247314453,2428562
2025-05-13,167.25746154785156,171.77591145201225,163.8592864780601,171.77591145201225,3520678
2025-05-14,166.20252990722656,167.56554069861056,164.87686968276677,165.24095936240664,1088633
2025-05-15,170.60894775390625,171.0290490170092,166.17451545934506,166.17451545934506,5678639
2025-05-16,169.0405731201172,171.309128584724,168.13501418908302,170.6089550346502,1491058
2025-05-19,169.5166778564453,170.37555566050395,167.117409769238,169.50734733778378,676578
2025-05-20,170.23553466796875,170.37556367981563,168.78850648359247,169.68472064954722,997243
2025-05-21,169.61936950683594,170.60894579144983,168.60178742134175,170.60894579144983,1489347
2025-05-22,170.0394744873047,170.3755583502915,168.50842894371294,169.90877599864686,1478633
2025-05-23,169.17127990722656,169.89945929539954,168.5737990183393,169.8714534916289,408012
2025-05-26,169.92742919921875,170.8423185009334,167.57484246403033,169.9087539189611,520886
2025-05-27,170.4129180908203,171.26246550638479,168.04166968640905,170.23555273867584,847556
2025-05-28,170.4129180908203,170.4129180908203,170.4129180908203,170.4129180908203,0
2025-05-29,170.3755645751953,172.24269404999197,170.11416758832917,170.84234694389448,735894
2025-05-30,171.421142578125,171.91593072063694,169.4419900080773,170.36622417270897,715881
2025-06-02,169.25527954101562,172.24268367167363,168.69513503430065,171.30911899052634,1018700
2025-06-03,175.28610229492188,175.51016295031653,169.441992422779,169.441992422779,6430095
2025-06-04,174.81932067871094,175.88358386742533,172.70946958390994,175.2861030289377,1586000
2025-06-05,174.8473358154297,175.23010078186798,170.3568916457085,174.81933001252617,4207981
2025-06-06,174.8473358154297,174.8473358154297,174.8473358154297,174.8473358154297,0
2025-06-09,174.8473358154297,174.8473358154297,174.8473358154297,174.8473358154297,0
2025-06-10,173.5590057373047,176.7237892988542,172.72813377704733,176.44371705768597,925509
2025-06-11,175.6221923828125,176.4437339033236,174.57660444402916,174.57660444402916,681625
2025-06-12,174.70730590820312,177.05054829125268,174.29653514096023,176.39705581839698,1514998
2025-06-13,171.64520263671875,174.43656615817713,169.9087717620947,173.64303048214072,1287329
2025-06-16,171.64520263671875,171.64520263671875,171.64520263671875,171.64520263671875,0
2025-06-17,170.4129180908203,172.89620396166933,169.9087993495914,170.9357263623692,425096
2025-06-18,172.61611938476562,174.85668336825145,170.37556964634763,171.2904591276104,4249934
2025-06-19,169.75938415527344,174.0164364698699,169.32060765183286,172.7187822402445,553596
2025-06-20,168.32171630859375,170.8423381203728,167.57486170823452,169.90877343119044,787152
2025-06-23,164.94219970703125,167.94827909586576,164.30738256656505,167.94827909586576,1060173
2025-06-24,171.55184936523438,172.89618485336212,166.65063454105797,166.65063454105797,1272212
2025-06-25,172.62545776367188,174.57660463191834,171.55184977638174,172.7094751706144,797868
2025-06-26,171.6732177734375,173.6430399251872,170.85167625192904,173.63370940610363,537644
2025-06-27,176.03297424316406,179.70189126946318,171.1224285838001,171.68255890986813,2105530
2025-06-30,173.26026916503906,176.0236269434467,172.7094694111385,174.10981646041802,1042899
2025-07-01,176.85450744628906,178.77764854041115,172.70947770222486,172.70947770222486,1257111
2025-07-02,180.019287109375,180.17799140275693,177.38662775487347,178.32019247716755,1583592
2025-07-03,181.62503051757812,182.9600213132842,180.17800226179878,180.17800226179878,1428858
2025-07-04,183.24940490722656,184.36969392012256,181.11154805624756,181.82105208535737,651715
2025-07-07,182.36253356933594,184.28567466165987,181.85841487569536,183.76288068453113,1289835
2025-07-08,180.70079040527344,182.97869067038081,180.59809771315574,182.04512592206257,463836
2025-07-09,178.87100219726562,180.87816060400593,178.77764002924974,180.7007810318158,545586
2025-07-10,179.45913696289062,180.6447681117258,179.20708475220601,179.2444210721,302969
2025-07-11,179.2631072998047,180.59809805479279,179.05772191518074,180.17799676626836,1618981
2025-07-14,181.01820373535156,181.11156591065227,178.87101615411467,179.24443636518163,550880
2025-07-15,179.50582885742188,181.57834374049202,179.25376238648965,181.0181991928799,527836
2025-07-16,184.6124267578125,185.77938267916403,179.71121188813606,180.17799425667667,2115630
2025-07-17,193.8360595703125,197.44895070565377,184.8458261925269,184.8458261925269,3905675
2025-07-18,195.41375732421875,200.5296875638943,193.15451835927763,195.11500980172323,2925294
2025-07-21,196.96347045898438,200.62304226286963,196.04858106927966,199.49343698727907,1482593
2025-07-22,205.85101318359375,210.05205426897322,195.59113216018747,196.048583984375,6257296
2025-07-23,205.39356994628906,209.491918517785,204.92678758395436,206.31780415193595,1974303
2025-07-24,202.7889404296875,206.78459650471035,202.58355504073202,206.31781411982385,971562
2025-07-25,202.0233917236328,204.45066559770527,200.7164068653271,202.58353623151618,834241
2025-07-28,201.94873046875,203.98389475498897,201.27656271942567,202.5835476514078,588747
2025-07-29,191.61415100097656,204.9174477208982,188.68275846898595,203.51710069774853,5435976
2025-07-30,192.63174438476562,196.97282895820257,190.72727858940198,196.04859474048743,1912304
2025-07-31,191.23138427734375,194.18145206405592,190.073773199189,192.7811050539786,773561
2025-08-01,193.1451873779297,193.71466237688847,190.4471861440253,190.91396846300574,760990
2025-08-04,191.61415100097656,193.22921391239052,190.02709389042028,193.22921391239052,1049109
2025-08-05,195.82452392578125,196.2259641492591,191.6234828276547,192.3143258253484,1105869
2025-08-06,200.37098693847656,202.21011045281375,196.0485780171068,196.9821426743311,1642267
2025-08-07,207.1020050048828,210.05207309471828,198.9426580379581,202.5835549402394,3304372
2025-08-08,201.62913513183594,207.72065860767356,199.68747119174768,207.50173433914122,2152275
2025-08-11,199.60182189941406,201.78143573478624,197.68869616191995,201.62914437316712,741785
2025-08-12,197.3079833984375,201.78143687737904,196.0991943091093,199.68748147482168,1644353
2025-08-13,191.95887756347656,198.9260554727516,190.26467595624288,197.02245685578748,1779105
2025-08-15,198.1931610107422,198.9260505265759,191.3116562480467,191.78755589045474,2071038
2025-08-18,200.61073303222656,201.78144204928927,198.35495892214954,198.54533039178267,1202243
2025-08-19,200.0777130126953,201.78142716311166,198.45013001655087,201.78142716311166,763761
2025-08-20,197.7458038330078,200.11578915652078,197.40315552747947,199.84928653258802,726740
2025-08-21,196.4894256591797,199.68747149494186,195.11883251195263,198.92602924389317,795321
2025-08-22,195.13787841796875,197.974236001855,194.16703915566546,196.54653718453392,835706
2025-08-25,195.623291015625,196.96533139106484,195.0236528641937,196.0706378074383,1223348
2025-08-26,193.9766845703125,196.83208223958118,192.77740825430536,196.83208223958118,2750498
2025-08-27,193.50079345703125,195.59474893513092,192.92970808877487,193.9766930894768,728981
2025-08-28,192.73936462402344,194.3383805297177,191.31166562680846,193.6911639555001,497168
2025-08-29,192.90115356445312,194.54776221160807,190.88334378821,192.26344980541975,660340
2025-09-01,194.59535217285156,197.97424238749116,190.35984844951074,192.2729596980389,1810455
2025-09-02,199.63038635253906,201.02000516924187,193.45320379271183,194.64295289352802,1878874
2025-09-03,200.7344512939453,204.9223766094181,199.40193818461066,201.21035090775106,2334134
2025-09-04,198.4311065673828,201.78144404445746,197.97424698701488,200.82964478009683,543561
2025-09-05,199.8492889404297,201.3055406256445,197.4983436398167,198.43110283481943,831197
2025-09-08,199.7636260986328,200.82963658375294,198.18363589868437,199.8778373582375,1711866
2025-09-09,204.1418914794922,205.5886303521993,197.99327668626802,200.82963427923173,3802414
2025-09-10,210.79498291015625,213.10784813677745,204.1419008658524,204.16094091754468,4148240
2025-09-11,206.56898498535156,212.25122752996884,205.58863294382633,211.29942830337706,1344333
2025-09-12,204.7700958251953,209.395840891271,203.6850452306,205.588643784157,1691680
2025-09-15,206.6356201171875,207.39704788797926,203.68503667380617,204.63683591059964,725688
2025-09-16,207.7587432861328,209.77655308905915,206.58803425172786,207.49224065266347,785215
2025-09-17,207.17813110351562,208.91992539057054,206.54042737928842,207.96812618605767,298265
2025-09-18,207.25428771972656,208.4154839723742,206.54043827867125,206.54043827867125,491768
2025-09-19,206.921142578125,208.15848445658366,206.4547702598384,208.15848445658366,704386
2025-09-22,205.07467651367188,207.49224026225343,203.68504319322128,207.49224026225343,557686
2025-09-23,205.07467651367188,205.07467651367188,205.07467651367188,205.07467651367188,0
2025-09-24,202.08602905273438,205.5886434137831,201.32458672802247,205.16984940902634,761007
2025-09-25,207.36849975585938,208.7295802473301,200.82964349887467,202.62854351610778,1173923
2025-09-26,208.85330200195312,209.39583454445875,205.58863755274132,207.96813567256473,1156628
2025-09-29,210.76641845703125,212.25122289435743,206.96873439748293,209.39582527694452,2557058
2025-09-30,210.99485778808594,213.20303909273252,208.4440426844126,210.34764124774057,1462399
2025-10-01,213.12689208984375,215.01145058936277,208.5392271327028,212.20364563047286,1591634
2025-10-02,216.87698364257812,218.91383351258918,212.29883144806527,213.203037855739,3629257
2025-10-03,219.1327362060547,226.5377331735422,217.4861275780067,217.49564034207145,2787324
2025-10-06,218.56167602539062,223.67283357494355,216.0584392404774,223.67283357494355,1508126
2025-10-07,218.56167602539062,218.56167602539062,218.56167602539062,218.56167602539062,0
2025-10-08,222.64486694335938,227.48000861829357,220.36055467450535,223.10172649246957,2266960
2025-10-09,222.32127380371094,224.6722191473993,221.6740427521432,222.7210277517509,714372
2025-10-10,217.33383178710938,222.14993354711504,216.53432392283332,221.7692196660227,1088167
2025-10-13,212.38449096679688,216.0584367721363,200.82964827718396,213.2125516937525,2153311
2025-10-14,218.30467224121094,219.77043666695326,214.15482701239418,214.15482701239418,679815
2025-10-15,212.43206787109375,218.24756162149765,211.29942448817187,217.01021974460895,2481654
2025-10-16,208.02523803710938,212.72712857177564,207.5017455543078,211.48027390029608,1109707
2025-10-17,205.60768127441406,210.15728059886447,203.9991381929716,210.15728059886447,882435
2025-10-20,206.4167022705078,209.3863258577212,205.58864155614182,209.3863258577212,666725
2025-10-21,208.47259521484375,209.77655558147612,206.5880367062611,207.49224311793986,1065104
2025-10-22,209.04368591308594,210.1477620686909,207.51128845177465,209.21500281672462,2314375
2025-10-23,208.8152313232422,209.96691477536754,207.77777365392575,209.01511555068012,650326
2025-10-24,208.55287170410156,209.8938650310238,206.86206950313303,209.8938650310238,482373
2025-10-27,206.26930236816406,208.5528608661002,205.5210654957647,208.5528608661002,348860
2025-10-28,202.08114624023438,206.97866300991856,201.20657961274526,206.00693219766544,478700
2025-10-29,198.2039337158203,204.06346929068664,196.3868018531064,202.1200076783944,1040601
2025-10-30,197.81524658203125,200.4680675211735,196.28962210493776,199.20481451243683,815401
2025-10-31,201.58555603027344,204.06347259151465,200.14739856559618,200.17654930405723,692965
2025-11-03,203.91770935058594,207.56169976194428,202.1297134532289,203.0917322597041,929732
2025-11-04,200.8956298828125,206.96894735115848,200.27372276715127,205.9874897587152,953833
2025-11-05,198.07760620117188,202.24633970993884,197.16417686069855,200.1765483247146,747853
2025-11-06,197.90269470214844,200.64296779824994,196.77548343598014,199.41859235030267,441297
2025-11-07,197.5431365966797,199.19509072487386,197.1641621992852,198.22335998002293,704121
2025-11-10,212.7021484375,215.91857492568548,202.11028893636873,202.12000090622803,5203500
2025-11-11,207.75604248046875,214.73306232175446,206.97865489565535,212.71186053221362,2252837
2025-11-12,208.9609832763672,212.80904374207623,207.8046360873348,207.8046360873348,1763666
2025-11-13,210.21453857421875,212.80905818928898,209.55375387961988,211.63325732544973,1099986
2025-11-14,209.36912536621094,211.7887255764431,208.5917377582208,211.35144968052222,716128
2025-11-17,208.0281219482422,211.25426034672486,207.46451633067466,209.55373152434228,714967
2025-11-18,206.66769409179688,209.69950419218804,205.86117059676,208.09613951711702,430013
2025-11-19,211.17654418945312,213.77106364144655,206.50250659490038,206.66769905130798,1842397
2025-11-20,210.20480346679688,214.7330575039251,209.8938425088744,211.35143863740825,666140
2025-11-21,209.08731079101562,211.51663774842498,208.91240636725098,209.98130133205007,470109
2025-11-24,210.7295379638672,210.8655796802409,207.95038733443113,208.9221181163677,1046405
2025-11-25,211.9927978515625,212.69244522354273,210.7295448284073,210.7295448284073,1595688
2025-11-26,211.62353515625,213.46010579874454,205.52106684005454,212.79933596342548,1537283
2025-11-27,214.90797424316406,216.21008987755022,211.5457793551544,211.8373015429481,1263647
2025-11-28,213.58642578125,219.12528819360583,211.83730743328636,215.72423050545675,1642096
2025-12-01,215.18006896972656,217.1235305538788,212.8090434646712,213.7807742567473,1111138
2025-12-02,216.26840209960938,216.9388987166327,214.7525044406532,215.72423522997744,944741
2025-12-03,212.07052612304688,216.69595919672378,211.3417280539996,216.35584750019453,1195334
2025-12-04,211.83731079101562,213.78077235790568,210.85586803761277,212.80904157446065,552063
2025-12-05,211.95391845703125,213.66417416351263,210.3797192975976,212.80904631027192,1156712
2025-12-08,211.95391845703125,213.68359810386053,211.5457932981942,213.68359810386053,1118381
2025-12-09,212.3717803955078,214.75251801434248,211.8373254621116,212.76046680483083,2797956
2025-12-10,210.6809539794922,213.78077762748032,210.3797198015886,212.51752461237632,758637
2025-12-11,209.8647003173828,211.74013362862155,208.9221202630246,211.3514472428272,852960
2025-12-12,213.2268829345703,213.68359759806685,209.87441463050217,210.03960708768076,595484
2025-12-15,211.68182373046875,213.7807657160837,210.8655734563189,212.9062139691281,658406
2025-12-16,211.76927185058594,213.29489622090622,211.35143475192302,212.2648640147346,610170
2025-12-17,210.14649963378906,212.80904739107933,208.92212415105962,212.66329370055277,1099216
2025-12-18,214.58731079101562,215.72423402890277,207.96009972755348,210.37971471737592,2419197
2025-12-19,212.39120483398438,215.7242343099833,212.1968468150003,214.7525035248032,628403
2025-12-22,211.9247589111328,213.29490284792018,211.35144131855418,212.80903746557868,347246
2025-12-23,213.40179443359375,214.0237015316667,211.8567460719268,213.68358983208398,477029
2025-12-24,214.25692749023438,215.2383702514728,213.2949086690667,213.77106209463287,664646
2025-12-26,215.73394775390625,216.16151167469633,213.7807742002263,215.7242357838647,560341
2025-12-29,220.62176513671875,224.9654032121126,215.82142720414916,215.82142720414916,3295755
2025-12-30,217.66770935058594,221.5546327318464,217.3761871315042,220.62176459627204,1232788
2025-12-31,219.95127868652344,220.68007680698585,217.66770531143368,218.63943613871686,1225196
2026-01-01,221.44772338867188,222.2639736724882,219.95126453500862,220.58288360113048,566112
2026-01-02,239.23040771484375,243.59346951163968,222.52635291206786,222.52635291206786,9387783
2026-01-05,247.713623046875,255.85671737361483,240.98924743797855,240.98924743797855,6243690
2026-01-06,245.0996551513672,250.70654601033445,240.02721919705627,249.73481521184476,3691814
2026-01-07,246.72244262695312,247.79135243115965,243.64205778974818,245.84789084346428,1803398
2026-01-08,242.42739868164062,247.69417790025042,240.9892412324194,246.8196261009457,1800484
2026-01-09,238.93887329101562,244.8761487608137,238.07403351745776,244.33198191373475,1448746
2026-01-12,236.69418334960938,239.43445641784842,235.54753332777014,239.04577003981453,739437
2026-01-13,236.18887329101562,238.80283137612858,234.18711032206303,237.102302566736,2022270
2026-01-14,235.65443420410156,237.34525115718202,232.72952979383868,236.18888911692318,2556428
2026-01-15,231.310791015625,236.2277612741946,230.7860629124429,235.2560304829843,1740111
2026-01-16,235.3143310546875,236.665036256187,231.66061380420507,231.66061380420507,3949811
2026-01-19,235.68357849121094,238.559908144025,234.52723131003893,236.60673460055952,2742412
2026-01-20,235.6738739013672,237.58818479738144,233.16680661378354,237.10231938879784,2885367
2026-01-21,233.45831298828125,236.56784842680057,233.21538030046827,235.26573277870725,2184108
2026-01-22,238.1129150390625,238.93889217199833,232.83642377193593,234.18712902675213,6927000
2026-01-23,247.8690948486328,250.20125767078957,236.13058497667305,239.04577738379248,7105182
2026-01-26,244.78871154785156,249.7348178049368,242.93270214488015,248.28693356227657,2531585
2026-01-27,236.48040771484375,244.85672245309146,235.15885323579312,243.95301992766005,4602100
2026-01-28,234.71185302734375,238.8028462563564,232.97246140370882,237.58818274538814,2825001
2026-01-29,232.35055541992188,235.64472228474312,226.89914496283515,234.91592417458415,2299510
2026-01-30,237.40354919433594,237.97686680731368,232.72952642229453,232.72952642229453,1898013
2026-02-02,236.68447875976562,238.85143429836987,233.71097004809414,237.5978932593697,974912
2026-02-03,233.57493591308594,237.91857392892118,233.21540024914796,236.12088078179548,1871493
2026-02-04,231.40797424316406,235.1394169908332,229.76574680369922,233.7012595453132,1787300
2026-02-06,228.4150390625,232.2436607799652,225.93712256149448,231.27192998172268,1850400
2026-02-09,228.75515747070312,230.2904939561725,226.41328261978515,229.3381870702583,799880
2026-02-10,225.95655822753906,230.25160651752265,224.36292033339384,229.32846523735083,971402
2026-02-11,226.53961181640625,228.84260912524394,224.47953238621065,227.38501288877742,2238508
2026-02-12,214.8885498046875,215.72423889078524,207.0758406500117,209.89385405589917,6904218
2026-02-13,211.12796020507812,215.724242849238,209.8938579073667,215.724242849238,1951813
2026-02-16,209.30108642578125,211.10850622058305,206.39560613462726,210.8655735321819,1938380
2026-02-17,211.0210723876953,211.83732273322036,206.49280312297856,209.84527154937032,1256139
2026-02-18,211.43890380859375,212.51752560293005,208.0475727645275,211.7207140474164,998784
2026-02-19,207.5131072998047,212.78959822307314,205.5210562711693,211.43889305627962,1226973
2026-02-20,206.87176513671875,207.950386895489,202.12000221617623,207.5228229799498,707263
2026-02-23,207.08555603027344,209.89385751222383,205.03520340314458,206.96895307643493,1061554
2026-02-24,209.50515747070312,210.9627536085027,206.96893959783444,206.97865156754327,1452698
2026-02-25,206.51223754882812,210.86558746085413,204.11206124268716,209.9035686133633,632059
2026-02-26,209.94244384765625,212.16770087193072,202.6253120561018,206.58997552851716,1623368
2026-02-27,209.78695678710938,214.02370356658736,206.9786554355646,209.39827040740624,1177861
2026-03-02,189.65269470214844,206.00692552167553,188.80729366766414,189.497214218642,3889200
2026-03-03,198.62176513671875,199.78785393252792,189.4875017524466,189.6526942054514,2135555
2026-03-04,206.26930236816406,207.95039251108108,199.20481525594215,199.20481525594215,941914
2026-03-05,209.70921325683594,211.8373059968081,204.06345990518213,205.03519066663537,1525320
2026-03-06,205.6182403564453,209.89384988611434,203.09173438054583,209.89384988611434,507471
2026-03-09,194.3656005859375,200.6041106010054,187.55375812465533,189.4875077726219,3322300
2026-03-10,201.8187713623047,213.80021385441722,200.18625591501174,213.80021385441722,3123820
2026-03-11,199.42831420898438,205.0352052531336,197.9512940222511,202.1200127613829,733410
2026-03-12,201.9159393310547,208.92212502455442,198.23308606980976,198.23308606980976,11917223
2026-03-13,201.76046752929688,206.43449023032406,200.1765416057922,200.78873674480275,538080
2026-03-16,202.2459716796875,205.09953526924303,200.43277107538228,201.62176598349595,365944
2026-03-17,201.55239868164062,204.1087135097443,200.64084701807388,202.25588682217807,263059
2026-03-18,203.02871704101562,204.80227632997472,200.92817056180166,201.63165867673365,570903
2026-03-19,199.13479614257812,203.02872263041783,195.686750294672,203.02872263041783,960676
2026-03-20,199.13479614257812,199.13479614257812,199.13479614257812,199.13479614257812,0
2026-03-23,199.13479614257812,199.13479614257812,199.13479614257812,199.13479614257812,0
2026-03-24,200.8291015625,209.55821436110324,199.65992730386887,206.09034792959562,1626859
2026-03-25,201.89918518066406,203.60339501375302,200.64084085907797,203.10798553015036,1188813
2026-03-26,198.1142578125,203.1178968313535,197.1729827777529,202.12707782242006,1799288
2026-03-27,195.9344482421875,199.15460984414506,195.19133402635114,198.16379088969657,408813
2026-03-30,188.91944885253906,197.143249225281,185.28314509198287,196.1920563736514,3712180
2026-03-31,188.4735870361328,192.21888156012815,186.17487975225328,189.24642462878597,1260367
2026-04-01,195.4984893798828,199.15461381366256,190.23724304588663,190.23724304588663,2992139
2026-04-02,193.7150115966797,194.6959278207981,191.22806142195435,193.20969936415077,428753
2026-04-03,192.77374267578125,193.48713356696007,190.25706906207134,190.78220192381434,537248
2026-04-06,194.34913635253906,195.19133853073455,189.31578925224116,190.72275038578243,833944
2026-04-07,192.92236328125,196.41995294484985,190.2471400368989,194.34912986122072,1774805
2026-04-08,212.10462951660156,212.21360509210143,203.72229416667534,210.78683843900794,4781938
2026-04-09,208.43858337402344,215.99853700726086,204.62393938341663,215.99853700726086,1640280
2026-04-10,208.07199096679688,212.03526698521208,207.08117196219308,207.08117196219308,1762623
2026-04-13,202.99899291992188,205.81291513169563,201.1461511880497,201.1461511880497,728179
2026-04-14,205.91200256347656,207.56666840471289,205.10942650991512,206.09034271846969,569715
2026-04-15,209.1519775390625,212.03526443628644,208.67638865580534,209.0132634848334,785914
2026-04-16,211.68846130371094,212.53066345345295,210.0536160938556,212.03525398153346,767135
2026-04-17,210.1527099609375,212.2334207304462,208.86464227389058,212.2334207304462,1703589
2026-04-20,205.92190551757812,210.74718899713926,205.0995239695435,208.07198083866732,1503520
2026-04-21,204.23751831054688,208.51784838217432,204.05916303493453,206.09034493908328,5139485
2026-04-22,202.65220642089844,206.08044677185512,202.12707356671604,204.60412103689637,989855
2026-04-23,198.0944366455078,203.10799351640705,197.1828849740802,202.62248676065505,1696237
2026-04-24,197.2918701171875,198.46104437328108,193.209700764656,194.19061699588468,1024687
2026-04-27,199.0357208251953,200.82910075355957,197.37113708305375,197.65848305269202,1016827
2026-04-28,198.25296020507812,200.13552528251262,195.69664549818313,197.39095255600444,602024
2026-04-29,198.25296020507812,198.25296020507812,198.25296020507812,198.25296020507812,0
2026-04-30,197.00453186035156,198.99607248910212,193.31868419020336,198.16378820711955,523987
2026-05-04,195.9344482421875,199.14470709733166,195.20123677316454,196.1821529807996,677969
2026-05-05,195.2507781982422,196.67755989303205,193.70510306845222,194.49776124541296,351382
2026-05-06,195.2507781982422,195.2507781982422,195.2507781982422,195.2507781982422,0
2026-05-07,198.7384796142578,200.15534354710223,198.1638027719753,199.1744423993479,1077305
2026-05-08,196.09298706054688,198.64930183146137,195.19133816439646,196.4298618837137,950878
2026-05-11,198.0944366455078,199.15462023907907,194.20052520825618,196.0929931385181,623834
2026-05-12,197.28196716308594,199.1347938125422,197.17297647084158,199.1347938125422,346032
2026-05-13,197.2522430419922,198.18361529599528,196.08306879163794,197.28196640169887,433041
2026-05-14,196.58839416503906,198.16379268842462,195.28050587632063,197.47022243775467,213777
2026-05-15,195.17152404785156,197.8071062387703,194.20052565282296,197.8071062387703,1068475
2026-05-18,190.91099548339844,196.4199617602091,189.24642683937788,194.2104245299727,1297401
2026-05-19,191.802734375,193.25923944266458,190.9109882477599,191.2280575690979,823709
2026-05-20,194.3788604736328,195.09225134958822,191.24788398327064,191.80274019374752,804339
2026-05-21,198.5303955078125,199.06544622704936,195.19134036094115,195.19134036094115,1759570
2026-05-22,200.11570739746094,201.63165920310394,197.37113463354947,198.75829025456824,1399151
2026-05-25,200.60121154785156,205.09952293487265,199.15460922661546,202.22615402336064,1661902
2026-05-26,200.60121154785156,200.60121154785156,200.60121154785156,200.60121154785156,0
2026-05-27,200.60121154785156,200.60121154785156,200.60121154785156,200.60121154785156,0
2026-05-28,200.60121154785156,200.60121154785156,200.60121154785156,200.60121154785156,0
2026-05-29,206.2389678955078,208.07198908492566,199.15461812414316,201.14615886265327,2130258
2026-06-01,200.55166625976562,208.07197842284688,199.69956136242894,206.6055706176735,1731711
2026-06-02,199.4419403076172,200.64083789243588,198.26287845378226,199.65001893988062,877507
2026-06-03,199.4419403076172,199.4419403076172,199.4419403076172,199.4419403076172,0
2026-06-04,199.89773559570312,201.9289175932777,198.66911457855454,201.12635661285174,536660
2026-06-05,198.56011962890625,201.0173616105636,198.163798080225,200.7399335027471,539209
2026-06-08,196.4992218017578,198.36195115065325,196.18215248016864,198.16379038400873,608269
2026-06-09,198.1340789794922,200.0265469203301,197.27207127729514,198.1638023403474,1362512
2026-06-10,197.39096069335938,198.1637982972227,196.18216031425047,197.1729793057366,350245
2026-06-11,196.1920623779297,197.27206656509745,195.6867501367635,196.1821596307806,507771
2026-06-12,196.44967651367188,199.15460800104788,196.08306322320453,197.9160843194493,1361951
2026-06-15,198.00526428222656,201.62176268428058,196.95499856678393,201.62176268428058,1583144
2026-06-16,198.72857666015625,201.13625960435635,197.1828863004359,198.16380256586834,3543043
2026-06-17,200.1256103515625,200.63093769976507,198.7582904603439,200.63093769976507,2042261
2026-06-18,200.4129638671875,203.9600977103508,200.0463505555509,200.16525911656464,1774001
2026-06-19,198.2926025390625,201.13624810532704,194.7058276369626,201.13624810532704,1940377
2026-06-22,198.0548095703125,199.8481895437209,197.4603121220376,198.322334933906,1521899
2026-06-23,197.54949951171875,199.20416544802737,197.1234394747037,198.16380246136555,1527882
2026-06-24,198.3718719482422,199.15461227960174,197.27206229060693,197.54949039174937,2149768
2026-06-25,198.3718719482422,198.3718719482422,198.3718719482422,198.3718719482422,0
2026-06-26,198.3718719482422,198.3718719482422,198.3718719482422,198.3718719482422,0
2026-06-29,197.20269775390625,198.1637933612039,197.07388645023823,198.1637933612039,686004
2026-06-30,197.12342834472656,199.0555222858954,196.182153359921,197.3017836185946,935368
2026-07-01,198.0349884033203,198.94654006774766,197.24234529943433,197.24234529943433,1158607
2026-07-02,196.97482299804688,198.46105151897976,196.57848632124575,198.1638027910535,2153991
2026-07-03,195.50840759277344,198.064707246288,195.0030802390689,197.18287896243433,2553789
2026-07-06,196.6082000732422,197.17297414056944,195.50840553545302,195.50840553545302,1293185
2026-07-07,196.00381469726562,197.16307107079433,195.19133588988618,196.9748130486602,1000924
2026-07-08,193.48712158203125,196.3406849699918,192.0306165293178,195.30032205823974,1424799
2026-07-09,193.88345336914062,194.63648548008203,191.23796847103907,192.86291101544708,861248
2026-07-10,194.79501342773438,196.17225117628533,193.25924101722276,194.20051600473067,531242
2026-07-13,192.34768676757812,194.6959228309144,191.3370472097244,194.6959228309144,1039084
2026-07-14,187.27468872070312,191.84236479285187,185.7785575135915,191.72347135402643,2047602
2026-07-15,190.04898071289062,191.92162792691786,187.36386982016506,187.36386982016506,589996
2026-07-16,192.16934204101562,192.9124562910727,190.2372480146069,190.74256026191438,978826
2026-07-17,190.45523071289062,192.2188873356497,190.2372493218801,192.2188873356497,830997
2026-07-20,189.3157958984375,189.74184081666422,188.15652434982894,189.74184081666422,643503
2026-07-21,189.18698120117188,191.56494074014512,188.2556089274863,189.75174016623134,520132
2026-07-22,188.493408203125,191.22806314526912,187.7800173280095,189.2563279322836,399307
2026-07-23,185.76866149902344,189.23652803162264,183.41050741887256,188.5528604962042,645706
2026-07-24,185.64974975585938,187.26478955134908,183.8464670515323,185.29305431387078,517485
2026-07-27,189.30587768554688,189.84092841757035,187.26479294335704,188.2457092062679,743805
2026-07-28,187.9088134765625,190.23724412663321,187.51249193211112,190.23724412663321,609065
2026-07-29,185.49122619628906,187.2350621423595,185.283147560171,186.273966531081,787746
2026-07-30,188.39431762695312,189.84091996982005,178.4960307119663,178.4960307119663,3312646
2026-07-31,186.5117645263672,189.60311481131723,186.17487459327347,188.3943144832386,528437
2026-08-03,188.6123046875,188.94917951765996,186.07581047667531,188.23578863102824,2279425
2026-08-04,185.36241149902344,189.24641997965006,184.82736079805545,189.14733203689377,768014
2026-08-05,188.19615173339844,188.55284715626354,186.17487263093037,187.1458860768226,2582928
2026-08-06,191.14878845214844,191.81263532896057,188.19615223859822,188.26550170280686,1441457
2026-08-07,188.86000061035156,191.1289693529772,188.45376121248015,191.1289693529772,554481
2026-08-10,189.1699981689453,191.0,189.0,190.6999969482422,502599
2026-08-11,187.85000610351562,189.5,187.0,188.9499969482422,617124
2026-08-12,185.8699951171875,188.6300048828125,185.11000061035156,187.60000610351562,702099
2026-08-13,184.97999572753906,187.0,184.5,186.5,1400308
2026-08-14,184.97999572753906,184.97999572753906,184.97999572753906,184.97999572753906,0
2026-08-17,186.07000732421875,187.1999969482422,184.89999389648438,185.1199951171875,653022
2026-08-18,186.07000732421875,186.07000732421875,186.07000732421875,186.07000732421875,0
2026-08-19,185.3800048828125,185.99000549316406,184.0,185.8000030517578,631338
2026-08-20,185.97999572753906,186.39999389648438,183.89999389648438,186.10000610351562,741760
2026-08-21,184.00999450683594,184.5,182.0,183.22999572753906,355603
2026-08-24,182.77000427246094,184.5500030517578,182.00999450683594,182.00999450683594,825270
2026-08-25,182.02999877929688,183.5,180.75,182.99000549316406,390626
2026-08-26,182.02999877929688,182.02999877929688,182.02999877929688,182.02999877929688,0
2026-08-27,184.13999938964844,185.6999969482422,182.02999877929688,182.02999877929688,1651724
2026-08-28,182.61000061035156,185.4499969482422,181.5500030517578,184.0,1232014
2026-08-31,181.35000610351562,183.97999572753906,180.00999450683594,182.49000549316406,665969
2026-09-01,185.14999389648438,185.52000427246094,180.75999450683594,181.50999450683594,1018839
2026-09-02,190.36000061035156,192.6999969482422,183.0,185.0,3267077
2026-09-03,191.39999389648438,192.0,188.3000030517578,191.89999389648438,1542907
2026-09-04,190.92999267578125,191.5,189.3000030517578,191.39999389648438,619769
2026-09-07,189.52000427246094,191.0,188.0500030517578,190.92999267578125,373908
2026-09-08,187.7100067138672,189.0,185.6999969482422,189.0,432265
2026-09-09,186.4499969482422,187.5,185.8699951171875,187.5,185779
2026-09-10,183.9600067138672,186.08999633789062,183.50999450683594,185.0,541355
2026-09-11,189.19000244140625,191.27000427246094,180.9600067138672,182.99000549316406,1114933
2026-09-14,187.05999755859375,190.00999450683594,186.1699981689453,188.5,427992
2026-09-15,189.10000610351562,190.10000610351562,187.10000610351562,187.10000610351562,663500
2026-09-16,187.7899932861328,190.5,187.10000610351562,189.0,257412
2026-09-17,187.02999877929688,188.99000549316406,186.50999450683594,188.10000610351562,238844
2026-09-18,188.22000122070312,188.80999755859375,187.0,187.60000610351562,229791
2026-09-21,189.85000610351562,190.10000610351562,188.0,188.0,352719
2026-09-22,191.00999450683594,191.89999389648438,190.0,190.0,621727
2026-09-23,192.8699951171875,193.5,191.05999755859375,191.05999755859375,956125
2026-09-24,194.11000061035156,194.8000030517578,192.1999969482422,192.8699951171875,736425
2026-09-25,195.27000427246094,196.39999389648438,192.0,194.0,706971
2026-09-28,193.9600067138672,195.5,193.00999450683594,195.35000610351562,231682
2026-09-29,193.02000427246094,195.0,192.00999450683594,193.9600067138672,262622
