Date,Close,High,Low,Open,Volume
2021-09-10,35.08504867553711,35.64155681254206,35.04127853343293,35.17258895974546,711000
2021-09-13,35.02252960205078,35.32892308184777,34.82869101969469,34.82869101969469,992500
2021-09-14,34.653602600097656,35.26013522251646,34.39723355917839,35.26013522251646,1520000
2021-09-15,34.14711380004883,34.65359756679355,33.765686222188194,34.397228563110914,1009000
2021-09-16,34.82242965698242,34.92247604895637,33.890748078967725,33.890748078967725,1083000
2021-09-17,34.74114227294922,35.64155976623239,34.42224277085511,35.016269244017785,1211500
2021-09-20,34.090843200683594,35.20385968588021,33.959532749455875,35.20385968588021,685000
2021-09-21,34.090843200683594,34.090843200683594,34.090843200683594,34.090843200683594,0
2021-09-22,33.42177963256836,33.76568895037447,32.32752119436178,33.234192948791765,2675000
2021-09-23,34.46601486206055,35.01627122055159,33.640631516971084,34.07833538428681,2400000
2021-09-24,34.378475189208984,35.3226652839392,34.10960005377939,34.703626571246964,3599000
2021-09-27,34.947486877441406,35.478985252082225,33.95327485249036,34.3784725980854,2329500
2021-09-28,34.947486877441406,34.947486877441406,34.947486877441406,34.947486877441406,0
2021-09-29,33.9220085144043,35.297648046425095,32.62765741260446,35.01626685357863,5570500
2021-09-30,34.43475341796875,34.69112247054326,33.14040205676397,33.515575465552985,2590500
2021-10-01,35.29764938354492,35.453972009348675,34.234655051020646,34.434747821225926,2044000
2021-10-04,35.685333251953125,35.79788574730969,34.76615533497258,34.77240957654476,1405000
2021-10-05,36.59825134277344,37.04846125550143,35.70408575793529,35.93544495491712,2084000
2021-10-06,35.916690826416016,36.79835046770379,35.70409192924691,36.654533917456206,1144000
2021-10-07,35.216365814208984,36.26685419552356,35.01627301636757,36.05425529965527,844000
2021-10-08,34.89121627807617,35.328920191131374,34.21590364574924,35.32266833443241,904500
2021-10-11,34.74739456176758,35.08505202044293,34.1408619843649,35.08505202044293,1091500
2021-10-12,34.55980682373047,35.44146634868904,34.26591952031294,34.39722995513158,1926500
2021-10-13,34.272178649902344,34.92247906117724,33.92201505514329,34.88496315175993,910000
2021-10-14,35.42896270751953,35.547767054118204,34.384728626888986,34.384728626888986,2219500
2021-10-15,35.81664276123047,36.26685273083847,35.32891688435127,35.32891688435127,1475000
2021-10-18,36.19182205200195,36.48570702382579,35.8354065864857,36.19182205200195,3271000
2021-10-19,36.19182205200195,36.19182205200195,36.19182205200195,36.19182205200195,0
2021-10-20,36.885894775390625,36.95467474004039,36.20432790321688,36.56074336629637,2311000
2021-10-21,39.312015533447266,39.64967299710153,36.89839367037612,37.16726879306814,15947000
2021-10-22,39.05564498901367,39.430820729138055,38.14897326533059,39.318268245630144,4632000
2021-10-25,39.05564498901367,39.143185279454485,38.61168929589579,39.01812908470704,540000
2021-10-26,38.99937438964844,39.76222969150585,38.705489427120156,38.83679988177924,2117500
2021-10-27,39.64969253540039,40.654728661398295,39.3475251715588,39.3475251715588,2088500
2021-10-28,39.40665054321289,40.03069116180044,39.28184041483543,39.74166179628805,886000
2021-10-29,38.86142349243164,39.413208511830234,38.75632170329973,39.091332873087595,682500
2021-11-01,39.938720703125,40.39854200762877,39.150455967664904,39.4460555566905,2258000
2021-11-02,39.413211822509766,40.39854211807251,39.34752413846873,40.03725484419775,1592000
2021-11-03,39.485469818115234,39.73508752820609,38.95996082778544,39.577433578194885,1725500
2021-11-04,39.47233200073242,39.7088116741586,39.16359437088996,39.41321208237588,840000
2021-11-05,38.9271125793457,39.64311932678219,38.75632310551127,39.41977770356831,1198500
2021-11-08,38.9205436706543,39.41977654597678,38.743183930443536,39.143885287309594,967000
2021-11-09,38.48699951171875,38.802304889762155,38.158556096362155,38.802304889762155,2117500
2021-11-10,38.644657135009766,39.248991874040165,38.2636615341061,38.59210498075079,1627000
2021-11-11,38.8220100402832,39.08476577048173,38.68406440954993,38.75632236064575,429500
2021-11-12,38.690635681152344,39.01907909947851,38.46729405645757,38.92054507165089,1183000
2021-11-15,37.8432502746582,38.756322557713105,37.738148483209244,38.16512341467248,3944000
2021-11-16,38.060020446777344,38.32277617019007,37.70530347774174,38.197968579772386,967500
2021-11-17,37.659332275390625,38.24396129456344,37.442558366263626,38.10601312247126,937500
2021-11-18,37.52137756347656,37.77099527737531,37.114108402986176,37.65932571152495,672000
2021-11-19,37.52794647216797,38.09286956455204,37.11410705470588,37.27832876733732,1274500
2021-11-22,36.92361068725586,37.37686423528479,36.78566504473599,37.179796167885485,931000
2021-11-23,36.12221145629883,37.11410956512245,35.866023462372546,37.08783348792622,809500
2021-11-24,34.79529571533203,36.32584070545762,34.683623652717,36.32584070545762,3553000
2021-11-25,34.82814025878906,35.4718890557689,34.683624353364706,35.14344563858585,2420000
2021-11-26,35.629539489746094,35.73464127266116,35.13687441248968,35.13687441248968,2845500
2021-11-29,35.800331115722656,36.030240496704906,35.182858416924375,35.47845547652318,1201000
2021-11-30,35.73464584350586,35.9973990814904,35.2091343558878,35.80690129252008,1113500
2021-12-01,36.08936309814453,36.260155084589044,35.93171165539137,35.93171165539137,462500
2021-12-02,33.50122833251953,36.06308797204196,33.38298850264469,36.06308797204196,3958000
2021-12-03,33.494659423828125,34.47998963527936,32.68011867979908,33.468383350124924,1922000
2021-12-06,33.55378341674805,33.82967470670595,33.23847550561813,33.63260914161822,582500
2021-12-07,34.15155029296875,34.28949593757941,33.63260905182434,33.79683077326311,756500
2021-12-08,33.947914123535156,34.289495601478606,33.82967428479225,34.289495601478606,320500
2021-12-09,35.058048248291016,36.49006169048133,32.91002808500555,34.059579999233826,1211000
2021-12-10,34.80843734741211,34.946382992691284,34.00046426889214,34.355183790316815,2841500
2021-12-13,34.49969482421875,35.14344358355505,34.22380106688932,35.03834179643533,623000
2021-12-14,34.847843170166016,35.01206486512987,34.125268714654716,34.17125058877866,1165500
2021-12-15,37.06813049316406,37.24549026894772,35.32081132034058,35.32081132034058,4039500
2021-12-16,36.84478759765625,37.30460894475089,36.12878075161846,36.785667674375155,1901500
2021-12-17,36.52947998046875,36.818509307017756,35.80033513908931,36.46378978864539,532500
2021-12-20,36.54261779785156,36.78566524156674,36.39153411630836,36.49006564471066,379500
2021-12-21,36.06966018676758,36.77909925352193,35.98426418669722,36.52291125331083,522500
2021-12-22,35.61640548706055,36.12877642356732,35.49159538296058,35.9645547125511,414500
2021-12-23,35.61640548706055,35.61640548706055,35.61640548706055,35.61640548706055,0
2021-12-24,35.56386184692383,35.86602926610235,35.34052016626469,35.6361198179937,617000
2021-12-27,35.15001678466797,35.6689580351205,35.14344901825544,35.50473631073613,1027500
2021-12-28,35.09746551513672,35.3076691121758,34.81500396177335,35.143447395374984,778500
2021-12-29,35.419334411621094,35.63610825449012,35.14344316341422,35.21570111103723,1036500
2021-12-30,35.8791618347168,36.06309187097668,35.471892657685395,35.471892657685395,849500
2021-12-31,35.609832763671875,36.12220617072691,35.47188713731348,35.86601821428726,528000
2022-01-03,36.115638732910156,36.19446445332429,35.53757760294944,35.76091923230987,524500
2022-01-04,36.48349380493164,36.75281729514607,35.89886494855087,36.115636291492095,688000
2022-01-05,37.133811950683594,37.278327856130645,36.32584144498533,36.35868528554391,1583500
2022-01-06,36.78566360473633,37.429412417120275,36.739681725696364,37.14695087111795,1002000
2022-01-07,37.061553955078125,37.376861840384024,36.719975006674815,36.851350368757124,792500
2022-01-10,37.12724685668945,37.23891642378958,36.792233143739864,36.9827309408426,700500
2022-01-11,37.245487213134766,37.31117489989128,37.08126549041885,37.1141093337971,465000
2022-01-12,37.48854064941406,37.81041637991542,37.12068302967323,37.12068302967323,579000
2022-01-13,37.52794647216797,37.57392835123881,37.34401645006011,37.47539432133016,508000
2022-01-14,37.38343048095703,37.63961595116664,37.24548484404793,37.60677210987749,303000
2022-01-17,37.2783317565918,37.47539732638682,36.949888304991866,37.16009191354985,175000
2022-01-18,37.40313720703125,37.51480927715786,37.11410788840422,37.37686363684663,289500
2022-01-19,36.69369888305664,37.61333894553004,36.12877580588723,37.61333894553004,504000
2022-01-20,36.81193542480469,37.107534974337355,35.866016866300164,36.463783730544364,909000
2022-01-21,37.10096740722656,37.37686117550539,36.7922297990114,36.949883738859924,326500
2022-01-24,37.16008758544922,37.36372340382023,37.048418027707434,37.27832741471956,682000
2022-01-25,37.4556884765625,37.698735909359385,37.24548488509096,37.24548488509096,660000
2022-01-26,36.96958923339844,37.31117067870177,36.85791967738114,37.12724317193242,158000
2022-01-27,37.40970993041992,37.58049942402223,36.90390671030873,37.238917930992926,830500
2022-01-28,37.639617919921875,37.83011571751725,37.47539619906199,37.57393023390776,1245500
2022-01-31,37.035282135009766,37.92864867197211,36.78566442478216,37.50823897365343,991000
2022-02-01,36.73311233520508,37.08126407806312,36.49006489647363,37.07469380614294,1802000
2022-02-02,37.07469177246094,37.19950187385272,36.522906735186346,37.048418203695014,1092000
2022-02-03,36.890769958496094,37.37686739018043,36.78566814972986,37.37686739018043,1050500
2022-02-04,37.14038848876953,37.44912364910056,36.85792690182371,36.8644946687138,1919000
2022-02-07,37.77756118774414,38.22424444085153,37.27832829029588,37.27832829029588,2820500
2022-02-08,40.208038330078125,40.497070110734995,37.34401163048207,37.836676704793575,14700000
2022-02-09,41.02914810180664,41.28533354772474,40.13578167083381,40.56275908458013,10412000
2022-02-10,40.60874557495117,41.25249439848239,40.54305789113504,41.21965055657433,3416500
2022-02-11,40.03725051879883,40.68099927498722,39.905872659085546,40.68099927498722,3408000
2022-02-14,40.674434661865234,40.89120853642038,39.76136229387148,39.76793256597445,3137500
2022-02-15,40.66129684448242,41.44955905647201,40.3328534208786,40.43138494446507,7926000
2022-02-16,40.85836410522461,40.99630974750602,40.23432107312952,40.72698622912703,5532000
2022-02-17,41.12111282348633,41.21964684616544,40.74011978116394,40.97659943093439,1798500
2022-02-18,41.04228973388672,41.37730342776363,40.79924230311045,41.28533716466299,969500
2022-02-21,40.818946838378906,41.04885873025072,40.628449058039955,41.042288458749724,1469000
2022-02-22,40.72041702270508,41.2656318063632,40.49707539298592,40.50364315893745,2598500
2022-02-23,41.26563262939453,41.37730469939361,40.60217799878064,40.74669140501686,1437500
2022-02-24,40.234317779541016,41.04885854000791,40.07666383996459,40.39853948476363,4668000
2022-02-25,40.4248161315918,41.04228884987822,40.16863066874769,40.16863066874769,2199000
2022-02-28,41.21308517456055,41.38387466585679,40.24746063049333,40.6613000787828,1866000
2022-03-01,41.74516296386719,42.198414033302505,41.21965393282087,41.712319119268926,2506000
2022-03-02,41.42329025268555,41.71231959661241,41.252498249500555,41.44956382516999,3017000
2022-03-03,41.4035758972168,41.640055555830266,41.351026254094016,41.44955777463338,1751000
2022-03-04,42.09988021850586,42.36263598834455,41.318188193088815,41.38387588263612,3758500
2022-03-07,41.338218688964844,42.09988337711839,39.41250269639442,41.675938377088634,3028949
2022-03-08,42.5381965637207,43.2926741542987,40.95738467709587,41.31665998128092,2662609
2022-03-09,42.50226974487305,43.25674733835093,41.819646116087135,42.631609074161034,1262091
2022-03-10,42.890281677246094,43.113033336262475,42.214845141757,42.71783107889063,1238368
2022-03-11,42.62442398071289,42.83280432531547,42.178923348949546,42.83280432531547,632700
2022-03-14,42.114253997802734,42.825617605683476,41.96335901928903,42.624424300998534,709180
2022-03-15,42.42322540283203,42.502266402409084,42.08550576502202,42.12143274454263,760267
2022-03-16,42.43041229248047,42.89747127791859,42.32263134733914,42.574122960388586,783405
2022-03-17,42.768131256103516,42.933397562144414,42.430411603163925,42.430411603163925,932435
2022-03-18,42.43759536743164,42.86154029056148,41.68311511668756,42.25795773459786,930124
2022-03-21,43.069915771484375,43.25674043555539,42.071131019962934,42.5669326167992,433622
2022-03-22,43.51542663574219,43.81721658114245,43.113037300822064,43.2998592563956,624470
2022-03-23,43.51542663574219,43.51542663574219,43.51542663574219,43.51542663574219,0
2022-03-24,44.471092224121094,44.550133221631135,43.33578380285277,43.54416137504417,1424932
2022-03-25,45.06031036376953,45.5058137379562,44.44235636949068,44.44235636949068,998588
2022-03-28,44.708221435546875,45.01719842821776,44.19086410064621,44.7369613777778,2355404
2022-03-29,45.54172897338867,45.80759187639226,44.772880199610285,44.866289785957306,1312265
2022-03-30,45.390838623046875,45.62796162910827,45.16090265774347,45.30461332132133,716275
2022-03-31,47.7548713684082,48.32971403102199,45.290242634978995,45.37647067900284,3242643
2022-04-01,48.581207275390625,49.40035453381929,47.35248638774764,47.424340352466515,2180348
2022-04-04,48.55964660644531,48.81113819797565,46.741714624961716,47.60397307652447,1785548
2022-04-05,52.19551086425781,52.195510864257805,48.35845360639133,48.35845360639133,6522763
2022-04-06,53.99907684326172,55.82419596281734,52.964362260305876,53.73321115677839,5562174
2022-04-07,52.33922576904297,54.44457935479249,51.8793537999194,54.0781224770294,3951343
2022-04-08,53.63980484008789,54.17871780469271,51.8793525331151,52.094919911799494,3532840
2022-04-11,55.673301696777344,56.33436691878332,54.466136495585346,54.473318054313786,5665008
2022-04-12,55.74515151977539,56.15472510322795,54.832589275277506,55.65173644218264,1831580
2022-04-13,55.45054244995117,55.72359515677452,55.25653622119733,55.335577217161415,1726444
2022-04-14,59.603763580322266,59.603763580322266,55.127196900249295,55.45054244216208,6697080
2022-04-15,60.0780143737793,62.427672355961285,59.639698081838276,61.083986281219424,4968791
2022-04-18,57.46967315673828,60.106752256545924,56.046940711174386,59.65406191917743,5371623
2022-04-19,61.77379608154297,61.77379608154297,59.000190321478534,61.06961408002097,7111965
2022-04-20,62.664791107177734,64.66236070483485,61.8671995797527,62.51389615362509,5203981
2022-04-21,61.701942443847656,62.94503192089984,61.47200646946133,62.578569577247656,2699968
2022-04-22,61.40733337402344,62.08277268961216,61.177397402221786,61.78098275451737,1231441
2022-04-25,65.19409942626953,66.00605964411419,61.7953526200406,61.86720658480548,7576463
2022-04-26,64.93541717529297,67.17010989312884,64.59769752926353,65.38810206216525,3845967
2022-04-27,62.364463806152344,65.79492937901342,62.10585068429526,65.41461186815206,2606575
2022-04-28,64.75285339355469,66.5555603751479,59.32952810584613,61.61904100764283,4521791
2022-04-29,64.75285339355469,64.75285339355469,64.75285339355469,64.75285339355469,0
2022-05-02,64.75285339355469,64.75285339355469,64.75285339355469,64.75285339355469,0
2022-05-03,64.75285339355469,64.75285339355469,64.75285339355469,64.75285339355469,0
2022-05-04,64.75285339355469,64.75285339355469,64.75285339355469,64.75285339355469,0
2022-05-05,64.75285339355469,64.75285339355469,64.75285339355469,64.75285339355469,0
2022-05-06,63.6195068359375,65.32332750124718,63.05663859710187,63.802057599281795,1838927
2022-05-09,59.010066986083984,63.170741526290605,58.8883625958256,63.170741526290605,4600243
2022-05-10,58.2646369934082,60.77473469207548,57.4355476694339,59.02527195625474,2650347
2022-05-11,56.842262268066406,58.903582645238885,54.993918785482215,58.37874258129981,3160509
2022-05-12,58.895973205566406,59.420813256459724,56.096835939443714,57.055237744453464,2616765
2022-05-13,60.29553985595703,60.77474366735761,58.45480436679074,59.21543944196872,2656447
2022-05-16,64.81371307373047,64.81371307373047,57.19975446211378,59.633790147573194,8326814
2022-05-17,65.31572723388672,67.68890463608948,64.13674070422418,66.18285063902762,7201365
2022-05-18,65.28530883789062,65.94705762853894,64.34972515717354,65.034297874383,2309229
2022-05-19,67.75736236572266,68.36586684046203,64.73003272798876,65.14077629510948,5889790
2022-05-20,66.6544418334961,68.22895602473822,66.47949903623831,68.22895602473822,1149063
2022-05-23,64.7376480102539,65.79493024002966,64.46381893459554,65.6047714821105,2576148
2022-05-24,62.90451431274414,65.26248753528533,62.524196799841974,64.5398807788604,2598734
2022-05-25,63.193565368652344,63.862922166106294,60.62261502198859,62.37968604548125,2996867
2022-05-26,63.520633697509766,64.12153607437773,61.99936362033055,63.63473011393516,3385201
2022-05-27,65.86338806152344,66.63923908430618,63.9085561597217,63.9085561597217,4239572
2022-05-30,64.60834503173828,66.78376180726806,64.28887389029123,66.16004127882012,1759964
2022-05-31,65.31572723388672,65.77210705714229,63.634724639598325,65.4146076912504,2835224
2022-06-01,64.2736587524414,65.79492878208498,64.07589202369604,65.49067361551934,1113201
2022-06-02,63.01860809326172,64.2736569940185,62.75238700599439,64.2736569940185,1699137
2022-06-03,60.62260437011719,63.01860566974878,59.7098447336786,62.71435052320784,3010866
2022-06-06,62.82085037231445,62.98058885075024,60.014110788362494,60.166235487690976,1871153
2022-06-07,63.87051773071289,64.64636282692777,62.37206594951389,63.05663856569416,1214782
2022-06-08,63.9617919921875,64.60833636075537,63.383713591920746,63.893337630254976,997983
2022-06-09,63.49781036376953,64.57030266250825,63.20876535878834,63.89333799797494,774451
2022-06-10,63.91615295410156,64.27365230370856,63.094665827751534,63.84769859516442,419833
2022-06-13,61.18547821044922,63.938973059308104,59.12415815946936,63.938973059308104,1005579
2022-06-14,61.13984298706055,61.95372225520115,60.13580495717508,61.15505893778366,1095277
2022-06-15,61.588626861572266,62.090643025289445,61.15506507342248,61.15506507342248,504060
2022-06-16,61.33760452270508,62.22754605943913,60.850798598174435,61.23111608941302,1006007
2022-06-17,62.94255065917969,63.50541897371743,61.29957615855935,61.53537697124286,1775799
2022-06-20,62.463356018066406,63.58909270757641,62.32644146899787,62.93494606238064,835333
2022-06-21,63.26201629638672,63.513027257955,61.77117228108518,62.706755954573794,1516125
2022-06-22,63.97701644897461,64.60834495227662,62.98058636044654,63.70318735846253,1982413
2022-06-23,64.31929779052734,64.9582342483909,63.40653805436212,63.40653805436212,1541563
2022-06-24,62.273189544677734,64.63876485914261,59.49687063379423,64.31929374869401,4480043
2022-06-27,62.75239181518555,63.436964522897284,62.27319382137979,62.41010836292214,1010880
2022-06-28,61.61904525756836,63.132707338750286,61.231119768306,62.752389824661435,1771020
2022-06-29,60.478092193603516,61.99175426172823,60.17383702432006,61.99175426172823,1621210
2022-06-30,60.56935501098633,61.22350148938286,60.31834990435156,61.22350148938286,579568
2022-07-01,60.1738395690918,61.223513854166875,60.014106904179386,60.774741957963194,964008
2022-07-04,59.43601989746094,60.47048398715638,59.32953145909682,60.47048398715638,671962
2022-07-05,57.891937255859375,59.48166181094871,57.80826693157202,59.48166181094871,2264185
2022-07-06,57.00960159301758,58.40917327247925,56.743380453854805,57.998429599262856,926535
2022-07-07,56.963958740234375,58.112519296876435,55.91428445466877,56.99438483878213,2029431
2022-07-08,56.963958740234375,56.963958740234375,56.963958740234375,56.963958740234375,0
2022-07-11,56.963958740234375,56.963958740234375,56.963958740234375,56.963958740234375,0
2022-07-12,56.963958740234375,56.963958740234375,56.963958740234375,56.963958740234375,0
2022-07-13,57.907142639160156,58.55368705602898,56.477150874514244,57.04762714597398,1051900
2022-07-14,58.5841064453125,58.94921380680752,57.80826128151447,58.20378893688149,1909956
2022-07-15,58.84272766113281,59.131766889654486,58.340705744917166,58.911182029788655,803348
2022-07-18,57.82346725463867,58.49282973519953,57.40512150747236,58.49282973519953,1233240
2022-07-19,54.95587921142578,58.416770811758255,54.08114779344438,57.95278299360771,2746918
2022-07-20,52.80328369140625,55.52635855869282,52.10350083932135,54.765723509943605,3155690
2022-07-21,49.45648956298828,52.78807487453188,49.16745032632394,52.483819686725454,4584331
2022-07-22,50.19430923461914,50.58223476522934,47.539694328223064,49.44128210135198,3028093
2022-07-25,49.89765930175781,50.08781806876389,49.21308657989893,50.08781806876389,419444
2022-07-26,49.34239959716797,50.48335221412545,48.61218771710484,49.677075085309625,1552135
2022-07-27,53.03908920288086,53.03908920288086,49.44128255006674,49.631441329105456,2962757
2022-07-28,51.0538215637207,55.1384276616384,49.82159081621901,53.61715771305157,5318137
2022-07-29,50.460533142089844,50.96255512738122,49.707505967338435,50.96255512738122,1343159
2022-08-01,49.646644592285156,50.94733556731379,49.562980080042536,50.658290549225384,611742
2022-08-02,51.55583953857422,52.9401950109333,48.88600905503009,49.50972952492408,3864361
2022-08-03,52.187171936035156,52.86413667524756,51.34286655509655,51.34286655509655,1489245
2022-08-04,51.89052200317383,53.22924126353034,51.35807400715771,52.46860624337989,1573532
2022-08-05,52.856529235839844,54.948275672262525,51.282014877641814,52.088291995665095,5219583
2022-08-08,52.856529235839844,52.856529235839844,52.856529235839844,52.856529235839844,0
2022-08-09,52.856529235839844,52.856529235839844,52.856529235839844,52.856529235839844,0
2022-08-10,52.24041748046875,54.49950459458661,50.977760463253134,53.54871074542489,4692485
2022-08-11,51.373291015625,53.69322439296333,51.19074023192008,53.335730800803425,6482388
2022-08-12,51.33525848388672,51.99701307406512,51.152707694700766,51.99701307406512,2092521
2022-08-15,51.81446075439453,52.39253920360572,51.426535261046006,51.7155744856516,2487895
2022-08-16,51.32765197753906,52.293655867064025,51.1146693044237,51.837276031042904,2258266
2022-08-17,51.122276306152344,51.57105396197954,50.8864813193864,51.57105396197954,960389
2022-08-18,51.13749694824219,51.93616026857107,50.81042364472135,51.304831784512366,1848431
2022-08-19,52.05390548706055,52.73331648880185,51.13749443209566,51.70629817622128,1983619
2022-08-22,51.80110549926758,52.3383140963682,51.35079873605937,51.98281097758319,727722
2022-08-23,51.603599548339844,52.41731119546844,51.26389404225251,52.06180809651627,1356047
2022-08-24,51.0347900390625,51.90380230680347,50.9557900196888,51.48509677953924,1109636
2022-08-25,49.97617721557617,51.69050548889449,49.78657594954163,51.034793827518705,2149202
2022-08-26,48.61735916137695,50.26058322884175,48.435656688424366,49.96827951267088,2091839
2022-08-29,48.396148681640625,49.020259076907394,47.4165351879391,48.30924986638033,1258020
2022-08-30,46.15251541137695,49.683871226054805,45.86811352537495,49.683871226054805,5402364
2022-08-31,49.19406509399414,49.612770638506746,46.018215363091244,46.25521844463314,10260219
2022-09-01,48.42774963378906,50.070976536983544,48.19864536126833,49.69177102401348,3120830
2022-09-02,47.71674346923828,48.62525579354931,47.59824042040489,48.490955150952004,937521
2022-09-05,46.737125396728516,48.032745026922115,46.610723555091525,48.032745026922115,857209
2022-09-06,46.934627532958984,48.072244085158026,46.43691897289672,46.73712447095972,2395260
2022-09-07,46.88723373413086,47.40074298863766,46.76873368485411,47.353341160732114,758093
2022-09-08,46.879329681396484,47.35333585268617,46.53962415363104,47.12423457763554,710478
2022-09-09,46.61861801147461,47.22692775948635,46.52381739248731,47.08472532417673,1294014
2022-09-12,46.5317268371582,47.321739156881385,46.4132237837366,46.492223810245775,1680202
2022-09-13,46.5317268371582,47.12423607695059,46.42902439177,46.88722997010737,849967
2022-09-14,46.555423736572266,46.729227401927034,46.4132212855834,46.60282555812111,517399
2022-09-15,46.7213249206543,48.1828494206861,46.45272062971629,46.610723685619405,5270852
2022-09-16,46.28681945800781,47.24273359047888,46.05771517426122,47.24273359047888,2723981
2022-09-19,43.73508071899414,46.88722805852912,43.47437521755862,46.61072496336209,7320261
2022-09-20,45.04650115966797,45.7417128190352,42.66856247794621,43.52177719812295,9160708
2022-09-21,43.89308166503906,45.26770129145513,43.54547434653483,45.22030248522824,1752792
2022-09-22,43.69558334350586,44.08268770009372,43.016172253069165,43.861485210614944,2178079
2022-09-23,42.97666931152344,44.31968777891167,42.660663193515795,43.83778281875367,2352460
2022-09-26,43.766685485839844,44.0747898207908,42.85817007600061,43.205774425801536,1997884
2022-09-27,45.141300201416016,45.42570509812865,43.77457934879819,43.924680593770915,3453174
2022-09-28,44.280189514160156,45.62321104818013,43.924683370793424,45.43360676716527,2136316
2022-09-29,43.782474517822266,44.23278424274531,43.482272052750055,44.16168302445824,1031711
2022-09-30,43.316375732421875,43.916783752705705,43.103072050389294,43.36377454154617,1195934
2022-10-03,44.0668830871582,44.240686749473,43.347972048025575,43.450674486089554,1290875
2022-10-04,44.051082611083984,44.635693013733395,43.96418379332612,44.066883218037496,1542394
2022-10-05,44.532989501953125,44.87269500912138,44.0036827432281,44.04318275283096,1790263
2022-10-06,46.3579216003418,46.60282649612033,44.635694560285934,44.635694560285934,5276353
2022-10-07,46.760826110839844,46.989930396996044,45.51260826639775,46.20781992171483,3527890
2022-10-10,46.98992919921875,47.479735960097564,46.61862246999284,46.824027346710096,1965327
2022-10-11,47.242733001708984,47.78784339511649,46.67392621830057,47.195334194391904,2618723
2022-10-12,46.23151779174805,47.084729464983035,45.030698795560845,47.084729464983035,3597452
2022-10-13,45.9945182800293,46.55542630450335,45.899714631702366,46.55542630450335,1339974
2022-10-14,45.7970085144043,46.1999134131754,45.66270487237566,46.09721098264261,848358
2022-10-17,45.528411865234375,46.12881991587372,45.228206333085744,45.820715586357615,1348934
2022-10-18,44.88059997558594,46.01821660590525,44.79369814015349,45.81281473333037,1029617
2022-10-19,43.553375244140625,45.14920031625729,43.134666711411334,44.87269422654437,4094024
2022-10-20,44.1458854675293,44.42238855015318,43.4506738422295,43.687676915001056,1562084
2022-10-21,44.29598617553711,44.59619167137333,43.450673317542964,44.145884934447764,1461680
2022-10-24,45.040184020996094,45.809183175502795,44.295990273312526,45.47842969779922,846941
2022-10-25,44.66808319091797,45.271705553110266,44.64327778629183,45.064985436429396,770800
2022-10-26,43.956966400146484,44.64327871588113,43.82466564888783,44.64327871588113,734442
2022-10-27,43.77505111694336,44.2132999126753,43.45256823707369,44.1554185318935,637958
2022-10-28,43.39468765258789,44.07272940072999,43.245848912332434,43.77505192021907,360608
2022-10-31,43.419490814208984,43.659286900484766,43.00605059137428,43.00605059137428,311101
2022-11-01,44.23810577392578,44.48616928759273,43.41122529217016,43.57660201938103,716029
2022-11-02,44.5357780456543,45.387463832921895,44.039647922021075,44.287714560986856,905608
2022-11-03,44.5357780456543,44.89960427954665,44.40347731021178,44.453088114566256,424940
2022-11-04,44.14714813232422,44.43655819165665,43.741978465276986,43.741978465276986,636245
2022-11-07,44.2877197265625,44.626740597819904,43.907352307789374,44.4365584655827,288866
2022-11-08,44.2215690612793,44.56886051386909,44.138882272438245,44.444827176308706,483526
2022-11-09,44.2215690612793,44.2215690612793,44.2215690612793,44.2215690612793,0
2022-11-10,44.54405212402344,44.89961099513675,44.23810721898367,44.26291262487103,955362
2022-11-11,45.08152389526367,45.51150212096786,44.568858883742735,44.8913417644462,1831200
2022-11-14,44.66808319091797,45.263438136334436,44.56885841811477,45.263438136334436,1569404
2022-11-15,44.61846923828125,45.031909471744115,44.44482509725852,44.66808320184431,652086
2022-11-16,45.2303581237793,46.057238516702874,44.48616450842873,44.65154121787312,1183071
2022-11-17,44.96575927734375,45.47842426770335,44.734230608876054,45.47842426770335,1087476
2022-11-18,44.635009765625,44.92441983809406,44.486171020766356,44.67635316046377,583835
2022-11-21,44.65981674194336,45.18902293910297,44.52751598122819,44.65154932440445,377032
2022-11-22,44.626739501953125,45.0649851370294,44.54404956325095,44.94095180612547,675231
2022-11-23,44.593666076660156,44.80038620378938,44.527514121915374,44.65981487710612,246286
2022-11-24,44.5688591003418,44.81692261329628,44.4861691598245,44.4861691598245,327519
2022-11-25,44.601932525634766,45.0567193188856,44.510978321283346,44.69288988428493,549272
2022-11-28,42.972984313964844,44.23811057909408,42.708382783405774,44.23811057909408,1707224
2022-11-29,42.06340789794922,43.78332075985604,40.93058255685208,43.411223923934024,3785411
2022-11-30,42.09648895263672,42.54300520962049,41.93111221068359,42.42724243654299,1051443
2022-12-01,42.13782501220703,42.37762108856909,41.75746077995589,42.15436299895253,828546
2022-12-02,41.41017532348633,42.203979815197584,41.261336587003136,41.798806998260304,1177556
2022-12-05,41.294410705566406,41.6995835352309,41.219991334987164,41.6995835352309,446218
2022-12-06,40.65771484375,41.4680605528391,40.517146665301226,41.344027209491045,707692
2022-12-07,40.839622497558594,41.2199867249577,40.39310632402135,40.59982642425544,413730
2022-12-08,40.963661193847656,41.09596194918338,40.51714496172752,40.88924182182763,876528
2022-12-09,40.75694274902344,41.21999383466479,40.61637141638306,41.16211244895962,649635
2022-12-12,39.93006134033203,40.80655267876233,39.85564196685221,40.723865887917576,638833
2022-12-13,38.07784652709961,39.896984264311385,37.74709621852397,39.896984264311385,1941169
2022-12-14,38.218414306640625,38.44993981659081,37.217886593716244,38.12745695507491,1735475
2022-12-15,37.68094253540039,38.8468438648071,37.38326506333082,38.44994162014723,2744882
2022-12-16,37.375,37.986889816184764,37.217890683015625,37.705750314227245,830140
2022-12-19,35.473175048828125,37.20962285361042,35.23337894451759,37.04424612117906,984951
2022-12-20,33.372894287109375,35.45663332597461,32.868496725749736,35.45663332597461,2222140
2022-12-21,33.81941604614258,34.67936942823475,33.09176027271167,33.09176027271167,1460975
2022-12-22,34.803401947021484,35.67989645225549,33.695381900679926,33.695381900679926,1891685
2022-12-23,35.29952621459961,35.63854708195215,34.10881947045137,35.05146270385606,1076647
2022-12-26,35.7295036315918,35.96929972009073,35.14241926675531,35.514516101615975,671174
2022-12-27,35.853538513183594,36.407546926834506,35.795657131288685,36.21736479285141,696194
2022-12-28,34.79513168334961,36.13467716122592,34.64629294644128,35.9693004364057,743656
2022-12-29,35.12588119506836,35.34913929545019,34.76205493201941,35.13415176598913,412595
2022-12-30,34.99357986450195,35.79565489829479,34.4809148764285,34.4809148764285,1089161
2023-01-02,35.39875411987305,35.886613724221874,34.96050532506225,35.266453370607195,1123934
2023-01-03,36.57292556762695,37.45768748490485,35.3160667799287,35.39048615401277,2485783
2023-01-04,36.99463653564453,37.457687616641586,36.7879164018283,36.7879164018283,1007637
2023-01-05,37.54864501953125,37.829784527987705,37.20962412588955,37.20962412588955,1150057
2023-01-06,36.98636245727539,37.76362895118561,36.796180330711145,37.41634067336358,965570
2023-01-09,36.27524948120117,37.16828200491953,36.13468129930052,37.002905261160684,656772
2023-01-10,36.804447174072266,37.292306762197896,36.59772706307494,36.59772706307494,636998
2023-01-11,36.29178237915039,36.87059932394692,36.13467622948646,36.5646544412125,745179
2023-01-12,36.28351974487305,36.79618480729911,36.09333759517143,36.21736778621214,817612
2023-01-13,35.506248474121094,35.96930270192333,35.34914231051086,35.96930270192333,704874
2023-01-16,35.06800079345703,35.30779688806694,34.977043436584395,35.26645349520629,193112
2023-01-17,34.1584358215332,35.46490541837977,33.90210172174799,35.46490541837977,523773
2023-01-18,34.34861373901367,34.77032136943747,33.736720834351345,34.158431619073646,621379
2023-01-19,34.82820510864258,34.97704384813112,34.31554009168134,34.398226878375546,418797
2023-01-20,34.46438217163086,34.92743642317661,34.31554341771612,34.68764030250297,278550
2023-01-23,34.15016174316406,34.877817417872286,33.984785023326026,34.877817417872286,387260
2023-01-24,34.86954879760742,35.05973408635414,34.15016365351315,34.15016365351315,758616
2023-01-25,34.960506439208984,35.58893738397307,34.72898090918999,34.9770444276816,749019
2023-01-26,36.77964401245117,37.102126900579854,35.018387676172885,35.36567912405676,2410901
2023-01-27,38.14399719238281,38.573975417869676,36.58946101628395,36.70522377808836,6713796
2023-01-30,38.871646881103516,40.53367827994374,38.11918583040276,38.11918583040276,6695317
2023-01-31,38.2266845703125,39.89698353408972,37.416342070830254,39.15278983339238,2750260
2023-02-01,38.33417892456055,39.0535640470793,38.1688022004313,38.57397501683302,1003753
2023-02-02,38.706275939941406,38.879920081626295,38.33417909754616,38.40859846602521,815137
2023-02-03,38.49956130981445,39.05356978966751,38.28457059054377,38.822044234421355,777746
2023-02-06,38.218414306640625,38.98741335531632,37.95381282261227,38.44993981659081,2374492
2023-02-07,38.51609420776367,39.26028474593435,36.93674946548992,38.1357267903356,4809320
2023-02-08,39.037025451660156,39.85563848849466,38.24322097335303,39.028758035016764,3586762
2023-02-09,39.56623077392578,39.690264110992146,38.87165102581147,39.235480465580125,1535106
2023-02-10,38.64012908935547,39.44220426059369,38.2432267898363,39.44220426059369,618395
2023-02-13,38.375526428222656,38.97088143714939,38.18534427910418,38.698009339958304,859208
2023-02-14,38.375526428222656,38.698009339958304,37.97035356841442,38.6153225461847,1094707
2023-02-15,38.83857727050781,38.86338267560602,38.03650219314631,38.284565707024484,757771
2023-02-16,38.631858825683594,38.87165177873173,38.532630892388994,38.86338436143994,383212
2023-02-17,38.631858825683594,38.822040966383284,38.28456736775021,38.77242699973599,151955
2023-02-20,38.16053771972656,38.61532138034899,38.11919116978906,38.49128803913428,378527
2023-02-21,38.14399719238281,38.27629794220195,38.036501847436426,38.16053518039754,194216
2023-02-22,37.99516296386719,38.40033267826872,37.96208698391223,38.14400171936544,373074
2023-02-23,37.68094253540039,38.03650138767252,37.606523167382996,37.895933222694474,461625
2023-02-24,37.35845947265625,37.82151366626872,37.20135332064601,37.34192148492381,403608
2023-02-27,37.16828155517578,37.705752023014746,37.09386217909974,37.35846370419255,306758
2023-02-28,36.48196792602539,37.41634380366309,36.407548552509134,37.044246936081805,332548
2023-03-01,36.655616760253906,36.878871735801056,35.307800563463665,36.39101207894441,891847
2023-03-02,38.18534469604492,38.87165392389673,36.55638897566683,36.87887189092362,4146683
2023-03-03,39.64891815185547,40.93058221666923,37.374996917596064,38.03650064579363,5080294
2023-03-06,39.01222610473633,40.17812759899406,38.90473074589013,40.17812759899406,1016751
2023-03-07,38.84684753417969,39.44220253455451,38.76416074159383,39.44220253455451,190780
2023-03-08,38.822044372558594,39.14452729831296,38.53263427317199,39.14452729831296,476365
2023-03-09,38.45820999145508,39.05356495037119,38.367255787663986,39.0452975334079,743724
2023-03-10,39.22721481323242,39.442205537200735,38.28457142707692,38.40860477969704,1620673
2023-03-13,39.20240020751953,39.69025977678107,39.02875607802774,39.285086987001776,568254
2023-03-14,38.904727935791016,39.29336279057209,38.84684655158518,39.194138011119065,482952
2023-03-15,38.80550003051758,39.43392778883143,38.16053428457723,38.16053428457723,959800
2023-03-16,38.822044372558594,39.29336605701484,38.75589241122481,38.96261255894419,577720
2023-03-17,38.962608337402344,39.127985068519344,38.46648129835013,38.86338356045166,668509
2023-03-20,38.822044372558594,39.23548466799735,38.65666762352327,38.96261255894419,234783
2023-03-21,38.85511779785156,38.98741855751901,38.44994494707686,38.98741855751901,304912
2023-03-22,38.011695861816406,38.86338172862127,37.91246793524406,38.77242437307927,537782
2023-03-23,38.011695861816406,38.011695861816406,38.011695861816406,38.011695861816406,0
2023-03-24,37.75536346435547,38.19360911952168,37.66440610476276,37.99515956613647,116529
2023-03-27,38.29283905029297,38.44167780025412,37.34192516490772,37.74709801853506,269733
2023-03-28,38.49956130981445,38.78070083588441,38.40860394045371,38.40860394045371,207287
2023-03-29,37.92074203491211,38.65666521016104,37.62306453609256,38.57397841795513,385788
2023-03-30,38.16880416870117,38.44994366792895,37.83805070338656,38.193609574595186,290522
2023-03-31,38.68146896362305,38.987417021165584,38.03650317994738,38.03650317994738,281174
2023-04-03,38.871646881103516,39.1031755419873,38.458206674030606,38.656659361316926,316983
2023-04-04,38.822044372558594,39.01222652994453,38.449947475803896,39.01222652994453,251531
2023-04-05,39.63238525390625,39.85564338227445,38.8220426885137,38.94607287918559,520430
2023-04-06,40.57502365112305,40.889239107045576,39.70679980473312,39.70679980473312,975154
2023-04-07,40.92231369018555,41.58381740044194,40.649441635411875,40.765204390419434,786602
2023-04-10,41.25306701660156,41.34402437491417,40.98019809596247,41.05461746600927,601097
2023-04-11,41.50113296508789,42.418970864709074,41.34402679880006,41.385370194739075,996140
2023-04-12,41.2613410949707,41.9641883073646,40.91404962046738,41.352295306715405,1964605
2023-04-13,40.01653289794922,41.69658333637158,39.9207782117182,41.60953211222308,1654958
2023-04-14,40.01653289794922,40.01653289794922,40.01653289794922,40.01653289794922,0
2023-04-17,38.68467712402344,39.65092412100493,38.188496772167746,39.61610363158865,4166256
2023-04-18,38.75431823730469,39.032875512272,38.310365297368584,38.68467725823053,756604
2023-04-19,39.424598693847656,39.511646599180544,38.73690895145774,38.84136710199016,1550325
2023-04-20,39.83372497558594,40.04264458232523,39.189562552746736,39.48553005857311,3038562
2023-04-21,39.83372497558594,39.83372497558594,39.83372497558594,39.83372497558594,0
2023-04-24,39.83372497558594,39.83372497558594,39.83372497558594,39.83372497558594,0
2023-04-25,39.83372497558594,39.83372497558594,39.83372497558594,39.83372497558594,0
2023-04-26,39.929481506347656,40.21674556383599,39.476825104667775,40.05134989897981,1252230
2023-04-27,40.89946365356445,40.935060172783544,39.75150136878059,40.054064992801045,1688835
2023-04-28,40.73038864135742,42.269902580617256,40.58800594739903,40.935063551755654,2240999
2023-05-01,40.73038864135742,40.73038864135742,40.73038864135742,40.73038864135742,0
2023-05-02,40.534610748291016,41.02405104158453,40.05406788810997,40.757083917485446,610250
2023-05-03,40.34773254394531,40.579103137324054,40.045168909729405,40.40112732457319,455624
2023-05-04,40.38332748413086,40.58800237652208,40.04516734272885,40.44561969509032,449973
2023-05-05,40.57020568847656,40.837172802168084,40.16085588783816,40.223148101210484,548222
2023-05-08,40.490116119384766,40.89056849620301,40.32103773569311,40.65919450307642,333081
2023-05-09,40.02737045288086,40.88166657070388,39.89388859397346,40.27653930524482,415800
2023-05-10,39.19087219238281,40.04516830142553,39.084082632749244,40.01847260885262,482345
2023-05-11,39.12858581542969,39.938388092731586,38.995100543315694,39.37775470239289,370364
2023-05-12,39.18197250366211,39.51123523009383,39.0662889027039,39.21756902457436,353283
2023-05-15,40.089664459228516,40.312137628696675,39.06628991647767,39.37775099586463,453676
2023-05-16,40.098567962646484,40.32104114695943,40.018477480506974,40.178658444786,230854
2023-05-17,39.938385009765625,40.20535213871412,39.876092792833354,40.178656444220636,176866
2023-05-18,39.288761138916016,39.95618061424525,39.2442637914906,39.84049362134697,242926
2023-05-19,39.36885070800781,39.849390139263846,38.986196612696084,39.5557273420891,222801
2023-05-22,39.244266510009766,39.591327512746126,39.16417603163541,39.55573099020836,156062
2023-05-23,39.12858581542969,40.22315350488138,38.995100543315694,39.15528151198389,210787
2023-05-24,39.048492431640625,39.37775177848954,38.9772993865537,39.24426651628718,163605
2023-05-25,38.74592971801758,39.13748129146761,38.71033319461176,38.88831241696953,149200
2023-05-26,38.52345275878906,39.02179045888797,38.26538308142585,38.799317301437824,374378
2023-05-29,38.25648498535156,39.155275032208415,37.7937404185195,38.53234952321637,841276
2023-05-30,38.60354232788086,38.75482244196473,38.318776964582256,38.443361386691535,111290
2023-05-31,37.77594757080078,38.89721093188627,37.68695625981215,38.50565934755052,645405
2023-06-01,37.686954498291016,38.08740689234384,37.67805706494373,38.04291293626492,330585
2023-06-02,37.838233947753906,38.04290883941246,37.59796253719711,37.59796253719711,170819
2023-06-05,37.95392608642578,38.265387182367206,37.64246159581301,37.64246159581301,229298
2023-06-06,38.34547424316406,38.754824045509466,38.04291060780636,38.04291060780636,257590
2023-06-07,39.199771881103516,39.3421545741386,38.487858415928095,38.487858415928095,490341
2023-06-08,38.817115783691406,39.64471620571913,38.71032961801166,39.066288029838795,486599
2023-06-09,39.155277252197266,39.25316598847514,38.8705118710277,38.87940930402064,276256
2023-06-12,38.648040771484375,39.155279345983644,38.26538663357492,38.75482694646546,214835
2023-06-13,38.28318405151367,39.13748022187828,37.97171957223178,38.79932004810725,256119
2023-06-14,37.80263900756836,38.532350702102065,37.686952013653205,38.30987754170347,449989
2023-06-15,37.464481353759766,38.13190087950136,37.33989691876874,38.13190087950136,247387
2023-06-16,37.12632369995117,37.686953644249186,36.93944365718066,37.37549256408362,308920
2023-06-19,36.66358184814453,37.375495366670634,36.530096578252135,37.295404883669484,212773
2023-06-20,36.645782470703125,37.37549422932092,36.48560150957518,36.97504182650108,174312
2023-06-21,35.80928421020508,36.708074355310025,35.15076210993324,36.708074355310025,333006
2023-06-22,35.6846923828125,36.21862998680728,35.51561400861649,35.595704479482166,221991
2023-06-23,35.57790756225586,36.040652145309245,34.70581317696446,35.90716689060635,284948
2023-06-26,37.5623664855957,37.731448255130374,36.39660933187818,36.39660933187818,513882
2023-06-27,37.59796905517578,37.82933967878295,36.975043445149815,37.33100190649936,339016
2023-06-28,37.59796905517578,37.59796905517578,37.59796905517578,37.59796905517578,0
2023-06-29,37.59796905517578,37.59796905517578,37.59796905517578,37.59796905517578,0
2023-06-30,37.59796905517578,37.59796905517578,37.59796905517578,37.59796905517578,0
2023-07-03,40.24984359741211,40.41892197650027,39.15527606035808,40.26764185752734,1824382
2023-07-04,38.34547424316406,40.41002490983858,38.13189851451761,40.41002490983858,786991
2023-07-05,37.92722702026367,39.04849375570413,37.73145292897877,38.30988116390289,731623
2023-07-06,37.98061752319336,38.35437079641484,37.66915646217545,38.04290973539694,1354482
2023-07-07,38.32767868041992,38.621344903643376,38.06960898025469,38.08740724178381,971864
2023-07-10,39.32435607910156,39.77820324428585,38.37217118859637,38.43446340426148,3518892
2023-07-11,40.312137603759766,40.57910472802218,39.333257016573846,39.82269731016681,3550852
2023-07-12,40.997352600097656,41.602479851327,40.783780272999614,40.92616295595529,6902474
2023-07-13,39.95618438720703,41.513496643361655,39.73371120775637,41.371113944300085,3318315
2023-07-14,39.25316619873047,40.26764329891487,39.128581768135355,40.22314934436963,927573
2023-07-17,39.16417694091797,39.54683108040502,38.66583919250417,39.37775268643196,1496068
2023-07-18,39.36885070800781,39.867188398891244,39.15527498714997,39.38664557296429,902907
2023-07-19,38.977298736572266,39.94728189434318,37.909426840774834,39.15527795165036,1186125
2023-07-20,39.315460205078125,39.49343942603821,38.85271558845043,38.85271558845043,908531
2023-07-21,39.03959274291992,39.95618455447014,38.79932130074684,39.511238193706205,1073621
2023-07-24,39.20867156982422,39.778202325418455,39.15527678848561,39.75150323741361,974482
2023-07-25,39.12858581542969,39.511239974506886,38.88831436242739,39.33326074324539,1186875
2023-07-26,38.94170379638672,39.39555098300415,38.71033318365702,39.19977349899888,1687463
2023-07-27,38.94170379638672,38.94170379638672,38.94170379638672,38.94170379638672,0
2023-07-28,38.94170379638672,38.94170379638672,38.94170379638672,38.94170379638672,0
2023-07-31,39.110782623291016,39.422243692738284,38.81711641952268,39.34215321849884,2665022
2023-08-01,40.16975402832031,40.49011592826273,39.155276941616705,39.466738013965674,4539773
2023-08-02,41.13084030151367,41.7715607156591,40.38333032278472,40.70369222719301,7105340
2023-08-03,40.00067901611328,41.73597052391294,39.82269979062871,41.3622138109282,3777934
2023-08-04,39.671417236328125,40.383330700182334,39.60022419260712,39.82269736222851,1288413
2023-08-07,39.11968231201172,40.134159447765036,38.9684021823196,39.64471914126473,1883239
2023-08-08,38.05181121826172,39.502337302549506,37.82044060468842,39.164177118399614,1254276
2023-08-09,37.97172164916992,38.576848984944625,37.5089804109153,37.5089804109153,1605040
2023-08-10,37.13521957397461,38.35437154401379,37.01953257991116,37.864931269443694,2228092
2023-08-11,39.003997802734375,39.82269743907886,37.01953413857132,37.135221137505624,4518953
2023-08-14,39.003997802734375,39.003997802734375,39.003997802734375,39.003997802734375,0
2023-08-15,39.39554977416992,40.071866724579984,39.003998212845275,39.003998212845275,1575907
2023-08-16,38.12300109863281,39.55572880214857,37.82043746314084,39.46673750072679,1615367
2023-08-17,38.49675369262695,38.701431984903785,37.90942469242336,38.265383102407164,750603
2023-08-18,38.74565505981445,38.94846475902149,38.58894103159517,38.718000470506574,686737
2023-08-21,38.25707244873047,38.84706047323465,38.11879246697217,38.45066160990727,325081
2023-08-22,38.11879348754883,38.53362992732437,38.05426376542887,38.11879348754883,497132
2023-08-23,37.95286178588867,38.25707637029825,37.814585306562265,37.989736920351596,350164
2023-08-24,38.86549758911133,39.06830728891648,37.80536045217383,38.02660771710726,860805
2023-08-25,38.902374267578125,39.13283856594458,38.671909969211676,39.13283856594458,759971
2023-08-28,38.86549758911133,39.15127457369077,38.48753629549644,38.71800058469103,600363
2023-08-29,38.17410659790039,38.902374631537306,37.97129688812653,38.71800248779799,446749
2023-08-30,38.10957717895508,38.94846709888214,37.82380017805014,38.16488987749976,825035
2023-08-31,36.85585021972656,38.30316573398335,36.182894889631875,37.83302011202348,724970
2023-09-01,37.04022216796875,37.74083208491907,36.13680254394586,36.13680254394586,448060
2023-09-04,37.56568145751953,37.6578657722452,36.92038070462127,36.92038070462127,395881
2023-09-05,37.53802490234375,37.768489193705676,37.33521520063134,37.65786380189562,116641
2023-09-06,37.57489776611328,37.703960727517746,36.91116297620666,37.427400755400015,130834
2023-09-07,37.34443283081055,37.796144396514585,37.01256719981463,37.703960085116734,326749
2023-09-08,37.160064697265625,37.611772752310806,37.05865984342925,37.34443332248874,226491
2023-09-11,36.92959976196289,37.510367251286375,36.87428706538663,37.33521565370397,312567
2023-09-12,36.9941291809082,37.23381049756934,36.87428676427463,36.9664710745429,114483
2023-09-13,36.89272689819336,37.17850390649101,36.87428933153484,36.883506356560964,220072
2023-09-14,36.920379638671875,37.150843935438374,36.874287482639794,37.01256746734213,112626
2023-09-15,36.69913864135742,37.56568319635016,36.41336162590997,37.01257024918141,1210248
2023-09-18,36.43179702758789,36.966472375856675,36.39492189554007,36.874288062343275,840535
2023-09-19,36.800537109375,36.96647168387789,36.413358779938974,36.68991523190844,320287
2023-09-20,36.551639556884766,37.01256815903158,36.413359569598256,36.87428817174507,336949
2023-09-21,36.523983001708984,36.82819758002576,36.321176799437445,36.736009745714775,569886
2023-09-22,36.43179702758789,37.15084451948962,36.321175148050585,36.64382376195363,759035
2023-09-25,36.60694885253906,36.77288343115727,36.41335968301988,36.505543997093916,316564
2023-09-26,36.47789001464844,36.874288901669885,36.41336029039901,36.82819674386405,409367
2023-09-27,36.51476287841797,36.92037876515212,36.43179559288075,36.78210230032744,481223
2023-09-28,36.51476287841797,36.51476287841797,36.51476287841797,36.51476287841797,0
2023-09-29,36.51476287841797,36.51476287841797,36.51476287841797,36.51476287841797,0
2023-10-02,36.50554275512695,36.74522759013493,36.367266288720245,36.367266288720245,331642
2023-10-03,37.22459411621094,37.519588134092444,36.50554312059444,36.643823104991554,1289402
2023-10-04,37.372093200683594,37.93442667743991,37.33521806724895,37.55646535125052,890648
2023-10-05,37.85145568847656,37.93442297229776,37.34443144478816,37.445836293525836,823990
2023-10-06,38.5797233581543,38.71800334818315,37.80536315052638,37.93442611563622,1270331
2023-10-09,38.44144821166992,38.708787659430534,38.21098389807071,38.34926037626643,454646
2023-10-10,38.874717712402344,38.94846797879473,38.39535504727684,38.53363152185318,561529
2023-10-11,38.80097198486328,39.20658791088898,38.67191253188267,38.99456116433421,1069459
2023-10-12,38.791751861572266,38.90237373863436,38.34925732011176,38.71800159912682,664666
2023-10-13,38.70878601074219,39.08674732828248,38.644252770405174,38.85628302449922,1834658
2023-10-16,38.60737991333008,39.169713359141184,38.48753749456556,38.90237393136114,2978592
2023-10-17,38.88393783569336,39.89797937143592,38.64425298910287,38.718003254701856,2519020
2023-10-18,40.08235168457031,40.653902178901,39.5476763231916,39.63064361403043,4780598
2023-10-19,40.368125915527344,40.79217936551106,40.10078649490917,40.285158630390875,2766814
2023-10-20,40.35890579223633,40.81061735301031,40.10078690985464,40.39578092303543,2185876
2023-10-23,40.22063064575195,40.83827328216648,40.100788225027436,40.469532511900034,1872459
2023-10-24,40.14687728881836,40.46952939412628,39.92563354702434,40.33124941805062,1694038
2023-10-25,40.653900146484375,40.77374256428388,40.110004270755624,40.12844183630986,3240518
2023-10-26,40.53662872314453,40.94707869088302,40.45845008468127,40.94707869088302,1545501
2023-10-27,40.468223571777344,40.614813654070105,40.11641035662724,40.55617687556487,997253
2023-10-30,40.36072540283203,40.65390184476268,40.067548960901384,40.65390184476268,402844
2023-10-31,38.25962448120117,40.409587541710785,37.62440575008833,40.311863303666065,6900785
2023-11-01,38.640750885009766,39.09028830582101,38.40620751488106,38.50393547240986,2248707
2023-11-02,39.14892578125,39.813460992581845,38.88506588310879,39.481193386915926,2019042
2023-11-03,39.6473274230957,39.85255055652599,39.19778997045583,39.43232962925026,1787306
2023-11-06,40.24345397949219,40.360723806036745,39.578918749172075,39.96982314157469,1491617
2023-11-07,39.99913787841797,40.653898419295416,39.87209339737443,40.35095107026751,1764417
2023-11-08,39.99913787841797,40.311859887186365,39.8232312824932,40.06754558483978,758129
2023-11-09,39.99913787841797,39.99913787841797,39.99913787841797,39.99913787841797,0
2023-11-10,40.45845031738281,40.65389877863532,39.82323163449083,39.960047048543764,1742203
2023-11-13,40.70276641845703,40.89821488833639,40.409586257756786,40.45845210316723,2981673
2023-11-14,43.751808166503906,43.751808166503906,40.57572205778734,40.57572205778734,7831208
2023-11-15,45.69654846191406,46.85948700309179,44.96360550689576,45.43269227869524,8574854
2023-11-16,44.70951843261719,46.02881420666576,44.51406624032912,45.93108997449197,4091361
2023-11-17,44.58247375488281,45.295871084887594,44.2697517397558,44.660656122634805,2369013
2023-11-20,43.97657775878906,44.56293063772998,43.439086998436444,44.55315970518859,2421924
2023-11-21,44.02544021606445,44.85611115021855,43.95703250392644,44.17203030089774,1772938
2023-11-22,44.28929901123047,44.75838205170953,44.025439101972125,44.08407588000974,1594812
2023-11-23,44.49452209472656,45.540187070328436,44.025439054750635,44.26975337106772,4122262
2023-11-24,44.465206146240234,45.14928698638591,44.36748190962257,44.465206146240234,1313938
2023-11-27,44.084075927734375,45.00269641700778,43.87885279629148,44.95383429922718,2945897
2023-11-28,44.220890045166016,44.660656548109365,43.976575735524214,44.23066097725786,2348446
2023-11-29,43.917938232421875,44.62156462548801,43.80066840955767,44.41634150349054,1750772
2023-11-30,44.01566696166992,44.455433465031874,43.87885154461077,44.074300010157835,1050179
2023-12-01,43.98634719848633,44.26975269579696,43.78112407061611,44.123166345007036,2382640
2023-12-04,47.28947830200195,47.28947830200195,44.08407567624095,44.08407567624095,14269096
2023-12-05,48.247188568115234,49.59580459400208,47.50447471104075,47.88560443558821,15097108
2023-12-06,47.92469787597656,48.755365072281535,47.59243025186644,48.27651109302736,3873636
2023-12-07,47.15266418457031,48.42309791442137,46.419721217970775,47.9931060494083,5262933
2023-12-08,48.31559753417969,49.24399267565022,47.69015348500309,47.778106787414835,7478771
2023-12-11,49.85966491699219,51.19850629424697,47.914921365789255,47.914921365789255,9779033
2023-12-12,50.084434509277344,50.81737745331555,49.840120194597944,50.31897789166343,2328039
2023-12-13,48.81399917602539,50.57306143693954,46.331764927699844,50.57306143693954,6950956
2023-12-14,48.86286163330078,50.2310232502094,47.90514999264094,48.86286163330078,6453073
2023-12-15,48.462188720703125,49.49808278076702,48.09082991004766,49.02899600523345,4292768
2023-12-18,47.79765319824219,48.862863777713976,47.29925362800339,48.81400165952439,1857022
2023-12-19,44.86587905883789,47.88560403375779,44.22088943933755,47.88560403375779,4556231
2023-12-20,44.30884552001953,45.24701162037477,43.10681950495051,44.62156755347128,1776821
2023-12-21,44.72906494140625,44.953833662365206,43.98634734107697,44.572703929959125,826614
2023-12-22,44.738834381103516,45.78449930926032,44.562927783101394,44.85610793173189,1396705
2023-12-25,44.738834381103516,44.738834381103516,44.738834381103516,44.738834381103516,0
2023-12-26,42.55955123901367,44.738834395005526,42.08069728825723,44.738834395005526,1437244
2023-12-27,43.48794937133789,43.7029471679125,42.041609030610324,42.05137996320885,1272100
2023-12-28,44.24043655395508,45.11019491783086,43.58567225201922,43.58567225201922,1608043
2023-12-29,45.53041458129883,46.17540420520631,43.790897901535715,44.172027625489164,3658820
2024-01-01,46.98653030395508,47.387205626779284,45.92131975382139,45.93109068601393,2277482
2024-01-02,46.30244827270508,48.657638031177264,45.94086041605341,47.39697531871602,4370264
2024-01-03,46.06790542602539,46.869256059874296,45.94086094174969,46.869256059874296,1135857
2024-01-04,46.78130340576172,47.348114398865675,46.126542839183585,46.155859363674985,2679277
2024-01-05,46.60539627075195,47.48492927485601,45.931090119565845,47.01584624864735,2908047
2024-01-08,46.56631088256836,47.73901663620051,46.20472300485579,46.20472300485579,2433977
2024-01-09,46.88880157470703,47.64129009119257,46.61517074250883,47.38720485100003,1712555
2024-01-10,46.83993911743164,47.29925120636722,46.615170402914785,47.11356994763643,1146743
2024-01-11,46.5174446105957,47.09402654963025,46.4197203746674,46.712896810392955,925955
2024-01-12,46.058135986328125,46.94743994919182,45.83336726252089,46.810624528434424,1843850
2024-01-15,45.041786193847656,46.370856632384374,44.70951858421348,46.27312867193873,2039062
2024-01-16,45.041786193847656,45.041786193847656,45.041786193847656,45.041786193847656,0
2024-01-17,45.11019515991211,45.44246277881028,44.46520551474985,44.758381948379856,926420
2024-01-18,46.16563415527344,46.409948467905636,44.75838132863004,45.10042360307945,3400588
2024-01-19,45.95063781738281,46.90834950577279,45.73564002254034,46.40017527210737,2585432
2024-01-22,45.9995002746582,46.40995027438591,45.83336832501319,46.40995027438591,990089
2024-01-23,45.95063781738281,46.65426425291042,45.44246358371739,45.4522345162372,1858719
2024-01-24,47.03539276123047,47.47515927188888,45.73563882172235,45.93109101845282,3789918
2024-01-25,47.75856018066406,48.30582557604192,47.04516284422572,47.04516284422572,8947871
2024-01-26,47.85628890991211,48.22764398222637,47.103800377158635,47.44583892480086,4648545
2024-01-29,47.97356033325195,48.08105923121472,47.357887199063825,47.699929486030875,2169231
2024-01-30,46.927894592285156,48.12992058804487,46.42949129651854,47.69015407058628,2161211
2024-01-31,46.361083984375,47.348115924039014,45.4522344164605,47.14289279010753,529118
2024-02-01,46.361083984375,46.66403508299339,45.93109212357464,46.566310846247156,271066
2024-02-02,47.50447463989258,48.17878078785583,45.940860832063166,46.41971851599567,755942
2024-02-06,47.52402114868164,48.12991960033458,47.29925242835782,47.88560528764253,788756
2024-02-07,47.27970504760742,47.83674136123984,47.15266056598973,47.543564942687055,636096
2024-02-08,47.27970504760742,47.27970504760742,47.27970504760742,47.27970504760742,0
2024-02-09,46.58584976196289,47.39697504178002,45.44246060706744,46.32199359386427,843964
2024-02-12,44.68020248413086,46.56630926731791,43.78112387919988,45.94086149835088,883069
2024-02-13,45.422916412353516,45.921319696180305,43.927714016754244,44.67042788449346,813250
2024-02-14,45.87245559692383,46.3904044927599,45.540187971043224,45.540187971043224,523570
2024-02-15,45.11019515991211,45.979953528455404,44.602020935247815,45.979953528455404,474270
2024-02-16,44.6313362121582,45.42291591597005,44.31861419463907,44.94406195761785,604704
2024-02-19,43.66385269165039,44.61179338373217,42.930909779943555,44.61179338373217,1585406
2024-02-20,42.40319061279297,44.357705072772845,41.826608697981285,43.6638533341857,3152902
2024-02-21,42.28592300415039,42.80386817023648,41.82661088905326,42.31523952964487,2383588
2024-02-22,42.3934211730957,42.55955311863064,42.04160796144452,42.188194314338766,718108
2024-02-23,43.321815490722656,43.48794743307801,42.412965953998366,42.412965953998366,1049418
2024-02-26,43.50749206542969,43.966804153709724,43.39022224235793,43.78112289524394,922533
2024-02-27,42.90159606933594,43.96680665330992,42.784322511656484,43.507494538917086,1022637
2024-02-28,43.17522430419922,43.53680843199669,42.901593475373076,42.901593475373076,522782
2024-02-29,43.4586296081543,43.58567036217475,43.17522412068017,43.17522412068017,541211
2024-03-01,43.29249572753906,43.829986473152296,43.06772700584409,43.39022368997639,797860
2024-03-04,43.68339920043945,44.26975205093911,43.47817607555862,43.48794700762607,1212148
2024-03-05,43.321815490722656,44.16225359054355,43.09704304362694,43.7322617444998,481425
2024-03-06,43.02863693237305,43.67362658935824,42.95045828834429,43.2924968458589,911309
2024-03-07,43.15568161010742,43.48794923653792,42.540008475968996,43.048182712153334,937013
2024-03-08,43.08727264404297,43.966805667209066,42.989548409442556,43.15568035385138,472761
2024-03-11,43.067726135253906,43.43908492912775,42.80386623391779,43.15567943569928,793851
2024-03-12,42.7550048828125,43.253404442295434,42.7061427656774,43.067726906005824,413771
2024-03-13,42.56932830810547,43.097044404201725,42.52046246192598,42.75500584858928,316140
2024-03-14,42.66705322265625,42.99932085107766,42.51069220504269,42.51069220504269,520516
2024-03-15,42.540008544921875,42.803868459980315,42.46182990042717,42.706144222376764,543561
2024-03-18,42.970001220703125,43.24363204977204,42.608413364644406,42.608413364644406,1452343
2024-03-19,44.40999984741211,44.599998474121094,42.900001525878906,42.95000076293945,3235748
2024-03-20,44.400001525878906,44.900001525878906,44.09000015258789,44.54999923706055,931457
2024-03-21,44.09000015258789,44.45000076293945,43.90999984741211,44.41999816894531,1084258
2024-03-22,44.38999938964844,44.470001220703125,43.849998474121094,44.0099983215332,792059
2024-03-26,44.58000183105469,44.650001525878906,44.290000915527344,44.29999923706055,317619
2024-03-27,44.970001220703125,45.20000076293945,44.310001373291016,44.599998474121094,751867
2024-03-28,45.540000915527344,47.04999923706055,45.150001525878906,45.150001525878906,1243104
2024-03-29,45.22999954223633,45.9900016784668,45.0099983215332,45.5,316305
2024-04-01,45.13999938964844,45.54999923706055,45.04999923706055,45.4900016784668,122189
2024-04-02,44.93000030517578,45.29999923706055,44.7599983215332,45.20000076293945,224971
2024-04-03,45.11000061035156,45.2400016784668,44.560001373291016,44.810001373291016,386225
2024-04-04,45.310001373291016,45.54999923706055,45.099998474121094,45.11000061035156,401077
2024-04-08,45.56999969482422,45.75,45.29999923706055,45.36000061035156,755100
2024-04-09,46.529998779296875,46.88999938964844,45.54999923706055,45.599998474121094,1578765
2024-04-15,45.79999923706055,46.45000076293945,45.0099983215332,46.45000076293945,1187902
2024-04-16,45.900001525878906,46.650001525878906,45.79999923706055,46.0,1387470
2024-04-17,46.58000183105469,46.900001525878906,45.29999923706055,45.900001525878906,2341451
2024-04-18,46.130001068115234,46.779998779296875,46.0099983215332,46.58000183105469,1100649
2024-04-19,46.560001373291016,47.04999923706055,45.90999984741211,45.95000076293945,1712992
2024-04-22,44.41999816894531,44.70000076293945,43.5,43.599998474121094,7624232
2024-04-23,44.4900016784668,45.0,43.810001373291016,44.25,4640256
2024-04-24,44.689998626708984,45.95000076293945,44.20000076293945,45.0,4595264
2024-04-25,44.40999984741211,44.880001068115234,44.400001525878906,44.5,1356078
2024-04-26,44.08000183105469,44.5099983215332,43.599998474121094,44.40999984741211,2400462
2024-04-29,43.369998931884766,44.290000915527344,43.310001373291016,44.0099983215332,773072
2024-04-30,42.599998474121094,43.59000015258789,42.400001525878906,43.0099983215332,973310
2024-05-02,42.04999923706055,42.61000061035156,42.0,42.599998474121094,491892
2024-05-03,42.959999084472656,43.099998474121094,42.0,42.0,742537
2024-05-06,42.720001220703125,43.20000076293945,42.439998626708984,43.0,685794
2024-05-07,42.869998931884766,43.099998474121094,42.5,42.75,353337
2024-05-08,42.709999084472656,43.099998474121094,42.54999923706055,43.0,388223
2024-05-09,42.7400016784668,42.95000076293945,42.5099983215332,42.869998931884766,417131
2024-05-10,42.779998779296875,43.0,42.70000076293945,42.70000076293945,416724
2024-05-13,43.5,44.20000076293945,42.5099983215332,42.79999923706055,2075517
2024-05-14,42.81999969482422,43.9900016784668,42.599998474121094,43.970001220703125,1196400
2024-05-15,42.7599983215332,43.4900016784668,42.689998626708984,42.91999816894531,464272
2024-05-16,42.45000076293945,42.91999816894531,42.209999084472656,42.70000076293945,414119
2024-05-17,42.7400016784668,42.9900016784668,42.5,42.56999969482422,235598
2024-05-20,42.709999084472656,43.0,42.54999923706055,42.79999923706055,218175
2024-05-21,42.709999084472656,42.939998626708984,42.650001525878906,42.790000915527344,303214
2024-05-22,42.7599983215332,42.95000076293945,42.5,42.849998474121094,343782
2024-05-23,42.63999938964844,42.79999923706055,42.599998474121094,42.75,142594
2024-05-24,43.650001525878906,43.84000015258789,42.599998474121094,42.599998474121094,1718352
2024-05-27,43.599998474121094,44.0,43.20000076293945,43.650001525878906,494316
2024-05-28,43.599998474121094,43.599998474121094,43.599998474121094,43.599998474121094,0
2024-05-29,44.220001220703125,44.599998474121094,43.029998779296875,43.5,2057297
2024-05-30,44.27000045776367,44.79999923706055,44.0,44.25,594326
2024-05-31,44.5,44.619998931884766,44.0099983215332,44.5,741078
2024-06-03,44.2599983215332,44.599998474121094,44.16999816894531,44.5,557980
2024-06-04,43.959999084472656,44.400001525878906,43.61000061035156,44.150001525878906,200075
2024-06-05,43.61000061035156,44.150001525878906,43.599998474121094,43.79999923706055,219675
2024-06-06,43.619998931884766,43.91999816894531,43.29999923706055,43.70000076293945,508106
2024-06-07,43.72999954223633,43.849998474121094,42.599998474121094,43.52000045776367,630682
2024-06-10,43.22999954223633,43.9900016784668,42.880001068115234,43.650001525878906,209710
2024-06-11,43.41999816894531,43.9900016784668,42.900001525878906,43.5,233025
2024-06-12,43.619998931884766,43.84000015258789,43.25,43.5,659997
2024-06-13,44.040000915527344,44.400001525878906,43.5,43.75,787598
2024-06-14,43.619998931884766,44.4900016784668,43.52000045776367,43.900001525878906,288041
2024-06-20,44.310001373291016,44.59000015258789,43.52000045776367,43.619998931884766,628371
2024-06-21,48.08000183105469,48.08000183105469,44.36000061035156,44.36000061035156,3720114
2024-06-24,46.119998931884766,49.59000015258789,46.0,49.59000015258789,4112360
2024-06-25,46.099998474121094,47.849998474121094,46.0,46.0,2094809
2024-06-26,44.95000076293945,46.45000076293945,44.65999984741211,46.40999984741211,1108089
2024-06-27,44.9900016784668,45.5,44.36000061035156,45.0,652541
2024-06-28,44.91999816894531,45.70000076293945,44.619998931884766,45.099998474121094,574367
2024-07-01,43.79999923706055,44.70000076293945,42.970001220703125,44.70000076293945,789622
2024-07-02,43.79999923706055,44.0,43.599998474121094,44.0,1239881
2024-07-03,43.709999084472656,44.5,43.619998931884766,43.9900016784668,617316
2024-07-04,44.0,44.29999923706055,43.599998474121094,43.599998474121094,294501
2024-07-05,43.75,43.970001220703125,43.349998474121094,43.959999084472656,361356
2024-07-08,43.7599983215332,44.029998779296875,43.29999923706055,43.599998474121094,281797
2024-07-09,43.790000915527344,44.0,43.5099983215332,43.79999923706055,464613
2024-07-10,44.599998474121094,45.75,43.400001525878906,43.79999923706055,1445980
2024-07-11,44.150001525878906,44.599998474121094,44.0099983215332,44.599998474121094,364735
2024-07-12,43.65999984741211,44.63999938964844,42.79999923706055,44.04999923706055,495297
2024-07-15,43.900001525878906,44.790000915527344,43.79999923706055,43.900001525878906,545857
2024-07-16,43.900001525878906,43.900001525878906,43.900001525878906,43.900001525878906,0
2024-07-17,43.900001525878906,43.900001525878906,43.900001525878906,43.900001525878906,0
2024-07-18,43.970001220703125,44.75,43.650001525878906,43.900001525878906,877429
2024-07-19,43.470001220703125,44.0,43.20000076293945,44.0,496736
2024-07-22,42.90999984741211,43.5,42.810001373291016,43.470001220703125,391342
2024-07-23,42.939998626708984,43.25,42.79999923706055,43.0099983215332,266307
2024-07-24,43.040000915527344,43.470001220703125,42.7599983215332,42.95000076293945,214966
2024-07-25,42.7400016784668,43.099998474121094,42.70000076293945,43.0,374209
2024-07-26,42.29999923706055,42.869998931884766,42.099998474121094,42.650001525878906,276287
2024-07-29,42.34000015258789,42.849998474121094,42.22999954223633,42.22999954223633,128856
2024-07-30,42.08000183105469,42.70000076293945,42.0099983215332,42.5099983215332,318954
2024-07-31,42.119998931884766,42.5,42.0,42.150001525878906,340452
2024-08-01,42.0,42.5,41.95000076293945,42.20000076293945,421256
2024-08-02,41.939998626708984,42.20000076293945,41.70000076293945,41.86000061035156,415777
2024-08-05,41.63999938964844,42.20000076293945,41.5,42.04999923706055,276518
2024-08-06,41.34000015258789,41.900001525878906,41.029998779296875,41.75,356958
2024-08-07,41.470001220703125,41.70000076293945,41.29999923706055,41.45000076293945,121210
2024-08-08,41.5099983215332,41.75,41.470001220703125,41.54999923706055,353331
2024-08-09,41.59000015258789,41.880001068115234,41.45000076293945,41.52000045776367,456849
2024-08-12,42.029998779296875,42.4900016784668,41.5,41.79999923706055,456532
2024-08-13,42.04999923706055,42.47999954223633,41.709999084472656,41.709999084472656,303928
2024-08-15,41.56999969482422,42.20000076293945,40.54999923706055,42.099998474121094,505073
2024-08-16,39.2599983215332,40.5,39.0,39.810001373291016,2286127
2024-08-19,38.060001373291016,39.0099983215332,38.0,39.0099983215332,741849
2024-08-20,37.709999084472656,38.2400016784668,37.5,38.20000076293945,803691
2024-08-21,37.75,38.5099983215332,37.560001373291016,37.709999084472656,431428
2024-08-22,37.540000915527344,38.09000015258789,37.47999954223633,37.7599983215332,499817
2024-08-23,37.18000030517578,37.75,37.099998474121094,37.650001525878906,469110
2024-08-26,36.95000076293945,37.099998474121094,36.70000076293945,37.0,605762
2024-08-27,37.040000915527344,37.400001525878906,36.75,37.040000915527344,627174
2024-08-28,36.86000061035156,37.9900016784668,36.619998931884766,36.619998931884766,496027
2024-08-29,37.11000061035156,37.400001525878906,36.70000076293945,36.75,482807
2024-08-30,37.09000015258789,37.45000076293945,37.0,37.45000076293945,479193
2024-09-02,36.56999969482422,37.29999923706055,36.5,37.0,538874
2024-09-03,36.540000915527344,36.939998626708984,36.5,36.56999969482422,583605
2024-09-04,36.5,36.619998931884766,36.29999923706055,36.599998474121094,376308
2024-09-05,36.41999816894531,36.70000076293945,36.349998474121094,36.58000183105469,475814
2024-09-06,36.20000076293945,36.59000015258789,36.11000061035156,36.43000030517578,291724
2024-09-09,36.060001373291016,36.36000061035156,36.0,36.290000915527344,275451
2024-09-10,35.5,36.060001373291016,35.349998474121094,36.060001373291016,379983
2024-09-11,35.560001373291016,35.79999923706055,35.36000061035156,35.599998474121094,449533
2024-09-12,35.470001220703125,35.7400016784668,35.310001373291016,35.599998474121094,660109
2024-09-13,35.369998931884766,36.0,35.31999969482422,35.79999923706055,683026
2024-09-16,34.869998931884766,35.5,34.599998474121094,35.4900016784668,473944
2024-09-17,34.869998931884766,34.869998931884766,34.869998931884766,34.869998931884766,0
2024-09-18,34.79999923706055,35.209999084472656,34.5,34.86000061035156,825543
2024-09-19,34.689998626708984,35.22999954223633,34.54999923706055,34.900001525878906,861158
2024-09-20,34.52000045776367,34.900001525878906,34.45000076293945,34.75,372426
2024-09-23,34.290000915527344,34.689998626708984,34.150001525878906,34.5,191307
2024-09-24,33.220001220703125,34.25,33.04999923706055,34.0099983215332,557340
2024-09-25,33.540000915527344,33.9900016784668,33.099998474121094,33.310001373291016,334595
2024-09-26,33.65999984741211,33.900001525878906,33.5,33.88999938964844,678524
2024-09-27,33.63999938964844,34.29999923706055,33.52000045776367,33.52000045776367,327730
2024-09-30,33.400001525878906,33.9900016784668,33.0,33.9900016784668,377130
2024-10-01,31.950000762939453,33.540000915527344,30.219999313354492,33.5,1473169
2024-10-02,31.65999984741211,32.349998474121094,31.5,31.5,594937
2024-10-03,31.329999923706055,31.899999618530273,31.25,31.479999542236328,370554
2024-10-04,31.0,31.31999969482422,30.760000228881836,31.31999969482422,517130
2024-10-07,31.030000686645508,31.600000381469727,30.850000381469727,30.850000381469727,401784
2024-10-08,31.940000534057617,32.25,31.030000686645508,31.440000534057617,916096
2024-10-09,31.940000534057617,31.940000534057617,31.940000534057617,31.940000534057617,0
2024-10-10,32.150001525878906,32.31999969482422,31.899999618530273,32.0,335055
2024-10-11,31.399999618530273,32.27000045776367,31.25,32.27000045776367,1155605
2024-10-14,30.700000762939453,31.950000762939453,30.010000228881836,31.40999984741211,724753
2024-10-15,30.739999771118164,31.149999618530273,30.5,30.940000534057617,467804
2024-10-16,32.16999816894531,32.70000076293945,30.5,30.84000015258789,1292387
2024-10-17,32.2599983215332,32.75,32.20000076293945,32.400001525878906,490101
2024-10-18,32.369998931884766,33.0,31.700000762939453,33.0,341655
2024-10-21,32.220001220703125,32.900001525878906,32.130001068115234,32.5099983215332,430725
2024-10-22,31.270000457763672,32.0099983215332,31.18000030517578,32.0,1102195
2024-10-23,31.389999389648438,31.899999618530273,31.100000381469727,31.170000076293945,747910
2024-10-24,31.239999771118164,31.700000762939453,31.0,31.389999389648438,653881
2024-10-25,31.3700008392334,32.72999954223633,31.0,31.690000534057617,1349644
2024-10-28,31.479999542236328,31.899999618530273,31.209999084472656,31.360000610351562,701920
2024-10-29,31.489999771118164,31.899999618530273,31.309999465942383,31.479999542236328,1317626
2024-10-30,31.899999618530273,32.75,31.5,31.5,1240267
2024-10-31,31.5,32.20000076293945,31.3700008392334,32.0,1416463
2024-11-01,31.75,31.899999618530273,31.299999237060547,31.5,492772
2024-11-04,32.0099983215332,32.150001525878906,31.459999084472656,31.600000381469727,521481
2024-11-05,35.209999084472656,35.209999084472656,32.02000045776367,32.02000045776367,2823417
2024-11-06,37.810001373291016,38.72999954223633,36.11000061035156,37.45000076293945,11610239
2024-11-07,36.43000030517578,38.0099983215332,36.349998474121094,38.0,2166356
2024-11-08,37.13999938964844,38.0,36.04999923706055,37.0,1740723
2024-11-11,36.650001525878906,37.59000015258789,36.5,37.04999923706055,1953196
2024-11-12,36.25,36.7400016784668,36.099998474121094,36.650001525878906,529376
2024-11-13,35.9900016784668,36.29999923706055,35.77000045776367,36.099998474121094,743306
2024-11-14,36.349998474121094,36.84000015258789,35.709999084472656,36.0,646289
2024-11-15,36.4900016784668,37.36000061035156,33.20000076293945,36.52000045776367,1009392
2024-11-18,37.43000030517578,38.900001525878906,36.0,36.5,5702362
2024-11-19,37.880001068115234,38.84000015258789,37.150001525878906,37.9900016784668,3394500
2024-11-20,37.630001068115234,39.0,37.150001525878906,38.150001525878906,3002245
2024-11-21,37.38999938964844,38.099998474121094,37.25,37.900001525878906,1159371
2024-11-22,36.790000915527344,37.75,36.52000045776367,37.33000183105469,895822
2024-11-25,37.56999969482422,37.900001525878906,36.5,36.5099983215332,1442264
2024-11-26,35.47999954223633,37.849998474121094,35.29999923706055,37.75,2726402
2024-11-27,36.02000045776367,37.0,35.7599983215332,36.0,1248035
2024-11-28,36.849998474121094,37.0,36.0,36.20000076293945,1103455
2024-11-29,36.5,37.099998474121094,35.880001068115234,37.0,2417311
2024-12-02,37.150001525878906,37.4900016784668,36.54999923706055,36.97999954223633,1556972
2024-12-03,38.119998931884766,38.5,37.0,37.70000076293945,2655624
2024-12-04,38.04999923706055,38.52000045776367,37.79999923706055,38.20000076293945,1960024
2024-12-05,40.439998626708984,41.5,37.900001525878906,38.0,7400942
2024-12-06,39.7599983215332,41.400001525878906,39.349998474121094,40.79999923706055,4080632
2024-12-09,39.88999938964844,40.900001525878906,39.08000183105469,39.25,1750524
2024-12-10,39.31999969482422,41.08000183105469,39.0,40.0,4844788
2024-12-11,40.66999816894531,41.20000076293945,39.5,39.5,4249796
2024-12-12,40.400001525878906,41.70000076293945,40.20000076293945,40.70000076293945,3043827
2024-12-13,39.97999954223633,40.400001525878906,39.45000076293945,40.0099983215332,1523969
2024-12-16,39.7599983215332,40.25,39.650001525878906,39.7599983215332,1258780
2024-12-17,39.380001068115234,41.0,39.099998474121094,39.97999954223633,2194441
2024-12-18,37.97999954223633,39.70000076293945,37.650001525878906,39.029998779296875,1528960
2024-12-19,37.29999923706055,38.09000015258789,37.08000183105469,38.0,1018584
2024-12-20,37.4900016784668,37.79999923706055,36.849998474121094,37.29999923706055,677006
2024-12-23,37.869998931884766,38.349998474121094,37.599998474121094,37.599998474121094,1445045
2024-12-24,36.88999938964844,38.099998474121094,36.79999923706055,37.900001525878906,1636875
2024-12-26,36.029998779296875,37.5,35.810001373291016,36.5099983215332,2899199
2024-12-27,35.95000076293945,36.5,35.79999923706055,36.11000061035156,1413875
2024-12-30,36.77000045776367,37.0,36.0,36.0,1421085
2024-12-31,37.06999969482422,37.349998474121094,36.77000045776367,36.77000045776367,1301620
2025-01-01,37.06999969482422,37.06999969482422,37.06999969482422,37.06999969482422,0
2025-01-02,37.5,38.150001525878906,37.25,37.5,1103889
2025-01-03,37.43000030517578,37.599998474121094,37.0,37.34000015258789,699459
2025-01-06,36.880001068115234,38.0,36.61000061035156,37.70000076293945,1584620
2025-01-07,37.209999084472656,37.4900016784668,36.29999923706055,36.900001525878906,900003
2025-01-08,36.529998779296875,37.95000076293945,36.29999923706055,36.93000030517578,769173
2025-01-09,35.9900016784668,36.650001525878906,35.810001373291016,36.650001525878906,936378
2025-01-10,35.900001525878906,36.29999923706055,35.75,36.0,359686
2025-01-13,35.81999969482422,36.29999923706055,35.689998626708984,35.90999984741211,615637
2025-01-14,36.150001525878906,36.38999938964844,35.70000076293945,36.0,371142
2025-01-15,36.2400016784668,36.59000015258789,36.0,36.25,492370
2025-01-16,36.130001068115234,36.72999954223633,36.04999923706055,36.099998474121094,540442
2025-01-17,36.09000015258789,36.43000030517578,35.810001373291016,36.06999969482422,905218
2025-01-20,36.33000183105469,36.90999984741211,36.150001525878906,36.349998474121094,1240923
2025-01-21,35.939998626708984,36.70000076293945,35.81999969482422,36.54999923706055,964538
2025-01-22,35.290000915527344,36.0,35.130001068115234,36.0,550042
2025-01-23,35.66999816894531,36.060001373291016,35.33000183105469,35.33000183105469,571086
2025-01-24,35.709999084472656,36.40999984741211,35.54999923706055,35.54999923706055,843036
2025-01-27,35.43000030517578,36.099998474121094,35.209999084472656,35.5,506712
2025-01-28,34.77000045776367,35.41999816894531,34.54999923706055,35.29999923706055,519347
2025-01-29,34.209999084472656,35.099998474121094,34.099998474121094,35.099998474121094,435772
2025-01-30,34.119998931884766,34.5,34.0,34.5,821256
2025-01-31,34.439998626708984,35.189998626708984,33.81999969482422,34.400001525878906,908066
2025-02-03,33.95000076293945,34.5,33.70000076293945,34.349998474121094,449893
2025-02-04,33.97999954223633,34.290000915527344,33.70000076293945,34.20000076293945,328006
2025-02-06,33.59000015258789,34.099998474121094,33.20000076293945,34.0,477942
2025-02-07,33.72999954223633,34.5,33.599998474121094,33.75,156447
2025-02-10,33.470001220703125,33.79999923706055,33.209999084472656,33.790000915527344,345140
2025-02-11,36.81999969482422,36.81999969482422,35.150001525878906,35.2599983215332,5156851
2025-02-12,35.7400016784668,37.25,35.5,36.97999954223633,3005949
2025-02-13,35.43000030517578,36.099998474121094,35.400001525878906,35.7400016784668,618757
2025-02-14,34.7400016784668,35.5,34.70000076293945,35.119998931884766,1079247
2025-02-17,35.599998474121094,36.25,34.650001525878906,34.9900016784668,2976167
2025-02-18,35.79999923706055,36.40999984741211,35.709999084472656,35.9900016784668,1560504
2025-02-19,37.7599983215332,38.97999954223633,35.9900016784668,35.9900016784668,5676346
2025-02-20,36.95000076293945,38.0,36.79999923706055,38.0,943113
2025-02-21,36.61000061035156,37.5,36.29999923706055,36.95000076293945,933262
2025-02-24,37.130001068115234,37.349998474121094,36.220001220703125,36.52000045776367,552583
2025-02-25,36.880001068115234,37.650001525878906,36.720001220703125,37.060001373291016,601600
2025-02-26,36.130001068115234,37.0,35.86000061035156,37.0,898736
2025-02-27,36.40999984741211,36.560001373291016,35.79999923706055,35.95000076293945,670744
2025-02-28,36.91999816894531,37.5,35.90999984741211,36.150001525878906,2358004
2025-03-03,36.689998626708984,37.099998474121094,36.599998474121094,37.0,334334
2025-03-04,37.20000076293945,38.5,36.15999984741211,36.15999984741211,2086428
2025-03-05,36.630001068115234,37.54999923706055,36.5,37.20000076293945,245879
2025-03-06,37.040000915527344,37.27000045776367,36.5099983215332,36.5099983215332,398844
2025-03-07,36.959999084472656,37.29999923706055,36.599998474121094,36.599998474121094,192599
2025-03-10,36.68000030517578,37.04999923706055,36.5,37.0,122883
2025-03-11,36.7400016784668,37.20000076293945,36.25,36.5,280924
2025-03-12,36.470001220703125,37.0,36.40999984741211,36.52000045776367,287584
2025-03-13,36.59000015258789,36.810001373291016,36.45000076293945,36.45000076293945,242778
2025-03-14,36.970001220703125,37.20000076293945,36.599998474121094,37.0,757180
2025-03-17,37.54999923706055,38.119998931884766,37.0,37.04999923706055,1172365
2025-03-18,39.58000183105469,40.849998474121094,37.5099983215332,37.5099983215332,5984320
2025-03-19,39.22999954223633,40.400001525878906,39.04999923706055,40.400001525878906,1618624
2025-03-20,38.59000015258789,39.79999923706055,38.29999923706055,39.79999923706055,757048
2025-03-21,38.68000030517578,38.91999816894531,38.150001525878906,38.59000015258789,447023
2025-03-24,38.16999816894531,38.5,38.099998474121094,38.20000076293945,570193
2025-03-25,37.88999938964844,38.25,37.66999816894531,38.099998474121094,536230
2025-03-26,37.599998474121094,38.2599983215332,37.5099983215332,38.0,820002
2025-03-27,37.709999084472656,37.9900016784668,37.459999084472656,37.599998474121094,549497
2025-03-28,37.709999084472656,37.709999084472656,37.709999084472656,37.709999084472656,0
2025-03-31,37.709999084472656,37.709999084472656,37.709999084472656,37.709999084472656,0
2025-04-03,38.029998779296875,38.29999923706055,36.79999923706055,38.0,2006951
2025-04-04,37.68000030517578,39.119998931884766,37.52000045776367,38.029998779296875,2682503
2025-04-07,36.38999938964844,38.0,34.11000061035156,37.0099983215332,1394454
2025-04-08,37.040000915527344,37.29999923706055,36.11000061035156,37.0,1293628
2025-04-09,36.380001068115234,36.79999923706055,36.04999923706055,36.79999923706055,394893
2025-04-10,36.54999923706055,37.150001525878906,36.29999923706055,37.099998474121094,785678
2025-04-11,36.869998931884766,37.5,36.400001525878906,36.650001525878906,525709
2025-04-14,36.810001373291016,37.25,36.709999084472656,37.0099983215332,494463
2025-04-15,37.0099983215332,37.22999954223633,36.810001373291016,36.81999969482422,559561
2025-04-16,36.369998931884766,37.25,36.0,36.86000061035156,517975
2025-04-17,36.0,36.369998931884766,35.79999923706055,36.02000045776367,612579
2025-04-18,34.0099983215332,35.900001525878906,33.900001525878906,35.20000076293945,2911437
2025-04-21,33.20000076293945,34.29999923706055,33.040000915527344,34.02000045776367,1663923
2025-04-22,32.58000183105469,33.599998474121094,32.43000030517578,33.20000076293945,2168972
2025-04-23,32.220001220703125,32.849998474121094,32.0099983215332,32.599998474121094,837098
2025-04-24,30.979999542236328,31.989999771118164,30.809999465942383,31.989999771118164,1249120
2025-04-25,30.200000762939453,31.25,30.030000686645508,30.709999084472656,1642180
2025-04-28,29.959999084472656,30.59000015258789,29.649999618530273,30.200000762939453,780689
2025-04-29,29.90999984741211,29.979999542236328,29.290000915527344,29.760000228881836,601799
2025-04-30,29.049999237060547,29.899999618530273,28.0,29.899999618530273,765583
2025-05-02,30.06999969482422,30.299999237060547,29.5,29.510000228881836,737578
2025-05-05,30.1299991607666,30.479999542236328,29.709999084472656,29.709999084472656,345564
2025-05-06,30.489999771118164,30.690000534057617,30.149999618530273,30.149999618530273,585656
2025-05-07,29.020000457763672,29.899999618530273,28.5,28.5,520689
2025-05-08,26.600000381469727,29.399999618530273,26.1200008392334,29.149999618530273,909696
2025-05-09,27.969999313354492,28.549999237060547,25.5,26.399999618530273,598555
2025-05-12,30.75,30.770000457763672,29.700000762939453,30.770000457763672,1722860
2025-05-13,29.979999542236328,31.149999618530273,29.709999084472656,31.149999618530273,1089226
2025-05-14,30.600000381469727,30.75,30.049999237060547,30.25,730844
2025-05-15,31.639999389648438,32.20000076293945,30.360000610351562,30.950000762939453,1805655
2025-05-16,33.13999938964844,33.599998474121094,31.049999237060547,31.510000228881836,2592703
2025-05-19,34.41999816894531,34.88999938964844,33.20000076293945,33.54999923706055,3538203
2025-05-20,33.5099983215332,34.41999816894531,33.45000076293945,34.41999816894531,948821
2025-05-21,33.41999816894531,33.970001220703125,33.099998474121094,33.970001220703125,361621
2025-05-22,33.02000045776367,34.25,32.900001525878906,33.25,1108564
2025-05-23,32.470001220703125,33.400001525878906,32.400001525878906,33.20000076293945,380919
2025-05-26,31.889999389648438,32.70000076293945,31.700000762939453,32.70000076293945,372595
2025-05-27,31.610000610351562,32.0,31.5,31.549999237060547,422375
2025-05-28,31.610000610351562,31.610000610351562,31.610000610351562,31.610000610351562,0
2025-05-29,31.520000457763672,31.799999237060547,31.469999313354492,31.5,544613
2025-05-30,31.860000610351562,32.599998474121094,31.40999984741211,31.40999984741211,1561402
2025-06-02,33.9900016784668,34.59000015258789,31.770000457763672,31.899999618530273,4755096
2025-06-03,33.619998931884766,33.90999984741211,33.310001373291016,33.83000183105469,678488
2025-06-04,33.29999923706055,33.939998626708984,33.15999984741211,33.61000061035156,687829
2025-06-05,33.7599983215332,34.2400016784668,33.0,33.400001525878906,1221035
2025-06-06,33.7599983215332,33.7599983215332,33.7599983215332,33.7599983215332,0
2025-06-09,33.7599983215332,33.7599983215332,33.7599983215332,33.7599983215332,0
2025-06-10,33.79999923706055,34.2400016784668,33.45000076293945,33.5099983215332,754371
2025-06-11,33.540000915527344,34.0,33.5,33.900001525878906,704160
2025-06-12,33.34000015258789,33.900001525878906,33.2599983215332,33.54999923706055,818507
2025-06-13,32.209999084472656,33.0099983215332,32.0,33.0099983215332,866054
2025-06-16,32.209999084472656,32.209999084472656,32.209999084472656,32.209999084472656,0
2025-06-17,33.130001068115234,33.599998474121094,31.809999465942383,32.209999084472656,1267209
2025-06-18,32.439998626708984,32.959999084472656,32.20000076293945,32.290000915527344,296547
2025-06-19,32.029998779296875,32.720001220703125,32.0,32.400001525878906,205910
2025-06-20,31.989999771118164,32.5,31.809999465942383,31.899999618530273,273941
2025-06-23,30.239999771118164,31.5,30.0,31.5,1199820
2025-06-24,31.040000915527344,31.639999389648438,30.639999389648438,30.639999389648438,1812538
2025-06-25,30.940000534057617,31.600000381469727,30.799999237060547,31.040000915527344,1222416
2025-06-26,30.860000610351562,31.270000457763672,30.799999237060547,30.899999618530273,964745
2025-06-27,31.40999984741211,31.75,30.799999237060547,30.860000610351562,3299021
2025-06-30,31.549999237060547,31.989999771118164,31.299999237060547,31.790000915527344,1585529
2025-07-01,31.579999923706055,31.899999618530273,31.0,31.75,755580
2025-07-02,31.479999542236328,31.950000762939453,31.40999984741211,31.610000610351562,1689179
2025-07-03,31.469999313354492,31.799999237060547,31.1299991607666,31.799999237060547,716847
2025-07-04,31.639999389648438,31.799999237060547,31.309999465942383,31.459999084472656,495393
2025-07-07,31.760000228881836,32.38999938964844,31.399999618530273,31.40999984741211,2175490
2025-07-08,32.91999816894531,34.0,31.600000381469727,31.770000457763672,6864343
2025-07-09,32.9900016784668,33.5,32.900001525878906,33.4900016784668,2217441
2025-07-10,32.90999984741211,33.29999923706055,32.5,33.0,619331
2025-07-11,33.16999816894531,33.79999923706055,32.91999816894531,32.91999816894531,1650267
2025-07-14,33.720001220703125,34.130001068115234,33.0099983215332,33.47999954223633,4096511
2025-07-15,33.0,34.150001525878906,32.849998474121094,33.5099983215332,1980415
2025-07-16,33.119998931884766,33.689998626708984,32.54999923706055,32.54999923706055,370610
2025-07-17,33.630001068115234,34.20000076293945,33.099998474121094,33.130001068115234,2524919
2025-07-18,33.189998626708984,34.18000030517578,33.0099983215332,33.849998474121094,2451990
2025-07-21,33.290000915527344,33.849998474121094,32.97999954223633,33.099998474121094,1333639
2025-07-22,33.43000030517578,33.9900016784668,33.290000915527344,33.290000915527344,1105293
2025-07-23,33.2400016784668,33.650001525878906,33.11000061035156,33.400001525878906,575627
2025-07-24,32.88999938964844,33.9900016784668,32.709999084472656,33.2400016784668,1482411
2025-07-25,32.779998779296875,33.13999938964844,32.650001525878906,32.79999923706055,855148
2025-07-28,32.20000076293945,33.0,32.099998474121094,32.810001373291016,1320673
2025-07-29,31.59000015258789,32.43000030517578,31.5,32.349998474121094,1218857
2025-07-30,31.40999984741211,31.850000381469727,31.25,31.59000015258789,649432
2025-07-31,30.59000015258789,31.739999771118164,30.200000762939453,31.5,1471605
2025-08-01,29.049999237060547,30.200000762939453,28.899999618530273,30.200000762939453,5057667
2025-08-04,29.530000686645508,30.299999237060547,28.899999618530273,29.049999237060547,1469148
2025-08-05,29.3799991607666,29.889999389648438,29.299999237060547,29.549999237060547,765666
2025-08-06,29.190000534057617,29.700000762939453,28.899999618530273,29.299999237060547,1482220
2025-08-07,28.649999618530273,29.5,28.510000228881836,29.0,1942018
2025-08-08,28.229999542236328,28.850000381469727,28.0,28.770000457763672,1481523
2025-08-11,28.450000762939453,28.59000015258789,28.0,28.219999313354492,1157857
2025-08-12,28.299999237060547,28.690000534057617,28.020000457763672,28.690000534057617,664051
2025-08-13,28.229999542236328,28.43000030517578,28.100000381469727,28.399999618530273,805882
2025-08-15,28.3799991607666,28.549999237060547,28.200000762939453,28.229999542236328,764608
2025-08-18,28.040000915527344,28.489999771118164,27.93000030517578,28.489999771118164,1539458
2025-08-19,28.15999984741211,28.34000015258789,28.010000228881836,28.270000457763672,590932
2025-08-20,28.5,28.600000381469727,28.170000076293945,28.200000762939453,891461
2025-08-21,28.440000534057617,28.690000534057617,28.25,28.690000534057617,718745
2025-08-22,28.489999771118164,28.68000030517578,28.399999618530273,28.440000534057617,327204
2025-08-25,28.100000381469727,28.65999984741211,28.010000228881836,28.489999771118164,1162758
2025-08-26,28.399999618530273,28.700000762939453,28.149999618530273,28.149999618530273,843201
2025-08-27,30.110000610351562,30.979999542236328,28.299999237060547,28.5,6667893
2025-08-28,29.93000030517578,31.420000076293945,29.700000762939453,30.889999389648438,5107305
2025-08-29,29.25,30.489999771118164,29.200000762939453,30.0,3380031
2025-09-01,32.029998779296875,32.18000030517578,29.020000457763672,29.280000686645508,12675079
2025-09-02,30.729999542236328,32.650001525878906,30.600000381469727,32.099998474121094,4624914
2025-09-03,30.65999984741211,31.700000762939453,30.559999465942383,31.200000762939453,2919571
2025-09-04,30.350000381469727,31.200000762939453,30.100000381469727,30.600000381469727,1734870
2025-09-05,30.540000915527344,30.709999084472656,30.200000762939453,30.350000381469727,1143728
2025-09-08,30.469999313354492,31.0,30.299999237060547,30.8700008392334,1119403
2025-09-09,30.229999542236328,30.700000762939453,30.0,30.5,1167857
2025-09-10,31.100000381469727,31.399999618530273,30.0,30.020000457763672,3380922
2025-09-11,32.279998779296875,33.29999923706055,31.25,31.25,11029577
2025-09-12,31.059999465942383,33.0,30.899999618530273,32.099998474121094,3218565
2025-09-15,31.239999771118164,31.440000534057617,31.010000228881836,31.399999618530273,666827
2025-09-16,31.6299991607666,31.899999618530273,30.940000534057617,31.239999771118164,1303933
2025-09-17,31.760000228881836,32.95000076293945,31.200000762939453,31.6299991607666,6013495
2025-09-18,31.979999542236328,32.5,31.760000228881836,31.760000228881836,1999578
2025-09-19,32.88999938964844,33.25,31.90999984741211,31.90999984741211,6769422
2025-09-22,32.38999938964844,33.61000061035156,32.29999923706055,33.0099983215332,4196777
2025-09-23,32.38999938964844,32.38999938964844,32.38999938964844,32.38999938964844,0
2025-09-24,31.559999465942383,32.43000030517578,31.5,32.41999816894531,3471015
2025-09-25,31.200000762939453,31.799999237060547,31.149999618530273,31.700000762939453,2024282
2025-09-26,30.479999542236328,31.360000610351562,30.209999084472656,31.25,3545574
2025-09-29,31.200000762939453,31.549999237060547,29.850000381469727,30.25,8672327
2025-09-30,30.739999771118164,31.739999771118164,30.5,31.739999771118164,3735728
2025-10-01,30.790000915527344,31.200000762939453,30.399999618530273,30.65999984741211,1426780
2025-10-02,31.239999771118164,31.850000381469727,30.510000228881836,30.520000457763672,3764346
2025-10-03,30.8700008392334,31.5,30.75,31.110000610351562,2426608
2025-10-06,30.25,31.049999237060547,30.100000381469727,31.010000228881836,1362448
2025-10-07,30.25,30.25,30.25,30.25,0
2025-10-08,30.479999542236328,30.8799991607666,30.0,30.09000015258789,2175813
2025-10-09,30.639999389648438,31.100000381469727,30.420000076293945,30.479999542236328,3352557
2025-10-10,30.149999618530273,30.899999618530273,30.0,30.899999618530273,1208086
2025-10-13,29.84000015258789,30.299999237060547,29.520000457763672,30.0,2709990
2025-10-14,30.260000228881836,30.450000762939453,29.649999618530273,30.139999389648438,999471
2025-10-15,30.1299991607666,30.440000534057617,30.0,30.299999237060547,1165373
2025-10-16,30.010000228881836,30.329999923706055,30.0,30.329999923706055,776876
2025-10-17,29.989999771118164,30.25,29.809999465942383,30.010000228881836,715600
2025-10-20,30.200000762939453,30.290000915527344,30.0,30.0,829060
2025-10-21,29.719999313354492,30.200000762939453,29.6299991607666,30.200000762939453,1445903
2025-10-22,29.75,30.700000762939453,29.709999084472656,30.100000381469727,1945155
2025-10-23,28.790000915527344,29.899999618530273,27.75,29.899999618530273,2989506
2025-10-24,28.479999542236328,28.989999771118164,28.399999618530273,28.790000915527344,946462
2025-10-27,28.350000381469727,28.940000534057617,28.299999237060547,28.600000381469727,475889
2025-10-28,28.079999923706055,28.850000381469727,28.0,28.350000381469727,1428159
2025-10-29,27.809999465942383,28.200000762939453,27.5,28.0,840606
2025-10-30,27.299999237060547,28.09000015258789,27.219999313354492,28.0,834911
2025-10-31,27.469999313354492,27.75,27.010000228881836,27.5,679877
2025-11-03,28.170000076293945,28.809999465942383,27.40999984741211,27.600000381469727,1127761
2025-11-04,28.399999618530273,28.899999618530273,28.149999618530273,28.209999084472656,1244162
2025-11-05,27.920000076293945,28.559999465942383,27.860000610351562,28.489999771118164,602364
2025-11-06,28.09000015258789,28.5,27.90999984741211,28.0,712895
2025-11-07,28.100000381469727,28.34000015258789,28.020000457763672,28.200000762939453,375344
2025-11-10,28.290000915527344,28.399999618530273,28.049999237060547,28.200000762939453,515386
2025-11-11,27.639999389648438,28.469999313354492,27.420000076293945,28.290000915527344,1151611
2025-11-12,27.84000015258789,28.0,27.639999389648438,27.65999984741211,321665
2025-11-13,27.84000015258789,28.0,27.709999084472656,27.84000015258789,330873
2025-11-14,27.969999313354492,28.149999618530273,27.84000015258789,27.899999618530273,503957
2025-11-17,29.43000030517578,30.770000457763672,27.299999237060547,28.190000534057617,9633768
2025-11-18,29.1299991607666,29.8799991607666,28.829999923706055,29.700000762939453,5527477
2025-11-19,29.75,30.299999237060547,29.059999465942383,29.200000762939453,3047629
2025-11-20,29.81999969482422,30.3799991607666,29.399999618530273,29.899999618530273,1483967
2025-11-21,29.43000030517578,30.149999618530273,29.200000762939453,30.0,716798
2025-11-24,28.979999542236328,29.780000686645508,28.899999618530273,29.780000686645508,842995
2025-11-25,29.040000915527344,29.700000762939453,28.700000762939453,28.979999542236328,2492725
2025-11-26,28.780000686645508,29.299999237060547,28.700000762939453,29.299999237060547,448355
2025-11-27,29.059999465942383,29.209999084472656,28.829999923706055,29.010000228881836,458239
2025-11-28,28.940000534057617,29.139999389648438,28.75,29.139999389648438,701104
2025-12-01,29.0,29.239999771118164,28.739999771118164,29.0,2348253
2025-12-02,29.93000030517578,30.799999237060547,28.90999984741211,28.90999984741211,3759760
2025-12-03,30.200000762939453,30.799999237060547,29.799999237060547,30.020000457763672,1603450
2025-12-04,32.83000183105469,33.220001220703125,30.100000381469727,30.5,15093969
2025-12-05,31.68000030517578,33.15999984741211,31.600000381469727,32.68000030517578,4990626
2025-12-08,32.41999816894531,32.849998474121094,31.549999237060547,31.639999389648438,4925769
2025-12-09,34.369998931884766,35.150001525878906,32.400001525878906,32.75,18692394
2025-12-10,35.04999923706055,35.5,33.70000076293945,34.47999954223633,10682471
2025-12-11,37.91999816894531,38.5,34.34000015258789,34.97999954223633,16734562
2025-12-12,38.58000183105469,39.2599983215332,36.709999084472656,37.91999816894531,13288187
2025-12-15,36.56999969482422,38.45000076293945,36.29999923706055,38.45000076293945,5138224
2025-12-16,35.61000061035156,37.27000045776367,35.45000076293945,37.0,4229661
2025-12-17,35.52000045776367,37.150001525878906,35.400001525878906,35.70000076293945,5000671
2025-12-18,35.77000045776367,36.47999954223633,35.209999084472656,35.7400016784668,2400142
2025-12-19,35.11000061035156,36.20000076293945,34.900001525878906,36.0099983215332,1169085
2025-12-22,34.61000061035156,35.4900016784668,34.5,35.11000061035156,2480025
2025-12-23,34.33000183105469,34.959999084472656,33.52000045776367,34.5099983215332,2600862
2025-12-24,33.40999984741211,35.25,33.150001525878906,35.25,4156443
2025-12-26,33.08000183105469,33.70000076293945,32.81999969482422,33.15999984741211,1769752
2025-12-29,32.619998931884766,33.599998474121094,32.5,33.099998474121094,1488508
2025-12-30,33.150001525878906,33.599998474121094,32.45000076293945,32.849998474121094,1269137
2025-12-31,32.599998474121094,33.439998626708984,32.5,33.439998626708984,1436636
2026-01-01,32.599998474121094,32.599998474121094,32.599998474121094,32.599998474121094,0
2026-01-02,34.02000045776367,34.70000076293945,32.79999923706055,33.0099983215332,6772418
2026-01-05,33.2599983215332,34.70000076293945,33.20000076293945,34.290000915527344,3528327
2026-01-06,32.869998931884766,33.4900016784668,32.75,33.4900016784668,1528605
2026-01-07,32.79999923706055,33.34000015258789,32.68000030517578,32.869998931884766,2083470
2026-01-08,32.720001220703125,34.09000015258789,32.5,32.79999923706055,8492540
2026-01-09,32.43000030517578,32.900001525878906,32.25,32.79999923706055,1222985
2026-01-12,32.27000045776367,32.93000030517578,32.0099983215332,32.5,2043306
2026-01-13,31.610000610351562,32.5,31.5,32.5,2686587
2026-01-14,31.09000015258789,32.099998474121094,31.010000228881836,31.84000015258789,2374938
2026-01-15,31.030000686645508,31.3700008392334,30.75,31.280000686645508,930433
2026-01-16,31.860000610351562,32.18000030517578,31.260000228881836,31.600000381469727,1522993
2026-01-19,32.54999923706055,32.7400016784668,31.850000381469727,31.989999771118164,1540455
2026-01-20,32.52000045776367,32.97999954223633,32.400001525878906,32.72999954223633,2368244
2026-01-21,32.52000045776367,32.880001068115234,31.850000381469727,32.7400016784668,2095639
2026-01-22,32.65999984741211,33.0,32.209999084472656,32.529998779296875,2417131
2026-01-23,32.400001525878906,32.869998931884766,32.34000015258789,32.4900016784668,1051047
2026-01-26,31.979999542236328,32.47999954223633,31.850000381469727,32.20000076293945,739838
2026-01-27,31.469999313354492,31.979999542236328,31.25,31.979999542236328,574245
2026-01-28,31.729999542236328,32.849998474121094,31.260000228881836,31.5,8153210
2026-01-29,31.469999313354492,31.950000762939453,31.15999984741211,31.950000762939453,1281347
2026-01-30,31.5,31.899999618530273,31.309999465942383,31.469999313354492,1120432
2026-02-02,31.579999923706055,31.940000534057617,31.5,31.5,560544
2026-02-03,31.780000686645508,31.969999313354492,31.200000762939453,31.790000915527344,704726
2026-02-04,31.329999923706055,32.4900016784668,31.190000534057617,31.889999389648438,1215233
2026-02-06,30.889999389648438,31.68000030517578,30.799999237060547,31.450000762939453,773307
2026-02-09,32.279998779296875,32.790000915527344,31.059999465942383,31.399999618530273,3226621
2026-02-10,32.9900016784668,33.189998626708984,32.27000045776367,32.400001525878906,4507251
2026-02-11,36.290000915527344,36.290000915527344,33.11000061035156,33.20000076293945,18435076
2026-02-12,38.47999954223633,39.31999969482422,36.150001525878906,38.38999938964844,27131007
2026-02-13,37.15999984741211,39.060001373291016,36.61000061035156,38.9900016784668,9918041
2026-02-16,34.119998931884766,35.25,33.560001373291016,34.70000076293945,10406848
2026-02-17,37.15999984741211,37.529998779296875,34.060001373291016,34.25,8328238
2026-02-18,36.06999969482422,38.29999923706055,35.599998474121094,38.0,6034384
2026-02-19,33.83000183105469,36.5,33.33000183105469,36.119998931884766,2180907
2026-02-20,33.75,34.790000915527344,32.0,34.790000915527344,2696263
2026-02-23,33.16999816894531,34.25,32.5,32.86000061035156,2119545
2026-02-24,33.15999984741211,33.83000183105469,32.0099983215332,33.22999954223633,4834790
2026-02-25,32.63999938964844,33.7599983215332,32.5,33.33000183105469,1445991
2026-02-26,34.25,34.5,32.02000045776367,32.63999938964844,934993
2026-02-27,33.880001068115234,35.0,32.79999923706055,34.0,897331
2026-03-02,30.59000015258789,32.31999969482422,30.489999771118164,30.510000228881836,1253799
2026-03-03,29.65999984741211,31.0,28.610000610351562,28.610000610351562,1189455
2026-03-04,28.079999923706055,30.0,27.709999084472656,30.0,2347972
2026-03-05,30.5,30.889999389648438,28.010000228881836,28.149999618530273,2472652
2026-03-06,32.43000030517578,33.25,30.0,31.0,3430449
2026-03-09,30.18000030517578,31.5,29.190000534057617,31.5,2533198
2026-03-10,33.20000076293945,33.20000076293945,31.610000610351562,33.20000076293945,1706791
2026-03-11,33.15999984741211,35.880001068115234,32.849998474121094,34.5,3367850
2026-03-12,32.43000030517578,34.0,31.1200008392334,33.189998626708984,1592339
2026-03-13,33.189998626708984,33.45000076293945,32.099998474121094,32.439998626708984,882308
2026-03-16,31.860000610351562,32.95000076293945,31.0,32.52000045776367,1608583
2026-03-17,30.989999771118164,31.84000015258789,30.760000228881836,31.5,1507674
2026-03-18,32.40999984741211,32.54999923706055,30.100000381469727,30.799999237060547,1962917
2026-03-19,32.060001373291016,32.400001525878906,31.5,32.0,682868
2026-03-20,32.060001373291016,32.060001373291016,32.060001373291016,32.060001373291016,0
2026-03-23,32.060001373291016,32.060001373291016,32.060001373291016,32.060001373291016,0
2026-03-24,31.889999389648438,33.0,31.520000457763672,32.79999923706055,424831
2026-03-25,32.93000030517578,33.02000045776367,31.700000762939453,32.0,6167100
2026-03-26,30.530000686645508,32.900001525878906,30.350000381469727,32.900001525878906,1438758
2026-03-27,31.110000610351562,32.0,30.149999618530273,30.350000381469727,1343384
2026-03-30,29.459999084472656,31.329999923706055,29.0,31.329999923706055,1511698
2026-03-31,31.209999084472656,31.5,29.6200008392334,29.899999618530273,1403314
2026-04-01,34.33000183105469,34.33000183105469,31.25,31.510000228881836,5130793
2026-04-02,36.939998626708984,37.7599983215332,33.099998474121094,34.0,6249837
2026-04-03,36.04999923706055,36.900001525878906,35.5,36.0099983215332,1293166
2026-04-06,34.77000045776367,36.45000076293945,34.5,36.439998626708984,742350
2026-04-07,33.97999954223633,34.900001525878906,33.650001525878906,34.0,2869415
2026-04-08,36.83000183105469,37.18000030517578,35.0,35.0,3433766
2026-04-09,35.25,37.45000076293945,35.15999984741211,36.0,1109340
2026-04-10,35.58000183105469,36.0,35.099998474121094,35.29999923706055,930129
2026-04-13,34.97999954223633,35.2400016784668,34.029998779296875,34.5,533856
2026-04-14,35.45000076293945,35.810001373291016,34.599998474121094,35.810001373291016,525315
2026-04-15,35.349998474121094,36.400001525878906,34.91999816894531,35.9900016784668,2559680
2026-04-16,35.439998626708984,35.9900016784668,34.95000076293945,35.400001525878906,1583883
2026-04-17,35.70000076293945,36.400001525878906,35.349998474121094,35.959999084472656,1205993
2026-04-20,34.83000183105469,35.70000076293945,34.25,35.70000076293945,765123
2026-04-21,34.09000015258789,34.86000061035156,33.83000183105469,34.83000183105469,612889
2026-04-22,34.9900016784668,35.900001525878906,33.11000061035156,34.0,5319731
2026-04-23,33.75,35.650001525878906,33.5,35.25,2217653
2026-04-24,32.869998931884766,34.0,32.52000045776367,34.0,2276001
2026-04-27,32.119998931884766,33.5,31.899999618530273,33.38999938964844,1558488
2026-04-28,31.75,32.18000030517578,31.049999237060547,32.08000183105469,820987
2026-04-29,31.75,31.75,31.75,31.75,0
2026-04-30,32.599998474121094,33.599998474121094,31.1200008392334,31.799999237060547,2089542
2026-05-04,32.439998626708984,33.349998474121094,32.25,32.900001525878906,1389173
2026-05-05,33.25,33.5,32.0,32.0099983215332,1419918
2026-05-06,33.25,33.25,33.25,33.25,0
2026-05-07,35.09000015258789,35.29999923706055,33.5,33.9900016784668,3669068
2026-05-08,34.79999923706055,35.4900016784668,34.0099983215332,34.58000183105469,2124650
2026-05-11,34.5,34.779998779296875,33.81999969482422,34.04999923706055,460358
2026-05-12,34.400001525878906,35.25,34.31999969482422,34.95000076293945,758597
2026-05-13,34.40999984741211,34.54999923706055,34.04999923706055,34.16999816894531,395876
2026-05-14,33.47999954223633,34.70000076293945,33.20000076293945,34.22999954223633,1038525
2026-05-15,33.45000076293945,33.900001525878906,33.150001525878906,33.70000076293945,320564
2026-05-18,33.29999923706055,33.66999816894531,32.810001373291016,33.66999816894531,597315
2026-05-19,32.5,33.77000045776367,32.209999084472656,33.29999923706055,1797892
2026-05-20,32.27000045776367,32.900001525878906,31.989999771118164,32.599998474121094,701388
2026-05-21,32.83000183105469,33.20000076293945,32.31999969482422,32.650001525878906,661464
2026-05-22,33.52000045776367,34.0,32.54999923706055,33.0,2032305
2026-05-25,33.68000030517578,34.25,33.11000061035156,33.619998931884766,565454
2026-05-26,33.68000030517578,33.68000030517578,33.68000030517578,33.68000030517578,0
2026-05-27,33.68000030517578,33.68000030517578,33.68000030517578,33.68000030517578,0
2026-05-28,33.68000030517578,33.68000030517578,33.68000030517578,33.68000030517578,0
2026-05-29,34.11000061035156,34.72999954223633,33.66999816894531,33.849998474121094,1112408
2026-06-01,33.08000183105469,34.13999938964844,32.5,34.11000061035156,976473
2026-06-02,33.31999969482422,33.599998474121094,33.0,33.400001525878906,370214
2026-06-03,33.31999969482422,33.31999969482422,33.31999969482422,33.31999969482422,0
2026-06-04,33.68000030517578,33.9900016784668,33.34000015258789,33.689998626708984,703487
2026-06-05,33.349998474121094,33.709999084472656,33.22999954223633,33.310001373291016,367888
2026-06-08,32.880001068115234,33.38999938964844,32.560001373291016,33.02000045776367,203719
2026-06-09,33.08000183105469,33.47999954223633,33.0,33.400001525878906,179589
2026-06-10,33.06999969482422,33.5,32.95000076293945,33.0099983215332,235463
2026-06-11,33.349998474121094,33.47999954223633,32.849998474121094,33.0,291559
2026-06-12,33.119998931884766,33.75,32.88999938964844,33.52000045776367,689194
2026-06-15,33.90999984741211,34.09000015258789,33.029998779296875,33.65999984741211,820691
2026-06-16,34.43000030517578,34.5,33.599998474121094,34.099998474121094,1062588
2026-06-17,34.150001525878906,34.79999923706055,34.0,34.4900016784668,719445
2026-06-18,34.2400016784668,34.45000076293945,34.0099983215332,34.0099983215332,614490
2026-06-19,34.77000045776367,35.599998474121094,34.25,34.54999923706055,4295420
2026-06-22,34.61000061035156,35.0,34.400001525878906,35.0,526161
2026-06-23,34.209999084472656,34.9900016784668,34.0099983215332,34.400001525878906,359833
2026-06-24,34.31999969482422,34.459999084472656,33.880001068115234,34.20000076293945,365346
2026-06-25,34.31999969482422,34.31999969482422,34.31999969482422,34.31999969482422,0
2026-06-26,34.31999969482422,34.31999969482422,34.31999969482422,34.31999969482422,0
2026-06-29,34.099998474121094,34.599998474121094,33.75,34.599998474121094,582659
2026-06-30,33.810001373291016,34.310001373291016,33.54999923706055,33.79999923706055,469390
2026-07-01,35.130001068115234,35.45000076293945,33.5,34.099998474121094,2283968
2026-07-02,34.779998779296875,35.400001525878906,34.70000076293945,35.0,1188726
2026-07-03,34.90999984741211,35.2400016784668,34.5099983215332,34.599998474121094,1279673
2026-07-06,34.779998779296875,35.20000076293945,34.70000076293945,34.91999816894531,1151808
2026-07-07,34.45000076293945,34.9900016784668,34.25,34.75,263452
2026-07-08,33.869998931884766,34.939998626708984,33.20000076293945,34.0099983215332,1867388
2026-07-09,34.75,35.0,33.22999954223633,34.0,1801601
2026-07-10,35.40999984741211,35.900001525878906,34.75,35.0,3154104
2026-07-13,36.060001373291016,36.86000061035156,34.45000076293945,35.0,6155505
2026-07-14,34.40999984741211,35.97999954223633,34.02000045776367,35.97999954223633,1211849
2026-07-15,34.65999984741211,35.5,34.5,34.5,970531
2026-07-16,33.279998779296875,35.38999938964844,32.900001525878906,34.70000076293945,2566781
2026-07-17,32.68000030517578,33.68000030517578,32.5099983215332,33.68000030517578,503053
2026-07-20,33.27000045776367,33.56999969482422,32.5,32.68000030517578,1611177
2026-07-21,32.720001220703125,33.599998474121094,32.5,33.27000045776367,1327907
2026-07-22,32.709999084472656,33.0,32.29999923706055,32.599998474121094,553488
2026-07-23,32.68000030517578,32.970001220703125,32.099998474121094,32.2599983215332,738982
2026-07-24,32.72999954223633,32.88999938964844,32.119998931884766,32.88999938964844,607272
2026-07-27,33.77000045776367,34.09000015258789,33.0,33.0099983215332,4529495
2026-07-28,34.13999938964844,34.599998474121094,33.25,34.099998474121094,906330
2026-07-29,33.7400016784668,34.0,33.5099983215332,34.0,150470
2026-07-30,33.5099983215332,33.900001525878906,33.099998474121094,33.7400016784668,379772
2026-07-31,33.7400016784668,33.880001068115234,33.20000076293945,33.79999923706055,457014
2026-08-03,34.84000015258789,35.0,33.5,33.560001373291016,1004047
2026-08-04,34.70000076293945,35.7599983215332,34.0099983215332,34.70000076293945,2284752
2026-08-05,34.540000915527344,35.279998779296875,34.29999923706055,35.18000030517578,782126
2026-08-06,35.34000015258789,35.5,34.5,34.5,1664382
2026-08-07,34.869998931884766,35.54999923706055,34.81999969482422,35.0,265329
2026-08-10,34.75,35.38999938964844,34.560001373291016,34.79999923706055,361135
2026-08-11,34.720001220703125,35.54999923706055,34.599998474121094,34.779998779296875,711004
2026-08-12,34.900001525878906,34.9900016784668,34.70000076293945,34.880001068115234,188663
2026-08-13,34.540000915527344,35.0,34.40999984741211,35.0,277475
2026-08-14,34.540000915527344,34.540000915527344,34.540000915527344,34.540000915527344,0
2026-08-17,34.7400016784668,35.5,34.599998474121094,35.5,1694996
2026-08-18,34.7400016784668,34.7400016784668,34.7400016784668,34.7400016784668,0
2026-08-19,33.33000183105469,34.20000076293945,33.279998779296875,34.0,930407
2026-08-20,33.83000183105469,35.20000076293945,33.70000076293945,35.20000076293945,382126
2026-08-21,32.86000061035156,33.20000076293945,32.790000915527344,32.86000061035156,137799
2026-08-24,33.11000061035156,33.279998779296875,32.5,33.0,247237
2026-08-25,33.13999938964844,33.68000030517578,32.900001525878906,33.29999923706055,370253
2026-08-26,33.13999938964844,33.13999938964844,33.13999938964844,33.13999938964844,0
2026-08-27,34.34000015258789,34.47999954223633,33.0,33.47999954223633,1289752
2026-08-28,35.310001373291016,35.5,33.79999923706055,34.0,1988456
2026-08-31,35.599998474121094,36.25,34.849998474121094,35.29999923706055,2589637
2026-09-01,35.63999938964844,37.0,35.40999984741211,36.5,3332693
2026-09-02,35.31999969482422,35.72999954223633,34.79999923706055,35.47999954223633,942944
2026-09-03,35.119998931884766,35.45000076293945,34.54999923706055,35.060001373291016,447652
2026-09-04,34.68000030517578,35.349998474121094,34.25,35.349998474121094,452877
2026-09-08,33.86000061035156,34.34000015258789,33.5,34.060001373291016,433972
2026-09-09,33.54999923706055,33.900001525878906,33.40999984741211,33.88999938964844,179577
