Date,Close,High,Low,Open,Volume
2021-09-30,18.4948673248291,19.048904901878014,17.77275207959769,17.77275207959769,16000
2021-10-01,18.638044357299805,18.799897921507174,17.80387662726547,17.810101901352247,11500
2021-10-04,18.20850944519043,18.364137731046757,18.059106433250307,18.364137731046757,9500
2021-10-05,18.084007263183594,18.644270070698813,17.96573061479674,17.96573061479674,38000
2021-10-06,18.23341178894043,18.507316735904777,18.052882395061967,18.052882395061967,18000
2021-10-07,18.133808135986328,18.364138531527463,17.592222342514706,17.592222342514706,9500
2021-10-08,18.4761905670166,18.582017850497678,17.9283783275794,18.48864111503781,12000
2021-10-11,18.05910873413086,18.482417915569116,17.76652794688959,17.76652794688959,6500
2021-10-12,18.28943634033203,18.58201828898665,17.928378750644118,17.928378750644118,12000
2021-10-13,17.95950698852539,18.575794945992982,17.92838061450192,18.575794945992982,9000
2021-10-14,18.102684020996094,18.10890929555113,17.89725471007874,17.959506268279394,15500
2021-10-15,18.40771484375,18.42639066690139,18.177385628297927,18.177385628297927,6000
2021-10-18,18.04665756225586,18.04665756225586,17.803877793713536,17.803877793713536,18500
2021-10-19,18.04665756225586,18.04665756225586,18.04665756225586,18.04665756225586,0
2021-10-20,18.20850944519043,18.20850944519043,17.872351777812955,17.99062960752165,11500
2021-10-21,18.737646102905273,18.98042585210688,18.270761239148577,18.270761239148577,515000
2021-10-22,18.681621551513672,18.737647835332467,18.55089316015324,18.737647835332467,36500
2021-10-25,18.681621551513672,18.67539627693939,18.208511370015906,18.67539627693939,2500
2021-10-26,18.488643646240234,18.51976883320487,18.23963740112405,18.23963740112405,8000
2021-10-27,18.488643646240234,18.488643646240234,18.488643646240234,18.488643646240234,4000
2021-10-28,18.656721115112305,18.675396939497716,18.42639188444103,18.488643445042644,5000
2021-10-29,18.831022262573242,18.986650545735003,18.05288084676443,18.986650545735003,6500
2021-11-01,18.69407081604004,19.11115468505777,18.67539499360057,18.862148468596722,1134500
2021-11-02,18.625593185424805,18.98665075892012,18.488640722150574,18.494864808679306,18500
2021-11-03,18.831022262573242,18.924398995000384,18.6816192532199,18.6816192532199,3865000
2021-11-04,19.017776489257812,19.297907885110554,18.8247977428646,18.8247977428646,757000
2021-11-05,19.17340660095215,20.169429172571412,18.986653110867117,19.235658160097067,629500
2021-11-08,18.986650466918945,19.297907031950402,18.986650466918945,19.297907031950402,422500
2021-11-09,18.538442611694336,18.687845629864483,18.208510204475072,18.687845629864483,206500
2021-11-10,18.669170379638672,18.831023951122013,18.301887503455262,18.64427046952183,13000
2021-11-11,18.021757125854492,18.675395493175778,17.754076267143027,18.675395493175778,93500
2021-11-12,18.638044357299805,18.86214828767571,18.05288165398849,18.05288165398849,10500
2021-11-15,18.644271850585938,18.644271850585938,18.364140420085405,18.426391981013275,70500
2021-11-16,18.88705062866211,18.986652645914997,18.675396045162294,18.675396045162294,582500
2021-11-17,19.291683197021484,19.297908471268368,18.849699411639623,18.862148772783737,1070500
2021-11-18,19.316587448120117,19.4535399418649,18.675398344190306,18.70029944524382,8025500
2021-11-19,20.760812759399414,20.760812759399414,19.609164373082212,19.76479266175747,1617500
2021-11-22,20.823068618774414,21.321078742192274,20.76081586915994,20.76081586915994,172000
2021-11-23,20.760812759399414,20.791940316893847,20.237901614462587,20.542934105133746,942500
2021-11-24,21.345975875854492,21.756834448172203,20.542933365283787,20.791939568075975,606500
2021-11-25,20.74836540222168,21.227698460461728,20.54293491323367,21.227698460461728,55500
2021-11-26,21.17789649963379,21.314850145111492,20.748363304316104,20.823064213349816,320000
2021-11-29,21.258825302124023,21.538954323550865,21.040944271937406,21.07206945490714,195500
2021-11-30,22.404251098632812,22.441600370801464,21.16544878655217,21.258826716372603,1265000
2021-12-01,21.968488693237305,22.404248354527837,21.787959317535652,22.398021893462754,118500
2021-12-02,20.941341400146484,22.404248686536455,20.32505472872065,21.78795964041148,84500
2021-12-03,22.04319190979004,22.50385271414761,20.542935220493487,20.542935220493487,71000
2021-12-06,21.20279884338379,21.476703775777345,21.196572382023014,21.215249391406118,15000
2021-12-07,21.47670555114746,22.080544119300928,20.542935744575832,20.605186115134174,59000
2021-12-08,21.613656997680664,21.781735830576583,20.854190206380387,20.92266703178604,21500
2021-12-09,22.117895126342773,22.410477115251318,21.47670723544918,21.756838674329742,42500
2021-12-10,21.7879638671875,22.11789513155818,21.489157790544308,22.11789513155818,22500
2021-12-13,21.638559341430664,22.34822643515357,21.258828256902067,21.8751150393383,7002000
2021-12-14,22.068090438842773,22.099215619705358,21.787959061681338,22.03696525798019,108000
2021-12-15,22.02451515197754,22.398022079210296,21.787959498223923,21.787959498223923,8784500
2021-12-16,21.514055252075195,22.20504285168185,21.19657221672965,21.800410730258047,33500
2021-12-17,22.061866760253906,22.379349819310285,21.227698984557826,21.227698984557826,561000
2021-12-20,22.329547882080078,22.41047526322422,22.06186701534895,22.06186701534895,6126500
2021-12-21,22.12411880493164,22.759082528266518,22.09921770800887,22.72173088288236,4901000
2021-12-22,21.619884490966797,22.6906080212306,21.570084666724053,22.559880811056406,60000
2021-12-23,21.619884490966797,21.619884490966797,21.619884490966797,21.619884490966797,0
2021-12-24,22.72795295715332,23.032985430697728,22.092991664744964,22.254844031011995,2906000
2021-12-27,22.759082794189453,23.001862555274926,22.410474557295323,22.59722803699958,18500
2021-12-28,22.410476684570312,22.715509217644772,22.11167061373999,22.441601871692306,16000
2021-12-29,22.410476684570312,22.410476684570312,22.40425259702574,22.410476684570312,10000
2021-12-30,21.962265014648438,22.10544276619661,21.912465193314006,21.912465193314006,3917000
2021-12-31,22.404251098632812,22.56610348566224,22.005840656138453,22.56610348566224,2500
2022-01-03,22.404251098632812,22.410475185761122,22.036968215878197,22.285972070900346,15000
2022-01-04,22.22372055053711,22.285970917395765,21.91246396684527,21.943589150274597,14000
2022-01-05,22.099218368530273,22.099218368530273,21.94359007016034,22.099218368530273,15000
2022-01-06,21.900012969970703,22.348223201210335,21.825312056330507,22.348223201210335,13500
2022-01-07,22.192596435546875,22.398024555829984,21.974715391653373,22.149020701708054,9000
2022-01-10,22.211271286010742,22.317097390726936,22.036968348972575,22.036968348972575,14500
2022-01-11,22.068090438842773,22.404248091436493,21.9560378879782,22.16146598143053,12500
2022-01-12,21.893787384033203,22.39179982741254,21.819086467406034,22.223720983976914,17500
2022-01-13,21.850215911865234,21.850215911865238,21.632337206428605,21.794189619795848,8000
2022-01-14,21.82530975341797,21.850208472204677,21.78795811318944,21.850208472204677,10000
2022-01-17,22.00583839416504,22.41047288219545,21.53895354245263,21.53895354245263,341500
2022-01-18,22.416698455810547,22.87735925159471,21.78173710509352,21.831536924403007,20500
2022-01-19,21.980941772460938,22.410475022160572,21.943590125865562,22.410475022160572,6500
2022-01-20,21.7879638671875,22.03697011840663,21.7879638671875,21.980943830617303,12500
2022-01-21,21.900012969970703,22.099216989477377,21.881338335235462,22.099216989477377,18500
2022-01-24,21.775514602661133,21.906241823653755,21.707037760798404,21.707037760798404,2500
2022-01-25,21.91246223449707,22.080541061366656,21.825310777905234,21.825310777905234,8500
2022-01-26,21.514055252075195,21.514055252075195,21.28995013881933,21.50160470414996,26500
2022-01-27,21.862661361694336,22.37312195935565,21.352200764033025,21.358427225421146,26000
2022-01-28,22.161468505859375,22.70928077529908,21.78796154356374,22.161468505859375,19500
2022-01-31,22.304649353027344,22.37312381106935,22.099218854803024,22.161469225641007,22500
2022-02-01,22.348222732543945,22.348222732543945,21.85643678076921,22.298420541362066,22000
2022-02-02,22.31087303161621,22.522527613168183,22.130343634913185,22.522527613168183,20500
2022-02-03,22.379352569580078,22.56610607595842,22.149023324203444,22.56610607595842,34500
2022-02-04,22.23617172241211,22.690606062381868,22.173918979108436,22.690606062381868,13500
2022-02-07,22.70305824279785,22.7217328797815,22.22372277105496,22.22372277105496,93000
2022-02-08,23.014314651489258,23.306894251977482,22.81511060978257,22.871136894931297,764500
2022-02-09,23.250869750976562,23.344247691622925,22.90848792643936,23.09524143303241,29500
2022-02-10,22.117895126342773,22.72173374185203,22.092996400986415,22.25484880195096,504000
2022-02-11,22.31087303161621,22.391800411982977,21.943590151120127,22.391800411982977,156000
2022-02-14,22.304649353027344,22.31087344023137,21.812863349429215,22.31087344023137,6500
2022-02-15,22.273521423339844,22.273521423339844,21.918689091112082,21.918689091112082,1000
2022-02-16,22.31709861755371,23.032989790656643,21.68213720495229,22.26107233118305,21000
2022-02-17,22.55988121032715,22.55988121032715,22.410476985555622,22.410476985555622,12000
2022-02-18,22.11166763305664,22.192595008424345,21.943588795615675,21.980940439946746,12000
2022-02-21,22.410476684570312,22.410476684570312,22.099220063951282,22.099220063951282,46000
2022-02-22,22.13034439086914,22.348225441653188,21.78796259643646,22.086768655652225,165000
2022-02-23,23.095239639282227,23.587025655717866,22.41047604339172,22.647031733210046,3066500
2022-02-24,22.379352569580078,22.908487900101992,21.887566515514028,22.659484016497426,20500
2022-02-25,22.099218368530273,22.217495020399646,22.099218368530273,22.111668917363794,19500
2022-02-28,22.721729278564453,22.721729278564453,21.476703016725306,21.48292710316688,35000
2022-03-01,23.032991409301758,23.281997671714635,22.721734768635518,23.032991409301758,10166000
2022-03-02,23.5060977935791,23.96675861441218,22.90848568117357,22.90848568117357,7472500
2022-03-03,23.51854705810547,24.091260415568712,23.344244128516326,24.091260415568712,2184500
2022-03-04,24.813379287719727,25.280264239571856,23.655504227174504,23.655504227174504,229500
2022-03-07,23.854705810546875,24.271790892476957,23.06411375573263,23.99165947546413,224500
2022-03-08,23.829805374145508,24.24689046765729,23.811130737392563,23.8422559235473,34500
2022-03-09,23.655502319335938,23.87338099608161,23.655502319335938,23.848482272096014,12500
2022-03-10,23.910734176635742,24.34026747033592,23.65550383550382,24.278017094332867,256000
2022-03-11,23.93563461303711,23.966759800175346,23.904509425898873,23.966759800175346,6500
2022-03-14,24.004108428955078,24.433641656690515,23.93563160104814,23.93563160104814,43500
2022-03-15,24.103713989257812,24.128612714681722,23.966760313278062,23.966760313278062,1037500
2022-03-16,24.047685623168945,24.215764472428194,23.93563305699611,23.972982329254116,93500
2022-03-17,24.228212356567383,24.27801455191419,23.84225484142714,24.02900832457891,63500
2022-03-18,23.692852020263672,24.18463561803147,23.34424379142006,23.87337903414587,21000
2022-03-21,24.17218589782715,24.278011989721637,22.510074611379583,22.510074611379583,8500
2022-03-22,24.869403839111328,25.983703082928244,23.225969303383334,24.271791712428332,64500
2022-03-23,24.869403839111328,24.869403839111328,24.869403839111328,24.869403839111328,0
2022-03-24,24.234437942504883,24.28423776135255,24.029007456172607,24.2717895876651,77000
2022-03-25,24.919200897216797,25.211782840704032,24.495891760779653,24.495891760779653,3481000
2022-03-28,26.00860023498535,26.145553896250455,24.346491162865117,24.377616347325546,107000
2022-03-29,25.865421295166016,26.11442750877718,25.30516087658977,25.834296112139434,40500
2022-03-30,25.2242374420166,25.51681943251808,25.031257477581644,25.031257477581644,15000
2022-03-31,25.989925384521484,26.14555368023718,24.9005273145116,25.08728079443057,208000
2022-04-01,25.952573776245117,27.701836677514777,25.896547494718348,26.425685125737672,192500
2022-04-04,24.925432205200195,25.17443609142206,24.278017826563897,24.433646145964946,78000
2022-04-05,24.88185691833496,26.139334046932422,24.657751754369112,26.139334046932422,246000
2022-04-06,25.39853858947754,26.0833045478967,25.05615679761768,25.05615679761768,59500
2022-04-07,25.952573776245117,26.612438605927117,25.6475436460322,26.145553718103834,261823
2022-04-08,26.114431381225586,26.14555656886765,25.523043317227945,25.890326230683353,571225
2022-04-11,26.12065315246582,26.45681084846833,26.052176320906117,26.145554250251056,507616
2022-04-12,26.04595184326172,26.145553858209784,25.211784077559436,26.11442867379464,96891
2022-04-13,25.790721893310547,26.14555422495904,25.535491578007257,26.14555422495904,72776
2022-04-14,25.666217803955078,25.765819816515663,25.52304005931794,25.52304005931794,61713
2022-04-15,25.734695434570312,25.98370166107882,25.535491403243253,25.535491403243253,54579
2022-04-18,25.554166793823242,25.98992651573351,23.8111302808816,25.74092028187066,443556
2022-04-19,25.828073501586914,25.98992588739518,25.367412692487513,25.37363677956886,1783914
2022-04-20,26.257606506347656,26.301182239608927,25.828073260758238,25.828073260758238,405945
2022-04-21,26.474836349487305,27.14689102700336,25.456573412968563,26.135415370647724,468301
2022-04-22,26.515565872192383,27.017907434204712,25.965702994185666,27.017907434204712,269806
2022-04-25,27.493101119995117,27.527042702227913,26.610607034058766,26.80068196622381,186811
2022-04-26,28.02938461303711,28.511361773907176,27.49309885341049,27.49309885341049,1418243
2022-04-27,27.1536808013916,27.90040598759915,27.1536808013916,27.90040598759915,23215
2022-04-28,26.590240478515625,27.69675368779588,25.117154549296952,26.814259586411612,32335
2022-04-29,26.590240478515625,26.590240478515625,26.590240478515625,26.590240478515625,0
2022-05-02,26.590240478515625,26.590240478515625,26.590240478515625,26.590240478515625,0
2022-05-03,26.590240478515625,26.590240478515625,26.590240478515625,26.590240478515625,0
2022-05-04,26.590240478515625,26.590240478515625,26.590240478515625,26.590240478515625,0
2022-05-05,26.590240478515625,26.590240478515625,26.590240478515625,26.590240478515625,0
2022-05-06,26.386585235595703,27.14689006577016,25.795993478408292,25.795993478408292,11808
2022-05-09,25.117155075073242,27.757850153768917,24.777734060545225,25.28686558233725,70637
2022-05-10,25.320802688598633,25.687377940968748,24.445096004462155,25.117150633807363,93083
2022-05-11,25.273283004760742,25.660222671079485,24.641959846119374,25.660222671079485,3663193
2022-05-12,24.81846046447754,25.273283288400883,24.608018546043215,24.981381068136887,69954
2022-05-13,25.463361740112305,25.79599545246573,24.818463925461995,25.185036629602976,113222
2022-05-16,25.55160903930664,26.0607404710343,25.130727780826494,25.795992540868138,38961
2022-05-17,24.981380462646484,25.931760122737483,24.78451569755137,25.789203950596704,31855
2022-05-18,25.504093170166016,26.854989859776474,24.098890468333543,25.110366165432264,41736
2022-05-19,25.17824935913086,26.78031686009275,25.11715347682039,25.11715347682039,54568
2022-05-20,25.354747772216797,25.619498328589458,25.286864607758204,25.286864607758204,15281
2022-05-23,25.096786499023438,25.286861407110422,24.777729969383365,24.777729969383365,11249
2022-05-24,24.60801887512207,25.09678587178892,24.546923000538712,25.09678587178892,6003
2022-05-25,24.764150619506836,25.04926554587558,24.22786493126233,24.22786493126233,60133
2022-05-26,24.791309356689453,25.042480163563027,24.77094492600627,24.77094492600627,14143
2022-05-27,24.89992332458496,25.456573525169205,24.825250294578883,24.825250294578883,59013
2022-05-30,24.906709671020508,25.042478575980056,24.59444300231708,25.042478575980056,17309
2022-05-31,24.743789672851562,25.354745876017645,24.574079184820448,24.574079184820448,6205
2022-06-01,24.879558563232422,24.94744172256525,24.43831025883943,24.736999785311024,119192
2022-06-02,24.411157608032227,24.709849744254353,24.404370327471135,24.540139244883314,9537
2022-06-03,24.2753849029541,24.641960145897567,23.83413922718258,24.641960145897567,10521
2022-06-06,24.777729034423828,25.117149980100866,24.234656039255828,24.261810336408303,232970
2022-06-07,24.723421096801758,25.049267492133723,24.608019215202983,24.879557014787498,4428
2022-06-08,24.560503005981445,24.98138430785591,24.438311242602303,24.78451951245878,11542
2022-06-09,24.445098876953125,24.92028878702222,24.438311596478954,24.879559925023827,3462
2022-06-10,25.015323638916016,25.07641951511039,24.44509632429396,24.736998556158607,11737
2022-06-13,24.791309356689453,25.042480163563027,24.166773390113296,24.17356326005878,18540
2022-06-14,24.81167221069336,24.947441115632504,24.635174446976002,24.77773063185269,73513
2022-06-15,25.117155075073242,25.18503824214811,24.940657286932478,24.940657286932478,378808
2022-06-16,25.117155075073242,25.449788808724502,24.81167564408266,25.18503824214811,266042
2022-06-17,25.056058883666992,25.639863435876144,24.79131090989233,25.429421477184512,128694
2022-06-20,24.94744300842285,25.2461325502897,24.798096942701093,25.110366224626286,16687
2022-06-21,25.17146110534668,25.218979835353277,24.91350043561333,25.218979835353277,7510
2022-06-22,25.117155075073242,25.422634506063822,24.94744456780923,25.28686558233725,52691
2022-06-23,25.117155075073242,25.375115771196047,24.777734060545225,25.028904886214445,10978
2022-06-24,25.11036491394043,26.434104647100156,23.352164156774663,24.784518498541765,112397
2022-06-27,25.327592849731445,25.354744558327177,24.87276741886562,24.98138202197775,2528
2022-06-28,25.43621063232422,25.79599606456011,25.11715406286116,25.79599606456011,35613
2022-06-29,24.94744300842285,25.79599549170254,24.886347126043646,25.755264040257515,117649
2022-06-30,25.660226821899414,25.76205415669761,25.015326410523123,25.110366464803896,238660
2022-07-01,25.463361740112305,25.86387861519418,25.456574459670126,25.7620538711015,9041
2022-07-04,25.1646671295166,25.40226074078188,25.117148407263546,25.40226074078188,7031
2022-07-05,25.117155075073242,25.347961468535367,25.1035779237429,25.164673809941018,7039
2022-07-06,25.022117614746094,25.185038251617776,24.913502993639362,25.049271917416988,5122
2022-07-07,25.558399200439453,25.795992835461828,24.845613116219514,24.913498861637624,72045
2022-07-08,25.558399200439453,25.558399200439453,25.558399200439453,25.558399200439453,0
2022-07-11,25.558399200439453,25.558399200439453,25.558399200439453,25.558399200439453,0
2022-07-12,25.558399200439453,25.558399200439453,25.558399200439453,25.558399200439453,0
2022-07-13,26.12862777709961,26.16935663674286,25.626283595028426,25.626283595028426,41613
2022-07-14,26.142200469970703,26.644544616160314,25.999644292248806,26.298336386039082,460368
2022-07-15,25.565187454223633,26.474835760872573,25.55840017421143,26.29833799521375,6030
2022-07-18,24.981380462646484,25.56518488902442,23.8273487581292,25.56518488902442,6082
2022-07-19,24.845611572265625,25.354742978169234,24.845611572265625,24.93386174103693,9965
2022-07-20,25.015323638916016,25.185034118391908,24.77773000348033,25.185034118391908,2009
2022-07-21,24.29575538635254,25.110366290348484,24.282178235835328,25.015326236728004,23061
2022-07-22,24.635175704956055,24.709848735964542,24.57407982409244,24.587656974237312,1422
2022-07-25,24.424734115600586,24.703059223657412,24.17356330822653,24.17356330822653,6323
2022-07-26,24.255023956298828,24.438311604078617,24.2346595252933,24.438311604078617,15099
2022-07-27,24.098888397216797,24.540136685390777,23.929177915546255,24.275386158740524,109479
2022-07-28,24.41794776916504,24.499408084752442,23.759470195093602,24.438312200667703,48217
2022-07-29,24.00385093688965,24.438309355544884,23.963119489049557,24.438309355544884,6376
2022-08-01,23.759469985961914,24.09889098576137,23.759469985961914,23.89523890379704,21374
2022-08-02,24.15998649597168,24.431524327445945,23.773046769345697,23.990275998694436,89391
2022-08-03,24.438312530517578,24.472254113339055,24.159987408058644,24.302543609654904,25241
2022-08-04,24.458675384521484,24.54013828553017,24.343273492457428,24.343273492457428,12687
2022-08-05,24.736997604370117,24.845612203472545,24.302539207960418,24.438308104232526,5865
2022-08-08,24.736997604370117,24.736997604370117,24.736997604370117,24.736997604370117,0
2022-08-09,24.736997604370117,24.736997604370117,24.736997604370117,24.736997604370117,0
2022-08-10,25.470151901245117,25.755264295455348,24.73700130543019,24.770945476759053,32761
2022-08-11,24.98817253112793,25.47014968293045,24.84561375686223,25.123938846312072,4199
2022-08-12,25.028900146484375,25.117150318631214,24.83203796341637,25.042477295243607,20886
2022-08-15,24.994956970214844,25.10357156376327,24.886342376666413,24.886342376666413,16795
2022-08-16,24.764150619506836,25.103571547827233,24.764150619506836,24.98816967519486,15948
2022-08-17,24.70984649658203,25.089996307880103,24.709846496582035,24.777729651577726,4377
2022-08-18,24.302539825439453,25.08999633633381,23.148508062169345,24.675902357491918,26809
2022-08-19,24.37042808532715,24.67590490425841,24.3025423336717,24.3025423336717,3624
2022-08-22,24.777729034423828,25.103572831524627,24.309329061636983,24.608018561585308,37693
2022-08-23,25.0085391998291,25.04927065177744,24.709849654271387,24.709849654271387,21454
2022-08-24,24.879558563232422,25.280075418279797,24.68948105586274,24.716635355426483,315609
2022-08-25,25.117155075073242,25.280078301460495,24.716638174347107,24.716638174347107,133422
2022-08-26,25.795995712280273,25.96570621038738,25.280076937448413,25.280076937448413,201426
2022-08-29,25.795995712280273,25.86387887569244,25.29365149846949,25.463361996576598,3430807
2022-08-30,25.2529239654541,26.087899349341246,24.84561719481222,25.931765993613745,35116
2022-08-31,25.083213806152344,25.08321380615234,24.84561753925648,25.04927222218918,2613406
2022-09-01,24.872766494750977,25.43620650779507,24.845612197587727,24.98138109382768,79280
2022-09-02,25.103574752807617,25.286862388250153,24.709847772268336,25.252920809000017,19110
2022-09-05,24.845611572265625,25.354742978169234,24.845611572265625,25.354742978169234,39934
2022-09-06,24.804885864257812,25.117152544666098,24.506193744235482,24.506193744235482,11607
2022-09-07,24.94065284729004,25.083209026517185,24.60801917285032,25.083209026517185,18320
2022-09-08,24.845611572265625,25.11714935791138,24.845611572265625,25.11714935791138,75210
2022-09-09,25.19182586669922,26.705643145785068,24.526561048283238,25.049269674805068,2837721
2022-09-12,25.22576904296875,26.807472172711176,25.198614741011173,25.252923344926323,57413
2022-09-13,25.857088088989258,26.135413164561275,25.117150313993953,25.246129342818328,55894
2022-09-14,26.386585235595703,26.474835412050616,25.341170625864642,25.341170625864642,27394
2022-09-15,25.802778244018555,26.474832832250762,25.592338922424315,26.43410138795371,11644
2022-09-16,25.857088088989258,26.298336360065637,25.130727462750677,25.795992214372166,1322813
2022-09-19,26.074321746826172,26.135417631886376,25.252923528465313,25.85709250874027,75711
2022-09-20,25.327592849731445,26.074317922430296,25.117150923262017,26.074317922430296,80139
2022-09-21,25.7756290435791,26.40695224889825,24.648751537555672,24.648751537555672,2387192
2022-09-22,25.476938247680664,25.64664873979594,25.25292174466833,25.639861459525033,152419
2022-09-23,25.463361740112305,25.463361740112305,25.117153466874523,25.456574459670126,52943
2022-09-26,25.463361740112305,25.626284956067927,25.117153466874523,25.178249349160797,381809
2022-09-27,25.965707778930664,26.06753511977682,25.61949948129207,25.61949948129207,136639
2022-09-28,25.90460968017578,26.06753289370119,25.11715309221901,25.11715309221901,587158
2022-09-29,25.823150634765625,25.931765252584306,25.795996332916765,25.802783613590602,16662
2022-09-30,26.0200138092041,26.094684250246818,25.4565737342232,25.789207437097414,106368
2022-10-03,25.1646671295166,26.135411180530987,25.12393568633849,25.795990256108507,50801
2022-10-04,25.34117317199707,25.456575069314464,25.13751849978117,25.456575069314464,15256
2022-10-05,25.293649673461914,25.4497855992823,24.512982992242524,24.512982992242524,10724
2022-10-06,25.1646671295166,25.415837888507916,25.117148407263546,25.415837888507916,34949
2022-10-07,25.103574752807617,25.456572874077334,24.994960145461278,25.130729052038326,14828
2022-10-10,25.2529239654541,25.280078268078928,25.151096625399425,25.191828079336663,978
2022-10-11,24.981380462646484,25.218976672457355,24.947438886838142,25.191822375980188,2785
2022-10-12,24.91349983215332,25.117151897188194,24.77773092560457,24.91349983215332,15464
2022-10-13,25.802778244018555,26.135411898503957,24.879555479471268,24.879555479471268,25950
2022-10-14,25.924970626831055,26.135412543192533,25.117149716834383,25.633068409442284,37904
2022-10-17,25.524450302124023,26.13540894976713,25.12393354190819,25.924967062339853,16606
2022-10-18,25.43621063232422,25.762054482390507,25.225768679549923,25.55161252961621,12571
2022-10-19,25.354747772216797,25.456575108481413,25.185037271493584,25.436210677059183,1968
2022-10-20,25.816354751586914,26.135411250057174,25.083206899463608,25.157879917367385,54072
2022-10-21,25.14430809020996,25.633072565190687,25.08321220714028,25.633072565190687,302611
2022-10-24,25.402263641357422,25.456572238462833,25.144305573836036,25.144305573836036,1214
2022-10-25,25.795995712280273,25.96570621038738,25.08321213814576,25.25970991676341,54545
2022-10-26,24.97459602355957,25.707743984786948,24.91350014432591,25.633070955770638,4546
2022-10-27,24.098888397216797,24.974595104135133,23.929177915546255,24.675902999066057,1024517
2022-10-28,23.88165855407715,24.43830871201812,23.773043952273458,24.30253981236941,39927
2022-10-31,24.064945220947266,24.085309648731123,23.895234750545065,23.895234750545065,30029
2022-11-01,24.438312530517578,24.499408415426945,24.064949940327807,24.064949940327807,17664
2022-11-02,24.458675384521484,24.574079866162148,24.370427792793656,24.438310954057616,14504
2022-11-03,24.126041412353516,24.43830806051737,22.639376014676543,23.89523506597669,13972
2022-11-04,25.17146110534668,25.78920718500899,23.963120656328282,23.96991052608726,31202
2022-11-07,25.06963539123535,25.789208847044126,24.777733122624593,25.11715412430438,20880
2022-11-08,25.565187454223633,25.6602249118535,25.049268717271573,25.069633146884687,22786
2022-11-09,25.565187454223633,25.565187454223636,25.565187454223636,25.565187454223636,0
2022-11-10,25.103574752807617,25.626283359904516,25.06284330396155,25.558400201404247,19527
2022-11-11,25.36153793334961,25.388692235275247,24.96102104346514,25.117154395172406,3175
2022-11-14,25.049270629882812,25.293651572629138,24.981384876694918,25.293651572629138,8526
2022-11-15,25.117155075073242,25.218982415262378,25.04927190799837,25.117155075073242,8460
2022-11-16,25.415842056274414,25.49051508622465,25.185035686235757,25.185035686235757,5117
2022-11-17,25.409059524536133,25.558405612346434,25.137521653895053,25.558405612346434,6481
2022-11-18,25.68058967590332,25.7281084005454,24.438307787064275,25.293647420197964,112238
2022-11-21,25.320802688598633,25.680590661292133,25.08999633594816,25.422630010782456,14727
2022-11-22,25.42263412475586,25.660227795531128,25.056058813065334,25.293652483840603,16258
2022-11-23,25.028900146484375,25.490512845992896,24.77772936837944,25.2868607937571,7601
2022-11-24,25.117155075073242,25.137519507280334,24.93386741647889,24.98138615134667,3513
2022-11-25,24.574081420898438,25.117154514098733,24.438312500204173,25.01532717618384,29689
2022-11-28,24.4315242767334,24.703059518067356,24.098890563346707,24.675905217060958,12344
2022-11-29,24.723421096801758,25.049267492133723,24.438308737856755,24.438308737856755,993502
2022-11-30,24.791309356689453,25.795995173760396,24.44509849761554,24.675904873805933,1133198
2022-12-01,24.384000778198242,24.798094768057446,23.83414047458151,24.641961435575137,24507
2022-12-02,24.316118240356445,24.50619315611704,24.28896394108307,24.7369995207877,3038
2022-12-05,24.322908401489258,24.4383102904195,24.31611853180128,24.4383102904195,3286
2022-12-06,24.1531982421875,24.60802111356561,23.759468661373692,24.302541712861203,22424
2022-12-07,23.806989669799805,24.370429794971805,23.49472295900841,24.09889194845427,109545
2022-12-08,23.759469985961914,24.268601485661097,23.75268270537968,24.16677414989057,29790
2022-12-09,23.752685546875,23.759472828269182,23.68479978504801,23.759472828269182,38520
2022-12-12,24.221078872680664,24.83882488977077,23.55581413039719,23.58975570702441,38894
2022-12-13,23.460777282714844,24.221079494917124,23.080624881825518,23.759466790114505,68417
2022-12-14,23.596546173095703,23.990275765956003,23.460779848252372,23.474356998652034,3624
2022-12-15,24.70984649658203,25.314015380603355,22.94485598135396,23.75946678918412,180758
2022-12-16,24.329692840576172,24.709845221839135,23.501504926556542,24.445094716030717,31779
2022-12-19,23.752685546875,24.098893868673027,23.596549589461443,23.766260109663367,7520
2022-12-20,23.080625534057617,25.53124530656479,22.761568999481185,23.7594674615299,46046
2022-12-21,22.95843505859375,23.420047802150084,22.944857908538964,23.080626819510226,740510
2022-12-22,23.080625534057617,23.69158430461325,22.958433779946493,22.958433779946493,754225
2022-12-23,23.080625534057617,23.3793150498979,23.046683955599292,23.3793150498979,307349
2022-12-26,22.93128204345703,24.26181433804092,22.401786109532633,23.243551333062165,37879
2022-12-27,22.490034103393555,23.067048714154126,22.401783926480547,22.8769738004121,16274
2022-12-28,21.716154098510742,22.490034811709172,21.383521694197817,22.490034811709172,730006
2022-12-29,21.99448013305664,22.130246450884474,21.390309919374353,21.722942318247934,255276
2022-12-30,22.8090877532959,23.0127424034314,21.89265218599193,22.225285870246996,1301053
2023-01-02,22.985586166381836,23.182450930470043,22.578279490036284,22.578279490036284,5579
2023-01-03,22.95164680480957,23.080625840494214,22.931279785803014,22.931279785803014,28822
2023-01-04,22.97201156616211,23.549026184681153,22.483244536166154,23.345374118708346,10856
2023-01-05,22.76835823059082,23.080624886975095,22.65295375957623,23.080624886975095,5621
2023-01-06,22.408571243286133,22.707263353459307,22.2660150577452,22.65295475540001,12087
2023-01-09,21.410676956176758,22.483245952297956,21.349581073579074,22.19813355989321,63736
2023-01-10,21.492136001586914,21.790825526897002,21.34957981379641,21.45140584718795,255873
2023-01-11,21.383522033691406,21.39709918382707,21.315637577801393,21.383522033691406,249292
2023-01-12,21.42424964904785,21.532864247678177,21.1323474296833,21.1323474296833,7695
2023-01-13,21.091617584228516,21.213809333153588,19.83575981274819,21.125560456034464,37770
2023-01-16,21.01015853881836,21.31563663462413,20.365258178581318,20.53496866340283,32627
2023-01-17,19.435243606567383,21.071253825534352,19.435243606567383,20.70467856711013,184549
2023-01-18,20.501026153564453,20.88796583422351,18.328731528560525,19.5099162939154,108856
2023-01-19,20.684314727783203,20.70468045336933,20.02583847129165,20.02583847129165,35543
2023-01-20,20.90833282470703,21.72294373259467,20.04620447935882,20.52818167192736,40583
2023-01-23,21.390310287475586,21.722942692073364,20.22948986407801,20.433143228689165,29208
2023-01-24,20.91512107849121,21.383522408065765,20.36525943625311,21.111985874540053,35479
2023-01-25,20.507816314697266,20.9151217759627,20.50102903407257,20.813295734343434,53900
2023-01-26,20.562124252319336,20.70468044701349,20.507815650773,20.528181376352876,63696
2023-01-27,20.575700759887695,20.738622685324138,20.331318519127215,20.738622685324138,79038
2023-01-30,20.8404483795166,21.71615382158389,20.37883564642576,20.37883564642576,44104
2023-01-31,21.037311553955078,21.31563664562291,20.70467915890787,21.04410012872603,69989
2023-02-01,21.037311553955078,21.30884807085196,20.37883533863161,21.00336997488856,30023
2023-02-02,20.860811233520508,21.037310282533554,20.718255056310834,21.037310282533554,2096
2023-02-03,20.74540901184082,20.867600766369133,20.70467885859413,20.711467433266613,5733
2023-02-06,20.8743896484375,20.8743896484375,20.670737584416823,20.765775041654706,62609
2023-02-07,21.0305233001709,21.04410044992003,20.70467947492132,20.86760138754611,95746
2023-02-08,20.70467758178711,21.03052137724313,20.70467758178711,20.772562029537486,309897
2023-02-09,20.90833282470703,21.03731316566005,20.324529592349624,20.867602667749154,956637
2023-02-10,20.514602661132812,21.37673222309363,20.365257902637236,20.582487113099248,129577
2023-02-13,20.4738712310791,20.70467757649853,20.38562235537786,20.5281785303079,10399
2023-02-14,20.98979377746582,21.20702300083707,20.399200693485465,20.51460388024998,54363
2023-02-15,21.037311553955078,21.17308045979764,20.97621567580475,21.050888703496984,121659
2023-02-16,20.90833282470703,21.044101740951085,20.90833282470703,20.976217282829058,4911
2023-02-17,20.90833282470703,21.03731316566005,20.90154554420434,20.90833282470703,3444
2023-02-20,20.596065521240234,21.03731254380786,20.29737469120547,20.969428087692464,95011
2023-02-21,20.487449645996094,20.96942679459613,20.317739163567087,20.697890281667362,132476
2023-02-22,20.365259170532227,20.399200751234456,20.331317589829997,20.365259170532227,18883
2023-02-23,20.310951232910156,20.365258537217873,20.29737408313616,20.365258537217873,7782
2023-02-24,20.297374725341797,20.969428122959055,20.297374725341797,20.969428122959055,45477
2023-02-27,20.304161071777344,20.568908997745716,20.093720445873974,20.16160489465227,14889
2023-02-28,20.148029327392578,20.69110237066936,19.00757464172307,20.30416266548612,153512
2023-03-01,20.07335662841797,20.670738280632115,19.686416916873142,20.025837898198542,82531
2023-03-02,20.270219802856445,20.704678209979534,19.720356924704575,20.025836301455612,40075
2023-03-03,20.317737579345703,20.70467724194714,19.72035600269342,20.33131472763056,33867
2023-03-06,20.324527740478516,20.663948705373937,20.025836928829843,20.297373441788533,12145
2023-03-07,20.283796310424805,20.63679442497814,19.686415981386116,20.365257911778738,140801
2023-03-08,20.03262710571289,20.528181443345492,20.025838530497445,20.28379791474275,72608
2023-03-09,20.358470916748047,20.37204806715855,20.032627075625992,20.30416360989437,5157
2023-03-10,20.365259170532227,20.365259170532227,20.039415334552906,20.039415334552906,50159
2023-03-13,20.365259170532227,20.636795700514995,20.365259170532227,20.365259170532227,22847
2023-03-14,20.399198532104492,20.56890900673028,20.229488057478704,20.229488057478704,12648
2023-03-15,20.03262710571289,20.56891159984984,20.025838530497445,20.365259522539773,66587
2023-03-16,20.636796951293945,20.867603339465358,20.032627973615572,20.568912490986758,16672
2023-03-17,20.351680755615234,20.833659199322682,19.08903564596323,20.663948716781285,19716
2023-03-20,20.229490280151367,20.365259192684587,20.025838206139845,20.365259192684587,4013
2023-03-21,20.04620361328125,20.365258869445444,20.032626463285766,20.22948995906716,28036
2023-03-22,20.04620361328125,20.290585839258558,20.02583788828802,20.100510918474907,3579
2023-03-23,20.04620361328125,20.04620361328125,20.04620361328125,20.04620361328125,0
2023-03-24,19.808609008789062,20.032626808420954,19.808609008789062,20.032626808420954,4177
2023-03-27,20.378833770751953,20.501025517651584,19.808606481745773,19.92400965439674,24282
2023-03-28,20.297374725341797,20.66395001210847,20.263433144621168,20.63679571170132,20873
2023-03-29,20.555335998535156,20.636796312551745,20.195549276394903,20.372048349815312,23229
2023-03-30,20.365259170532227,20.562123964012425,19.89685784706926,19.89685784706926,16964
2023-03-31,20.365259170532227,20.867602074697427,20.26343313363723,20.35847059543412,51188
2023-04-03,21.288482666015625,21.71615249868639,20.297372806263464,20.372045830534624,183678
2023-04-04,21.600749969482422,22.130245845336685,21.451405211254748,21.695787425192012,309349
2023-04-05,21.72972869873047,21.858710320734392,21.682211266330835,21.716152844382663,45186
2023-04-06,21.66863441467285,22.008054084215473,21.560019809670038,21.85871062082189,140570
2023-04-07,21.573596954345703,21.872287765433217,21.526076931727513,21.858710616113733,46070
2023-04-10,21.600749969482422,21.756883302373385,21.587172820155846,21.722941723845167,33689
2023-04-11,21.607540130615234,21.68221316260583,21.566809974433237,21.68221316260583,21527
2023-04-12,21.560020446777344,21.709365209372354,21.383521384735097,21.451405838564924,75043
2023-04-13,21.62111473083496,21.722940756674237,21.5668074307348,21.655056307851996,108461
2023-04-14,21.62111473083496,21.62111473083496,21.62111473083496,21.62111473083496,0
2023-04-17,21.67542266845703,21.85871029723152,21.580385214183533,21.621115366759575,306948
2023-04-18,22.430213928222656,22.872413871572164,21.362834905053738,22.10237576339323,174269
2023-04-19,22.07950210571289,22.430213196480633,21.995637579768168,22.346347216347045,21261
2023-04-20,21.79741096496582,22.29297965109935,21.65255193375515,22.29297965109935,41080
2023-04-21,21.79741096496582,21.79741096496582,21.79741096496582,21.79741096496582,0
2023-04-24,21.79741096496582,21.79741096496582,21.79741096496582,21.79741096496582,0
2023-04-25,21.79741096496582,21.79741096496582,21.79741096496582,21.79741096496582,0
2023-04-26,21.812660217285156,22.033759472573646,21.34758731403185,21.797411591626922,41539
2023-04-27,21.866025924682617,21.881274548229076,21.42382602115675,21.881274548229076,45873
2023-04-28,21.72879409790039,21.965141977406393,21.652552424262947,21.949894806030084,1018325
2023-05-01,21.72879409790039,21.72879409790039,21.72879409790039,21.72879409790039,0
2023-05-02,22.10999870300293,22.14811880874637,21.84315360023237,21.881275160164634,303114
2023-05-03,21.957515716552734,22.186240717172584,21.80503383699501,22.186240717172584,21216
2023-05-04,21.949893951416016,22.110000151050876,21.728793251894828,21.957516809712892,62448
2023-05-05,21.76691436767578,22.1100011744725,21.72879425767125,22.07188106446797,39515
2023-05-08,21.522939682006836,21.911770866634047,21.27134320421144,21.683047324706894,25597
2023-05-09,21.446701049804688,21.622057341217243,21.355212201770243,21.461949675873434,27576
2023-05-10,21.408578872680664,21.446698979984543,20.600420673489623,21.30946572117725,7253
2023-05-11,21.45432472229004,21.576310818819913,21.385707361218365,21.42382892525206,4407
2023-05-12,21.56868553161621,21.65255005466943,21.5000681782707,21.56868553161621,28101
2023-05-15,21.583932876586914,21.65255023048961,21.568685706755403,21.568685706755403,3810
2023-05-16,21.57630729675293,21.644924646623668,21.35520807820513,21.57630729675293,6997
2023-05-17,21.820281982421875,22.033756899956344,21.576308362942925,21.652550028143295,26343
2023-05-18,21.660173416137695,21.957514298127965,21.57630744257582,21.957514298127965,7630
2023-05-19,21.72117042541504,22.643691940663192,21.614432951689587,21.614432951689587,14732
2023-05-22,21.370460510253906,22.33872498420574,21.3475875714907,21.728794492410177,36521
2023-05-23,21.339963912963867,21.553440318733113,21.30946811453343,21.37046116558335,12387
2023-05-24,21.271345138549805,21.400955545211836,21.202727778894083,21.202727778894083,14339
2023-05-25,21.339963912963867,21.347588226118738,21.195104871399415,21.23322643717377,18472
2023-05-26,21.111238479614258,21.33233772491699,21.103614167129486,21.33233772491699,512234
2023-05-29,21.042621612548828,21.164607706774355,20.585173032108624,21.164607706774355,10923
2023-05-30,21.156982421875,21.309465759744246,21.11886231450213,21.11886231450213,3774
2023-05-31,21.263721466064453,21.29421871758023,21.15698399413721,21.15698399413721,7336
2023-06-01,21.263721466064453,21.347587453543852,20.96638053473057,21.347587453543852,11499
2023-06-02,21.27897071838379,21.3399637690223,21.042622828933183,21.118864505778582,12937
2023-06-05,20.913009643554688,21.233223480525428,20.592795806583943,21.172230437968565,76075
2023-06-06,20.981626510620117,21.179854257870588,20.958753574872013,20.96637788678805,9783
2023-06-07,21.01974868774414,21.1951035165297,20.890138280774607,20.98162857859561,14240
2023-06-08,21.118864059448242,21.347587630961513,20.661415462232696,21.118864059448242,285384
2023-06-09,21.690673828125,22.0718807393104,21.15698357078985,21.15698357078985,35654
2023-06-12,21.881277084350586,21.94989444407388,21.00450003326158,21.00450003326158,34916
2023-06-13,21.84315299987793,22.109998095314307,21.347584367889677,21.347584367889677,35434
2023-06-14,21.76691436767578,21.911773403233173,21.561063737786736,21.911773403233173,11646
2023-06-15,21.538188934326172,21.652550708626414,21.34758549242948,21.561061870861764,11324
2023-06-16,21.72879409790039,22.872414839895146,21.644928111480304,21.72879409790039,43949
2023-06-19,21.713544845581055,21.995638593640372,21.614431690645524,21.80503514214295,9227
2023-06-20,21.866025924682617,21.919394652906444,21.576307894055006,21.652549557598523,27240
2023-06-21,21.705921173095703,21.91939756857595,21.61443232802486,21.728794111457898,25316
2023-06-22,21.5076904296875,21.751664042587258,21.42382590899858,21.69067100290951,20429
2023-06-23,21.63730239868164,21.919396136630954,21.347585802631887,21.431451783625523,14221
2023-06-26,21.835529327392578,22.033757076829264,21.347584992895392,21.911770993204968,33695
2023-06-27,22.727556228637695,22.83429515539341,21.65255282747892,21.728794502536147,809704
2023-06-28,22.727556228637695,22.727556228637695,22.727556228637695,22.727556228637695,0
2023-06-29,22.727556228637695,22.727556228637695,22.727556228637695,22.727556228637695,0
2023-06-30,22.727556228637695,22.727556228637695,22.727556228637695,22.727556228637695,0
2023-07-03,22.7580509185791,24.01603332575719,21.76691216278058,23.024896024147505,83819
2023-07-04,22.430213928222656,22.872413871572164,22.41496530330294,22.872413871572164,16815
2023-07-05,22.049007415771484,22.636066397742077,21.50006999676654,22.636066397742077,21066
2023-07-06,21.988012313842773,22.109998395552093,21.92701927298811,22.109998395552093,5306
2023-07-07,22.01088523864746,22.872412122068987,21.92701926219279,21.92701926219279,22019
2023-07-10,21.85077667236328,22.26248077113791,21.805032257229016,22.109997448438698,92662
2023-07-11,21.93464469909668,22.10999951868784,21.858403030608258,22.10237520642011,124702
2023-07-12,21.94226837158203,22.071878767976568,21.866026705316628,22.03375720774945,86362
2023-07-13,21.591556549072266,22.026132141458316,21.56868506790802,22.026132141458316,154495
2023-07-14,21.339963912963867,21.65255348136834,21.271346548759077,21.545816005578242,52005
2023-07-17,21.317087173461914,21.57630795776199,21.202725404903358,21.233222652086326,49535
2023-07-18,21.34758758544922,21.576311156474862,21.271345910377672,21.34758758544922,47080
2023-07-19,20.68428611755371,21.538190228398854,20.585172961655545,21.5000701194047,265905
2023-07-20,20.84439468383789,21.22560160716457,20.813897431961035,21.012125206593588,125736
2023-07-21,21.172231674194336,21.19510315762058,20.981628223301385,21.19510315762058,37822
2023-07-24,21.19510269165039,21.339961718317237,21.00449924494782,21.22559994113347,12802
2023-07-25,21.309465408325195,21.461947289490947,21.19510217971481,21.3399612028828,35834
2023-07-26,21.362834930419922,21.644927220825146,21.233224526826223,21.644927220825146,58929
2023-07-27,21.362834930419922,21.362834930419922,21.362834930419922,21.362834930419922,0
2023-07-28,21.362834930419922,21.362834930419922,21.362834930419922,21.362834930419922,0
2023-07-31,21.339963912963867,21.41620559032353,20.966381293509475,21.156984759814108,67136
2023-08-01,21.172231674194336,21.446699654631715,21.126485798964,21.446699654631715,28231
2023-08-02,21.28659439086914,21.58393532200981,21.202728403444237,21.385707549853034,55435
2023-08-03,21.118864059448242,21.500070981429698,21.004500819502603,21.271345955727423,58013
2023-08-04,21.134109497070312,21.34758587937203,21.118862326625738,21.26371989807691,25337
2023-08-07,21.095991134643555,21.56106404511054,20.981629348810905,20.981629348810905,35611
2023-08-08,20.874889373779297,21.118863013280436,20.83676926514511,20.974003982930462,61957
2023-08-09,20.9892520904541,21.347586047021096,20.78340001885249,21.080740930595553,50073
2023-08-10,21.06549072265625,21.27134277878696,20.966377577587085,21.187478257324987,30950
2023-08-11,21.294218063354492,21.34758679767846,20.852018109284426,21.118863235093198,64301
2023-08-14,21.294218063354492,21.294218063354492,21.294218063354492,21.294218063354492,0
2023-08-15,21.301843643188477,21.53056721937989,20.97400545090883,21.339963754490704,48656
2023-08-16,21.06549072265625,21.530563563354047,20.966377577587085,21.347584442634123,27168
2023-08-17,20.974000930786133,21.423825127317787,20.699531535156318,21.050242591148717,48450
2023-08-18,20.966379165649414,21.118862504893332,20.890137496027457,20.897761808408543,20687
2023-08-21,20.77577781677246,21.118864637624135,20.661416027884915,20.852019494093838,281052
2023-08-22,20.88251304626465,21.080740804302085,20.82152000180612,21.042620696836337,14960
2023-08-23,20.798648834228516,21.111238373589718,20.585172448293758,21.111238373589718,27465
2023-08-24,21.034997940063477,21.080742363242994,20.813897228682652,20.92826046791494,39951
2023-08-25,20.943504333496094,21.637300701320935,20.737653734588143,20.81389394312284,6543
2023-08-28,21.957515716552734,22.51407886679551,20.77577496967779,21.256094998858444,305771
2023-08-29,21.530563354492188,21.87365011138185,21.44669737965499,21.500067561762425,53604
2023-08-30,21.34758758544922,21.797411868763447,20.66903973110935,21.545815358959644,64351
2023-08-31,21.14935874938965,21.34758651294106,20.630917129976567,21.271344841699914,15404
2023-09-01,21.179855346679688,21.34758585488867,20.897761608039836,20.897761608039836,11438
2023-09-04,21.515316009521484,21.652550720432146,21.149357749885628,21.149357749885628,150352
2023-09-05,21.423828125,21.538189904451336,21.347586453969466,21.347586453969466,47898
2023-09-06,21.789697647094727,22.147439396147373,21.415696107768603,21.415696107768603,43405
2023-09-07,21.740915298461914,22.114918390683215,21.22869545891193,21.77343798072761,60746
2023-09-08,21.91165542602539,22.15556933045766,21.220563962444913,21.740914452309372,88374
2023-09-11,21.871002197265625,22.033612501642374,21.586434939989715,21.8140890559638,18803
2023-09-12,21.716524124145508,22.074265889028382,21.586436491600264,22.074265889028382,17689
2023-09-13,21.740915298461914,21.952308080888415,21.70839416696306,21.911656278823138,12003
2023-09-14,22.033615112304688,22.033615112304688,21.789699626839134,21.9116581449554,22547
2023-09-15,22.236875534057617,22.35883249204266,21.952308264914613,22.350701821408077,29157
2023-09-18,22.114919662475586,22.765357837526718,21.952309343329336,22.236876626451807,22251
2023-09-19,22.114919662475586,22.553965042943368,21.87100418375621,22.358833590428027,11526
2023-09-20,22.049875259399414,22.635269601399315,21.952308760349318,22.350702325834,62959
2023-09-21,22.33443832397461,22.765354521405804,21.96043681549096,22.35883033352356,65149
2023-09-22,22.562095642089844,22.765357764991556,22.155571396286422,22.521443837816275,54113
2023-09-25,22.684051513671875,22.76535666907193,22.49705074178854,22.553963885338526,20247
2023-09-26,22.968618392944336,22.993010404381046,22.72470448164458,22.74909494231446,86828
2023-09-27,23.578405380249023,23.659710536541187,23.009270836970746,23.06618553191207,135887
2023-09-28,23.578405380249023,23.578405380249023,23.578405380249023,23.578405380249023,0
2023-09-29,23.578405380249023,23.578405380249023,23.578405380249023,23.578405380249023,0
2023-10-02,24.212583541870117,25.20450209843571,23.17188096146509,23.497100033227017,155646
2023-10-03,23.578405380249023,23.578405380249023,23.171881149555073,23.40766594772566,38464
2023-10-04,23.928016662597656,24.797978275279853,23.301968970021292,23.39140479775131,32113
2023-10-05,23.741016387939453,23.936147838293717,23.41579575324876,23.936147838293717,8805
2023-10-06,23.7491455078125,24.391454555474787,23.253186986372683,23.578406070292296,31552
2023-10-09,23.53775405883789,23.741016178341614,23.43205688826649,23.732885507469437,115456
2023-10-10,23.61092758178711,23.659710054261275,23.4564479430576,23.578404899626438,30159
2023-10-11,23.578405380249023,23.578405380249023,21.838482169124322,23.578405380249023,54707
2023-10-12,23.602798461914062,23.781668573248723,23.20440488387304,23.48897061764024,38690
2023-10-13,24.19632339477539,24.51341181154699,23.984930600005345,23.984930600005345,100952
2023-10-16,23.594667434692383,24.1475406532667,23.58653676374077,24.1475406532667,32654
2023-10-17,23.562143325805664,23.765405435001572,22.854792054233325,23.545881984885952,6242
2023-10-18,23.562143325805664,23.814189457760705,23.180011118793413,23.814189457760705,73584
2023-10-19,24.350801467895508,24.456497083060153,23.342620034739554,23.586535497896705,344237
2023-10-20,25.78176498413086,26.139508278495526,24.375191571694803,24.391452912487164,177366
2023-10-23,25.537851333618164,26.13137632164126,25.123196443819793,25.960636893894957,58318
2023-10-24,26.51350975036621,27.45664580339104,24.269495901551917,25.415894061707387,83283
2023-10-25,25.846811294555664,26.42407495693916,25.24515406932282,25.24515406932282,62527
2023-10-26,25.814289093017578,26.00128987016877,25.00937128849268,25.846811776400514,182535
2023-10-27,26.383420944213867,26.424072743512575,25.32645710401332,25.74111197008045,209518
2023-10-30,26.139509201049805,26.424074921125353,25.69233161807833,26.424074921125353,225371
2023-10-31,25.79802703857422,25.936245337599185,25.651678068928152,25.651678068928152,8985
2023-11-01,25.1475887298584,26.0175503205801,24.96058795911327,25.854940010769734,82019
2023-11-02,26.399682998657227,26.667987362516225,25.48906809251613,25.48906809251613,193182
2023-11-03,26.017549514770508,26.814336596476323,25.61102530360222,26.37528970404651,42698
2023-11-06,26.025678634643555,26.0988531167161,25.89559256189622,26.017549515094867,31831
2023-11-07,25.976898193359375,26.383422412029997,25.91185438040275,26.383422412029997,39883
2023-11-08,25.879331588745117,26.017549884537395,25.822418446495384,25.822418446495384,8996
2023-11-09,25.879331588745117,25.879331588745117,25.879331588745117,25.879331588745117,0
2023-11-10,26.025678634643555,26.261463421492163,25.77363560869757,25.903723232211703,2251106
2023-11-13,26.399682998657227,27.03385976917264,25.93624409997017,26.01754925153457,8020528
2023-11-14,26.25333595275879,26.708641112921136,26.025680271143827,26.708641112921136,44461
2023-11-15,26.586685180664062,26.838728217508496,25.944376154868376,26.383423066288245,9554245
2023-11-16,26.854990005493164,27.237123779366122,26.676121450910443,26.676121450910443,892284
2023-11-17,26.854990005493164,27.237123779366122,26.74929593736412,26.846860885457765,381446
2023-11-20,27.92821502685547,28.416045992884452,26.51351235889944,26.51351235889944,4425535
2023-11-21,28.13147735595703,28.45669800231131,27.48103916478242,27.85504073701608,985206
2023-11-22,27.9688663482666,28.86321835237466,27.855036966377526,28.37539055041272,1723675
2023-11-23,27.920082092285156,28.456693910536796,27.44038341373191,27.96886611268385,159450
2023-11-24,27.415996551513672,28.245306397903057,26.830600636054363,27.968869782439928,251959
2023-11-27,27.659908294677734,27.806257261967062,27.237122733790088,27.481036645427746,286613
2023-11-28,27.6192569732666,27.806257745491695,27.432256201041508,27.6599087756575,290423
2023-11-29,27.294034957885742,27.64364602336272,27.163947335954788,27.48103572056564,58339
2023-11-30,27.481037139892578,27.481037139892578,26.838728116513913,26.84686033791723,37360
2023-12-01,27.562341690063477,27.64364528853401,27.318424691584926,27.399731391588936,63463
2023-12-04,27.594863891601562,28.09082395340306,27.54608296849569,27.724951522440172,953063
2023-12-05,27.237123489379883,27.64364772056466,27.196471686568156,27.578602354838896,116622
2023-12-06,27.22899627685547,27.643649657036068,27.123299100913762,27.123299100913762,815394
2023-12-07,27.155818939208984,27.59486273645185,26.96068595035266,27.220861201138668,650157
2023-12-08,27.11516571044922,27.481038148686366,26.993210298726055,27.11516571044922,705336
2023-12-11,27.041990280151367,27.399733585750013,26.993209357776077,27.237123274253694,546179
2023-12-12,29.06648063659668,29.06648063659668,27.058250072850175,27.058250072850175,4342837
2023-12-13,27.911954879760742,30.16409636518352,27.773735029955517,29.35104791219708,1239853
2023-12-14,28.85508918762207,28.86321830697746,27.407860921215338,27.96886630427607,1156931
2023-12-15,29.180309295654297,30.123445403373488,28.4648257686327,28.87135000646914,1810559
2023-12-18,28.82256507873535,29.668136120332296,28.65995478588465,29.668136120332296,184613
2023-12-19,27.586732864379883,28.86321862296288,27.253383139556302,28.781915022384858,378334
2023-12-20,27.237123489379883,27.724951326188116,26.342771421386878,26.92003508530116,480581
2023-12-21,27.26151466369629,27.554212614049288,26.62733783895401,26.62733783895401,21778
2023-12-22,27.481037139892578,27.643647451088075,27.27777502628164,27.43225621760753,12256
2023-12-25,27.481037139892578,27.481037139892578,27.481037139892578,27.481037139892578,0
2023-12-26,27.643648147583008,27.676170830948273,26.920035501141683,27.4485151489252,361588
2023-12-27,28.464826583862305,28.57865597900496,27.48917086633921,27.724952573871423,1413379
2023-12-28,28.659957885742188,29.147785715524318,28.651828765910423,28.863219998407025,297314
2023-12-29,28.85508918762207,29.188438908796243,27.12329522077404,27.12329522077404,713013
2024-01-01,30.09092140197754,31.017799228935193,28.31034643479638,28.985178128783048,1016949
2024-01-02,29.895793914794922,30.73323288283954,29.725054473034472,30.001491088923068,1644832
2024-01-03,29.562440872192383,29.903919717831897,29.448614590312545,29.83887745741495,587865
2024-01-04,29.570568084716797,29.879527330990395,29.432351351785645,29.871398212037594,42751
2024-01-05,29.237224578857422,29.74944602441799,28.481089193065074,29.554313011312146,69822
2024-01-08,29.407960891723633,29.668139248638834,28.91200394345704,28.91200394345704,5264833
2024-01-09,29.09900665283203,30.082794596623753,28.903873647530368,29.2697460940123,400095
2024-01-10,29.334793090820312,30.48932053985999,29.269747718265588,29.424225825781946,24060244
2024-01-11,29.310396194458008,29.968966559830104,29.26974439199809,29.351047996917927,330100
2024-01-12,29.155916213989258,30.074661777372647,29.02582859363233,30.074661777372647,189289
2024-01-15,28.887611389160156,29.2697451657595,28.74939463683585,28.74939463683585,184111
2024-01-16,28.887611389160156,28.887611389160153,28.887611389160153,28.887611389160153,0
2024-01-17,27.806257247924805,29.180307993965513,27.627385598765148,28.855090479124094,462095
2024-01-18,27.789995193481445,27.806256534036077,27.619255769958183,27.806256534036077,69646
2024-01-19,27.659908294677734,27.88756086533506,27.635517833974067,27.643646953697402,32284
2024-01-22,27.424123764038086,27.643647217063513,27.318426597425763,27.562343612920923,54157
2024-01-23,27.61112403869629,27.781863465248225,27.237122503906246,27.36721012911729,76950
2024-01-24,28.505475997924805,28.64369272738145,27.39972975613849,27.39972975613849,413762
2024-01-25,28.49734878540039,28.619307298791558,28.456696981447944,28.456696981447944,84177
2024-01-26,28.090824127197266,28.448567440367075,27.643648087268794,27.887562008908525,271395
2024-01-29,27.659908294677734,28.448566273788696,27.643646953697402,28.08269385556538,314020
2024-01-30,27.359081268310547,27.952606257797203,27.261513222328936,27.88756089380946,19461
2024-01-31,27.237123489379883,28.050171951749434,27.082645398081816,27.359081999348813,87049
2024-02-01,27.180212020874023,27.6273880824402,27.001340355633975,27.253386511060047,143040
2024-02-02,27.26151466369629,27.627387101637538,27.23712420167815,27.391602297016085,59568
2024-02-06,28.05830192565918,28.25343492724164,27.399734636077795,27.521690048224723,133212
2024-02-07,28.538002014160156,28.538002014160156,28.06643548200715,28.06643548200715,718070
2024-02-08,28.538002014160156,28.538002014160156,28.538002014160156,28.538002014160156,0
2024-02-09,27.9688663482666,28.53799775004435,27.643645745936293,28.53799775004435,29651
2024-02-12,27.342819213867188,28.212780774534817,27.237122050911857,27.806256564819716,65534
2024-02-13,27.602994918823242,27.635517600509157,27.123296219323763,27.432255492272656,47753
2024-02-14,28.001388549804688,28.050172575183268,27.602996531247978,27.602996531247978,36066
2024-02-15,27.513561248779297,28.37539377172041,27.497299906663365,28.37539377172041,81778
2024-02-16,29.538047790527344,29.578699587371514,27.513556051741478,27.513556051741478,1718761
2024-02-19,28.903873443603516,29.28600722962566,28.45669739062898,29.277875007797938,64696
2024-02-20,28.781917572021484,29.220961396182336,28.77378535032316,29.058354180621784,515571
2024-02-21,28.84695816040039,29.066481610481773,28.78191589826534,28.830696819483215,41946
2024-02-22,28.781917572021484,29.139657788402058,28.70061086270738,28.912005205390223,323664
2024-02-23,28.62743377685547,28.86321856016572,28.497346155293528,28.651827338202647,39724
2024-02-26,29.29413604736328,29.676269829438667,28.62743653493422,28.668088339051337,182249
2024-02-27,29.269744873046875,29.59496550113868,28.985179149616872,29.59496550113868,112169
2024-02-28,29.676265716552734,29.71691751503585,29.188437931688522,29.188437931688522,161006
2024-02-29,30.05027198791504,30.082794672469632,29.67627042013896,29.67627042013896,1925977
2024-03-01,30.09092140197754,30.326706193963265,29.513657753902407,30.245402590570645,69147
2024-03-04,30.936494827270508,30.944627049135423,30.10718498448122,30.48931877225094,1404367
2024-03-05,30.708837509155273,30.895838263301776,30.48931407562675,30.895838263301776,54000
2024-03-06,30.505578994750977,30.89584188852727,30.48931765315191,30.57062125961347,31414
2024-03-07,30.481189727783203,30.52184153260727,30.28605672248023,30.489318848134456,40815
2024-03-08,30.562490463256836,30.89584019391936,30.408012378839338,30.408012378839338,18682
2024-03-11,30.749492645263672,30.895841616834538,30.489317385034084,30.814538011087947,86969
2024-03-12,30.269790649414062,30.895838270768916,29.5949621105078,30.887709151688153,40615
2024-03-13,29.977094650268555,30.733229935884847,29.676267600555352,30.17222763752234,19386
2024-03-14,30.4567928314209,30.489315512335445,29.513656795634,29.676267098673165,16136
2024-03-15,30.13970375061035,30.562489288139425,30.082790611090427,30.489314808537596,15865
2024-03-18,30.481189727783203,30.49744796848571,30.09092371717725,30.326708527304294,13706
2024-03-19,30.749492645263672,30.895841616834538,30.164096758980218,30.489317385034084,53660
2024-03-20,30.86332130432129,30.89584398973127,30.668191394929387,30.871453526440778,34053
2024-03-21,31.00967025756836,31.16415146235149,30.773885440871783,30.88771483969819,164300
2024-03-22,30.85519027709961,31.139756003017776,30.73323176511537,31.009668370950358,189668
2024-03-26,31.326759338378906,31.38367248821001,30.814540989898997,30.895844603505125,592070
2024-03-27,31.6113224029541,31.790190940454423,31.424321644661248,31.424321644661248,1296628
2024-03-28,32.440635681152344,32.92846352987023,31.66823900273751,31.66823900273751,4921295
2024-03-29,32.26176452636719,32.60324340549541,32.221112721928186,32.60324340549541,640868
2024-04-01,32.52193832397461,32.72520043849945,32.31867620944977,32.44063471877816,385954
2024-04-02,32.78211212158203,32.887809284854235,32.521936874707066,32.521936874707066,202066
2024-04-03,32.63576126098633,33.17237306417395,32.52193498478493,32.530064103856425,427247
2024-04-04,32.700809478759766,33.00976565502354,32.47315380491936,32.63576411436717,837989
2024-04-08,33.22116470336914,33.294339197930775,32.44063882906776,32.44063882906776,210630
2024-04-09,33.3187255859375,33.70085935540041,32.847159090982224,33.25368332180362,1326752
2024-04-15,34.94482421875,35.13182500189201,32.97724833405536,32.97724833405536,1428162
2024-04-16,36.54652786254883,37.07500748566551,34.961082790131485,35.115560876605535,1704762
2024-04-17,35.969268798828125,36.871750073555575,35.77413578441995,36.546532518254004,565430
2024-04-18,38.22954177856445,38.41654256596071,35.77413487623855,35.977397006217174,2337347
2024-04-19,39.118995666503906,39.939372627971935,37.57323321094374,37.99637612174627,1318158
2024-04-22,41.251976013183594,41.45059304287705,38.44542544257212,38.64404247226558,1223900
2024-04-23,40.241615295410156,41.49376926088003,38.859930205772635,41.01881521720445,1699169
2024-04-24,42.92727279663086,43.264058362881,40.29343349487737,40.29343349487737,2362097
2024-04-25,42.365962982177734,43.125888176208015,41.53694858856709,42.9618140922191,842205
2024-04-26,45.21569061279297,45.543842074369394,41.562857374357115,41.88237145067777,3078813
2024-04-29,45.103431701660156,48.01360819009794,44.68892611560177,45.33659171148005,1994707
2024-04-30,45.66474151611328,46.4592097031708,45.129335604803266,45.68201299333594,1751818
2024-05-02,44.94799041748047,45.66474190442716,43.43677073672043,45.66474190442716,970536
2024-05-03,45.094791412353516,45.55247398306397,44.473031471616956,44.92207995168257,1643648
2024-05-06,44.559391021728516,45.077525467309904,42.365966072952446,45.03434842039417,224792
2024-05-07,44.49030685424805,45.12070094099074,44.04125833474694,44.90481241974198,294826
2024-05-08,43.44540786743164,44.490307535672194,41.165622281001184,44.490307535672194,142680
2024-05-09,42.08962631225586,43.454040013373344,41.23470634384759,43.454040013373344,731218
2024-05-10,42.54731369018555,43.17770782918797,41.46787099445585,41.865105115876936,992830
2024-05-13,43.26405334472656,44.170787664625614,41.45059129332251,42.44367969407051,314114
2024-05-14,42.46958541870117,44.03261932382417,42.14143398069032,43.16906533530922,371254
2024-05-15,42.96181869506836,43.29860428440029,42.14144159883557,43.07408165624488,304498
2024-05-16,42.34005355834961,43.091347945526884,42.236427995848246,42.40913946281534,114983
2024-05-17,43.68720245361328,43.8685480256781,42.3141512901843,42.32278538181703,939460
2024-05-20,43.125885009765625,43.652653469944134,42.74592244064857,43.652653469944134,161559
2024-05-21,43.393592834472656,43.644024310094906,43.091350221961264,43.1690702214924,259401
2024-05-22,43.06543731689453,43.60084317193977,42.400500337587715,43.60084317193977,247719
2024-05-23,42.97045135498047,43.09135169832464,42.91864021631621,43.09135169832464,157351
2024-05-24,43.3072395324707,43.60948215048817,42.31415099750337,43.09135100697324,776878
2024-05-27,42.74592208862305,43.350410534574294,42.65956800814302,43.350410534574294,61367
2024-05-28,42.74592208862305,42.74592208862305,42.74592208862305,42.74592208862305,0
2024-05-29,42.76319885253906,44.90481259645071,42.74592737546751,43.220881465244325,991246
2024-05-30,42.063716888427734,42.832279464093624,41.796017241827904,42.76319685323463,213804
2024-05-31,42.30551528930664,42.564580851164415,41.27788383892128,42.06371790993502,150050
2024-06-03,42.357322692871094,42.728651173353555,41.58876016626225,41.88236865561589,128962
2024-06-04,40.7597541809082,42.91863943101777,40.58704270205995,42.6941135202558,196352
2024-06-05,40.949729919433594,41.45059283068568,40.84610435973208,41.45059283068568,38369
2024-06-06,41.74420166015625,42.21915571461044,40.967001720724184,40.967001720724184,97033
2024-06-07,41.459228515625,42.30551438402017,40.97564035562464,41.45059442456668,144728
2024-06-10,41.459228515625,41.53694851193895,41.36424033719441,41.459228515625,77097
2024-06-11,41.08789825439453,41.79601222524314,40.58703538544476,41.46786080400697,232580
2024-06-12,41.16562271118164,41.493774194310255,41.01882009416469,41.08790600395913,34034
2024-06-13,42.69411087036133,43.04816789763615,41.14835163081355,41.14835163081355,317861
2024-06-14,42.11552810668945,42.953176523556394,41.89100222656983,42.953176523556394,144179
2024-06-20,43.19497299194336,44.04125554635395,41.796016385199096,42.31414748571262,785519
2024-06-21,43.01362991333008,43.60084695130163,42.70274991743957,42.70274991743957,247350
2024-06-24,42.858192443847656,43.842643626114715,42.745929484442485,43.01363245096325,799943
2024-06-25,44.99980545043945,45.76836808555932,42.15007753036677,42.15007753036677,2738334
2024-06-26,44.87890625,45.768365891483796,44.26578035427881,44.99980329320781,965172
2024-06-27,44.68892288208008,45.112065823550466,44.257145849402974,45.112065823550466,259357
2024-06-28,44.57666015625,44.8098201503764,44.041257555402716,44.68892310768805,152678
2024-07-01,44.637107849121094,45.32795372742777,44.170791163720565,44.85299636254261,290691
2024-07-02,46.77008819580078,47.063696710718105,44.04989156364914,44.12761156154483,1277908
2024-07-03,45.86335754394531,46.93416275438069,45.59565459423778,46.675097190191316,529291
2024-07-04,46.03607177734375,46.50238850315471,45.72519176400473,46.19151178401326,503516
2024-07-05,46.17424011230469,46.41603421313221,42.31415211987866,46.03607158408931,504825
2024-07-08,45.155242919921875,46.11378846063925,44.0498914749428,46.11378846063925,81466
2024-07-09,44.88753890991211,45.76836443202071,44.73209891811664,45.33658740907712,182954
2024-07-10,43.64402389526367,45.327955006301,43.5922094646696,44.88754058174488,234766
2024-07-11,44.06716537475586,44.26578242563375,43.04817125689709,43.35041717325716,1683434
2024-07-12,45.56974792480469,45.941076432374686,43.177702794675966,44.205330935278226,276110
2024-07-15,45.474754333496094,46.37285130040183,44.99980028371617,45.57837989300148,601451
2024-07-16,45.474754333496094,45.474754333496094,45.474754333496094,45.474754333496094,0
2024-07-17,45.474754333496094,45.474754333496094,45.474754333496094,45.474754333496094,0
2024-07-18,46.606014251708984,46.8909853820689,44.63710873037907,45.5093001865719,4485598
2024-07-19,45.83745193481445,47.063697141506864,45.73382307387343,47.04642566468336,2445718
2024-07-22,44.334861755371094,46.018792686240616,43.69583035653861,45.76836123979295,286202
2024-07-23,45.733821868896484,45.97561924385738,44.852996339289675,44.904810768395,307575
2024-07-24,45.716548919677734,46.113786274959516,45.33658633440513,45.76836334711375,1243380
2024-07-25,45.17251205444336,45.85471722789692,44.90480912184446,45.725186101179126,423111
2024-07-26,44.913448333740234,45.54384574026196,44.04126012194856,45.17251720510973,19671
2024-07-29,45.336585998535156,45.682008923821904,44.99116307324841,45.32795190779171,417071
2024-07-30,44.922080993652344,45.34522062320393,44.473032503171034,45.336586532358815,402128
2024-07-31,46.623287200927734,47.063698341465205,45.07752457488507,45.2329645760624,1132161
2024-08-01,45.69064712524414,47.49547531913933,45.33659007736027,46.200144174071895,6077099
2024-08-02,45.76836395263672,46.20014097105782,44.775275492589294,45.97561837092562,3577420
2024-08-05,45.11206817626953,46.14833047338065,44.861636693648755,45.76836785071974,2894163
2024-08-06,45.27613830566406,45.89789826482973,44.51620983270573,45.11206422497189,3259961
2024-08-07,45.094791412353516,45.56974545855078,44.05852594252496,45.34521957141941,1067935
2024-08-08,44.585296630859375,45.76836475982295,44.490305158059876,44.896176616676904,4784905
2024-08-09,44.73210144042969,45.327955873976585,44.39531587061489,44.73210144042969,696171
2024-08-12,44.1103401184082,44.90480822110546,44.04125421685343,44.30895714408252,315856
2024-08-13,44.058528900146484,44.90481149062771,43.85991186001085,44.481668548288425,513812
2024-08-15,44.870269775390625,45.16387829808307,44.04125863868165,44.05853011580443,1110921
2024-08-16,44.15351867675781,45.33658678085442,44.04125572997286,44.88753828791181,628155
2024-08-19,44.23987579345703,44.878907271787035,44.21397022480765,44.47303579389376,176023
2024-08-20,44.4730339050293,44.732099463112334,43.92035983599953,44.084433920806084,131499
2024-08-21,44.913448333740234,45.07752572483392,44.47303718196766,44.67165423427275,301888
2024-08-22,44.6802864074707,45.535203041816615,44.47303199339454,44.91344309378529,300598
2024-08-23,44.6802864074707,45.18978341061922,44.481666084140684,44.706191973906286,341773
2024-08-26,44.4730339050293,45.06888501804002,44.257145390927214,44.740736848426906,549246
2024-08-27,44.973899841308594,45.98425657354059,44.04125981691212,44.7321024493183,7420161
2024-08-28,45.32795333862305,45.67337298061623,44.4730333833602,45.16387596154382,1410286
2024-08-29,46.9600715637207,48.53173971811887,45.250234888964364,45.250234888964364,4285427
2024-08-30,46.623287200927734,48.35902948847801,46.45920981401974,46.951435386348805,9024568
2024-09-02,47.322757720947266,47.58182325761764,46.80462664760651,46.80462664760651,952782
2024-09-03,47.15869140625,47.49547698873487,47.020522877687036,47.48684289691113,2695227
2024-09-04,47.486053466796875,48.19534230003886,47.15868832256826,47.39511677735558,2547210
2024-09-05,47.0131950378418,48.01347438101454,46.85860439382119,48.01347438101454,729414
2024-09-06,46.9950065612793,47.51333355895752,46.831323986340905,47.28599703475198,195839
2024-09-09,46.749481201171875,47.104125612550064,46.567611293857944,46.83132248601915,1180386
2024-09-10,48.6682014465332,48.87735062363386,46.50395685693522,46.50395685693522,1837526
2024-09-11,48.077125549316406,49.104687575421806,47.74066847610453,48.92281766840351,493233
2024-09-12,49.50480270385742,49.60483133446224,48.01347558653526,48.195345508645815,2543799
2024-09-13,49.10468673706055,50.332302517935105,48.60454710295906,50.150436082901756,995377
2024-09-16,49.15925216674805,49.26837272913075,48.395401292308804,48.395401292308804,156272
2024-09-17,49.15925216674805,49.15925216674805,49.15925216674805,49.15925216674805,0
2024-09-18,49.56845474243164,49.6502960307775,48.55908347800621,49.15925176958246,1395082
2024-09-19,49.39567947387695,50.468708140684804,48.959193765682585,49.568453982678875,6440146
2024-09-20,50.386863708496094,50.92337800841133,49.39567639064861,49.39567639064861,8735289
2024-09-23,50.87791442871094,51.37805408442937,50.241371471941996,50.38686670758518,3486991
2024-09-24,51.36896514892578,52.16918725724286,50.023129804552,51.37805708404928,3350187
2024-09-25,52.405616760253906,53.19674689666142,50.52327060911322,51.36896276036542,7299359
2024-09-26,53.18765640258789,53.86966599665885,52.0236910032016,52.74207527482092,5282057
2024-09-27,53.18765640258789,53.59685938392633,51.96913245575924,53.59685938392633,1597784
2024-09-30,54.15156173706055,55.37918110271495,51.97822502575561,53.15128237442086,1917118
2024-10-01,55.57014083862305,58.64372816525742,53.642328074003125,54.151559670951734,7256168
2024-10-02,56.35218048095703,57.26152660603232,55.66107548332692,55.92478669212999,12822245
2024-10-03,56.76137924194336,57.74347464906862,56.06118583030914,56.52495079330946,4227570
2024-10-04,56.324893951416016,57.188773405931464,55.95206220395734,56.76137964583983,1023981
2024-10-07,56.86140823364258,57.106932087023075,55.47010986669972,56.606792445935376,6177493
2024-10-08,56.71591567993164,57.51614122478023,55.93387747347508,56.87959825657976,6122516
2024-10-09,56.71591567993164,56.71591567993164,56.71591567993164,56.71591567993164,0
2024-10-10,56.56132507324219,57.06146470758046,56.197585265243504,56.85231553208918,5303486
2024-10-11,55.89750671386719,56.38855097886961,55.26096374056167,56.379459044040736,507153
2024-10-14,55.642887115478516,56.37945871196391,54.56076649544895,55.80656969247527,486797
2024-10-15,55.51557922363281,56.37945872038244,55.242776084890856,55.65198252744385,322490
2024-10-16,55.04271697998047,56.152120304953954,54.54257733095931,55.524672760059765,489237
2024-10-17,54.588043212890625,55.470110006644425,54.56076394096173,55.46101807229478,200419
2024-10-18,55.25186538696289,55.74291309462847,54.28796077807854,54.56076390382166,2259846
2024-10-21,55.206398010253906,55.87931561535633,54.3788932413014,55.03362350908972,3436026
2024-10-22,55.25186538696289,55.89750372950687,55.0154369363535,55.3609894123641,686319
2024-10-23,55.215492248535156,55.742911143998384,54.5607619945589,55.742911143998384,860147
2024-10-24,57.143306732177734,58.38001446387961,55.01543680620725,55.41554782509198,2943439
2024-10-25,58.13449478149414,59.10749480304933,55.49738977965226,55.49738977965226,1493250
2024-10-28,57.70710372924805,58.652824523081684,57.288805348126296,58.28908468887486,839962
2024-10-29,59.553070068359375,60.4715115090393,57.707098721809196,57.707098721809196,3631020
2024-10-30,58.75285339355469,60.944373936064295,57.74347864489863,60.24418047597692,1656363
2024-10-31,58.13449478149414,59.56216783999586,57.934437535196075,58.83468820577742,477457
2024-11-01,58.18906021118164,59.316650935320524,57.74347908250542,58.14359012971332,768995
2024-11-04,58.198150634765625,59.10749673843384,57.60707427982925,58.198150634765625,1987974
2024-11-05,58.88016128540039,59.10749781545985,58.07084379340954,58.86197741561018,705051
2024-11-06,58.525516510009766,59.10749746852519,58.1981513536248,58.87106553607821,1394590
2024-11-07,58.65282440185547,59.09840205551374,57.75257022193833,58.52551650081025,345350
2024-11-08,59.50761032104492,59.56216886633543,58.207245135460326,58.23452440810558,643472
2024-11-11,58.75285339355469,59.989564672308774,58.65282476529073,59.60764096680657,603986
2024-11-12,58.42548370361328,59.50760772303182,58.19814719114786,58.75284883658427,227929
2024-11-13,58.41638946533203,58.861974033836006,57.97990376896073,58.69829146408677,405278
2024-11-14,58.480045318603516,58.86197595230649,58.17996291020273,58.4709568528145,115949
2024-11-15,59.325740814208984,59.64401057878553,58.19815353209754,58.25271208095051,370530
2024-11-18,59.00746536254883,59.925906827031675,58.298176544778656,59.65310023353859,301420
2024-11-19,58.74375915527344,58.96200028592463,58.216336729919306,58.8801624635906,349738
2024-11-20,58.65282440185547,59.152967540076176,58.28908456840043,58.92563101138681,560794
2024-11-21,63.854286193847656,64.51810498188867,57.9799075728592,58.88016176554313,6918049
2024-11-22,60.24417495727539,66.47319392379646,59.1074924109117,64.55447323051378,2584935
2024-11-25,61.835533142089844,62.16289828433347,60.01684099085191,60.83525384646097,563289
2024-11-26,57.816226959228516,62.9722177040107,55.65198226035299,62.64485255153943,1563881
2024-11-27,63.00859069824219,63.19955254245798,58.33455240336034,58.33455240336034,1905826
2024-11-28,63.71787643432617,65.45473069237443,62.65394323778083,63.09952085263355,1716037
2024-11-29,65.10008239746094,66.38226369763596,63.92703206200548,64.3271396186706,4796315
2024-12-02,65.90941619873047,66.38227317420588,64.33624420650774,65.49111083788252,1228596
2024-12-03,66.30951690673828,66.7914692366727,65.03643096075889,66.20039981332536,2063814
2024-12-04,66.51866912841797,66.89149742473009,65.38198649443189,66.83693887838203,3338810
2024-12-05,69.47404479980469,70.22880374277514,66.81875580041981,66.81875580041981,5021085
2024-12-06,69.00118255615234,70.20151918258163,68.20096045111964,70.20151918258163,613712
2024-12-09,68.42829895019531,69.46495302378871,68.21005781306003,69.11030857428364,373372
2024-12-10,70.09239959716797,73.65703467177669,68.4282945561876,68.70110116340938,1340599
2024-12-11,69.99237060546875,70.9289959808148,69.02846595709478,70.09239923174457,617596
2024-12-12,72.45669555664062,73.46607025523365,69.56497475970711,70.01964779735225,1895851
2024-12-13,73.0750503540039,75.01195497527338,72.28391677969164,72.7476852155133,961184
2024-12-16,72.8931884765625,74.42088330141756,71.88381372602589,73.11142960329032,1458079
2024-12-17,70.02873992919922,73.64793325463391,66.38226039506215,73.64793325463391,491181
2024-12-18,67.5916976928711,71.38366928807989,65.01824654901544,70.92899623528957,1350467
2024-12-19,64.02706146240234,68.65562972570588,63.654226235753804,67.59169646654213,1916237
2024-12-20,68.22824096679688,70.42885699900141,63.74516414072169,64.56357706857975,1391384
2024-12-23,70.90171813964844,71.83834353390965,68.42829558135065,71.69284482447551,3338638
2024-12-24,69.97418212890625,71.38367140954928,69.79231567748927,71.02902697285388,990631
2024-12-26,68.82840728759766,70.1833310095855,67.84631185224966,69.9741783577436,486412
2024-12-27,69.52861022949219,70.55616894691376,67.3188986665944,69.05575325395829,328873
2024-12-30,72.3021011352539,73.40240894343647,69.10119938621438,70.47431376471891,1800615
2024-12-31,71.18360900878906,72.65675213479992,70.5197902650799,72.30210772372025,883643
2025-01-01,71.18360900878906,71.18360900878906,71.18360900878906,71.18360900878906,0
2025-01-02,71.4200439453125,72.65675520358495,71.33819918819731,72.29301537390008,1480833
2025-01-03,74.5663833618164,75.18473901354677,71.42004655493443,71.42004655493443,1561353
2025-01-06,76.29413604736328,77.7490883601176,73.65703107800614,74.63912649077527,1480546
2025-01-07,75.30294799804688,77.29441816859148,74.69368777872158,76.47600529454849,1246312
2025-01-08,72.67493438720703,76.27594389960812,70.92899164260524,75.47572187610558,1123222
2025-01-09,72.33848571777344,73.42060286938343,71.47460275190502,71.83834258291488,561755
2025-01-10,71.18360900878906,73.2023583874025,70.47432018662973,71.83833928701611,821113
2025-01-13,72.32938385009766,72.74768219015992,70.92899013540593,70.93808553825238,636889
2025-01-14,74.64820861816406,75.83945657682293,72.33847592026575,72.33847592026575,530217
2025-01-15,74.07533264160156,75.37569784506347,73.48425628770794,74.74824681455607,574538
2025-01-16,73.5206298828125,74.74824571498829,72.74768709498035,74.07533155193254,81532
2025-01-17,74.49363708496094,74.56638644411534,72.80225264230528,73.65704026796759,1565385
2025-01-20,76.58512878417969,77.23985907880191,74.49363000277647,74.56637935501452,1298180
2025-01-21,76.59422302246094,78.36744509528762,75.57575291990203,77.2944164482602,690155
2025-01-22,75.8940200805664,76.83974079986515,75.48481713543434,76.59422042033785,256872
2025-01-23,76.18501281738281,77.28532073219208,75.4848193944169,75.4848193944169,88365
2025-01-24,76.26685333251953,77.06707533396907,76.02132602153145,77.00342138996467,710895
2025-01-27,76.38507080078125,76.83974384126209,75.9758678394525,76.38507080078125,320657
2025-01-28,76.43963623046875,76.82156689157074,75.93040459934696,76.70334745023129,406615
2025-01-29,75.95767974853516,76.83974658864767,75.6121307230083,76.56693997950103,247483
2025-01-30,76.3941650390625,76.56693607413344,75.93039660227225,75.95767587424346,139473
2025-01-31,75.58485412597656,76.83974930941224,75.08471097075193,76.83974930941224,262627
2025-02-03,74.81189727783203,76.73061801879231,74.33904037940914,76.38506901370481,338744
2025-02-04,74.60275268554688,75.38479086360026,73.66612734009595,74.81189839725886,153176
2025-02-06,71.83834075927734,74.74824545796683,70.92899467371687,74.60275369191238,861851
2025-02-07,72.43851470947266,73.13870816403988,71.83834294462052,71.92927616839077,350700
2025-02-10,71.98384094238281,72.65675511695335,71.38366918345436,72.43851399450672,81445
2025-02-11,73.34785461425781,73.65702893645904,72.06567337301703,72.6476542811979,187836
2025-02-12,72.838623046875,73.63885207508525,72.7022197409064,73.41151554439104,105390
2025-02-13,73.22964477539062,73.64794317429234,72.92955887908268,73.64794317429234,97091
2025-02-14,72.74768829345703,74.11170744895935,72.65675507064225,73.64793899351571,326028
2025-02-17,76.1577377319336,76.42144893989482,72.74768977378731,73.63885202613076,603797
2025-02-18,75.25748443603516,76.29413842478607,75.011957106312,76.2032052032353,296088
2025-02-19,76.3214111328125,76.35778580585611,74.79370955377814,75.27566183052693,291401
2025-02-20,76.24866485595703,76.47600136831096,75.52119217908032,76.32141420497263,347120
2025-02-21,74.88465118408203,76.35779438800296,74.02077514992018,76.24867035660725,397912
2025-02-24,78.28560638427734,80.93180699944027,74.03896154723441,75.46663471903996,1784917
2025-02-25,78.4947509765625,79.34044308292238,76.83974143847497,78.20376051726447,765860
2025-02-26,77.68544006347656,79.01308457903744,77.3398910321148,78.21286248326058,107682
2025-02-27,77.739990234375,77.74908563725614,76.77608566176228,77.39444124024733,44498
2025-02-28,76.25776672363281,78.2037668793302,75.9304015630706,78.2037668793302,116875
2025-03-03,74.9573974609375,76.83974356423134,74.79371488944412,76.38507052538974,100053
2025-03-04,75.54847717285156,76.38507393661872,74.8391883106246,74.957400808409,65417
2025-03-05,75.88492584228516,76.33959887174824,75.47572289087232,76.33959887174824,27281
2025-03-06,77.44900512695312,78.20376404970456,75.89402413942626,75.89402413942626,138685
2025-03-07,78.45838165283203,79.26769913975555,76.839746678985,78.19467044708297,561065
2025-03-10,79.02217864990234,79.52231484966613,78.24923584098723,78.6493434132462,88548
2025-03-11,77.79456329345703,79.02217916715308,77.39444878081879,78.6584393318238,83873
2025-03-12,78.34016418457031,78.87667502798291,77.29441483164898,78.87667502798291,105047
2025-03-13,79.56777954101562,79.9769824892655,77.74908743722098,78.3401637585062,464498
2025-03-14,79.76783752441406,81.83205002880639,79.11310725091663,80.93179937162735,1876037
2025-03-17,78.9767074584961,80.47712991220794,78.6584377108021,80.02245686185648,823458
2025-03-18,77.25804138183594,79.54959736656019,76.8397430215869,79.0949243309295,754801
2025-03-19,77.94915008544922,78.20376588759976,77.38535299657283,77.84002605405887,218794
2025-03-20,77.87640380859375,79.22223916454969,77.74909590248771,78.64025818299052,918221
2025-03-21,77.25804138183594,78.65843516410966,76.88521310025394,78.20376212847897,498519
2025-03-24,76.44872283935547,77.74908798015976,76.15773237822667,77.29441495103602,972127
2025-03-25,76.54875183105469,77.28531992171483,76.385069262268,76.44872320914283,272893
2025-03-26,79.50413513183594,80.46803984238944,77.29442368314844,77.29442368314844,5101185
2025-03-27,78.31288146972656,80.11338269796748,77.74908444167886,80.02244948383321,2975698
2025-03-28,78.31288146972656,78.31288146972656,78.31288146972656,78.31288146972656,0
2025-03-31,78.31288146972656,78.31288146972656,78.31288146972656,78.31288146972656,0
2025-04-03,79.22223663330078,79.52231558081394,78.47657309089293,79.52231558081394,503561
2025-04-04,80.02245330810547,80.21341514824135,78.65843421762641,79.52231019982587,2292749
2025-04-07,78.16738891601562,80.02245576863798,75.4757253272381,79.90424327475522,838766
2025-04-08,81.45922088623047,85.98776033354109,78.65843338503062,78.6766172534302,10817327
2025-04-09,81.88880920410156,84.77181873059287,81.4592252129448,82.19429293373243,1734020
2025-04-10,82.08928680419922,84.12266959363188,81.91745174147684,84.00811045738128,1543213
2025-04-11,79.88407135009766,82.07974065246378,79.71223629788372,82.07974065246378,950357
2025-04-14,79.96998596191406,80.63823663029363,78.75759945376556,79.88407207667896,791364
2025-04-15,79.75041961669922,80.37093546386511,79.2349144798217,79.34947360467436,401291
2025-04-16,78.7098617553711,80.3804774396672,78.37574007517314,79.80769637599838,618684
2025-04-17,78.76714324951172,79.42583818093848,78.04161670019032,78.74804642059719,358208
2025-04-18,77.84114837646484,78.76714798522528,77.75522720779608,78.76714798522528,290997
2025-04-21,77.39246368408203,79.02489297411584,77.13471475757407,78.13707978655644,753462
2025-04-22,78.18482208251953,78.55713016950192,76.56193376792045,77.392471114508,761954
2025-04-23,77.81250762939453,78.28027798289334,77.34472999258931,78.28027798289334,163400
2025-04-24,74.99632263183594,77.81250773806416,74.47127635607931,74.56673865318902,334121
2025-04-25,76.39964294433594,76.83877534899023,74.36626755865936,75.22544282137714,1167451
2025-04-28,76.06552124023438,77.23018023133729,75.2254428075682,76.39964293031146,2031388
2025-04-29,77.25881958007812,77.4306546356755,74.93904997116705,75.41636876079232,1161070
2025-04-30,76.06552124023438,77.25881819287152,74.4617298445578,77.25881819287152,1138905
2025-05-02,78.41392517089844,78.85305755532194,76.3710014643905,76.3805498788993,187202
2025-05-05,79.23491668701172,79.71223546223469,77.89842265972612,79.50221403580754,324601
2025-05-06,79.24446868896484,79.61677676782733,79.23492027370234,79.61677676782733,290411
2025-05-07,78.1370849609375,80.26592998246781,73.27798314396718,73.30662110621937,1653996
2025-05-08,72.7529296875,78.2802821944986,70.3281493406492,77.80296340062971,345921
2025-05-09,74.27080535888672,76.3614566704514,66.8246294497363,72.55245483114228,516180
2025-05-12,81.69788360595703,81.69788360595703,78.39483854365382,81.69788360595703,2301330
2025-05-13,79.19673156738281,85.91738090313602,78.76714757618979,85.91738090313602,1050711
2025-05-14,82.10838317871094,82.76707817939523,78.85306542059938,79.19673554413335,2093769
2025-05-15,83.10120391845703,83.52123949932093,80.38048099974237,82.14656634229236,1112265
2025-05-16,82.60478210449219,83.0534628969657,82.05109060385227,83.0534628969657,405537
2025-05-19,82.5761489868164,83.05346776708703,81.63105984120644,82.0988302065458,183959
2025-05-20,82.5761489868164,82.67161128620921,82.0988302065458,82.67161128620921,313607
2025-05-21,83.94127655029297,84.24676026217769,82.2706609077002,82.57614461958492,788592
2025-05-22,83.39714050292969,84.48542677362025,82.68116230993292,83.94128363827497,322634
2025-05-23,83.70262145996094,84.19902978595941,80.23728974296725,83.425775693869,592193
2025-05-26,81.0869140625,83.70261885323364,79.72178210438491,83.52123539202405,367618
2025-05-27,81.92699432373047,82.56659973481511,80.85779764477357,81.15374023818953,484137
2025-05-28,81.92699432373047,81.92699432373047,81.92699432373047,81.92699432373047,0
2025-05-29,81.65969848632812,82.1942931940486,81.14419332532339,81.14419332532339,231746
2025-05-30,82.93891143798828,83.06301898636494,81.71697648457,81.71697648457,408291
2025-06-02,82.16565704345703,83.52124067266104,82.098832703519,82.93891116035525,126342
2025-06-03,82.84344482421875,83.33986042527835,82.0988287059358,82.16565304262001,550067
2025-06-04,82.5379638671875,83.37804231126512,82.09883145664874,83.05346903172605,241282
2025-06-05,80.62869262695312,83.00573826483962,79.32083646368504,83.00573826483962,995212
2025-06-06,80.62869262695312,80.62869262695312,80.62869262695312,80.62869262695312,0
2025-06-09,80.62869262695312,80.62869262695312,80.62869262695312,80.62869262695312,0
2025-06-10,80.63823699951172,81.62151253489543,79.71223738788034,80.62868858445077,797759
2025-06-11,83.82672119140625,84.82909353529676,81.62151077481495,81.65014873607356,1574204
2025-06-12,85.51643371582031,87.06294188982318,82.19429182788751,82.19429182788751,1713999
2025-06-13,84.67635345458984,85.44006645916778,82.81481302047825,83.53079123102995,486680
2025-06-16,84.67635345458984,84.67635345458984,84.67635345458984,84.67635345458984,0
2025-06-17,85.67872619628906,86.02239632135657,84.38996686893944,84.67635378429101,147381
2025-06-18,84.19902801513672,85.15366555400814,83.0630142965281,85.04865484206776,60721
2025-06-19,83.54032897949219,85.72644971056789,83.05346181915763,84.19902389644427,331169
2025-06-20,83.07255554199219,84.96274107620759,82.57614722575232,83.99855512129787,143240
2025-06-23,81.32557678222656,83.05346845036335,81.14419331357338,83.05346845036335,157776
2025-06-24,86.83383178710938,88.78129328807029,83.24439251377122,83.24439251377122,1411027
2025-06-25,93.07716369628906,95.46375763721954,86.87201944986978,87.82665702624199,714269
2025-06-26,89.46863555908203,95.37784453610523,88.32306608802558,95.37784453610523,703741
2025-06-27,92.68575286865234,93.56402491808052,88.87675122176003,89.4495322743045,504594
2025-06-30,94.90052795410156,97.27757355485916,88.79084581610095,92.69531013053196,1260313
2025-07-01,96.32293701171875,99.66416867121033,94.49957566726597,94.50912408276191,894927
2025-07-02,96.96253967285156,98.34676126428484,95.75015313885821,97.36348571244243,1924928
2025-07-03,96.62841033935547,97.56395102449125,95.65467599635399,96.96253201261825,1184287
2025-07-04,96.69523620605469,97.35393843185656,95.94107168399468,95.94107168399468,137422
2025-07-07,100.36103820800781,103.47315851144268,96.69523368737542,96.89570668928755,5810640
2025-07-08,100.12239074707031,101.25841184307164,98.32767464734236,101.18203908564313,1102585
2025-07-09,98.79544067382812,100.2369454525188,97.37303272530397,100.13193473652305,865697
2025-07-10,98.04127502441406,100.12238520770607,97.85035042471289,99.13910968096242,499417
2025-07-11,97.08663940429688,98.90045227102192,96.44703397084699,98.8145383844272,400569
2025-07-14,98.19401550292969,98.80498293065766,97.46848895126287,97.46848895126287,314410
2025-07-15,97.24893188476562,98.79544008695869,96.51385687716193,98.79544008695869,576419
2025-07-16,98.41358184814453,102.12712863015886,95.94107408172697,97.37303041130498,1497233
2025-07-17,99.1677474975586,100.23694419091878,98.05082329599624,99.27275821223266,2889930
2025-07-18,100.94337463378906,103.47316565148458,99.52096669351458,99.52096669351458,3298551
2025-07-21,101.77391052246094,103.85502068780835,100.23694347320723,102.528075066399,1962070
2025-07-22,102.44215393066406,104.75238235436024,101.66889984000382,102.0507563195384,2119933
2025-07-23,103.06266784667969,103.48271069453946,102.62353545269285,102.62353545269285,436222
2025-07-24,102.50897979736328,103.76910110030879,102.14622014221311,103.10085771363566,755339
2025-07-25,103.11994171142578,103.42542542651036,102.1462146456269,102.8144579963412,286551
2025-07-28,107.7785873413086,108.82868725287672,102.14622400050709,103.11995115548304,4864272
2025-07-29,107.69266510009766,110.05062113249498,105.97432179367577,108.2559050702392,5726555
2025-07-30,106.90031433105469,109.97424107454373,106.06977705394769,107.44445743445407,1823969
2025-07-31,106.91940307617188,108.80958858520899,105.01012802124023,107.60674326127628,1113258
2025-08-01,108.16997528076172,108.82867750156075,106.91940245767373,106.91940245767373,630924
2025-08-04,112.3703842163086,112.63768156279066,107.41581304172321,109.68785505343375,3904958
2025-08-05,118.43233489990234,119.42515884918355,112.16991475568963,112.37038777189449,6628654
2025-08-06,119.01466369628906,119.80701462466891,116.56124544112411,119.37743063296287,7376739
2025-08-07,120.99076843261719,123.53010068329165,119.42516333772149,119.95021693559191,4554245
2025-08-08,118.14595031738281,121.14351177086161,115.55888331942154,120.94303875072144,4679242
2025-08-11,122.04086303710938,123.0527765272044,117.46815550169508,120.28433341027977,1763192
2025-08-12,122.99549865722656,124.57065935739931,121.23896905819728,122.6709253856563,4321900
2025-08-13,122.06951141357422,125.05752445215823,120.30342604313874,123.62556806530145,2399028
2025-08-15,124.19834899902344,124.6756677660195,120.33206407303268,121.70673716933304,3034549
2025-08-18,123.67329406738281,126.00261195509144,123.2914303180627,124.6279315907642,912623
2025-08-19,122.02177429199219,124.0933433607571,121.38216886606287,123.1577880512366,540064
2025-08-20,122.8427505493164,124.58019784844896,121.23896648852887,122.20314515126809,1171047
2025-08-21,121.08621978759766,123.61601796072115,118.37505272125907,122.84274933199062,775628
2025-08-22,121.69719696044922,122.66138291641569,121.23896773600477,122.00268068231004,346976
2025-08-25,121.258056640625,123.14824216691149,120.66618602951098,122.19360463073387,381736
2025-08-26,121.2007827758789,122.00268210719558,120.81892629826652,121.2389691519708,296092
2025-08-27,114.8810806274414,126.01215808785584,114.0791885719604,120.28433272022603,5131144
2025-08-28,111.50167083740234,115.02427851009504,110.79523379321763,114.55650814117776,1421108
2025-08-29,115.51114654541016,116.46578412016561,111.50167164475992,111.50167164475992,3319174
2025-09-01,115.41568756103516,116.65671207389374,113.41095005310444,115.70207447170704,1256315
2025-09-02,117.59225463867188,119.22468398820124,115.50159605683116,115.50159605683116,1574408
2025-09-03,118.97647857666016,120.57072886525695,118.14594854614603,118.85237831366442,1095189
2025-09-04,122.76639556884766,124.10288232104443,119.3392429543548,119.3392429543548,2121866
2025-09-05,123.31594848632812,125.89687842062706,121.19623742024228,124.04214246841626,2224964
2025-09-08,122.74676513671875,123.54165303750655,120.7055635657013,123.35519489304477,904857
2025-09-09,122.44254302978516,124.38561149779198,122.0598186702965,124.14027498596202,513420
2025-09-10,122.42292022705078,122.66825674053185,121.49064447065322,122.44254385381574,469425
2025-09-11,121.9028091430664,123.1294917218091,121.49064559350717,122.64863424732333,730907
2025-09-12,120.98033905029297,122.51123648235877,118.77231045231676,121.79485806333358,338572
2025-09-15,120.58779907226562,122.17758235732278,119.81253479982223,121.68690933580743,180754
2025-09-16,120.83313751220703,121.68691127862223,120.32284085599733,120.58780099753238,183927
2025-09-17,120.04806518554688,121.67709575008752,118.74287313027449,121.1962382775942,496779
2025-09-18,122.57012939453125,123.55147549458823,120.16582695714573,120.68594667932024,597806
2025-09-19,123.18836975097656,123.81643063059965,122.17758450680428,122.66825753695208,1023381
2025-09-22,123.56128692626953,126.10296964675376,123.15893144488403,123.18837062897052,983013
2025-09-23,123.56128692626953,123.56128692626953,123.56128692626953,123.56128692626953,0
2025-09-24,125.45527648925781,126.1029684814807,124.3954284365564,124.3954284365564,375530
2025-09-25,123.64960479736328,125.99502130526778,123.15893176245311,125.99502130526778,637254
2025-09-26,124.70945739746094,126.44644409268658,123.64960187024626,124.42486614550091,1230057
2025-09-29,125.05293273925781,128.54652991620787,124.53282050869535,125.1118111088833,2081976
2025-09-30,125.82819366455078,127.08431542994154,124.38561375092733,124.63095026720136,1049340
2025-10-01,138.40904235839844,138.40904235839844,126.39737611151298,126.39737611151298,7935137
2025-10-02,142.19703674316406,152.24602569206547,140.33248523667342,141.6965556480498,6880792
2025-10-03,141.42178344726562,145.96542056560352,138.3796046255337,140.3815590037768,1382842
2025-10-06,141.23532104492188,144.25786866139217,138.27165179530613,141.4217791893962,2356783
2025-10-07,141.23532104492188,141.23532104492188,141.23532104492188,141.23532104492188,0
2025-10-08,140.34230041503906,142.45220351520348,138.36980014410545,141.76526423981514,839648
2025-10-09,139.586669921875,142.19703907901155,138.46793600477287,140.34229561186453,548931
2025-10-10,134.47384643554688,140.38155377910527,132.5307854723999,137.4963940305267,2377478
2025-10-13,130.92138671875,135.3276211217326,125.72024939694049,130.51903122418696,3404459
2025-10-14,138.1931610107422,139.25300159097256,134.05187939004554,134.33646316222445,1640475
2025-10-15,140.2539825439453,142.88399787342027,138.46794043195794,139.2922675605675,1395026
2025-10-16,139.10580444335938,142.19703855243966,138.62493948174912,139.3511409591325,611496
2025-10-17,140.2637939453125,143.472799955081,137.38845699717947,138.8604761792921,1045177
2025-10-20,142.5012664794922,142.94286920706986,140.67596222790567,140.67596222790567,467039
2025-10-21,142.991943359375,146.6130978024583,140.84279305651765,142.97231224508718,1218257
2025-10-22,136.49542236328125,143.7672003933562,133.44343546244934,143.27652735447103,1353571
2025-10-23,135.98513793945312,140.02827912952145,135.3276228671001,138.35999373380466,722403
2025-10-24,135.41595458984375,138.17353475249513,134.90565042183948,136.0341924543466,353427
2025-10-27,134.46405029296875,137.37864948329346,133.4630730523134,137.37864948329346,310953
2025-10-28,128.65447998046875,135.81829454678234,127.57499327845136,133.5121401912407,784638
2025-10-29,127.18245697021484,131.48074258481898,126.20111089783403,129.3414153346221,1541602
2025-10-30,126.3385009765625,130.4012731888865,126.10297252434336,127.18245921265652,2283834
2025-10-31,130.11666870117188,131.00969719721158,127.68293469881029,129.53767812758,1827385
2025-11-03,131.96160888671875,134.93508631819847,130.32276272615243,132.47191304228494,710567
2025-11-04,128.88018798828125,133.03127789122794,128.16380951204468,132.28546022926614,481519
2025-11-05,125.5436019897461,130.27368970829687,124.63094985275859,128.88018009739267,989472
2025-11-06,126.82917022705078,128.55633390252723,124.63094966122868,125.61229572155332,551693
2025-11-07,127.10395050048828,128.56614659953888,126.58383826772956,127.47685183440866,520184
2025-11-10,128.7918701171875,130.49940278170322,127.56518746778094,127.56518746778094,697985
2025-11-11,125.22957611083984,130.5190309778168,124.62113883499418,129.63582547965825,744130
2025-11-12,125.73005676269531,127.7614503647257,124.13046532493553,124.72908704119949,1019777
2025-11-13,129.68487548828125,130.51902562668423,125.75949125890729,125.75949125890729,474095
2025-11-14,132.52096557617188,134.44441044562694,128.75260029324434,130.617166794865,776367
2025-11-17,132.29525756835938,136.83889453599758,131.50036966995015,134.44440779688935,425284
2025-11-18,129.3315887451172,133.65932839947837,128.5563319578154,133.45325411545295,446657
2025-11-19,129.35122680664062,132.08919080611818,128.55633886297073,129.63582556064165,914003
2025-11-20,132.53079223632812,133.46306802549918,129.53768367180803,130.08723508546032,639217
2025-11-21,135.13134765625,137.63378307054492,131.64756619510626,133.4630623714375,1281849
2025-11-24,136.04400634765625,136.89777261092036,132.48171542992293,135.40612243702083,518649
2025-11-25,138.21278381347656,140.82316808395151,134.444418310114,136.40711054821784,2324611
2025-11-26,141.74563598632812,143.03119700782378,138.38943405240832,138.38943405240832,1586498
2025-11-27,151.6179656982422,155.48447155592584,141.80450513524917,142.91343097059615,3757708
2025-11-28,146.10281372070312,154.68959218744496,145.23922435174745,152.10864712514092,2626287
2025-12-01,148.84075927734375,150.6366244141634,143.7672018024426,147.0841563695453,1959870
2025-12-02,148.251953125,151.09785064509276,147.6925786958347,149.1645977526038,1012793
2025-12-03,146.799560546875,149.16460825845382,146.11262126683118,149.16460825845382,523615
2025-12-04,148.18325805664062,149.6552771764086,144.26768180736286,146.79955649026206,638392
2025-12-05,149.89080810546875,152.58950986968,147.12340492693863,152.58950986968,1884948
2025-12-08,149.17440795898438,151.10766087916426,148.18325383725787,149.89080135826285,2001390
2025-12-09,149.17440795898438,151.10766087916426,148.28139443210904,151.10766087916426,1255551
2025-12-10,148.3795166015625,150.0379937865664,147.49631116505432,150.0379937865664,732110
2025-12-11,147.00564575195312,148.8113189450263,146.7014308630732,148.67393109281755,657411
2025-12-12,147.0350799560547,147.97716377524668,146.22056094049458,147.97716377524668,1072128
2025-12-15,146.50514221191406,148.9683303303661,146.22055845187626,148.18325051163296,899672
2025-12-16,145.54342651367188,148.0851091236088,145.23921164190787,146.72103874837046,593604
2025-12-17,142.6680908203125,146.21075059222665,139.8418094584757,146.21075059222665,1537163
2025-12-18,141.8732147216797,143.76720553187806,140.52876036465696,142.78585941903248,1244844
2025-12-19,141.088134765625,143.23728514754063,140.823167122527,143.23728514754063,389319
2025-12-22,144.77798461914062,145.6710131373156,141.0881287838328,141.8045072227142,970030
2025-12-23,144.73873901367188,146.61309864979063,143.031191440429,145.2392201247581,679996
2025-12-24,148.4874725341797,152.31473121946556,147.20191156900813,148.66412261462193,2382691
2025-12-26,148.4384002685547,151.11748580500043,148.281396278651,149.55713418268886,1485833
2025-12-29,150.11651611328125,150.6366283552727,148.18326307261356,149.16460918567722,2117183
2025-12-30,149.63565063476562,151.10766979951703,149.1646086948081,151.10766979951703,464469
2025-12-31,148.78187561035156,150.14594602428585,147.2019078669469,149.63564188425107,809568
2026-01-01,148.78187561035156,148.78187561035156,148.78187561035156,148.78187561035156,0
2026-01-02,152.6483917236328,161.92210954839186,149.14497889308305,149.64547499696354,4004035
2026-01-05,156.03402709960938,161.3332899548406,153.58066189364067,153.58066189364067,3312434
2026-01-06,154.6797637939453,158.9780644009594,153.08998794166462,156.91723165054512,1661627
2026-01-07,154.71902465820312,157.015370863282,153.19793525813455,154.65032324585715,1395737
2026-01-08,155.17044067382812,161.41180247416628,154.3264824281356,154.75827710837174,3299081
2026-01-09,154.012451171875,157.11350827740975,153.0899834908733,156.03402163492856,1449520
2026-01-12,153.31568908691406,156.76022330335925,151.7553524623487,154.01245137053292,931408
2026-01-13,153.96337890625,155.05267360459013,151.62777055009775,155.05267360459013,993662
2026-01-14,151.9516143798828,154.96435385357233,151.5787130741248,154.96435385357233,537448
2026-01-15,152.23622131347656,152.97223086927693,149.91042093472353,151.61796849487536,564633
2026-01-16,159.12525939941406,159.95940954930157,152.10864098246466,152.23622076340465,2684756
2026-01-19,167.60409545898438,169.28220389491796,157.50605058048887,159.4687427995604,3912077
2026-01-20,175.65113830566406,183.39395819219493,169.282196926265,169.56678069768776,6730025
2026-01-21,172.35382080078125,180.5578748179315,170.04765146988402,175.66095237499488,2304983
2026-01-22,172.89353942871094,173.69825037510398,170.4598054241275,172.35381108200846,484532
2026-01-23,179.97886657714844,182.8738495165149,169.8710138485202,173.59030893398347,2522053
2026-01-26,171.9514617919922,183.393960708964,170.7542183732818,181.54902528193753,2261796
2026-01-27,171.50003051757812,173.69825106296818,169.45882893417718,171.95145628975865,1365405
2026-01-28,172.24586486816406,172.61876618902573,170.656074066471,171.63742012774838,553522
2026-01-29,165.96524047851562,172.24586423198514,159.95940739740917,172.2262331180694,3378163
2026-01-30,167.83961486816406,176.54414959877798,166.82882962776335,166.8386376976348,1253144
2026-02-02,181.08778381347656,183.70797594699863,157.11350721074442,169.095733990175,7657206
2026-02-03,183.38414001464844,189.20353014562832,181.5490276083899,183.41357919957161,3708210
2026-02-04,184.01219177246094,186.4557488187275,179.8316630054306,183.01122958650797,1514624
2026-02-06,176.1614227294922,182.63831260079328,172.71690351040561,180.67562051544778,2326236
2026-02-09,172.1280975341797,178.8895714693029,171.64724753538738,177.6236416067001,976280
2026-02-10,172.72671508789062,175.66094520576567,172.21642591672742,175.66094520576567,238600
2026-02-11,174.22817993164062,174.67960572607697,172.61877292728784,173.68845155619155,367385
2026-02-12,173.77676391601562,174.6796005037434,171.34302985456893,174.6697924337359,1376056
2026-02-13,167.8199920654297,174.92494325802147,164.97409434991138,174.92494325802147,1451394
2026-02-16,163.51187133789062,170.75420985808282,160.9407495214114,168.00643796898441,4137386
2026-02-17,160.16549682617188,167.3096949354471,157.9967154478568,164.38527289918395,2616793
2026-02-18,166.16152954101562,167.31951075631034,160.94076107938355,160.94076107938355,1236633
2026-02-19,155.81813049316406,166.82883478704102,154.16947625462672,166.82883478704102,1004733
2026-02-20,153.8260040283203,158.97807114888607,152.08901720633804,156.03403279427707,1539232
2026-02-23,148.14401245117188,155.533547316733,146.7210486402339,153.82599972809922,780791
2026-02-24,145.6121368408203,152.10864312986362,143.27652836748445,146.25000580621986,2389538
2026-02-25,149.9693145751953,154.05170287244962,146.71123841412444,147.20191145229876,1064791
2026-02-26,159.9986572265625,161.4314290824258,147.4472475357719,149.94968301789842,907927
2026-02-27,160.2832489013672,164.36565198058943,153.08998070346632,157.015364824068,719341
2026-03-02,144.25787353515625,155.92607780920378,144.25787353515625,146.22056569209715,2492931
2026-03-03,149.9398651123047,155.052684918825,142.7858585803104,143.27653163385096,2482771
2026-03-04,144.04197692871094,151.12729684904653,143.76720122328126,151.0095401107632,1837640
2026-03-05,142.85455322265625,147.20190908332387,141.3138327199909,145.48455347735177,2018499
2026-03-06,138.3109130859375,143.2765216457406,137.38844541372387,142.88398921993368,1290240
2026-03-09,124.49356079101562,127.6731273910928,124.4837452341115,127.6731273910928,2512805
2026-03-10,131.82421875,136.94684640885077,128.07546959292227,129.53768062092922,1214647
2026-03-11,132.61911010742188,136.4071066167525,131.21579238521707,135.4257605259845,825141
2026-03-12,130.53866577148438,138.3501725428267,127.77126251072879,132.46209579141845,818242
2026-03-13,128.60540771484375,132.2854555416278,127.52592102932593,130.71529581253876,621942
2026-03-16,122.29534912109375,130.4699561393612,121.50045371849643,128.6152126784279,1141190
2026-03-17,121.13735961914062,125.36695872710254,118.84100595348197,122.96266388333107,831794
2026-03-18,127.83013153076172,132.4817172147754,121.24530789768603,122.63881749667648,931044
2026-03-19,128.91943359375,132.23638823508642,122.66826366891132,126.5936481063165,1286380
2026-03-20,128.91943359375,128.91943359375,128.91943359375,128.91943359375,0
2026-03-23,128.91943359375,128.91943359375,128.91943359375,128.91943359375,0
2026-03-24,128.23248291015625,133.46305900481678,126.60344491968334,131.99103997167543,1098965
2026-03-25,132.6092987060547,135.0332246872947,128.45819406499191,129.53768072738114,1459939
2026-03-26,129.2040252685547,134.2481433951564,128.55633327808985,132.36396076538344,1298411
2026-03-27,131.52000427246094,133.36492469852715,127.6927456214209,129.20402695219883,787080
2026-03-30,126.73999786376953,132.0,121.61000061035156,131.5,2245267
2026-03-31,123.5999984741211,130.0,120.55000305175781,127.0,928999
2026-04-01,129.17999267578125,132.99000549316406,125.48999786376953,125.48999786376953,3072790
2026-04-02,127.55999755859375,129.5,123.61000061035156,125.0,1051792
2026-04-03,123.4800033569336,126.9800033569336,120.0,124.05000305175781,537283
2026-04-06,126.9800033569336,129.10000610351562,120.16000366210938,123.4000015258789,963358
2026-04-07,126.2300033569336,126.75,125.0,126.0,490083
2026-04-08,138.85000610351562,138.85000610351562,132.64999389648438,138.85000610351562,4856281
2026-04-09,143.9199981689453,147.00999450683594,135.0,139.89999389648438,2252565
2026-04-10,145.16000366210938,152.0,144.50999450683594,146.0,2309545
2026-04-13,137.05999755859375,141.0,135.5,140.0500030517578,1305786
2026-04-14,144.33999633789062,145.0,140.0,140.0,906480
2026-04-15,142.69000244140625,150.49000549316406,141.5,149.0,5813015
2026-04-16,142.47000122070312,144.72999572753906,140.05999755859375,142.69000244140625,2481302
2026-04-17,143.49000549316406,146.24000549316406,141.0,143.89999389648438,4781480
2026-04-20,140.08999633789062,143.1999969482422,138.08999633789062,142.0,2164312
2026-04-21,140.07000732421875,142.44000244140625,140.0,141.00999450683594,839857
2026-04-22,141.5500030517578,142.5,136.1199951171875,140.99000549316406,1130691
2026-04-23,138.97999572753906,141.47999572753906,138.60000610351562,140.25,586210
2026-04-24,140.2100067138672,143.25,130.10000610351562,138.0,1815003
2026-04-27,135.97999572753906,139.97999572753906,135.0,138.0,1544088
2026-04-28,136.22999572753906,136.99000549316406,134.50999450683594,135.19000244140625,885046
2026-04-29,136.22999572753906,136.22999572753906,136.22999572753906,136.22999572753906,0
2026-04-30,130.2899932861328,134.3000030517578,124.0999984741211,134.3000030517578,1628415
2026-05-04,132.69000244140625,136.0,130.00999450683594,131.00999450683594,714614
2026-05-05,132.74000549316406,134.0,130.10000610351562,130.10000610351562,284296
2026-05-06,132.74000549316406,132.74000549316406,132.74000549316406,132.74000549316406,0
2026-05-07,140.80999755859375,142.5,139.99000549316406,141.99000549316406,750600
2026-05-08,137.42999267578125,139.38999938964844,136.9499969482422,138.89999389648438,391282
2026-05-11,137.47999572753906,139.0,136.25,136.8000030517578,327169
2026-05-12,137.1300048828125,138.44000244140625,136.89999389648438,138.0,220422
2026-05-13,135.6199951171875,138.0,134.89999389648438,137.1300048828125,291367
2026-05-14,136.1300048828125,136.64999389648438,134.0,136.63999938964844,397087
2026-05-15,134.58999633789062,136.99000549316406,133.6999969482422,135.99000549316406,339951
2026-05-18,130.80999755859375,134.5,129.10000610351562,134.0,400598
2026-05-19,129.1999969482422,134.0,127.51000213623047,132.0,490617
2026-05-20,131.02999877929688,131.85000610351562,129.5,130.0,290289
2026-05-21,136.77000427246094,137.0,132.0,132.0,520062
2026-05-22,136.38999938964844,138.0,135.1199951171875,138.0,304252
2026-05-25,139.85000610351562,141.0,139.00999450683594,141.0,869920
2026-05-26,139.85000610351562,139.85000610351562,139.85000610351562,139.85000610351562,0
2026-05-27,139.85000610351562,139.85000610351562,139.85000610351562,139.85000610351562,0
2026-05-28,139.85000610351562,139.85000610351562,139.85000610351562,139.85000610351562,0
2026-05-29,141.0500030517578,142.10000610351562,139.11000061035156,139.5,1227196
2026-06-01,139.66000366210938,146.0,138.5,142.0,2260736
2026-06-02,141.22999572753906,142.9499969482422,139.02999877929688,140.25,559805
2026-06-03,141.22999572753906,141.22999572753906,141.22999572753906,141.22999572753906,0
2026-06-04,141.85000610351562,143.0,140.14999389648438,141.33999633789062,679331
2026-06-05,141.61000061035156,142.9499969482422,141.16000366210938,141.9499969482422,212632
2026-06-08,141.0399932861328,141.25,138.60000610351562,140.00999450683594,453233
2026-06-09,141.1999969482422,144.0,140.99000549316406,142.0,470434
2026-06-10,140.69000244140625,142.0,139.99000549316406,140.0,255837
2026-06-11,139.0,141.99000549316406,138.41000366210938,140.49000549316406,704500
2026-06-12,141.75999450683594,143.0,140.0,141.0,529886
2026-06-15,144.7899932861328,145.19000244140625,142.0,145.0,968159
2026-06-16,148.0,149.00999450683594,143.5,144.8000030517578,1331348
2026-06-17,162.47000122070312,162.8000030517578,147.0,148.0,6148664
2026-06-18,167.47000122070312,169.5,159.16000366210938,165.4499969482422,5569652
2026-06-19,161.8800048828125,168.0,158.0,167.5,2927042
2026-06-22,162.25999450683594,164.8000030517578,160.77000427246094,162.52000427246094,787725
2026-06-23,161.00999450683594,163.74000549316406,160.5,162.00999450683594,1816081
2026-06-24,163.11000061035156,163.5,160.22000122070312,161.0,718348
2026-06-25,163.11000061035156,163.11000061035156,163.11000061035156,163.11000061035156,0
2026-06-26,163.11000061035156,163.11000061035156,163.11000061035156,163.11000061035156,0
2026-06-29,163.0500030517578,164.0,160.77000427246094,161.39999389648438,1016989
2026-06-30,165.3000030517578,166.5,161.5,163.0500030517578,1270504
2026-07-01,161.1199951171875,167.88999938964844,160.0,165.3000030517578,3152778
2026-07-02,164.3800048828125,165.1999969482422,162.02000427246094,163.0,1582313
2026-07-03,163.75999450683594,164.38999938964844,161.5,163.0,1475017
2026-07-06,165.9199981689453,166.5,163.8000030517578,164.0,886590
2026-07-07,164.66000366210938,166.94000244140625,163.8000030517578,166.00999450683594,582998
2026-07-08,158.55999755859375,163.97999572753906,152.6999969482422,163.00999450683594,1770654
2026-07-09,163.22000122070312,164.0,154.1199951171875,154.1199951171875,1828937
2026-07-10,162.8800048828125,165.5,162.0,163.0,829192
2026-07-13,158.00999450683594,160.8000030517578,157.25,160.00999450683594,1389608
2026-07-14,152.02000427246094,155.85000610351562,150.1699981689453,155.00999450683594,1473665
2026-07-15,154.07000732421875,157.49000549316406,152.0,152.0,649965
2026-07-16,162.63999938964844,165.0,154.0,154.0,2944419
2026-07-17,157.67999267578125,162.10000610351562,156.72999572753906,162.0,1270298
2026-07-20,156.38999938964844,157.99000549316406,154.0,156.0,909533
2026-07-21,156.17999267578125,159.9499969482422,154.5,156.50999450683594,1358608
2026-07-22,155.49000549316406,157.0,153.9499969482422,155.0,538047
2026-07-23,150.8699951171875,156.94000244140625,149.5,155.49000549316406,1543022
2026-07-24,150.38999938964844,152.8000030517578,147.0,151.0,323374
2026-07-27,158.1300048828125,159.3000030517578,153.02000427246094,156.0,650858
2026-07-28,157.2100067138672,159.0,155.02999877929688,158.5,395476
2026-07-29,154.6300048828125,157.0,153.99000549316406,157.0,373470
2026-07-30,155.22000122070312,156.0,152.9600067138672,154.0,373613
2026-07-31,155.02999877929688,157.69000244140625,154.91000366210938,155.10000610351562,270058
2026-08-03,157.35000610351562,158.49000549316406,155.5,157.49000549316406,687368
2026-08-04,157.4600067138672,158.0,156.5,157.97999572753906,678063
2026-08-05,165.6300048828125,167.0,159.5,160.0,1851995
2026-08-06,166.36000061035156,169.00999450683594,165.0,166.66000366210938,748590
2026-08-07,163.67999267578125,166.5,162.5500030517578,166.5,1057531
2026-08-10,164.5,165.89999389648438,163.5,165.89999389648438,494669
2026-08-11,164.27000427246094,165.5,163.5,164.05999755859375,688731
2026-08-12,164.61000061035156,165.94000244140625,164.00999450683594,165.1999969482422,389585
2026-08-13,165.17999267578125,166.1999969482422,163.89999389648438,165.0,745903
2026-08-14,165.17999267578125,165.17999267578125,165.17999267578125,165.17999267578125,0
2026-08-17,164.88999938964844,167.0,164.02000427246094,166.89999389648438,1017761
2026-08-18,164.88999938964844,164.88999938964844,164.88999938964844,164.88999938964844,0
2026-08-19,161.25,166.5,160.0,160.0,1625320
2026-08-20,159.58999633789062,165.0,158.5,164.88999938964844,1111199
2026-08-21,159.49000549316406,160.44000244140625,156.13999938964844,156.13999938964844,1616746
2026-08-24,158.07000732421875,160.5500030517578,156.89999389648438,160.5,639360
2026-08-25,157.25,160.0,155.8000030517578,157.60000610351562,742436
2026-08-26,157.25,157.25,157.25,157.25,0
2026-08-27,157.00999450683594,159.5,156.1999969482422,157.5,558820
2026-08-28,156.6999969482422,159.0,156.00999450683594,157.6999969482422,254422
2026-08-31,155.00999450683594,157.0,154.39999389648438,156.0,1695746
2026-09-01,155.13999938964844,157.39999389648438,154.0,156.97999572753906,3518930
2026-09-02,152.3300018310547,155.0,152.0,155.0,691592
2026-09-03,152.77999877929688,156.0,151.8000030517578,152.3300018310547,346489
2026-09-04,153.5500030517578,154.99000549316406,151.0800018310547,153.99000549316406,100515
2026-09-07,152.8300018310547,153.99000549316406,151.10000610351562,153.99000549316406,135501
2026-09-08,153.0,153.5,151.5,153.0,234491
2026-09-09,152.63999938964844,153.8800048828125,152.41000366210938,153.0,226503
2026-09-10,149.08999633789062,152.99000549316406,147.99000549316406,152.99000549316406,288957
2026-09-11,150.02000427246094,151.85000610351562,142.0,147.0,713494
2026-09-14,143.16000366210938,152.0,140.0,150.0,1195050
2026-09-15,148.13999938964844,150.0,144.0,144.0,316171
2026-09-16,146.72000122070312,148.13999938964844,146.0,148.13999938964844,204392
2026-09-17,146.97000122070312,148.35000610351562,146.07000732421875,146.75999450683594,168300
2026-09-18,147.27999877929688,149.0,146.97000122070312,147.22000122070312,222672
2026-09-21,148.75999450683594,149.33999633789062,147.0,148.4499969482422,214442
2026-09-22,148.4600067138672,149.89999389648438,147.99000549316406,149.0,316746
2026-09-23,148.08999633789062,150.50999450683594,146.9600067138672,149.0,751727
2026-09-24,144.30999755859375,149.0,143.89999389648438,147.39999389648438,743284
2026-09-25,145.0399932861328,145.5500030517578,141.3000030517578,144.30999755859375,440567
2026-09-28,143.35000610351562,146.4499969482422,142.99000549316406,144.5,627485
2026-09-29,142.89999389648438,144.99000549316406,142.0,144.8800048828125,613754
