Date,Close,High,Low,Open,Volume
2021-10-04,14.355910301208496,14.388518229608447,14.037977314218711,14.266237186164723,666562
2021-10-05,13.622218132019043,14.331453222440658,13.467327418429868,14.233628567356558,3729375
2021-10-06,13.34504508972168,13.695586851795321,13.173849543438013,13.62221770680055,1760625
2021-10-07,14.111345291137695,14.306997218407442,13.777107493123955,13.777107493123955,2876062
2021-10-08,13.720043182373047,14.143954087863008,13.654825581756626,14.135801669128657,873562
2021-10-11,13.287979125976562,13.662977272339065,13.124937746575169,13.662977272339065,974250
2021-10-12,13.662976264953613,14.013518878263397,13.03526280232003,13.165696246075834,2170687
2021-10-13,13.190155029296875,13.736346996907423,13.124938299861245,13.679282686637212,1032187
2021-10-14,14.17656135559082,14.17656135559082,13.043415437049598,13.084175779571227,3663000
2021-10-15,14.27438735961914,14.616776697330405,14.078737184127602,14.429278065841107,1448437
2021-10-18,13.817867279052734,14.27438696651506,13.695586250723979,14.225475079961054,456187
2021-10-19,13.817867279052734,13.817867279052734,13.817867279052734,13.817867279052734,0
2021-10-20,14.429278373718262,14.624929428013587,14.021671427516866,14.021671427516866,2217937
2021-10-21,14.698299407958984,14.991775988602413,14.42927833440664,14.624929388168926,2149875
2021-10-22,15.032536506652832,15.570576879400669,14.902101310723568,14.902101310723568,4861687
2021-10-25,15.032536506652832,15.570576879400669,14.478190422470098,15.570576879400669,648562
2021-10-26,14.282541275024414,14.877646906383559,14.192868159197964,14.673844290902602,1880437
2021-10-27,14.59232234954834,15.162971582595132,14.388517989981821,14.657539079891395,2216812
2021-10-28,15.668404579162598,15.684709418234226,14.918408220746166,15.024385301565339,8567437
2021-10-29,16.336877822875977,16.467311268369127,15.53796881474196,15.896661227162697,8580937
2021-11-01,17.518939971923828,17.559699445729173,16.834159471039555,16.834159471039555,15329812
2021-11-02,17.127634048461914,18.008065516867376,17.029808524112234,17.853173937141477,10850062
2021-11-03,16.97274398803711,17.35589453630164,16.907526389601482,17.35589453630164,4006687
2021-11-04,16.785245895385742,17.070570944586567,16.499922595443397,16.866768337590823,3290062
2021-11-05,16.76894187927246,17.306982271342864,16.638506678658896,16.777093423338915,5014125
2021-11-08,16.377639770507812,16.87492074593581,16.271662689326412,16.711877602437944,1901250
2021-11-09,15.46460247039795,16.39394509209423,15.285254482494674,16.39394509209423,5472000
2021-11-10,15.334165573120117,15.652098540468897,14.91840707735633,15.570577849875866,6148125
2021-11-11,15.105905532836914,15.529815543218477,15.081449152444549,15.366772424183273,1218375
2021-11-12,15.056992530822754,15.187427738817943,14.836885085246665,15.187427738817943,1414125
2021-11-15,14.836884498596191,15.138514374557447,14.763515352971845,15.081450066602427,1328625
2021-11-16,15.260796546936035,15.489055531948349,14.796125283307028,14.796125283307028,2339437
2021-11-17,15.073297500610352,15.366774097271588,14.918407657680863,15.122210266720558,1089000
2021-11-18,15.5216646194458,15.994489158755117,15.089601298837874,15.089601298837874,11759062
2021-11-19,15.603185653686523,15.97818467583711,15.326013908440869,15.71731601902693,4872937
2021-11-22,15.260796546936035,15.725467810565045,15.146666179800658,15.61133919268811,1633500
2021-11-23,14.657538414001465,15.407534714705994,14.510800121423955,15.326014024137965,2676937
2021-11-24,14.60047435760498,14.991776477900789,14.429278805346335,14.551560717938775,2465437
2021-11-25,14.331452369689941,14.551559798448084,14.1031925223977,14.551559798448084,3342375
2021-11-26,14.380366325378418,14.61677684719257,14.103192835360023,14.282539924685883,2965500
2021-11-29,15.220035552978516,15.391231980856126,14.429278888766074,14.502648036745706,3490875
2021-11-30,15.04884147644043,15.635794683760581,14.877646790972053,15.431992069860597,1865250
2021-12-01,15.4075345993042,15.74177240186902,15.081450090216011,15.081450090216011,5150250
2021-12-02,14.25808334350586,15.244492758299417,14.25808334350586,15.244492758299417,5402250
2021-12-03,13.948302268981934,14.217323343013119,13.548847741963197,14.103192978362506,4199062
2021-12-06,14.046128273010254,14.412974886553942,13.858629631330388,14.412974886553942,498937
2021-12-07,14.404821395874023,14.673842459027473,14.078736901961006,14.078736901961006,1199812
2021-12-08,14.249931335449219,14.510799991900194,14.02167147971192,14.26623617312066,716062
2021-12-09,13.948302268981934,14.26623610654075,13.858629160724341,14.26623610654075,1225687
2021-12-10,13.728194236755371,14.062432022761056,13.69558631223957,13.70373785605394,1054125
2021-12-13,13.874933242797852,14.021671534640404,13.695587024743093,13.728194950955299,2142000
2021-12-14,14.241778373718262,14.306996847288692,13.817867479116776,13.899389040478763,1476000
2021-12-15,15.309708595275879,15.309708595275879,14.576017160713148,14.576017160713148,9675000
2021-12-16,14.584169387817383,15.383078459293653,14.429278675055818,15.383078459293653,5378062
2021-12-17,14.706451416015625,15.081450447061306,14.429278789566142,14.429278789566142,3744562
2021-12-20,15.073297500610352,15.358622552672719,14.551561037225069,14.673843827129833,7626375
2021-12-21,14.861342430114746,15.195578478408434,14.796124829571847,15.07329657067699,1949062
2021-12-22,14.706451416015625,14.910254020360656,14.681995033523885,14.87764609345782,369000
2021-12-23,14.812429428100586,14.98362234690491,14.755363372574116,14.836884059994038,1423125
2021-12-24,14.755363464355469,14.918406589467832,14.69829915773241,14.910253296194272,1805625
2021-12-27,14.755363464355469,14.836884152282465,14.551559995279609,14.673842776428474,889312
2021-12-28,14.73906135559082,14.836885138047618,14.633082530060266,14.755364444704375,1249875
2021-12-29,14.828733444213867,14.918407430469653,14.673843603643393,14.714603075275456,1752187
2021-12-30,14.853189468383789,15.203732111212664,14.690146338015511,14.918407070382786,2916562
2021-12-31,14.975471496582031,15.358622068793508,14.87764596744365,14.951015114297437,2966625
2022-01-03,15.162970542907715,15.285252450559655,14.861342420452392,15.040688635255774,3323812
2022-01-04,15.546121597290039,15.660251964477869,15.105906715754978,15.244493465250311,3737812
2022-01-05,15.171121597290039,15.489054546922532,15.08144936741207,15.489054546922532,1310625
2022-01-06,14.861342430114746,15.236339697405045,14.836884299310068,15.236339697405045,898312
2022-01-07,14.853189468383789,14.959168290289462,14.755363940014508,14.836884630569433,1006312
2022-01-10,15.220035552978516,15.293404700958147,14.796125503293467,14.836884974887617,2059875
2022-01-11,15.056992530822754,15.399383639866263,14.967320293241855,15.399383639866263,953437
2022-01-12,15.040688514709473,15.326013546696675,15.00808058934976,15.162970421381363,1040625
2022-01-13,14.951014518737793,15.0814497185655,14.902101756116995,15.0814497185655,691312
2022-01-14,14.76351547241211,15.024384130939744,14.592321672532844,14.999927748867105,995062
2022-01-17,14.910253524780273,14.97547112567673,14.633081782172528,14.722755764747857,250875
2022-01-18,14.59232234954834,14.84503860090021,14.470039558882577,14.739061523421405,2153812
2022-01-19,14.298845291137695,14.706451373272303,14.266236489700406,14.706451373272303,596812
2022-01-20,14.298845291137695,14.429278747628404,14.021671790864568,14.306997710154324,2899687
2022-01-21,14.282541275024414,14.461888381306592,14.16841090074063,14.347758881652084,565875
2022-01-24,14.152107238769531,14.26623673380907,14.021672030788503,14.26623673380907,534375
2022-01-25,14.331452369689941,14.50264703650183,14.184714083851182,14.184714083851182,2957625
2022-01-26,14.266236305236816,14.266236305236816,14.078737667312529,14.266236305236816,525937
2022-01-27,14.070585250854492,14.388517343638403,14.029824030920512,14.380366673984193,1422000
2022-01-28,14.119497299194336,14.266236468125616,14.046128152043309,14.111345754819261,3737812
2022-01-31,14.192867279052734,14.26623642598705,14.103193294157979,14.119497257489197,526500
2022-02-01,14.991776466369629,15.032537686955243,14.26623653579306,14.26623653579306,9147375
2022-02-02,15.122210502624512,15.220036036370987,14.918407890405533,14.991777040715387,9348750
2022-02-03,14.861342430114746,15.30970884204391,14.836884299310068,15.162970552766177,5073187
2022-02-04,14.641234397888184,14.951014945111165,14.600474052751512,14.86134271058801,2127937
2022-02-07,14.535256385803223,14.755363822886899,14.502647585062572,14.673843132979083,493875
2022-02-08,14.388517379760742,14.66569087719416,14.282540306776454,14.437431018730159,709875
2022-02-09,14.404821395874023,14.5841684797666,14.306996747403453,14.388516558937956,2163375
2022-02-10,14.306997299194336,14.592321461029872,14.290692461629424,14.437430751938422,511312
2022-02-11,14.429278373718262,14.502647519079009,14.3885171543206,14.429278373718262,314437
2022-02-14,14.46188735961914,14.633082034321166,14.103193172395418,14.306997522736783,1080562
2022-02-15,14.306997299194336,14.388517113872888,14.103192952037352,14.306997299194336,2685375
2022-02-16,14.331452369689941,14.42927789358245,14.23362772042661,14.42927789358245,520875
2022-02-17,14.135802268981934,14.388517639549669,14.111345886370266,14.380366969727834,236812
2022-02-18,14.339605331420898,14.388517220590803,14.062432711682861,14.18471462118064,493312
2022-02-21,14.31514835357666,14.37221441195885,14.103193331197277,14.274388007826955,1062000
2022-02-22,14.046128273010254,14.26623659098816,13.850478086885111,14.25808417191365,2446312
2022-02-23,14.681994438171387,14.755363582671505,14.021671263041124,14.111345244960733,3500437
2022-02-24,14.266236305236816,14.535256508385634,14.103193174787753,14.266236305236816,10295437
2022-02-25,14.266236305236816,14.510800126281197,14.02167160956322,14.266236305236816,2100375
2022-02-28,14.41297435760498,14.470038665144621,14.02982379460294,14.07058501385034,1001250
2022-03-01,14.27438735961914,14.445582903103958,14.078737184127602,14.364061340677262,3441937
2022-03-02,13.99721622467041,14.152106937564731,13.858629475112092,14.152106937564731,5658750
2022-03-03,13.948302268981934,14.062432633632547,13.82602036016285,13.891237086656627,9980437
2022-03-04,13.94015121459961,14.10319347387713,13.866782066730341,13.997216398929897,3548812
2022-03-07,13.638522148132324,13.91569477493425,13.377653484802547,13.91569477493425,3638812
2022-03-08,13.508086204528809,13.842324871812647,13.3368924108424,13.842324871812647,2033437
2022-03-09,13.785260200500488,13.92384694877545,13.451022395488375,13.451022395488375,2239875
2022-03-10,14.31514835357666,14.412974757708557,13.777107941311959,13.858629507440595,5284125
2022-03-11,14.355910301208496,14.755364858456698,14.160259232291706,14.217324418935526,3737812
2022-03-14,14.143954277038574,14.290692568444356,14.062432712492292,14.282540149600965,481500
2022-03-15,14.388517379760742,14.470038945204147,14.037976485075458,14.037976485075458,1661625
2022-03-16,14.624929428100586,15.179275539655976,14.388517154406193,14.388517154406193,6720750
2022-03-17,14.608625411987305,14.87764561066655,14.559712648591079,14.714602482926328,3041437
2022-03-18,14.306997299194336,14.63308180568375,14.103192952037352,14.445583170720877,5659875
2022-03-21,14.388517379760742,14.461887400900258,14.266236343539461,14.437431018730159,852750
2022-03-22,14.388517379760742,14.412974636560058,14.266236343539461,14.388517379760742,583312
2022-03-23,14.388517379760742,14.388517379760742,14.388517379760742,14.388517379760742,0
2022-03-24,14.59232234954834,14.633082696684092,14.233629020717666,14.266236948574566,817312
2022-03-25,14.364062309265137,14.673843742598047,14.266236777608269,14.355909890083984,617062
2022-03-28,14.486344337463379,14.608626252993611,14.26623688950896,14.347758458072198,2130750
2022-03-29,14.641234397888184,14.747212344798587,14.510800068969935,14.510800068969935,2253937
2022-03-30,14.60047435760498,14.673843505160445,14.347758113370862,14.453736062494054,2278687
2022-03-31,14.771668434143066,14.836884285366287,14.55156012580413,14.600473763479934,3269812
2022-04-01,14.836884498596191,14.918406937684408,14.60047397331224,14.763515352971845,4167562
2022-04-04,14.111345291137695,14.486343433575149,13.989063383237351,14.323300306621894,2177437
2022-04-05,13.948302268981934,14.26623610654075,13.850477616555871,14.176562123653955,1252125
2022-04-06,14.062433242797852,14.160258774090787,13.940151328681685,13.940151328681685,484312
2022-04-07,13.931998252868652,14.18471448834044,13.858629107857087,14.062432579987833,3170250
2022-04-08,13.94015121459961,14.135802275584327,13.858629647646234,13.858629647646234,10192500
2022-04-11,14.559713363647461,14.633082512345105,14.176562781806938,14.176562781806938,20448562
2022-04-12,14.76351547241211,14.869494294232501,14.143954376324707,14.592321672532844,12418312
2022-04-13,14.429278373718262,14.665690647411248,14.3885171543206,14.55156028265284,1422562
2022-04-14,14.853189468383789,14.918407070382786,14.298845099167602,14.372214245444562,8933062
2022-04-15,15.15481948852539,15.203732253166718,14.755364077782243,14.91840720967282,5690812
2022-04-18,14.95916748046875,15.326013191994209,14.877645045068647,15.154818526615662,1408500
2022-04-19,14.608625411987305,15.081449957656424,14.429278321324741,14.959168049165859,1794937
2022-04-20,14.127650260925293,14.592322418695163,13.777108475083148,14.527105688043076,3881812
2022-04-21,13.891236305236816,14.021670625516288,13.703737680471265,13.956453902691129,2037937
2022-04-22,13.85862922668457,13.97275871724918,13.817868007131406,13.85862922668457,1945687
2022-04-25,13.923847198486328,14.225476207908608,13.858629595318185,13.97275908891859,2078437
2022-04-26,13.89939022064209,14.095041284819773,13.793413143965344,13.793413143965344,1575000
2022-04-27,13.622218132019043,14.06243301572901,13.57330536716238,13.858629537283173,1207125
2022-04-28,13.671130180358887,13.777108130317078,13.31243685880466,13.760804166719371,2669062
2022-04-29,13.671130180358887,13.671130180358887,13.671130180358887,13.671130180358887,0
2022-05-02,13.671130180358887,13.671130180358887,13.671130180358887,13.671130180358887,0
2022-05-03,13.671130180358887,13.671130180358887,13.671130180358887,13.671130180358887,0
2022-05-04,13.671130180358887,13.671130180358887,13.671130180358887,13.671130180358887,0
2022-05-05,13.671130180358887,13.671130180358887,13.671130180358887,13.671130180358887,0
2022-05-06,13.508086204528809,13.695586584684998,13.385805173218284,13.597760185304049,711000
2022-05-09,12.921133995056152,13.532544443817867,12.676570165403163,13.385806146026075,8933625
2022-05-10,12.83961296081543,13.043416438326858,12.635808608674779,13.043416438326858,3531937
2022-05-11,12.448309898376465,12.994502725210417,12.236354877717107,12.798851667792789,5409562
2022-05-12,12.627656936645508,12.790699192228617,12.366788278157477,12.399397953754997,2534625
2022-05-13,12.733634948730469,12.912982043026563,12.513527508988126,12.717330110848595,936000
2022-05-16,12.627656936645508,13.002655086578793,11.820595453741703,12.635808480915674,4535437
2022-05-17,12.293418884277344,12.554286662880504,12.228202158283853,12.554286662880504,1538437
2022-05-18,12.39124584197998,12.554287226974953,12.073311992574537,12.073311992574537,1436062
2022-05-19,12.635807991027832,12.717329552973418,12.4075481423577,12.456461779228395,7859812
2022-05-20,12.529831886291504,12.880373667526476,12.472767575706897,12.717330531095246,6615562
2022-05-23,12.293418884277344,12.619505138132386,11.820595215594246,12.432005629628657,2229187
2022-05-24,12.024398803710938,12.423853331544612,11.845051712200659,12.268962621848043,6368625
2022-05-25,12.228202819824219,12.293419549345906,11.812444310536321,11.861357076334897,5382000
2022-05-26,12.25265884399414,12.391245592785438,12.073311749773813,12.18744124175263,5334750
2022-05-27,12.619505882263184,12.82330849099636,12.309724447611618,12.309724447611618,3786750
2022-05-30,12.432004928588867,12.880372190412363,12.383092168194636,12.513526487455634,4975875
2022-05-31,12.334178924560547,12.546135684043287,12.309723418216553,12.43200532308239,155250
2022-06-01,12.244507789611816,12.472767657331778,12.14668138233533,12.326028483731676,559125
2022-06-02,12.097768783569336,12.220050701072017,12.065159980692199,12.18744189819488,797062
2022-06-03,11.527117729187012,12.024398652657778,11.412988240366483,11.869507944906982,3584250
2022-06-06,11.69831371307373,11.861356845650892,11.404837123989914,11.657553367244054,1951875
2022-06-07,11.69016170501709,12.016247981634788,11.633097393775323,11.779835693475734,648000
2022-06-08,11.706465721130371,11.885812810817493,11.64124812053731,11.779834865825666,963000
2022-06-09,11.64940071105957,11.902116074539524,11.616791910282167,11.779835039539977,338625
2022-06-10,11.682007789611816,11.820594526888623,11.61679106741806,11.65755228408966,285187
2022-06-13,11.404836654663086,11.576031324583719,11.290707166259061,11.502662180332019,1304437
2022-06-14,11.592336654663086,11.698313728889369,11.33146711740941,11.37222833792342,579937
2022-06-15,11.836898803710938,11.902115527639843,11.682008100421974,11.698312937376077,1236375
2022-06-16,12.195592880249023,12.25265805990123,11.494509386107623,11.804290790357697,4345312
2022-06-17,12.211896896362305,12.391244854526464,12.073311030457043,12.105919829634997,1311750
2022-06-20,11.967333793640137,12.236354872094989,11.92657344823993,12.228202453163261,231187
2022-06-21,12.236355781555176,12.27711612998487,11.95103071865946,11.975487102643134,2063250
2022-06-22,12.097768783569336,12.3504850379513,12.065159980692199,12.309724690326826,1145250
2022-06-23,12.220049858093262,12.35048418597476,12.162985550281336,12.228202276907481,4807687
2022-06-24,11.421141624450684,12.22820315701075,11.372228857303362,12.220050737609773,1711125
2022-06-27,11.812443733215332,11.951029604661642,11.502662315211767,11.53527024106431,1356187
2022-06-28,11.682007789611816,12.024397986359185,11.576030725375606,11.828746070519626,906187
2022-06-29,11.763529777526855,12.146680330296206,11.429292861473902,11.730921852554825,1589062
2022-06-30,11.551575660705566,12.146681270366956,10.891252446794363,11.820595873005624,14742000
2022-07-01,11.576031684875488,11.739074815817714,11.502662538340251,11.739074815817714,512437
2022-07-04,11.388532638549805,11.72277045844071,11.331467452918108,11.72277045844071,412312
2022-07-05,10.980925559997559,11.412987999275373,10.744513294009455,11.412987999275373,4983750
2022-07-06,11.176576614379883,11.486358047758833,11.005382808584166,11.412988899005278,2412000
2022-07-07,11.184728622436523,11.41298847948923,11.046142749205886,11.127664314145255,2205000
2022-07-08,11.184728622436523,11.184728622436523,11.184728622436523,11.184728622436523,0
2022-07-11,11.184728622436523,11.184728622436523,11.184728622436523,11.184728622436523,0
2022-07-12,11.184728622436523,11.184728622436523,11.184728622436523,11.184728622436523,0
2022-07-13,11.307010650634766,11.453748944280811,10.899404570938824,11.331467032909107,2463187
2022-07-14,11.551575660705566,11.608639971137597,11.307010956712634,11.404837363087355,1579500
2022-07-15,11.331466674804688,11.673856015825049,11.20918564192661,11.437445494149914,585562
2022-07-18,11.029837608337402,11.380379365851567,10.980925720272948,11.404836621827577,588375
2022-07-19,10.565168380737305,11.103207953964713,10.43473316659967,11.103207953964713,2283187
2022-07-20,10.49179744720459,10.605926937765613,10.279841554496567,10.605926937765613,1532812
2022-07-21,10.377666473388672,10.5570144294919,10.271689407879173,10.532557174417606,1518750
2022-07-22,10.540709495544434,10.671143814925054,10.206471716124556,10.271689313129441,2071125
2022-07-25,10.44288444519043,10.475493245162124,10.312450119932839,10.353210463925567,235125
2022-07-26,10.49179744720459,10.557015048635924,10.328755192884671,10.442884683445694,476437
2022-07-27,10.508101463317871,10.711905812848174,10.328755245048953,10.4917975001923,876375
2022-07-28,10.605926513671875,10.720055999669261,10.516253408576013,10.597774969790816,1528312
2022-07-29,10.540709495544434,10.703752613427497,10.434731556383356,10.614078636203068,483750
2022-08-01,10.459188461303711,10.59777520591964,10.434732079857275,10.516253642888458,429187
2022-08-02,10.801578521728516,10.907557347901262,10.14940772325519,10.459189158650256,1926562
2022-08-03,11.600486755371094,11.616791592628555,10.850491355032606,10.883099280289159,7422187
2022-08-04,11.853203773498535,12.105920002827515,11.494509601296913,11.494509601296913,3369937
2022-08-05,12.407548904418945,12.47276738246193,11.926573671046004,12.016247657082605,6083437
2022-08-08,12.407548904418945,12.407548904418945,12.407548904418945,12.407548904418945,0
2022-08-09,12.407548904418945,12.407548904418945,12.407548904418945,12.407548904418945,0
2022-08-10,12.220049858093262,12.619505260551977,12.065159148398308,12.432005750229347,2748937
2022-08-11,11.853203773498535,12.309723470004384,11.73907428668666,12.22004948963939,2261250
2022-08-12,12.089616775512695,12.220050232764123,11.779835346624784,11.86135691337885,4509562
2022-08-15,12.3015718460083,12.546136547194758,12.228202698041136,12.268963044257594,3732187
2022-08-16,12.089616775512695,12.432006131398849,11.942877605503686,12.432006131398849,2994750
2022-08-17,12.342331886291504,12.456462252275378,12.040702882804425,12.081464102639757,5682937
2022-08-18,12.39124584197998,12.513527755355444,12.228202707726537,12.472767409106702,2840625
2022-08-19,12.236355781555176,12.334180442860587,12.14668179052885,12.228203362017522,1060312
2022-08-22,12.032551765441895,12.10592091419349,11.82059586374001,12.024399346259747,3389625
2022-08-23,12.130375862121582,12.30972294050787,12.032550342025269,12.187440165758337,2167312
2022-08-24,11.951029777526855,12.22820239905783,11.90211613878213,12.220049980162173,1387125
2022-08-25,11.926573753356934,12.065159630966443,11.836899766701451,12.065159630966443,521437
2022-08-26,11.845051765441895,12.06515920275463,11.747226237747345,12.057006783903681,3391312
2022-08-29,11.893964767456055,12.016247554152061,11.412988663573897,11.820595620215986,3808125
2022-08-30,11.763529777526855,12.228201891984634,11.739074271112422,12.228201891984634,12617437
2022-08-31,12.244507789611816,12.374941250055292,11.739075287848276,11.820595981968136,7769812
2022-09-01,12.603200912475586,13.002655455821298,12.293419481052693,12.301571900183582,15544125
2022-09-02,12.692874908447266,12.978199082689239,12.55428728163627,12.635808849117936,3862687
2022-09-05,12.423852920532227,12.839612272240142,12.374940158522962,12.63580793102931,4869562
2022-09-06,12.309724807739258,12.717330911759598,12.23635565653784,12.717330911759598,608625
2022-09-07,12.39124584197998,12.497222917152559,12.28526701754893,12.42385376912728,1152562
2022-09-08,12.74993896484375,12.798851729433729,12.38309323041892,12.38309323041892,4232812
2022-09-09,12.74178695678711,12.96189438943165,12.676569356621119,12.83146006372886,5933250
2022-09-12,12.611353874206543,12.921134444328423,12.54613714224122,12.839613748029088,2365875
2022-09-13,12.635807991027832,12.831459914623075,12.53798334117398,12.635807991027832,2561625
2022-09-14,12.366787910461426,12.619505017165368,12.317876022407061,12.513527073141274,2468250
2022-09-15,12.293418884277344,12.595047881926982,12.260810083966,12.505374774357282,3004312
2022-09-16,12.228202819824219,12.4320063021947,12.220050400648041,12.30972438769826,1431000
2022-09-19,12.309724807739258,12.35048515575251,12.024399747758673,12.268963585096733,2390625
2022-09-20,12.317876815795898,12.505375459949825,12.081464531178725,12.309724396613817,1944000
2022-09-21,12.236355781555176,12.758092264749974,12.154834210066502,12.676570693261302,8032500
2022-09-22,12.374940872192383,12.432006056037228,11.902116312662557,12.20374619528707,2943000
2022-09-23,12.228202819824219,12.472767523446343,12.105920905327778,12.326028351421371,1470937
2022-09-26,12.480917930603027,12.570591915765338,12.195593760994681,12.228202562383634,8977500
2022-09-27,12.464614868164062,12.766243876418207,12.399398139877716,12.513527633036126,11976750
2022-09-28,12.513527870178223,12.61950582095248,12.407549044774724,12.472767523555467,4863937
2022-09-29,12.423852920532227,12.603200006109251,12.228201872495172,12.432005339076829,4457812
2022-09-30,12.220049858093262,12.464614550857023,12.146680712652895,12.228202276907481,5201437
2022-10-03,12.399397850036621,12.423853357271769,12.228202302356934,12.309723866781184,766125
2022-10-04,12.521678924560547,12.643960834271297,12.268962686281926,12.268962686281926,2062687
2022-10-05,12.904829025268555,12.945589368823422,12.399397441597342,12.399397441597342,4511812
2022-10-06,12.782546997070312,13.124938101286808,12.717330268621382,13.002655314172566,7290562
2022-10-07,12.725481986999512,13.043415816584366,12.676569224698639,12.78254629326441,3214125
2022-10-10,13.002655029296875,13.035263830121526,12.717329989996887,12.798851554743914,6347812
2022-10-11,12.937437057495117,13.067871382432665,12.807003607186752,13.035263457170167,3366562
2022-10-12,12.774394989013672,13.002654842244134,12.717329807048756,12.961894497771592,4068351
2022-10-13,13.059720039367676,13.17894511850901,12.775414821486121,13.096404611824301,2343500
2022-10-14,13.114747047424316,13.206458039237708,12.968008760819547,13.023035180981747,759500
2022-10-17,13.032207489013672,13.068892063329075,12.885469191752058,13.068892063329075,866000
2022-10-18,12.968008995056152,13.059719988526087,12.885468488692775,13.023035416212274,1336500
2022-10-19,13.151432037353516,13.197287972033237,13.023035595176136,13.068891529855858,1681500
2022-10-20,13.261486053466797,13.481593495314813,13.114747758901453,13.123919120969093,3576000
2022-10-21,13.38071060180664,13.435737022755347,13.11474723487672,13.243142800176495,1717000
2022-10-24,13.435736656188965,13.710871377313582,13.35319702701783,13.573304454065857,5317000
2022-10-25,13.35319709777832,13.499935383254591,13.298169803410131,13.380710307647828,1088000
2022-10-26,13.013864517211914,13.344026554405032,12.65619014309167,13.344026554405032,1839000
2022-10-27,13.197288513183594,13.270657661827942,12.931325130690517,13.14226121438571,1519000
2022-10-28,13.078063011169434,13.197288092573999,12.88546878345886,13.02303571412532,1786500
2022-10-31,12.949666023254395,13.206458024526693,12.83961230842341,13.160602965985666,1571500
2022-11-01,13.316513061523438,13.389882207209858,13.078062900727968,13.160603408282492,4188500
2022-11-02,13.20645809173584,13.389881825350123,13.114747099557881,13.389881825350123,1181500
2022-11-03,13.325682640075684,13.435736351100683,13.123917940511092,13.29816943097672,1160500
2022-11-04,13.078063011169434,13.325683661294905,13.02303571412532,13.04137843801643,913000
2022-11-07,13.233972549438477,13.298170333234816,13.114747469081557,13.114747469081557,2131000
2022-11-08,13.53662109375,13.609990242662256,13.298170922470543,13.298170922470543,4697000
2022-11-09,13.53662109375,13.53662109375,13.53662109375,13.53662109375,0
2022-11-10,13.554963111877441,13.720044136293259,13.499936686825006,13.609990411559131,2853000
2022-11-11,13.56413459777832,13.65584647320652,13.399053571859266,13.582477322715667,1502500
2022-11-14,13.307341575622559,13.591646793850233,13.252314279556028,13.591646793850233,1899000
2022-11-15,13.233972549438477,13.463251348287354,13.215629825708548,13.298170333234816,1647000
2022-11-16,13.123919486999512,13.270657785657436,13.096405400029214,13.233973210992955,696500
2022-11-17,13.307341575622559,13.380710720625133,13.123918713116124,13.123918713116124,2573500
2022-11-18,13.344026565551758,13.426567074918987,13.18811690888682,13.25231469411501,6035500
2022-11-21,12.912981986999512,13.389882312334626,12.86712605192818,13.389882312334626,4704500
2022-11-22,13.233972549438477,13.279827609504887,12.912981881198368,12.94966645402902,1985000
2022-11-23,13.215629577636719,13.298170083613613,13.1147472229034,13.169773643801868,1122500
2022-11-24,13.215629577636719,13.298170083613613,13.087234012454166,13.1147472229034,945500
2022-11-25,13.105576515197754,13.298170747211504,13.050549216924153,13.298170747211504,711000
2022-11-28,12.463595390319824,12.885468406554029,12.335198950725347,12.839612472796773,3292000
2022-11-29,12.390226364135742,12.610333798711332,12.289343133983365,12.610333798711332,1053500
2022-11-30,12.335198402404785,12.518621254651157,12.243487413596174,12.472766197561427,849500
2022-12-01,12.243488311767578,12.454424388667702,12.197632376684748,12.454424388667702,606000
2022-12-02,12.069235801696777,12.28934323813782,11.9683534453186,12.206803605444332,1852000
2022-12-05,11.473111152648926,12.197632112448966,11.18880506099763,12.060064310180588,9477500
2022-12-06,11.638191223144531,11.684047156967065,11.418083790351398,11.418083790351398,1016000
2022-12-07,11.73907470703125,11.78493064184813,11.65653419928671,11.65653419928671,712000
2022-12-08,11.629021644592285,11.739075369586718,11.473111982192854,11.693219432181724,451500
2022-12-09,11.372227668762207,11.647362392525475,11.326372610325976,11.629020544076816,917000
2022-12-12,11.408912658691406,11.454768593438503,11.280517090954586,11.289688452829846,277000
2022-12-13,11.124608039855957,11.463940575948522,10.9962115905388,11.463940575948522,5073000
2022-12-14,10.996211051940918,11.188805279168697,10.977869202725001,11.051238348847088,5810000
2022-12-15,10.895328521728516,11.133778680154757,10.86781531102678,11.097094107676043,7097000
2022-12-16,10.91366958618164,11.005381448100803,10.904499099693034,10.996210086983059,2001500
2022-12-19,10.91366958618164,10.959525517141222,10.546823887763269,10.922840947299385,2133500
2022-12-20,10.932013511657715,11.418084334219106,10.36340217921002,10.840301639644215,2042500
2022-12-21,10.54682445526123,11.005382040272588,10.464283950018517,10.959526106845615,877500
2022-12-22,10.647706985473633,10.730247492083608,10.409257702036056,10.546824629966551,983000
2022-12-23,10.500967979431152,10.647706259114692,10.253347351122462,10.647706259114692,677500
2022-12-26,10.61102294921875,10.730248034276508,10.455113289883933,10.592681099394841,3262500
2022-12-27,10.54682445526123,10.766931886155678,10.418428016591545,10.565167178483692,3648500
2022-12-28,10.400086402893066,10.54682469347024,10.317545895786106,10.500968759007574,1774000
2022-12-29,10.757761001586914,10.913670657374773,10.308374758259191,10.317546120277116,1518500
2022-12-30,11.023725509643555,11.234661593204127,10.638537042191931,10.730248040624215,3730500
2023-01-02,10.776103973388672,11.08792329213379,10.684392100359199,11.005382781333111,796000
2023-01-03,10.666050910949707,10.821960579975856,10.638537697189003,10.757761915028485,210500
2023-01-04,10.528482437133789,10.766932607219765,10.51014058731215,10.730248032947248,474500
2023-01-05,10.46428394317627,10.546824448365014,10.39091479959276,10.546824448365014,731500
2023-01-06,10.42759895324707,10.675220458883897,10.36340117384307,10.675220458883897,1297500
2023-01-09,10.189149856567383,10.455113237398221,10.051582922376316,10.455113237398221,2022500
2023-01-10,10.45511245727539,10.721075818261001,10.179978609422754,10.271689600497242,3537500
2023-01-11,10.290032386779785,10.510139816267362,10.271689663674564,10.510139816267362,435500
2023-01-12,10.409257888793945,10.821959554619117,10.207492299530603,10.207492299530603,3923500
2023-01-13,10.363401412963867,10.519311059081677,10.271689547731333,10.409257345580135,1137500
2023-01-16,10.079096794128418,10.546825800405246,9.97821442742587,10.546825800405246,2720500
2023-01-17,9.648053169250488,10.225835026205983,9.547169928647714,10.088268084003111,4205000
2023-01-18,9.657222747802734,9.858988335376381,9.446286673007398,9.675565471504523,792000
2023-01-19,9.638880729675293,9.77644765650912,9.547168862033281,9.547168862033281,825000
2023-01-20,9.758106231689453,9.849817228686568,9.39125961981331,9.703078933787802,2613500
2023-01-23,9.868160247802734,9.950700759807566,9.547169562146005,9.547169562146005,1239500
2023-01-24,10.134123802185059,10.290033466420926,9.767277173253317,9.895673624573817,6202000
2023-01-25,10.271690368652344,10.537653749527681,10.10661022252129,10.235005794553306,8613000
2023-01-26,10.959526062011719,11.087922500156152,10.198320543977186,10.280861048882237,8788000
2023-01-27,10.500967979431152,10.950354179619278,10.455112048372762,10.950354179619278,1779000
2023-01-30,10.079096794128418,10.52848307484335,9.996556278358472,10.27169103938186,1347000
2023-01-31,10.445942878723145,10.52848251547857,9.99655574725428,9.99655574725428,4779500
2023-02-01,10.46428394317627,10.620193591948523,10.326717017614486,10.555995809970247,2085500
2023-02-02,10.390914916992188,10.583509139732177,10.345058983077106,10.54682456752595,1611500
2023-02-03,10.409257888793945,10.50096888418331,10.27169008376608,10.455112949174021,1548000
2023-02-06,10.666050910949707,10.812789217179189,10.363402935694076,10.455113939772854,1978500
2023-02-07,10.638537406921387,10.913671286280115,10.555996893262058,10.730248408497872,3198000
2023-02-08,10.620193481445312,10.72107583416566,10.455112472785496,10.70273398577522,986000
2023-02-09,11.207147598266602,11.280516741738955,10.73024729106713,10.73024729106713,3787500
2023-02-10,10.987038612365723,11.179632820703093,10.821958487097353,10.996209973388723,1330500
2023-02-13,10.840300559997559,11.133777996434146,10.821958712199166,10.867814643638866,1520000
2023-02-14,10.638537406921387,10.849473497713648,10.546825530715628,10.82196028470363,4426000
2023-02-15,10.721076011657715,10.89532838471216,10.546824513232455,10.629365018928858,2556500
2023-02-16,10.647706985473633,10.96869765015038,10.29003262300267,10.601851925916266,3758000
2023-02-17,10.70273494720459,10.748590884243697,10.592681223088283,10.72107679724268,3092500
2023-02-20,10.555996894836426,10.638537408508064,10.363402654479028,10.638537408508064,1290000
2023-02-21,10.629365921020508,10.711906433721946,10.555996770759064,10.675221858591225,1734000
2023-02-22,10.776103973388672,10.91367090830364,10.629365676244909,10.629365676244909,3700000
2023-02-23,10.45511245727539,10.867814978312692,10.363401466200903,10.80361632246846,2953500
2023-02-24,10.54682445526123,10.77610324776691,10.409257529609496,10.418428016591545,3252500
2023-02-27,10.70273494720459,10.76693273428179,10.45511341197096,10.546825286049174,2602000
2023-02-28,10.67522144317627,10.730247866416427,10.455113126327959,10.63853686947309,3260500
2023-03-01,10.54682445526123,10.583509027076971,10.409257529609496,10.500968521834258,662000
2023-03-02,10.400086402893066,10.638536562395576,10.363401830248772,10.363401830248772,937000
2023-03-03,10.629365921020508,10.721076921532681,10.271690657524022,10.271690657524022,1424000
2023-03-06,10.46428394317627,10.913670166282557,10.39091479959276,10.721075945718551,2040500
2023-03-07,10.721076011657715,10.840301089371497,10.464284007536053,10.592680446911478,6534000
2023-03-08,10.592681884765625,10.867816649557454,10.546825944862103,10.711906978663063,2469000
2023-03-09,10.987038612365723,11.051237264897598,10.51931057037136,10.638535639782983,10733000
2023-03-10,11.124608039855957,11.280517701659198,10.867816015850902,11.005382952910582,5475500
2023-03-13,10.959526062011719,11.234660786818832,10.867815070162134,11.18880485357945,1248500
2023-03-14,10.831130981445312,11.08792299455509,10.794446408143916,11.08792299455509,1334000
2023-03-15,11.49145221710205,11.720730997269614,10.638535749626532,10.748589459151466,9463500
2023-03-16,11.748246192932129,12.087578714752208,11.693218895645177,11.784930766247024,7673500
2023-03-17,11.56482219696045,11.830785566291683,11.509795775514926,11.748245934123396,1269000
2023-03-20,11.2438325881958,11.702390189267774,11.14294935619727,11.610678319201694,3673000
2023-03-21,11.005382537841797,11.308030487662108,10.93201339089319,11.262174552161923,4452500
2023-03-22,10.831130981445312,11.24383264974333,10.785275046161262,11.02372520993495,17487500
2023-03-23,10.831130981445312,10.831130981445312,10.831130981445312,10.831130981445312,0
2023-03-24,10.638537406921387,10.849473497713648,10.611023319282095,10.849473497713648,1517500
2023-03-27,10.70273494720459,10.794446821282804,10.45511341197096,10.620194435460046,4323000
2023-03-28,10.858644485473633,10.95035548388471,10.656878889562474,10.730248038143033,1344000
2023-03-29,10.821959495544434,11.142949289598816,10.739418987904127,10.913670490433168,711500
2023-03-30,11.078751564025879,11.234661218249475,10.693563109429846,10.886157336727862,1077500
2023-03-31,10.968697547912598,11.152120408319995,10.840301108312826,10.92284161415345,966500
2023-04-03,10.730247497558594,11.087922734841253,10.693562925116465,11.087922734841253,323000
2023-04-04,10.812788009643555,10.840301220331677,10.546824640647186,10.739418864722433,519500
2023-04-05,10.757761001586914,10.959526592835182,10.721076428144432,10.959526592835182,730500
2023-04-06,10.932013511657715,11.060409957550768,10.83113115214625,10.904500299905358,2763000
2023-04-07,10.831130981445312,11.142949417192575,10.776103684178608,11.097094356537744,1905000
2023-04-10,10.565168380737305,10.913671415329839,10.500969716782443,10.831131775323785,2870500
2023-04-11,10.739419937133789,10.831131814757908,10.565168419203106,10.565168419203106,405500
2023-04-12,10.78527545928955,10.89532918340933,10.115780877607651,10.739419522248996,700000
2023-04-13,10.895328521728516,11.005382239164657,10.821959376771087,10.86781531102678,1306500
2023-04-14,10.895328521728516,10.895328521728516,10.895328521728516,10.895328521728516,0
2023-04-17,10.794445991516113,10.913670194172102,10.730247334744599,10.913670194172102,641500
2023-04-18,10.821959495544434,10.886157279429469,10.68439169126752,10.867815430303406,348500
2023-04-19,10.849472999572754,10.913670785191654,10.79444657607919,10.821959787825971,406500
2023-04-20,10.867815017700195,11.032895152084233,10.721075857116688,10.821959084682172,2797500
2023-04-21,10.867815017700195,10.867815017700195,10.867815017700195,10.867815017700195,0
2023-04-24,10.867815017700195,10.867815017700195,10.867815017700195,10.867815017700195,0
2023-04-25,10.867815017700195,10.867815017700195,10.867815017700195,10.867815017700195,0
2023-04-26,10.730247497558594,10.959526293979202,10.684391563348633,10.785274793536386,958000
2023-04-27,10.987038612365723,11.07875047333747,10.647706126176857,10.647706126176857,2846500
2023-04-28,11.051239013671875,11.097094951414102,10.959527138187422,11.097094951414102,2710000
2023-05-01,11.051239013671875,11.051239013671875,11.051239013671875,11.051239013671875,0
2023-05-02,11.18880558013916,11.308030664451918,11.005382709900008,11.097094582334202,2567000
2023-05-03,11.280516624450684,11.418083548373708,11.005381901975463,11.234660691599952,6388500
2023-05-04,11.170463562011719,11.546480658990045,11.133778988516985,11.335543705423408,7383500
2023-05-05,11.262174606323242,11.408912900926142,11.042067164418892,11.161292247441056,2003000
2023-05-08,10.996211051940918,11.234661214152304,10.886157332757788,11.124607494969174,1516500
2023-05-09,10.867815017700195,11.170462951138301,10.730247218646127,10.867815017700195,2888500
2023-05-10,10.932013511657715,11.051238595423571,10.913670787403323,11.00538265941682,2447000
2023-05-11,11.060409545898438,11.133778690926851,11.005382249812527,11.115435967355149,1297000
2023-05-12,11.124608039855957,11.216319039685992,11.005382952910582,11.051238890140226,1835000
2023-05-15,11.298858642578125,11.390570509657554,10.987039344063087,10.987039344063087,2225500
2023-05-16,11.179634094238281,11.518967493711656,11.14294952059646,11.41808426022473,5521000
2023-05-17,11.142950057983398,11.234661933825517,11.097094994691606,11.142950057983398,2065000
2023-05-18,10.987038612365723,11.28051604269784,10.941183556508975,11.27134468167484,777000
2023-05-19,10.987038612365723,11.106263681777344,10.941183556508975,11.08792183436047,1614000
2023-05-22,10.932013511657715,10.996211297289625,10.748590642259947,10.913670787403323,1309500
2023-05-23,10.840300559997559,10.98703884090128,10.803615989771629,10.959525631889118,624000
2023-05-24,10.812788009643555,10.9136703652528,10.730247502949993,10.876985792792238,670500
2023-05-25,10.78527545928955,11.005382907529112,10.730248159915034,10.913671033448002,618500
2023-05-26,10.886157035827637,11.051238047414197,10.82195925337917,10.82195925337917,5559000
2023-05-29,11.032896041870117,11.372228574163447,10.90450046861976,10.90450046861976,5312000
2023-05-30,11.124608039855957,11.152121252342042,10.91367107845129,11.124608039855957,2092500
2023-05-31,10.803616523742676,11.33554325562383,10.766931951703603,11.179633605800472,6478000
2023-06-01,10.867815017700195,11.005381942125089,10.831130446211612,10.950354647577626,1326000
2023-06-02,11.152120590209961,11.197976524717014,10.858644008771552,10.913670430476651,2811000
2023-06-05,11.363058090209961,11.454769089042934,11.032896045449371,11.16129249337063,2499000
2023-06-06,11.399742126464844,11.739074642847704,11.234661111878346,11.317201619171595,6026000
2023-06-07,11.601507186889648,11.70239042088489,11.280517384563671,11.47311161581095,4911000
2023-06-08,11.436427116394043,11.7574169208085,11.390571180155051,11.647363198612467,4608000
2023-06-09,11.418083190917969,11.509795053748292,11.344714050505369,11.436425913335691,609000
2023-06-12,11.418083190917969,11.739073836194954,11.353885411714229,11.372227259502807,2784500
2023-06-13,11.25300407409668,11.564822511572222,11.234661350029706,11.546480662134472,845000
2023-06-14,11.16129207611084,11.280517157302851,11.142949352252433,11.207148011127646,512500
2023-06-15,11.1062650680542,11.216318790179656,11.051238644306089,11.097094580515671,680500
2023-06-16,11.023725509643555,11.234661593204127,10.959526848648789,11.078751933777077,1299000
2023-06-19,10.803616523742676,11.142949033761399,10.776103313370667,11.124607185056457,2467000
2023-06-20,10.693562507629395,10.89532808549858,10.629364727019311,10.776103011059023,1832000
2023-06-21,10.555996894836426,10.766932985660148,10.528482807193033,10.711906559631904,848000
2023-06-22,10.721076011657715,10.776103306998378,10.510139941215074,10.528481789909172,1951500
2023-06-23,10.592681884765625,10.730248829846888,10.546825944862103,10.684392889943364,682000
2023-06-26,11.21631908416748,11.234661808983784,10.638537246522063,10.638537246522063,2911000
2023-06-27,10.78527545928955,11.106265269314932,10.711906309876364,11.051238844569667,4486000
2023-06-28,10.78527545928955,10.78527545928955,10.78527545928955,10.78527545928955,0
2023-06-29,10.78527545928955,10.78527545928955,10.78527545928955,10.78527545928955,0
2023-06-30,10.78527545928955,10.78527545928955,10.78527545928955,10.78527545928955,0
2023-07-03,11.702390670776367,11.702390670776367,11.463940498496617,11.647363371546714,2098000
2023-07-04,11.344714164733887,11.922496807272594,11.280516384883748,11.913325445971388,5348000
2023-07-05,11.317201614379883,11.629020919742706,11.188805172574837,11.326372976215072,2663500
2023-07-06,11.518967628479004,11.638191838237876,11.326373395948861,11.399742544090893,3030500
2023-07-07,11.482282638549805,11.784930582331878,11.427255342121606,11.647362778575987,4315000
2023-07-10,11.537308692932129,11.684046979228695,11.473110911334677,11.518966844459648,6289000
2023-07-11,12.005038261413574,12.050894196925642,11.647363013974523,11.647363013974523,20590500
2023-07-12,11.757415771484375,12.197631491865288,11.693217991802863,12.115090989629545,8847000
2023-07-13,11.693219184875488,11.986695778653752,11.601507312005161,11.885813418199783,4515500
2023-07-14,11.555652618408203,11.803273283641479,11.46394074261557,11.803273283641479,1338000
2023-07-17,11.326373100280762,11.601506961316558,11.280517165231723,11.555651900896734,1064500
2023-07-18,11.18880558013916,11.399742536886112,11.124607794212766,11.390571174716847,1604500
2023-07-19,11.005382537841797,11.271345914187805,10.987039813790034,11.234661340713501,3567000
2023-07-20,11.142950057983398,11.317202447157571,11.014554481359552,11.014554481359552,4478000
2023-07-21,11.326373100280762,11.418084095749622,11.097094299664787,11.097094299664787,3875500
2023-07-24,11.18880558013916,11.390571174716847,11.097094582334202,11.390571174716847,925500
2023-07-25,11.179634094238281,11.344715112941088,11.14294952059646,11.344715112941088,1802000
2023-07-26,11.023725509643555,11.335543953868411,10.98704006071555,11.28051752973489,5484500
2023-07-27,11.023725509643555,11.023725509643555,11.023725509643555,11.023725509643555,0
2023-07-28,11.023725509643555,11.023725509643555,11.023725509643555,11.023725509643555,0
2023-07-31,11.463939666748047,11.546480172289302,11.097093947263783,11.19797630146466,6217500
2023-08-01,11.610677719116211,12.087578019405003,11.528137215248599,11.656533651779236,11990000
2023-08-02,11.56482219696045,11.647362703757935,11.463939841224189,11.601506769467198,2097000
2023-08-03,11.381399154663086,11.876641312996696,11.335543221096621,11.473111021796015,9817000
2023-08-04,11.308030128479004,11.546480285802568,11.253003707329993,11.418083845406219,5186500
2023-08-07,11.317201614379883,11.546480412484405,11.280517041668327,11.33554346342106,1561500
2023-08-08,11.225489616394043,11.427255201305504,11.161291833543249,11.344714694994943,1860500
2023-08-09,11.335543632507324,11.408912779024844,11.152120766213526,11.326373145164547,663000
2023-08-10,11.18880558013916,11.509796259029605,11.124607794212766,11.298859302282652,2324500
2023-08-11,11.317201614379883,11.601506834237137,11.280517041668327,11.280517041668327,9578500
2023-08-14,11.317201614379883,11.317201614379883,11.317201614379883,11.317201614379883,0
2023-08-15,11.25300407409668,11.528137938067498,11.216318625962733,11.289688647601404,1819000
2023-08-16,11.051239013671875,11.436427491299755,11.014554438403946,11.436427491299755,1076000
2023-08-17,11.115436553955078,11.170463852944968,11.005382830604542,11.097094704044611,928500
2023-08-18,11.060409545898438,11.28051698098368,10.987039526240824,11.170463263441059,1159000
2023-08-21,10.776103973388672,11.133779228648525,10.693563462587996,11.051238717847848,1321000
2023-08-22,10.821959495544434,10.90450000318474,10.65687848026382,10.65687848026382,471000
2023-08-23,10.656878471374512,10.904499994088882,10.565167476562278,10.904499994088882,757500
2023-08-24,11.014554023742676,11.152120957161154,10.684391984131558,10.684391984131558,11569500
2023-08-25,10.876985549926758,11.051237921195549,10.821959129779165,10.99621062641878,581500
2023-08-28,10.748590469360352,10.987039758427187,10.693563172111563,10.987039758427187,882500
2023-08-29,10.235005378723145,10.89532856030731,10.08826708828871,10.89532856030731,8250000
2023-08-30,10.079096794128418,10.290033764943756,10.005727641139421,10.262519676600911,1649000
2023-08-31,9.730591773986816,10.079095648382873,9.58385348468936,10.079095648382873,2405500
2023-09-01,9.858987808227539,9.950699672574343,9.583853089816287,9.62970902198969,1124000
2023-09-04,9.868160247802734,10.17997957109687,9.822304310619023,9.904844822623852,1239000
2023-09-05,9.877330780029297,10.161635992341344,9.831474846699527,9.996554982205845,2146000
2023-09-06,10.134123802185059,10.161637015100426,9.877331774173328,9.99655598834968,940500
2023-09-07,9.987384796142578,10.189149509465631,9.904844288588054,10.088267152804105,522000
2023-09-08,9.923185348510742,10.024068571778301,9.904843500862455,9.996554488362163,283000
2023-09-11,9.84981632232666,9.987384117107469,9.813131751977608,9.950699546758417,393500
2023-09-12,9.666394233703613,9.950700332325432,9.556340513968165,9.950700332325432,725500
2023-09-13,9.730591773986816,9.98738465488656,9.657222629338088,9.758105859201986,714500
2023-09-14,9.72142219543457,9.849817773255003,9.684737619681693,9.72142219543457,905500
2023-09-15,10.042411804199219,10.13412367897444,9.904844866665648,10.014898591618357,3724000
2023-09-18,9.941529273986816,10.088267571449032,9.904844699621263,10.088267571449032,289500
2023-09-19,9.959870338439941,10.024068994489019,9.868159347072819,9.987384423016335,336500
2023-09-20,9.88650131225586,9.996555027973663,9.858988101983705,9.996555027973663,120000
2023-09-21,10.106610298156738,10.189149934525354,9.858988765163161,9.978213850534596,1538500
2023-09-22,10.00572681427002,10.235005617070447,9.96904224080712,10.235005617070447,425500
2023-09-25,9.941529273986816,10.124952145814587,9.904844699621263,10.124952145814587,480500
2023-09-26,10.00572681427002,10.161636470144648,9.868159882441452,9.868159882441452,704500
2023-09-27,10.381743431091309,10.51013986959175,9.950699931481815,9.950699931481815,2737000
2023-09-28,10.381743431091309,10.381743431091309,10.381743431091309,10.381743431091309,0
2023-09-29,10.381743431091309,10.381743431091309,10.381743431091309,10.381743431091309,0
2023-10-02,10.326717376708984,10.455112945130278,10.225834144801725,10.455112945130278,566500
2023-10-03,10.290032386779785,10.45511252158088,10.271689663674564,10.317545596808438,1335000
2023-10-04,10.280860900878906,10.363401404595704,10.271689539437224,10.290032262320587,826500
2023-10-05,10.996211051940918,11.152120706107654,10.326717374919578,10.326717374919578,9535000
2023-10-06,10.91366958618164,11.161291088585894,10.840300446497967,11.161291088585894,3159500
2023-10-09,10.996211051940918,11.142949344185089,10.693563105530009,10.693563105530009,1542500
2023-10-10,11.115436553955078,11.372228575106329,10.913670957164472,11.005382830604542,3892000
2023-10-11,11.234661102294922,11.280517036821966,11.115436022376286,11.188805167767876,1429000
2023-10-12,11.032896041870117,11.262174850822035,10.867815894172622,11.262174850822035,1446000
2023-10-13,11.427254676818848,11.491452456723101,11.051237609443959,11.051237609443959,4095500
2023-10-16,11.537308692932129,11.684046979228695,11.326372625038111,11.381399045084734,3173000
2023-10-17,11.656535148620605,11.922498542664096,11.37222902930481,11.528138695602298,8278000
2023-10-18,11.436427116394043,11.739075071090447,11.326373394198008,11.739075071090447,2885000
2023-10-19,11.894984245300293,12.014209324816516,11.463939861607669,11.53730900675162,7675500
2023-10-20,11.71156120300293,12.15177606712194,11.647362546013683,11.73907441335307,3279000
2023-10-23,11.71156120300293,11.849128129382823,11.693218479683377,11.821614919032681,1691000
2023-10-24,11.610677719116211,11.830785146343729,11.473110795756304,11.693218222983823,1333500
2023-10-25,12.463595390319824,12.527793172802467,11.739074435768602,11.76658764617128,21267000
2023-10-26,12.344369888305664,12.619504606767615,12.215973453122311,12.52779274240391,5323000
2023-10-27,12.518622398376465,12.775415289611626,12.289343593463862,12.289343593463862,10327000
2023-10-30,12.647019386291504,12.75707311241309,12.491109722295272,12.738731262040794,4242000
2023-10-31,12.766243934631348,12.839613082274004,12.399398196418069,12.656190213167365,8857000
2023-11-01,12.692874908447266,12.977180139625776,12.610334397902136,12.793757268763956,6142000
2023-11-02,13.050549507141113,13.206459168649312,12.702046483965525,12.702046483965525,8773500
2023-11-03,12.977180480957031,13.325684382075604,12.802928967712376,13.151432868830948,7325500
2023-11-06,13.362367630004883,13.509105915979232,12.931324133612527,13.023035125031909,8051000
2023-11-07,13.701701164245605,14.169430141896386,13.481593718749675,13.481593718749675,18585000
2023-11-08,14.160258293151855,14.297826097832122,13.848439860060848,13.848439860060848,10943000
2023-11-09,14.160258293151855,14.160258293151855,14.160258293151855,14.160258293151855,0
2023-11-10,14.820581436157227,14.994833813292319,14.03186268199873,14.306997415886784,21100000
2023-11-13,15.095714569091797,15.13240001483236,14.820580723070904,14.976490368951632,8862000
2023-11-14,15.08654499053955,15.205769190945439,14.71969752934963,15.132400048559122,8555000
2023-11-15,14.967320442199707,15.132401465339315,14.912294017572671,15.132401465339315,3749500
2023-11-16,14.7013578414917,15.141572734311218,14.582131881399857,15.123230009795781,9231500
2023-11-17,14.838924407958984,15.04068912483763,14.6738433899408,14.710528838059705,4748000
2023-11-20,14.664671897888184,14.783897853959077,14.591302751559338,14.747212406165438,2396000
2023-11-21,14.829751968383789,14.985661613043689,14.54544588852481,14.54544588852481,6649000
2023-11-22,15.334165573120117,15.47173425305485,14.765555126522484,14.893950695252576,7117000
2023-11-23,15.682669639587402,15.792722479579817,15.407534041089658,15.581786411879062,11990000
2023-11-24,15.636813163757324,15.957803827521685,15.499246236217854,15.820236899982214,6293000
2023-11-27,15.875263214111328,16.04951558742428,15.453391072600196,15.636813058330018,5736500
2023-11-28,15.792722702026367,16.15957017185721,15.728524919583483,15.957803713598572,7572000
2023-11-29,15.572616577148438,15.911949990454643,15.40753555171615,15.866093178246494,8509500
2023-11-30,16.086200714111328,16.48973012424427,15.499245823380814,15.590957689050427,18711500
2023-12-01,17.29679298400879,17.29679298400879,16.141227638649738,16.27879456682759,27255000
2023-12-04,18.406503677368164,18.58992743593807,17.535245197307628,18.57158471022936,41984500
2023-12-05,18.81003189086914,19.066824761980406,18.158879226331347,18.479869877905845,23813500
2023-12-06,18.791690826416016,19.442843548416572,18.571583381435943,18.80086218861416,20735000
2023-12-07,18.580753326416016,19.030139544298077,18.342303175227062,18.71832025037855,13410500
2023-12-08,18.571582794189453,18.80086159411772,18.232249400621917,18.699978362386588,19038000
2023-12-11,18.195566177368164,18.58075464127598,17.97545873360062,18.52572821764871,8574500
2023-12-12,18.1221981048584,18.599098469284336,18.030486227198246,18.29645049748683,21975000
2023-12-13,18.406503677368164,18.901746775951743,18.030486546632606,18.195567579493797,36196500
2023-12-14,18.213909149169922,18.57158353149526,18.140540000250404,18.38815978456722,6115000
2023-12-15,18.36981773376465,18.571582444165777,18.158879912369848,18.333132286823506,9792500
2023-12-18,18.223079681396484,18.755006424148807,18.113025088400853,18.57158268557556,10733000
2023-12-19,16.948287963867188,18.314789360649737,16.85657609678776,18.314789360649737,13346000
2023-12-20,17.01248550415039,17.516899891285966,16.15956987543662,16.73735165608251,15694000
2023-12-21,17.09502601623535,17.287621109377564,16.599784739635155,17.067513680970997,5003500
2023-12-22,16.608957290649414,17.608613026209447,16.517245418263833,17.241765536667124,2917500
2023-12-25,16.608957290649414,16.608957290649414,16.608957290649414,16.608957290649414,0
2023-12-26,15.435049057006836,16.801550522627373,15.36167990949897,16.737352737215296,10135500
2023-12-27,16.489730834960938,16.59061406647147,15.251624968203972,15.453391431225034,8017000
2023-12-28,17.05834197998047,17.425187686690716,16.37050562392689,16.52641526793603,11945500
2023-12-29,17.35181999206543,17.865404024280103,16.810721873581617,17.104198463418577,5959000
2024-01-01,18.305618286132812,18.479870661390976,17.379333486951413,17.379333486951413,9793000
2024-01-02,18.6174373626709,19.167706817814423,18.204736583257038,18.589925026931667,30470000
2024-01-03,18.46152687072754,19.03013902326501,18.351474034274027,18.84671529683143,12248500
2024-01-04,18.498214721679688,18.64495302220869,18.067171182533063,18.64495302220869,5233500
2024-01-05,18.250591278076172,18.80086072223722,17.79203369948502,18.39732956328467,11359000
2024-01-08,17.746179580688477,18.424844623016185,17.700322770847016,18.29644905397696,2659000
2024-01-09,17.7003231048584,18.241421226389306,17.51690110980662,17.88374684916864,2430000
2024-01-10,17.764522552490234,17.929601822447513,17.608612895370758,17.746179828297716,2759000
2024-01-11,17.9754581451416,18.342303872744814,17.79203440671079,17.79203440671079,7111000
2024-01-12,18.021312713623047,18.525727105921632,17.810376644661382,18.333132010896104,7579500
2024-01-15,17.562755584716797,18.296448788196372,17.516900524799876,18.296448788196372,4504000
2024-01-16,17.388504028320312,17.700323348382717,17.195910668477442,17.434360839658012,6092500
2024-01-17,17.11336898803711,17.69115252660497,16.709837822129533,17.397674201871407,5784500
2024-01-18,17.159225463867188,17.516901600362946,16.636470051979366,17.05834397600401,4089000
2024-01-19,17.195911407470703,17.56275716764503,17.05834446606265,17.333478348878756,3892500
2024-01-22,16.911603927612305,17.287621000768503,16.792377978021314,17.287621000768503,745500
2024-01-23,17.26927947998047,17.51690100859096,16.884091018561413,17.05834339972344,5421000
2024-01-24,17.397674560546875,17.782863011113815,17.342648138825428,17.379333586145332,8621000
2024-01-25,17.260108947753906,17.7920357296448,17.195911159307194,17.69115424033934,6972500
2024-01-26,16.966630935668945,17.425188528524863,16.92077587608671,17.425188528524863,2356500
2024-01-29,16.68232536315918,16.966630574892058,16.46221793317969,16.966630574892058,3292500
2024-01-30,16.38884925842285,16.874919190886114,16.306308751163353,16.59978533286006,8022000
2024-01-31,16.38884925842285,16.85657646721547,16.32464972557559,16.85657646721547,2152000
2024-02-01,16.398019790649414,16.6272986016159,16.324650641110477,16.618128988524727,1333500
2024-02-02,16.55392837524414,16.72818075003594,16.42553280921776,16.508073315737118,1147500
2024-02-06,16.55392837524414,16.91160448658082,16.42553280921776,16.508073315737118,7078000
2024-02-07,17.049171447753906,17.232595184658052,16.599785216522985,16.68232572320401,7703000
2024-02-08,17.049171447753906,17.049171447753906,17.049171447753906,17.049171447753906,0
2024-02-09,16.47138786315918,16.78320716562508,15.77438186274429,16.7648661913835,8548500
2024-02-12,15.847750663757324,16.508072952108662,15.645984208150649,16.34299194270624,3917500
2024-02-13,16.324649810791016,16.49890218805494,14.903121954805265,15.82023715202405,3567500
2024-02-14,16.755695343017578,16.92077636105849,16.278795012956817,16.691497558059098,3523000
2024-02-15,16.17791175842285,16.94828867541998,16.058687550694973,16.94828867541998,1239500
2024-02-16,15.581787109375,16.324649934981206,15.269967800007766,16.324649934981206,3867500
2024-02-19,15.655157089233398,15.82023811465903,15.187428100280282,15.187428100280282,2527000
2024-02-20,15.590957641601562,15.866091488514726,15.407533910820563,15.682669506992063,1084500
2024-02-21,16.25128173828125,16.324650888934,15.79272410938694,16.040345648811915,2834500
2024-02-22,16.132055282592773,16.453045928062863,16.040343419707277,16.453045928062863,984000
2024-02-23,16.342992782592773,16.498902438456522,16.003661134056546,16.049516194910055,1096000
2024-02-26,16.36133575439453,16.783207918262168,15.866092693236727,16.517245412619193,3498000
2024-02-27,16.260452270507812,16.58144294419568,16.1595707867979,16.37050686549679,3639000
2024-02-28,16.911603927612305,17.012485405045066,16.196253477841367,16.232938923641157,5116000
2024-02-29,16.948287963867188,17.241764539114666,16.73735189406536,16.966630687134746,3472500
2024-03-01,16.608957290649414,16.96663166876886,16.40719082154944,16.96663166876886,3010000
2024-03-04,16.590614318847656,16.966631415687072,16.46221874897813,16.856576820614304,13069500
2024-03-05,16.43470573425293,16.856577919473217,16.370507945133195,16.645641826863073,7684500
2024-03-06,16.187084197998047,16.553929956879475,16.0770313449629,16.43470574121497,2457500
2024-03-07,16.19625473022461,16.407190812109146,15.930292224643773,16.14122830652831,1472500
2024-03-08,16.37967872619629,16.553929362117763,16.278795490156543,16.41636242613715,4591000
2024-03-11,16.55392837524414,16.792378533049128,16.416361447464677,16.563099736997223,3542742
2024-03-12,16.205425262451172,16.92077573090151,16.104542033125792,16.92077573090151,2346354
2024-03-13,16.003660202026367,16.3705059152652,15.902776974913811,16.278794049640904,1472614
2024-03-14,16.333820343017578,16.4163608465154,15.866091406282713,16.23293886594339,1692966
2024-03-15,16.17791175842285,16.498902432048062,16.141228059605982,16.18708312044168,1700309
2024-03-18,16.242109298706055,16.4530471234457,16.095371007131423,16.205425600441604,1526645
2024-03-19,15.948631286621094,16.27879328771198,15.820235730311643,16.24210784347599,2936515
2024-03-20,15.728525161743164,16.21459684227183,15.691841463750315,16.21459684227183,1803961
2024-03-21,15.242456436157227,15.82023828199999,15.13240183495651,15.774383218567175,3830693
2024-03-22,15.077373504638672,15.49924563256337,14.857266079296439,15.22411178820016,3505812
2024-03-26,15.462563514709473,15.682670962520115,14.99483453213992,15.13240146836426,4644801
2024-03-27,15.581787109375,15.6918417035522,15.407534730785445,15.416706092738414,2084825
2024-03-28,16.049514770507812,16.1412266333338,15.655154984836866,15.756038208871281,3176660
2024-03-29,16.17791175842285,16.278794991371516,15.609301307323053,16.159570783643638,5780482
2024-04-01,15.838580131530762,16.2237685905525,15.68267047551581,16.177911780396073,2368673
2024-04-02,15.517589569091797,15.9027780308843,15.453391783669456,15.820237521267444,2188971
2024-04-03,16.68232536315918,16.68232536315918,15.54510276696931,15.609300548722699,12462408
2024-04-04,16.47138786315918,17.058342770349434,16.398018718417696,17.012485961599513,6325882
2024-04-08,16.728181838989258,16.801550988531638,16.407191153769404,16.599786264604717,4054715
2024-04-09,17.35181999206543,17.599441520712283,16.728181364032668,16.728181364032668,12591500
2024-04-15,18.351476669311523,18.65412463690251,17.01248747230454,17.131713436383183,33100985
2024-04-16,17.94794273376465,18.709148218282113,17.883744954833748,18.617436355841566,14377299
2024-04-17,18.654123306274414,19.039311760210346,17.53524339210739,18.021313328538582,27951937
2024-04-18,18.580753326416016,19.35113019971622,18.47069873769098,18.800860754607736,18770186
2024-04-19,18.378990173339844,18.644952682227014,18.158880977301404,18.268935575320626,6740570
2024-04-22,18.50738525390625,19.0301406447481,18.33313287387282,18.38815929678816,16814217
2024-04-23,18.681636810302734,19.809688051255087,18.50738443795175,18.681636810302734,45924220
2024-04-24,18.86505889892578,19.186049560521866,18.534896875654567,18.61743738147237,14168183
2024-04-25,18.83754539489746,19.07599378662934,18.58075253169462,18.984283674082434,8697468
2024-04-26,18.993453979492188,19.121851290411275,18.617436906692834,18.810031998442298,7989757
2024-04-29,18.333133697509766,19.35113218809976,18.158881309647846,19.075996562645383,12477876
2024-04-30,17.9754581451416,18.70914960034803,17.883746275926196,18.351475234592197,7687132
2024-05-02,18.489042282104492,18.69080699626283,17.892917752277143,18.158880250519562,8610154
2024-05-03,19.589582443237305,19.644608868847936,18.580755310996928,18.800862762697978,19309110
2024-05-06,20.58006477355957,21.001936909429503,19.993109879001008,20.1765336115365,40362811
2024-05-07,20.213220596313477,20.864371572787153,20.084823274062092,20.75431697503718,21834500
2024-05-08,19.681291580200195,20.3141015653184,19.442843164787163,20.08482276266411,6746216
2024-05-09,20.396642684936523,20.497525920887785,19.250248637339425,19.80968949232953,11603137
2024-05-10,21.1486759185791,21.634747601930382,20.4608395219495,20.58006547695001,29772203
2024-05-13,20.9377384185791,21.65308885212587,20.63509049462822,21.32292684444916,21206203
2024-05-14,21.056964874267578,21.185362196165247,20.405813899587727,21.084478960943898,10464990
2024-05-15,20.717632293701172,21.460495108226926,20.635091786614044,21.185361250775433,9877440
2024-05-16,20.47001075744629,20.956082437796862,20.26824604541354,20.809344147362427,8892641
2024-05-17,20.63509178161621,21.001937507882154,20.45166804385404,20.470010767481938,12095252
2024-05-20,20.112337112426758,20.818516253683352,19.864715582491307,20.818516253683352,6139061
2024-05-21,19.892229080200195,20.451668159959834,19.717976703262728,20.08482243161128,4916903
2024-05-22,19.49786949157715,20.08482266371785,19.314445750653963,20.07565130174585,5461367
2024-05-23,19.47952651977539,19.717976680238117,19.259419083023275,19.52538332905192,8823610
2024-05-24,19.791345596313477,19.947255247528865,19.4795262938827,19.48869765563165,8013189
2024-05-27,19.617094039916992,20.176534885131062,19.525383917118624,20.10316573733729,9739406
2024-05-28,19.617094039916992,19.617094039916992,19.617094039916992,19.617094039916992,0
2024-05-29,19.910568237304688,20.12150604245253,19.351129208608743,19.717974903472868,9037876
2024-05-30,21.0111083984375,21.093648903653335,19.93808357989002,20.158191010712788,42521383
2024-05-31,21.506351470947266,21.87319718968824,20.91939657170334,21.157846726199566,18452089
2024-06-03,21.698945999145508,21.909882080252885,21.13950515430915,21.533864979406353,32835391
2024-06-04,20.644262313842773,21.96490862458854,20.286587963763886,21.680601667556175,36618571
2024-06-05,20.433326721191406,20.974424814182367,20.359957577188823,20.635091429883925,8239995
2024-06-06,20.121509552001953,21.084479887636725,19.956428523205464,20.45166986033637,12072224
2024-06-07,20.90105628967285,21.313757080947678,18.901744869771196,20.048138872076418,34397313
2024-06-10,20.65343475341797,21.17619013828572,20.442498676937724,21.08447826830261,13723732
2024-06-11,20.158193588256836,21.176192116580438,19.993112556716945,21.102822963591443,13750403
2024-06-12,20.424156188964844,20.64426362991123,19.92891313489164,20.149020575838026,4736202
2024-06-13,22.139162063598633,22.157504788825293,20.625922217570217,20.635093580183547,39803815
2024-06-14,21.928224563598633,22.625232334140758,21.76314354567307,22.12998928036407,17199734
2024-06-20,21.845684051513672,22.27672932031513,21.653090696800337,21.919053198441386,9610904
2024-06-21,21.1486759185791,22.056619752219163,21.04779443656915,21.854855038940844,8502954
2024-06-24,21.18536376953125,21.460497659693775,20.910228130110116,21.18536376953125,6971638
2024-06-25,21.102821350097656,21.469667086994104,21.020280840638648,21.185361859556664,4994800
2024-06-26,21.038625717163086,21.304588247650493,20.735977734603686,21.111994872048435,4929920
2024-06-27,20.92856788635254,21.35044177390149,20.754315514369818,20.919396524747306,3164201
2024-06-28,21.0111083984375,21.167018047260925,20.77265824439824,20.928567893221665,3114681
2024-07-01,20.81851577758789,21.368783499182502,20.662606123333838,20.864370837967964,4678019
2024-07-02,20.81851577758789,21.102821000312897,20.726803907569312,20.956082707986543,5383770
2024-07-03,21.056964874267578,21.23121725803396,20.846028790857922,20.88271423975968,10260542
2024-07-04,20.98359489440918,21.258730502496782,20.846027964994587,21.093649487495906,6437128
2024-07-05,20.534210205078125,21.056965625775554,20.488355141572875,21.001939199717548,5017052
2024-07-08,21.0844783782959,21.735631084240293,20.18570589614129,20.488353844183493,6651536
2024-07-09,21.203704833984375,21.588893299586655,20.781830919630224,21.11199296136317,8230699
2024-07-10,20.992765426635742,21.36878250182934,20.864369864157442,21.36878250182934,4698564
2024-07-11,20.827686309814453,21.093650569685,20.63509294860489,20.827686309814453,4448771
2024-07-12,20.846027374267578,21.06613480494529,20.176533720632243,20.827684651063176,6163472
2024-07-15,21.194534301757812,21.552208694802438,21.011110549332674,21.09365106299813,8398923
2024-07-16,21.194534301757812,21.194534301757812,21.194534301757812,21.194534301757812,0
2024-07-17,21.194534301757812,21.194534301757812,21.194534301757812,21.194534301757812,0
2024-07-18,21.0844783782959,21.231216671331,20.956082809204794,21.185361610729444,4937769
2024-07-19,20.800172805786133,21.139504446773948,20.680946851405675,21.102820748758855,4964181
2024-07-22,20.17653465270996,21.001937993196407,19.99311091070922,20.800173276402347,4887748
2024-07-23,20.185707092285156,20.81851711178396,20.084823853873576,20.359959481561923,3843991
2024-07-24,20.17653465270996,20.405813455581665,20.0022822727351,20.359958394710702,5279016
2024-07-25,20.0206241607666,20.56172225288935,19.90139995792559,20.17653381017923,4371610
2024-07-26,19.93808364868164,20.176533803543613,19.672121158158372,20.176533803543613,4790816
2024-07-29,20.65343475341797,20.781830321839262,19.763831888617794,20.13067936855022,12762187
2024-07-30,19.837200164794922,20.864369914894155,19.745490048092176,20.864369914894155,15819905
2024-07-31,19.048480987548828,19.910567919400343,18.800859491497373,19.855541503363874,4792998
2024-08-01,19.1035099029541,19.53455342527456,18.57158314698607,19.213564498684036,11547096
2024-08-02,19.23190689086914,19.69963589598795,18.626610942893876,19.332790131951214,12922634
2024-08-05,18.489042282104492,19.03014038975383,18.17722297433171,18.98428532948189,6752143
2024-08-06,18.351476669311523,18.84671800297925,17.929602737641893,18.571584123081465,7426543
2024-08-07,18.360647201538086,18.874231237108404,18.296449415749105,18.351475839388453,4182365
2024-08-08,19.039310455322266,19.20439145987479,18.461526939388428,18.571581525509547,6366489
2024-08-09,19.195220947265625,19.259418729817007,18.910915731998767,19.176878223891407,2668758
2024-08-12,18.6174373626709,19.396985611686027,18.11302471585672,19.25941868521474,5324084
2024-08-13,18.42484474182129,18.663294906759127,18.342304232832866,18.47987116472742,2975141
2024-08-15,18.443187713623047,18.663295157462727,18.296449417729928,18.388159540719275,2827773
2024-08-16,19.020967483520508,19.901398913177932,18.443185724415855,18.479869419803347,9760736
2024-08-19,18.975112915039062,19.4153277665616,18.837545992595558,19.112679837482563,4684994
2024-08-20,18.901742935180664,19.075993546230468,18.75500465784491,18.984283434839305,5469571
2024-08-21,19.635435104370117,19.864713890501722,18.89257232709604,18.901743688452303,5608753
2024-08-22,20.52503776550293,21.139505030226097,19.800517654438615,19.800517654438615,15855662
2024-08-23,20.24990463256836,20.625921744803442,20.194878207408195,20.61675038240033,1840749
2024-08-26,19.919740676879883,20.534207905019215,19.818859198616472,20.277416779339603,1266818
2024-08-27,20.460840225219727,21.53386511081374,19.488698574361592,20.130679932985128,26082389
2024-08-28,20.33244514465332,20.589238044161362,20.084823607548262,20.543381232146434,2615792
2024-08-29,20.314102172851562,20.44249949567368,20.176535236996468,20.359958984308925,1104352
2024-08-30,20.06648063659668,20.49752591795699,19.993111487531294,20.49752591795699,2248429
2024-09-02,20.002281188964844,20.35995729156072,19.85554290301825,20.176533559498303,6942410
2024-09-03,20.36912727355957,20.433326805427573,20.084822058034803,20.314100852645378,2009980
2024-09-04,21.231216430664062,21.42381153137599,20.378299018779277,20.44249855185553,8472327
2024-09-05,21.04779624938965,21.543037588003106,20.873543857442986,21.286244681411105,4139302
2024-09-06,20.8735408782959,21.27707203127317,20.818514459472098,21.212872501844036,676236
2024-09-09,20.919397354125977,21.13950479360297,20.717632638586675,20.91022599215713,4789894
2024-09-10,21.552207946777344,21.772315392492988,20.726804588029058,20.846028798486433,11195443
2024-09-11,21.478839874267578,21.89154244894683,21.350444295148954,21.64392090413928,6433421
2024-09-12,22.50600814819336,22.836168435106654,21.139504942597416,21.64391935888851,15550470
2024-09-13,22.35009765625,23.569860772949607,22.240043065222633,23.38643703765679,18725243
2024-09-16,22.194189071655273,22.450980214284673,21.64391958861469,22.423467877150646,5116039
2024-09-17,22.194189071655273,22.194189071655273,22.194189071655273,22.194189071655273,0
2024-09-18,22.2767276763916,22.524347435712873,22.14833036679942,22.487663739585333,3719105
2024-09-19,22.67108726501465,22.82699692002168,22.175845963336002,22.285898808483065,7720188
2024-09-20,22.99207878112793,23.285555377972656,22.295070988992457,22.726116271209335,7206462
2024-09-23,22.331754684448242,23.019591060257174,22.203357371468226,22.973734252314895,2663090
2024-09-24,22.04745101928711,22.45098046194425,21.82734182423605,22.45098046194425,2351216
2024-09-25,22.9187068939209,23.065445174813092,21.864024844036393,22.15750140582078,7657647
2024-09-26,23.248870849609375,23.661571643245278,22.882025116624646,23.15715897904858,11949523
2024-09-27,23.1296443939209,23.36809455252937,22.927879682448378,23.36809455252937,2804892
2024-09-30,23.184673309326172,23.294726155752166,22.69860161471242,23.166330585169025,5176568
2024-10-01,24.41360855102539,24.936363959925792,23.037935685810236,23.037935685810236,29125856
2024-10-02,25.13812828063965,25.394921174428248,24.04676066861121,24.27603947580366,20045582
2024-10-03,24.899675369262695,25.770935440353067,24.505315584437753,25.128954151206656,21628458
2024-10-04,25.661426544189453,25.79473207116499,24.518802033636995,24.96632902859172,12420908
2024-10-07,26.661222457885742,27.032574618094905,25.328161698221784,25.61381692666704,23127553
2024-10-08,26.08038902282715,26.946878638018255,25.709036849502876,26.946878638018255,13160387
2024-10-09,26.08038902282715,26.08038902282715,26.08038902282715,26.08038902282715,0
2024-10-10,26.63265609741211,26.737397194942268,25.832819281722035,26.280348104876982,10495306
2024-10-11,27.25157928466797,27.42297133448145,26.537439387247602,26.842138786229356,12389794
2024-10-14,27.68958282470703,28.422766851744413,27.051617809102694,27.051617809102694,15742751
2024-10-15,27.937152862548828,28.4227682095191,27.47058168200524,27.71815039709704,5406017
2024-10-16,27.594364166259766,28.175198508894916,27.223012014687317,28.079979496243833,10861086
2024-10-17,27.65149688720703,28.12759013816182,27.232534317844358,27.832411014940682,5794011
2024-10-18,27.213491439819336,27.80384789804885,27.13731658870763,27.718150963529215,4146394
2024-10-21,27.527711868286133,27.889543759255634,27.089706945288107,27.089706945288107,4144445
2024-10-22,28.12759017944336,28.994079752160655,27.422970568782702,27.6038865129335,8669206
2024-10-23,28.87981605529785,29.022643665004942,28.089501344356925,28.184720356212182,10211012
2024-10-24,29.955787658691406,30.5175778622468,28.93694835208638,28.946470435418874,23272920
2024-10-25,32.36481857299805,32.75521486664861,29.43208260524027,30.422357370896375,31553452
2024-10-28,31.365020751953125,33.040870959232436,30.955580282691876,32.469556902626856,13143264
2024-10-29,31.669723510742188,32.517172603577976,31.003195821988793,31.612594641593887,10346413
2024-10-30,31.146020889282227,31.99346632973769,30.93654232019541,31.89824912854399,10289422
2024-10-31,31.00319480895996,31.78398747510454,30.803232876564213,31.469764175842194,9095443
2024-11-01,32.28864288330078,32.469557004024146,31.00319260845439,31.25075949114442,10837347
2024-11-04,33.38365936279297,33.612182084357485,32.47908147853411,32.76473669664134,20330341
2024-11-05,33.2598762512207,34.373932763482166,32.669521611363436,34.03114865899638,21425572
2024-11-06,32.41242980957031,33.69788015059887,31.18410833470987,33.516966020561036,9078138
2024-11-07,31.841115951538086,33.26939573290025,31.50785212214157,33.26939573290025,5642812
2024-11-08,32.30768585205078,32.37433861154914,31.688763219791152,31.99346258672738,5865737
2024-11-11,31.793506622314453,32.53621092924117,31.660201093615118,32.53621092924117,5944855
2024-11-12,30.603273391723633,31.803030410438332,30.270009571138008,31.707809581482994,10432174
2024-11-13,30.7365779876709,31.345976745288183,30.32713933249151,30.69849328954715,7421599
2024-11-14,30.936540603637695,31.841114861696436,30.755622846183392,31.031757799548135,8823324
2024-11-15,31.00319480895996,31.36502307608808,30.841321209620865,31.231717542693154,5607498
2024-11-18,31.52689552307129,31.774462414283864,30.850843981391534,31.012713942510675,9074361
2024-11-19,31.42215347290039,31.98394363482922,31.231715452664613,31.564982896153005,5261737
2024-11-20,30.793710708618164,31.612591657271526,30.66040518345192,31.26028367900315,6363684
2024-11-21,31.203153610229492,31.403111913533557,30.393794681292707,30.86036587182057,3565126
2024-11-22,31.203153610229492,31.803032152445105,30.955583073688192,31.403111913533557,9451848
2024-11-25,31.51737403869629,31.774464848673517,30.755625508562,31.23171879393387,5176449
2024-11-26,29.11786460876465,31.612594167364406,28.679859667782058,31.612594167364406,9143779
2024-11-27,31.822072982788086,32.03155518760827,30.231923176535798,30.450925648709877,11368314
2024-11-28,33.23130798339844,33.70740120016745,32.20294489167193,32.30768598052959,26132552
2024-11-29,33.469356536865234,33.78357618939621,32.850433866175436,33.469356536865234,7585077
2024-12-02,36.697269439697266,36.82105107233282,33.47887797740967,33.6121835093577,31910059
2024-12-03,36.544918060302734,37.61136589913197,35.897430964366336,37.135272659902455,22761941
2024-12-04,36.106910705566406,37.05909721529932,35.916476309462446,37.04957694841543,9292648
2024-12-05,37.43045425415039,37.601848122205375,35.80221250762802,35.80221250762802,17562657
2024-12-06,36.24973678588867,37.801801670405276,35.992646016136625,37.601843393588,9434859
2024-12-09,37.70658493041992,38.10650515964703,35.71651494822922,36.27830514317215,17445156
2024-12-10,37.16383743286133,38.78255518755248,36.4211331351867,37.61136624417973,20938494
2024-12-11,37.13527297973633,37.97319810504194,36.925790790334126,37.325711003528944,7262545
2024-12-12,36.74488067626953,37.554237825352004,35.47847076727535,37.335235345392086,23461133
2024-12-13,35.91647720336914,36.99244537088819,35.70699500367716,36.706790137319445,10159846
2024-12-16,36.3354377746582,37.325712635843615,35.75460341122631,36.42113470749739,20184050
2024-12-17,34.61198043823242,36.65918302089195,34.2787165909639,36.65918302089195,11437746
2024-12-18,33.28843688964844,35.51655329242565,32.945649191943794,34.75480487102809,12956402
2024-12-19,32.34577560424805,34.18349578511455,31.879202634926738,33.30748234239999,14557490
2024-12-20,33.5645751953125,34.27871509308511,31.850640167118918,32.37434203235816,14129184
2024-12-23,34.94524383544922,35.70699227757691,32.85043289537076,33.564572740922294,24838416
2024-12-24,34.65959167480469,36.46874393008139,34.354892271130645,35.126161047547825,16315345
2024-12-26,33.507442474365234,34.56437009725056,33.08848171140399,34.38345596530661,16189868
2024-12-27,34.60245895385742,34.75480865472298,33.10752637901936,33.53601104779854,11842530
2024-12-30,35.72603988647461,36.02121902538544,34.878594435899224,34.878594435899224,15473765
2024-12-31,34.83098220825195,35.98312694509253,34.611976127547194,35.72603616680278,8059089
2025-01-01,34.83098220825195,34.83098220825195,34.83098220825195,34.83098220825195,0
2025-01-02,35.29755401611328,36.373525801072105,35.13568405117165,36.3354374685082,10793762
2025-01-03,33.16465759277344,35.29755332217372,31.99346499943015,35.29755332217372,54376196
2025-01-06,31.96489906311035,33.7930989489021,31.803029108965305,33.7930989489021,18931152
2025-01-07,32.74569320678711,33.183698125742666,31.612592577583847,32.18390302558647,16236008
2025-01-08,31.86968231201172,33.23130925464362,31.431673775278185,32.99326263715277,8102971
2025-01-09,31.44119644165039,32.18390069677267,31.355499517420668,31.869681062799003,5258627
2025-01-10,32.50764846801758,32.831392042622056,31.26028640328248,31.46976497581235,10044375
2025-01-13,32.77425765991211,33.2313103773628,32.44099383708686,32.717128794458205,7321157
2025-01-14,33.26939392089844,33.716922723687865,32.67903932713372,33.088479799408496,10515007
2025-01-15,33.002784729003906,33.79310128629097,32.898043630346265,33.75501295363304,7102217
2025-01-16,32.46003723144531,33.155132925603894,32.37434030299819,33.155132925603894,3481558
2025-01-17,33.16465759277344,33.659791377156786,32.19342692530781,32.19342692530781,8393064
2025-01-20,33.669315338134766,34.088276091961056,33.32652761577541,33.32652761577541,8642985
2025-01-21,34.27871322631836,35.611775749152,33.52648503654361,33.66931446124121,53698225
2025-01-22,36.735355377197266,37.6875418373759,34.28823283281933,34.46915058492725,83552040
2025-01-23,38.706382751464844,39.182476002369434,37.61136682146298,38.08746007236757,47170217
2025-01-24,38.14459228515625,39.658568957015234,37.37331991682323,39.03964628254146,20797108
2025-01-27,37.52566909790039,38.744466632119746,36.96387892841431,38.744466632119746,14398992
2025-01-28,36.9162712097168,38.27789820152859,36.42113379157584,37.839893281278115,18743736
2025-01-29,35.89743423461914,37.42093128602277,35.70699619511782,36.65918276032095,13308955
2025-01-30,36.049781799316406,36.46874255550089,34.278714312026516,36.135478730388606,8607638
2025-01-31,36.27830505371094,36.80201054691968,35.716514860153374,36.164043688057816,7199999
2025-02-03,36.27830505371094,37.325712407825094,35.99264982342647,36.66870138263716,16213883
2025-02-04,35.840301513671875,37.32571385392469,35.621299040892254,36.325918693042595,12847614
2025-02-06,34.88811111450195,36.183085273894015,34.75480559202978,36.08786808135763,6409796
2025-02-07,34.68815612792969,35.278510768835716,34.27871562296006,35.11664079967737,7154487
2025-02-10,35.240421295166016,35.421339057552686,34.28823478088935,34.68815500568326,6810172
2025-02-11,36.84961700439453,37.040055024281166,35.23089928381278,35.345160642823515,16404789
2025-02-12,36.592529296875,37.278104773147284,36.18308879102388,36.93531703501114,10549752
2025-02-13,35.98312759399414,36.94483433104046,35.89743066635214,36.64013495104738,3081599
2025-02-14,34.89763641357422,36.992443791863614,34.688154222824,36.17356645920127,17068146
2025-02-17,35.30707550048828,35.80220926073987,34.32632098171712,34.32632098171712,4960195
2025-02-18,36.85913848876953,36.99244401740399,35.135683250990866,35.46894707257701,9074209
2025-02-19,38.61116409301758,38.953951834112445,36.754399583622664,37.1352756586844,38112842
2025-02-20,41.334415435791016,42.28660192694704,38.801599514608114,39.1824755639918,73707472
2025-02-21,40.10609436035156,41.80098880020774,39.75378637241934,41.46772134584743,18578608
2025-02-24,40.439361572265625,40.94401925187025,39.04916653014005,40.31557631097088,25755312
2025-02-25,39.4776496887207,41.65815754994484,38.75398957863787,40.88688521110532,61091991
2025-02-26,39.23008346557617,40.13466134257466,38.944428249761685,39.42052148688688,14678381
2025-02-27,38.88729476928711,39.458605186453966,38.80159784348177,39.458605186453966,3388887
2025-02-28,38.48737716674805,39.03964708857988,38.087460574224274,39.03012682164977,5124646
2025-03-03,37.86845779418945,38.54450934195898,37.468537572716585,38.3255068813704,4361796
2025-03-04,38.077938079833984,38.16363500640507,37.144792153925195,37.80180313507124,9732825
2025-03-05,38.02080535888672,38.896815152141535,37.89702010295182,38.258851972136796,8501133
2025-03-06,40.01087951660156,40.77262803489528,37.91606836706626,37.91606836706626,28192754
2025-03-07,43.79105758666992,44.01006004005958,40.09657304635452,40.467925190463205,57215949
2025-03-10,41.810508728027344,44.02910499840226,40.84880196909995,43.2673528987848,22194869
2025-03-11,41.44867706298828,41.75337645152426,40.42031753475514,40.94401938178241,12170796
2025-03-12,41.77241897583008,42.46751465563182,41.28680547952859,41.70576621422601,9505277
2025-03-13,43.12452697753906,43.41970246458491,41.4201122897263,41.89620553443579,19660929
2025-03-14,43.0197868347168,44.23858440581245,42.515129146491866,43.32448622749071,18756398
2025-03-17,43.86723327636719,44.13384434321931,42.76269704358978,43.03883200985997,18478652
2025-03-18,44.162410736083984,45.51451381795652,43.1340475760937,43.80057885027593,24985777
2025-03-19,45.247901916503906,46.514308044735614,44.16240991164726,44.28619153865501,29042128
2025-03-20,44.91463851928711,46.18104839400996,44.65755134321144,45.32407903274611,9735067
2025-03-21,44.390933990478516,45.27646773359381,44.08623459847146,44.76228614746817,4271629
2025-03-24,43.23878860473633,44.752765277501375,42.753175090364095,44.41950145707957,8148237
2025-03-25,42.791259765625,43.30544134453303,42.47704011116113,42.84839226293808,3806966
2025-03-26,43.91484069824219,44.229063989146816,42.84839282714483,43.27687748187693,10182878
2025-03-27,44.190975189208984,44.89559479534162,43.88627580069304,44.248107686669435,14246294
2025-03-28,44.190975189208984,44.190975189208984,44.190975189208984,44.190975189208984,0
2025-03-31,44.190975189208984,44.190975189208984,44.190975189208984,44.190975189208984,0
2025-04-03,45.057464599609375,45.324075655557515,43.895795914744106,44.1719308697208,13679198
2025-04-04,44.971771240234375,46.600009402276775,44.75276876513249,45.514517294248506,18559323
2025-04-07,43.467315673828125,43.991017528342255,40.486970877781275,43.80057949970895,16903951
2025-04-08,44.69563293457031,45.143161751228476,43.80057893355722,44.18145498590075,14674396
2025-04-09,44.49567413330078,45.21933789802559,43.85771093006228,44.22906307908806,11129492
2025-04-10,44.990814208984375,46.65714066116898,44.56232953767622,46.32387682365342,19242425
2025-04-11,44.371891021728516,44.648025988280644,43.991018587594226,44.648025988280644,4969994
2025-04-14,44.69563293457031,45.02890038844671,44.038625558196124,44.38141327884465,5573315
2025-04-15,43.76249313354492,44.97177049254423,43.41970539306595,44.752768021083426,4496401
2025-04-16,42.829349517822266,44.16241210758616,42.6579556525011,43.762491877735656,5223762
2025-04-17,43.96244812011719,44.56232662068129,42.87695611206044,42.87695611206044,16949781
2025-04-18,43.97197341918945,44.390934176882624,43.74344705807291,44.257628646357674,7881960
2025-04-21,44.295719146728516,45.46690817805649,43.32448842097529,44.34332774820297,16149277
2025-04-22,44.06719207763672,44.84798475284282,43.991019042942746,44.2766742795761,6397163
2025-04-23,43.58157730102539,44.94320431035912,43.33400677261746,44.657549081837374,3763581
2025-04-24,41.829551696777344,43.41970134977407,41.18206461001255,41.896204458741096,12426119
2025-04-25,42.4484748840332,42.84839146082876,40.94401850701415,41.46772034285254,6749144
2025-04-28,40.91545486450195,43.32448553522234,40.22035915882422,42.143772682862206,4730860
2025-04-29,41.63911437988281,42.372298406157874,40.372708248900906,41.23919780135268,7326812
2025-04-30,40.76310729980469,41.401070541460406,39.7537882544575,41.03923863730901,13723423
2025-05-02,41.362979888916016,42.18186085288906,41.13445716501385,41.37250378792214,11208268
2025-05-05,42.51512908935547,43.22926897126646,40.229880014319,41.42011315083731,14618227
2025-05-06,41.934295654296875,43.33400738347546,41.772422055393946,43.33400738347546,5827716
2025-05-07,40.80119323730469,41.84860064794115,38.0969832222286,38.0969832222286,16433479
2025-05-08,37.95415496826172,41.562942722279516,36.72583349542137,41.22015499662144,19664828
2025-05-09,39.56334686279297,40.753579943095424,36.992442682879044,37.611365337557565,8256394
2025-05-12,43.524444580078125,43.524444580078125,42.848393028492474,43.524444580078125,6714721
2025-05-13,45.257423400878906,45.581166957732016,42.38181972113733,45.228858968078214,20681855
2025-05-14,45.5716438293457,47.46649282041005,44.94320092106915,45.257420559055916,36170971
2025-05-15,46.21913528442383,46.75235741939318,44.8479843492378,44.8479843492378,15159381
2025-05-16,45.64781951904297,46.7428354473642,45.5145139901628,46.51430908906731,5932968
2025-05-19,44.85750961303711,46.019178383501576,44.46711326707334,45.7049550738631,4058330
2025-05-20,44.743247985839844,45.69543454441882,44.27667497392262,44.84798545614862,8954504
2025-05-21,44.71467590332031,45.23837773704474,44.22906240027119,44.75276423399561,11788320
2025-05-22,44.26715087890625,45.133640426998305,44.03862452639374,44.7527643835785,15031496
2025-05-23,43.80057907104492,44.3718895190503,43.34352998617997,44.26715205501513,3059560
2025-05-26,43.448272705078125,43.98149484118193,43.32448743820972,43.80058070676148,1862833
2025-05-27,43.733924865722656,44.22906226609004,43.41970158705941,43.44826965113078,12876337
2025-05-28,43.733924865722656,43.733924865722656,43.733924865722656,43.733924865722656,0
2025-05-29,44.143367767333984,44.9812929242371,43.80058003804165,44.07671500133862,16496094
2025-05-30,43.90531921386719,44.419500785287205,43.8005781198035,44.37188855540141,5679803
2025-06-02,43.12452697753906,44.27667175798328,42.848392023854785,44.2671514913025,4159799
2025-06-03,43.553009033203125,44.27666912389651,42.88647780380215,43.14356857652694,4752616
2025-06-04,43.20070266723633,43.876757876890736,42.94361186339086,43.78153704270533,8043365
2025-06-05,42.829349517822266,43.65775077867235,42.70556425235624,43.457792479898764,5670833
2025-06-06,42.829349517822266,42.829349517822266,42.829349517822266,42.829349517822266,0
2025-06-09,42.829349517822266,42.829349517822266,42.829349517822266,42.829349517822266,0
2025-06-10,43.00074005126953,43.600618533412565,42.82934619922866,43.18165416962242,3535058
2025-06-11,44.62897872924805,45.12411612838604,43.4958781401823,43.79105725283277,33471965
2025-06-12,45.09555435180664,47.60932619366354,44.47663165836768,44.933680753950455,50597576
2025-06-13,44.34332275390625,44.72419878741146,43.324483541428336,44.08623197613569,16701558
2025-06-16,44.34332275390625,44.34332275390625,44.34332275390625,44.34332275390625,0
2025-06-17,44.200496673583984,45.466906493236266,43.657750645819675,44.257629172618294,9229863
2025-06-18,42.9531364440918,43.65775246672016,42.84839534097863,43.495882494493245,7583014
2025-06-19,42.667476654052734,43.676791978725085,42.46751473655642,43.21974291301067,4332018
2025-06-20,42.5722541809082,43.124524050795706,42.3722959034536,42.82934495147967,5231042
2025-06-23,38.61116409301758,41.89620843543881,38.31598858553301,40.239402230914756,16264731
2025-06-24,42.4770393371582,42.4770393371582,40.00135231658435,41.89620500478697,20582081
2025-06-25,43.0102653503418,43.70536473845601,42.48656346662724,42.848395377975116,4454110
2025-06-26,42.62938690185547,43.46731197719964,42.32468753487631,43.46731197719964,4724221
2025-06-27,43.10548400878906,44.27667298741858,42.40086438884035,42.75317601496636,6158788
2025-06-30,42.5341682434082,43.372093361381765,42.39134245104089,43.29592033191316,3494330
2025-07-01,43.08644104003906,43.32448767561939,42.25803976526448,42.562739168223025,13507791
2025-07-02,43.75297164916992,44.371890712437775,42.75317652211928,43.13404895359873,12239523
2025-07-03,43.79105758666992,43.98149197584135,43.18165519149066,43.70536065862152,6456426
2025-07-04,43.67679214477539,44.09575651416708,43.32448416967128,44.019579853440185,2478460
2025-07-07,44.13384246826172,44.505198251419316,43.581576191486874,43.67679338780223,8943657
2025-07-08,44.352848052978516,44.752764631713845,43.562531529806556,44.076713101583266,6636372
2025-07-09,44.00053787231445,44.46711086166819,43.75297097726978,44.219540334320236,3087741
2025-07-10,43.96244812011719,44.295715568120876,43.81009842832507,44.14336587632876,3672688
2025-07-11,44.52423858642578,45.69543116324408,43.971972312112,43.99101647775085,14410246
2025-07-14,44.46710968017578,45.2193378768415,44.229063058367885,44.74324463322571,5679487
2025-07-15,43.81962585449219,44.46711300480395,43.324488408235936,44.46711300480395,6740208
2025-07-16,43.86723327636719,44.29571794259621,43.42922834302345,43.705363309293645,4226363
2025-07-17,44.371891021728516,44.5337646212707,43.67679528793766,43.89579775483313,4255642
2025-07-18,43.84818649291992,44.84798156624973,43.51492267924437,44.56232634991309,6634710
2025-07-21,43.60062026977539,44.16241044443711,43.46731474227993,43.84818715908079,1932273
2025-07-22,43.638710021972656,44.03862661747985,43.41970392561016,43.52444502413918,5315021
2025-07-23,43.58157730102539,44.03862639312084,43.32448650566483,43.80057976396884,3206797
2025-07-24,43.695838928222656,44.086235257082855,43.65775059557695,43.791059759836926,2686048
2025-07-25,43.70536422729492,43.97197529974703,43.56253479145076,43.69584032767681,2586335
2025-07-28,44.409976959228516,44.9432026970168,43.9053192858792,43.981492315675716,5191013
2025-07-29,43.87675857543945,44.84798567346926,43.75297330517939,44.638507099533165,4330659
2025-07-30,43.45779037475586,44.43854128701574,43.08643822864982,44.0862333063899,4985359
2025-07-31,43.343528747558594,43.80057781936252,43.18165515812419,43.6101397980351,1968792
2025-08-01,43.610137939453125,43.886272876994376,43.32448273578765,43.705358762210274,2835001
2025-08-04,45.37168884277344,45.64782017126925,43.89579684030392,43.89579684030392,14503052
2025-08-05,47.14275360107422,47.552194100418205,45.466906902968844,45.466906902968844,31711478
2025-08-06,47.98067855834961,48.77099511998977,47.514109193781735,47.60932639364769,30254109
2025-08-07,47.36175537109375,48.275853486513626,46.94279101063237,48.24728542319843,6787868
2025-08-08,46.99040222167969,47.70454209515386,46.22865374976787,47.6093248982786,6376546
2025-08-11,46.68570327758789,47.514108153966674,46.01917562850602,47.514108153966674,10156152
2025-08-12,47.41888427734375,47.733107547982854,46.5143064273166,46.99039965024636,11617860
2025-08-13,47.80928421020508,48.7043418620459,47.152276820233176,47.59980564615359,14954095
2025-08-15,47.60932540893555,48.56151191711426,47.42841128001077,47.6188456758039,8136418
2025-08-18,48.085418701171875,48.2282481304333,47.32367022048525,47.60932544670482,10752225
2025-08-19,50.922935485839844,51.551378454016906,47.51410957733498,48.18063724638385,43732087
2025-08-20,50.22783660888672,51.22763168222383,50.08500718456578,51.22763168222383,5930274
2025-08-21,49.04712677001953,50.865802904737585,48.32346660236508,50.45636603682088,9878996
2025-08-22,48.7900390625,49.89457528447119,48.56151269864585,49.04712622741884,7194765
2025-08-25,48.6091194152832,48.92334269937199,48.37107279362922,48.79003717241427,4346428
2025-08-26,49.30421447753906,49.74222301627297,48.46629299540275,48.94238623255876,7990896
2025-08-27,48.39011764526367,49.418480808893506,48.27585628229477,49.32325997950005,5334016
2025-08-28,48.6281623840332,49.028082587366534,48.2853746761198,48.41868019979655,4840398
2025-08-29,52.722564697265625,53.493837058327884,48.704340197493835,48.704340197493835,59772966
2025-09-01,56.617008209228516,57.997679355592005,51.46567940853833,52.46547450338664,43141416
2025-09-02,55.28395080566406,57.79772264397214,54.98877167605087,56.16948456220032,14869670
2025-09-03,56.19804763793945,57.06453720721658,55.30299363601357,55.70291022230921,13310632
2025-09-04,56.46466064453125,57.89294044312295,56.0266557113826,56.22661401143263,13747826
2025-09-05,57.50254440307617,59.50213831067337,56.17900569747372,56.75031616689956,27168373
2025-09-08,56.86457824707031,58.65468622992485,56.17900281311561,58.08337578983139,13709111
2025-09-09,55.63625717163086,56.6836608627991,55.27442528662775,56.64557616356447,9039137
2025-09-10,56.09330749511719,57.416846170783984,55.24586207730482,55.60769397031911,9695462
2025-09-11,55.36964797973633,56.8455363696396,55.22681854781203,56.16948480744505,6048244
2025-09-12,54.284149169921875,55.9409552293974,54.084190882556776,55.56007918768025,5904535
2025-09-15,55.58864974975586,55.8933491439004,53.79853808492922,54.50315770407803,8756217
2025-09-16,55.2363395690918,55.979047540014804,55.036381267510116,55.50295427017076,5042090
2025-09-17,55.1982536315918,55.94095795357453,54.79833340508341,55.27442666426277,4762716
2025-09-18,56.17900466918945,56.845535959521854,55.464864779326874,55.51247337885705,10599725
2025-09-19,57.25497817993164,58.36903469820177,55.817174457567006,55.94095972592038,19239593
2025-09-22,55.31017303466797,58.58716355064879,55.232379169765856,57.56614318501024,28422268
2025-09-23,55.31017303466797,55.31017303466797,55.31017303466797,55.31017303466797,0
2025-09-24,56.88546371459961,57.51752590630592,55.91306262546116,56.107543585172,10422602
2025-09-25,57.00215148925781,58.285720645537985,56.88546439580029,57.19663245129756,8540187
2025-09-26,58.42185974121094,59.121986009282516,57.361942396144,57.371664774979855,22093576
2025-09-29,58.227378845214844,58.83026648794245,57.789797608793265,58.53854690013334,10274531
2025-09-30,59.36508560180664,61.105684437278626,58.392684515095915,58.392684515095915,30026511
2025-10-01,59.17060470581055,60.28886744048915,58.635784849431296,59.413704977748004,8736512
2025-10-02,59.14143371582031,59.909631463527205,58.528819993396965,59.17060456136855,8072211
2025-10-03,59.335914611816406,60.67782914684789,59.22894989903202,59.559566416085694,9260128
2025-10-06,58.53854751586914,59.31646766134791,57.45918169114791,59.31646766134791,6129452
2025-10-07,58.53854751586914,58.53854751586914,58.53854751586914,58.53854751586914,0
2025-10-08,55.73802947998047,58.14958370767507,55.23238047441964,57.61476385679472,7791840
2025-10-09,55.18376159667969,56.73960184955986,54.74618036636471,56.39926295343474,5254522
2025-10-10,55.12541580200195,56.68125975317312,53.33619766927534,55.03789955656473,10470476
2025-10-13,53.355648040771484,55.4268634504511,51.35250412167608,54.94066289386819,24914471
2025-10-14,56.45760726928711,56.885462403255275,54.15301407037593,54.15301407037593,10327201
2025-10-15,55.621341705322266,57.42028219327561,55.183760483831655,56.885462348971835,4794779
2025-10-16,55.61161804199219,56.39926427501573,55.14486595519092,55.70886037846069,3007771
2025-10-17,55.81582260131836,56.866013822369176,55.62134164648208,55.83526735832787,6677189
2025-10-20,55.88389205932617,56.49650207776826,55.07679737078467,56.379814985124405,3298543
2025-10-21,56.399261474609375,56.94380740354696,55.91306094465585,56.50622618470565,8293133
2025-10-22,56.37981414794922,57.76062560982526,56.05892372058952,56.39926261467037,6310077
2025-10-23,55.18376159667969,56.75905031639783,55.037899950102776,56.75905031639783,1844726
2025-10-24,54.06549835205078,55.71858092344632,53.67654014722671,55.407412875820775,3477267
2025-10-27,52.3735237121582,54.84342339041234,51.94566485517244,53.96826091877401,7179734
2025-10-28,50.778785705566406,52.62634553631779,50.46761765597848,52.3735228870585,8754336
2025-10-29,48.69784927368164,51.24553913824178,47.90047695238502,51.24553913824178,11692918
2025-10-30,48.620052337646484,49.397972433165705,48.32833276550373,48.76591397842567,6560888
2025-10-31,51.430294036865234,51.68312040235699,49.592456535242206,49.592456535242206,8863005
2025-11-03,52.31517791748047,53.482059967750914,51.440019161839466,52.499936498667886,15058418
2025-11-04,51.401123046875,52.99586026690468,50.66209612918291,52.49993733508212,4638230
2025-11-05,50.88574981689453,51.72201162189653,50.098103614135034,51.24553717446411,4034452
2025-11-06,50.15644836425781,51.53725608643136,49.30073439437502,51.53725608643136,4368984
2025-11-07,50.107826232910156,50.83712703952654,49.79665818550709,50.43844274695288,5154109
2025-11-10,51.391395568847656,51.82897679651465,50.18562030751609,50.56485613502224,5227771
2025-11-11,49.631351470947266,51.34277572089703,49.592454537912666,51.06077852051972,6848547
2025-11-12,48.940948486328125,49.98141735260318,48.65895128085506,49.59245543405993,3111694
2025-11-13,53.248680114746094,53.83212297312253,49.34935351816318,49.34935351816318,27620977
2025-11-14,52.50965881347656,54.201638340720415,52.04290673582,53.48205990261502,16431054
2025-11-17,52.208213806152344,52.75275975840297,51.546980760353655,52.56800488450057,4332569
2025-11-18,51.76091003417969,52.704140286849906,51.53725822662799,52.276281429432906,5385955
2025-11-19,51.401123046875,52.36379806435875,51.07050652252135,51.83870428637481,4793860
2025-11-20,51.605323791503906,52.02345654271261,51.294155750057755,51.44001739235499,2016697
2025-11-21,50.924644470214844,51.955390969617945,50.5648571025447,51.955390969617945,2187796
2025-11-24,50.12727355957031,51.44001720727522,49.99113800560439,50.58430324166931,3804456
2025-11-25,49.82583236694336,50.506510147153975,49.69941918944038,50.4092715240998,2343163
2025-11-26,50.778785705566406,50.92464364226439,49.68969382259289,50.02031033895704,5299703
2025-11-27,51.294158935546875,51.644223931267575,50.778787530411336,50.778787530411336,2921439
2025-11-28,51.75118637084961,52.023457484691036,50.61347518481159,51.52753456884905,4256837
2025-12-01,52.383243560791016,52.59717297895074,51.35250082111008,52.02345621068063,7005088
2025-12-02,52.27627944946289,53.8710203067008,51.877595162507326,52.49993495795942,10344492
2025-12-03,51.780357360839844,52.597174414063524,51.73173804886304,52.344351766134736,2905027
2025-12-04,52.61662292480469,53.19033970920915,51.780357404206754,52.02345767371007,4744770
2025-12-05,53.12227249145508,54.05577664594554,52.60689739226316,53.09309793640391,12161044
2025-12-08,53.705711364746094,53.919640790002354,52.75275874861076,53.47233718211723,5156323
2025-12-09,54.35722351074219,55.5727248977497,53.96826158313345,53.96826158313345,16548802
2025-12-10,56.1075439453125,56.77849936573505,54.53225520943323,54.64894230224242,24009432
2025-12-11,54.580875396728516,56.3020258082547,54.01688097185306,56.107544844179856,7835278
2025-12-12,55.88389205932617,56.136714711623824,54.06549934276247,54.580874444986435,15238281
2025-12-15,56.272850036621094,56.69098280205175,55.91306267197697,56.39926321695068,9491259
2025-12-16,56.506229400634766,57.80924704344527,56.302026056692256,56.8854652420754,14880270
2025-12-17,55.73802947998047,56.67153362436243,55.475480743857595,56.30202388559607,6767152
2025-12-18,56.097816467285156,56.87574029184909,55.718580642988876,55.961680910811175,7667635
2025-12-19,54.580875396728516,56.7687778963848,54.405842900002746,55.913063880105014,7656817
2025-12-22,54.5128059387207,55.16431288250068,53.977982376613866,54.648941496560354,5435194
2025-12-23,54.06549835205078,54.84342218053037,53.87102110434661,54.59059582344978,4671116
2025-12-24,54.10439682006836,54.88231696119849,53.9293643246371,54.45446181093088,6702184
2025-12-26,54.69755935668945,55.41713776970256,53.98770703150141,54.10439411949263,9208241
2025-12-29,57.25497817993164,59.30674510781543,55.4171406824557,55.475482374809964,28199324
2025-12-30,56.088096618652344,57.274427166149415,55.9033417421634,57.15773636155189,6685251
2025-12-31,54.40584182739258,56.690982909326834,53.48206004831132,56.690982909326834,15861790
2026-01-01,54.40584182739258,54.40584182739258,54.40584182739258,54.40584182739258,0
2026-01-02,55.00872802734375,55.90333893729293,54.843421626581744,55.41713840411194,4627048
2026-01-05,56.33119583129883,56.97298040677512,54.94066196619755,55.32962388866262,9889581
2026-01-06,56.4187126159668,57.070219576475466,55.52410166953919,56.486780396634394,10097463
2026-01-07,57.177181243896484,57.71200108181232,56.40898352083459,56.50622585190197,9839857
2026-01-08,57.16746139526367,58.24682720667383,56.895186565641986,57.27442610946335,15078076
2026-01-09,56.42843246459961,57.556417548617794,56.292296909368815,57.16745934930347,3313917
2026-01-12,55.97140884399414,57.1771841348705,55.4268628907306,56.31174774639896,3754403
2026-01-13,55.7963752746582,56.292298195676146,54.95038366025148,55.91306236617729,6375910
2026-01-14,54.99900817871094,56.27285126021433,54.84342414931297,56.20478347919121,9561890
2026-01-15,54.46418380737305,55.8158244480266,54.357222802619106,55.281000877177874,11490017
2026-01-16,55.21293258666992,55.6018945056154,54.89204215654331,55.13514242853029,7053267
2026-01-19,56.311744689941406,56.39926093286903,55.280998240951064,55.52409850359275,4905483
2026-01-20,56.72987747192383,57.03132313316707,55.922782818957565,56.399260966159375,13117966
2026-01-21,57.15773391723633,58.28571901419704,56.88546280365068,57.17718238383755,20481850
2026-01-22,57.449459075927734,58.56771812126197,57.17718424406805,57.55642008159079,20160552
2026-01-23,57.43973159790039,57.9551029841761,56.87574089942398,57.741177268609896,7547782
2026-01-26,58.25654983520508,59.40398343158489,57.857865532016554,57.857865532016554,22908748
2026-01-27,56.46733093261719,57.37166424199856,56.302024528032696,57.32304492943935,9132772
2026-01-28,56.58401870727539,57.27442630784218,56.058924932119005,56.4673316138424,6702796
2026-01-29,54.61004638671875,56.8368458269317,54.211362078553556,56.59374554855253,11138127
2026-01-30,55.47547912597656,57.37166191417566,54.483629610466025,54.94065929069364,10527108
2026-02-02,55.24210739135742,56.243679329456974,54.969832563098834,55.5241008889807,8823477
2026-02-03,55.82554626464844,55.913062510868166,54.95038380245115,55.319897254202864,4719590
2026-02-04,55.69913101196289,56.31174471270393,55.47547921537202,56.31174471270393,3050271
2026-02-06,54.4836311340332,56.010300527518076,54.182189174317976,55.56299692254884,4217864
2026-02-09,54.425289154052734,55.115693024496885,53.82239781899677,54.930938156317886,4460819
2026-02-10,53.95853805541992,54.639215850120024,53.51123073536814,54.454460978617966,1196107
2026-02-11,54.4836311340332,54.93093844841816,53.627920857417905,54.44473791012576,3494111
2026-02-12,53.297306060791016,54.94066259779555,51.799807464325816,54.746181634327264,5793359
2026-02-13,53.190338134765625,53.74460643607349,52.70413761015061,53.482057707651514,2429754
2026-02-16,52.013736724853516,53.67654172370448,51.29415827520062,53.48206076087269,4701463
2026-02-17,52.69441223144531,53.04447720738512,51.53725630268043,52.02345683383779,4047239
2026-02-18,53.62792205810547,53.94881249166676,52.53883015716725,52.752759585818644,2826256
2026-02-19,51.15802001953125,53.68626127493368,50.273135209198834,53.68626127493368,1911243
2026-02-20,51.342777252197266,52.033181141782116,49.23266864924802,51.0510576645686,4959349
2026-02-23,48.55198669433594,51.663670922545236,47.89075365673837,51.342776782498284,4251441
2026-02-24,48.620052337646484,50.27313485900959,47.37538018481573,48.42557138641278,5302579
2026-02-25,48.639503479003906,49.485491397574,48.10468361575651,48.68812279213261,8515925
2026-02-26,50.6329231262207,51.53725641285999,47.67682300020444,48.27971433090776,5175100
2026-02-27,50.545406341552734,51.537255861757956,48.82425603085094,49.59245375376709,3344007
2026-03-02,45.488922119140625,46.57801401828452,45.488922119140625,45.488922119140625,7236834
2026-03-03,45.50836944580078,48.075507683394385,41.52152653278279,43.903909902012636,19394937
2026-03-04,44.04004669189453,46.09181360559204,42.79537076198256,45.70285168197908,3673860
2026-03-05,45.23609924316406,45.70285132217553,44.41928217754004,44.63321160478455,3407725
2026-03-06,42.630062103271484,45.69312688899756,41.92020978318527,45.23609720931119,6479015
2026-03-09,38.37094497680664,38.89604244000649,38.37094497680664,38.89604244000649,2395700
2026-03-10,40.218509674072266,42.007727827967294,39.67396372830742,40.743607152908105,10464638
2026-03-11,40.1309928894043,41.50207825947756,39.38224361505,40.831122851795996,5109624
2026-03-12,38.32232666015625,40.130993274060415,38.16674263473523,40.130993274060415,14527732
2026-03-13,38.1083984375,38.50708274706888,36.96096482275719,38.33205024926636,4872582
2026-03-16,36.552555084228516,38.26397927509974,36.2316609618939,38.127843723593756,5492621
2026-03-17,35.8524284362793,36.94152036694228,35.40512480908695,35.40512480908695,1670840
2026-03-18,38.643218994140625,38.99328025292501,35.88159988984871,36.16359337252928,5429199
2026-03-19,37.90419387817383,38.65294315934641,37.00958665978525,38.40984288790397,4777839
2026-03-20,37.90419387817383,37.90419387817383,37.90419387817383,37.90419387817383,0
2026-03-23,37.90419387817383,37.90419387817383,37.90419387817383,37.90419387817383,0
2026-03-24,37.12627410888672,39.77120627465836,36.7567606541002,39.77120627465836,10858410
2026-03-25,40.82139587402344,40.84084434026773,37.07765329326515,37.68054090917558,26066097
2026-03-26,39.43086242675781,40.53939904687031,39.187762160613296,39.96568227039262,16085730
2026-03-27,39.05162811279297,40.06292614925835,38.02088160915527,39.5281062849751,6232619
2026-03-30,36.80537796020508,38.866870840263545,35.259260154869025,38.779354598096766,8623647
2026-03-31,38.14729309082031,38.84742304015512,36.61090134684362,36.61090134684362,5399018
2026-04-01,41.90076446533203,41.95910986799995,39.02245803653434,39.139145132454274,19361118
2026-04-02,40.568572998046875,40.88946341569057,39.47948115113249,40.6463631531604,14249030
2026-04-03,39.95595932006836,40.344921224099316,38.604322453155014,39.3822425518013,5986342
2026-04-06,41.37566375732422,42.104964541681575,39.39196473361246,39.985129965062946,11140525
2026-04-07,41.39511489868164,41.75490227024748,40.364368388117846,40.64636559988754,6475775
2026-04-08,45.53754425048828,45.53754425048828,45.53754425048828,45.53754425048828,1885209
2026-04-09,49.1159782409668,49.95224378578742,46.18905254351047,47.64765420277922,29349307
2026-04-10,50.1175537109375,51.537258430266164,49.58273384646885,49.58273384646885,13958103
2026-04-13,46.500221252441406,48.863156270326904,45.9459529109044,47.64765487056753,15664626
2026-04-14,50.20507049560547,50.54540940134017,48.2505421814837,48.2505421814837,12360527
2026-04-15,50.85657501220703,52.9958580993865,50.56485543427703,51.59560189967309,16002385
2026-04-16,50.61347579956055,51.770635466272864,50.175894568846466,51.52753519470012,8355547
2026-04-17,51.566429138183594,51.81925550141819,50.58430565947518,50.759338154201956,10601000
2026-04-20,49.89390182495117,51.031609332538906,48.863155322558256,50.594028095229845,7696017
2026-04-21,50.312034606933594,50.564857261096115,49.98141808415749,50.08837908937744,4017408
2026-04-22,48.73674011230469,50.26340948049512,48.620053023684235,49.59245408415792,3990740
2026-04-23,47.43372344970703,48.60060548646644,47.11283302251224,48.60060548646644,4766955
2026-04-24,48.92150115966797,49.68969521710067,46.00429783084994,47.16145381589139,8685970
2026-04-27,47.89075469970703,48.86315581036098,47.530967327401505,48.42557456868353,3405781
2026-04-28,47.10310745239258,47.8324082697096,46.70442315396924,46.70442315396924,3180771
2026-04-29,47.10310745239258,47.10310745239258,47.10310745239258,47.10310745239258,0
2026-04-30,46.15015411376953,46.57801296065216,44.73044943500523,46.57801296065216,6503956
2026-05-04,46.58773422241211,48.48391701445257,46.18904993973001,46.67525046541138,4804069
2026-05-05,46.422428131103516,47.035038126732815,44.97354892285147,46.28628886710357,5400118
2026-05-06,46.422428131103516,46.422428131103516,46.422428131103516,46.422428131103516,0
2026-05-07,51.97483825683594,52.49993572816352,49.952242238129266,51.29415676171674,21421641
2026-05-08,50.41899490356445,51.527535259233716,50.19534309856732,50.56485655045708,7722432
2026-05-11,49.3493537902832,50.088376963669674,49.057634214194216,50.088376963669674,3504150
2026-05-12,48.03661346435547,50.020308791766425,47.754616268946506,49.39797271184019,6226744
2026-05-13,47.72544860839844,48.57143654164982,47.647654738509814,48.143577676094175,2463915
2026-05-14,48.50336837768555,48.814536435954246,47.4531733989668,47.6476543627387,4378106
2026-05-15,48.221370697021484,48.620054999641916,47.725447768168095,48.5033679062792,4106860
2026-05-18,45.9265022277832,48.036614484865304,45.68340195955902,48.036614484865304,3645459
2026-05-19,46.18905258178711,47.1420052215025,45.702852028294615,46.296017297061994,2533373
2026-05-20,48.15330123901367,48.4741916619346,45.84871175096379,46.18905064033684,6278511
2026-05-21,49.72859191894531,50.068934531363645,49.11597818412498,49.21322052027986,9090910
2026-05-22,48.90205001831055,50.350925515124,48.620052821685015,50.350925515124,2947383
2026-05-25,51.605323791503906,52.266556806930886,50.059205962699,50.56485495740291,14519031
2026-05-26,51.605323791503906,51.605323791503906,51.605323791503906,51.605323791503906,0
2026-05-27,51.605323791503906,51.605323791503906,51.605323791503906,51.605323791503906,0
2026-05-28,51.605323791503906,51.605323791503906,51.605323791503906,51.605323791503906,0
2026-05-29,53.141719818115234,53.725158974799264,51.82897615145262,52.25683499514223,16724538
2026-06-01,51.44001770019531,53.2875774936615,51.05105579135207,53.2875774936615,6040217
2026-06-02,51.53725814819336,52.655520893665766,51.371951742199876,51.63449677414061,7429244
2026-06-03,51.53725814819336,51.53725814819336,51.53725814819336,51.53725814819336,0
2026-06-04,52.40269470214844,52.67496582322191,51.54698069524004,51.54698069524004,7860192
2026-06-05,52.013736724853516,52.99586020850112,51.82897814092618,52.74303755341087,4199390
2026-06-08,51.46918869018555,51.63449509078983,50.56485540257848,50.56485540257848,1860916
2026-06-09,51.44974136352539,52.6068973216372,51.32332818358209,52.072077465683535,2981234
2026-06-10,50.8274040222168,52.004008418512896,50.71071693326087,51.430291642807376,3221257
2026-06-11,50.700992584228516,51.041335193694785,50.07865647589864,50.61347633715614,3693795
2026-06-12,52.89862060546875,53.62792142056575,51.57615453391966,51.7317385594304,14464283
2026-06-15,55.80609893798828,56.15616393001961,54.15301631418245,55.300449917211445,19360878
2026-06-16,55.92278289794922,56.39926104582406,54.96983031161517,56.20478009343809,12075964
2026-06-17,56.856292724609375,57.76062603196576,55.232380980974234,56.15616275519391,13538842
2026-06-18,56.46733093261719,57.95510341154071,56.10754356838005,57.03132534466827,13565884
2026-06-19,55.32962417602539,56.83684514192784,55.03790087795358,56.54512555327185,4626461
2026-06-22,54.930938720703125,56.18533329655942,54.45446055867182,55.9130621807791,2411539
2026-06-23,55.18376159667969,55.91306241073272,54.74618036636471,54.95038370403978,5229399
2026-06-24,56.74932861328125,57.03132582166535,55.03790060532294,55.4074140608119,8448185
2026-06-25,56.74932861328125,56.74932861328125,56.74932861328125,56.74932861328125,0
2026-06-26,56.74932861328125,56.74932861328125,56.74932861328125,56.74932861328125,0
2026-06-29,54.639217376708984,58.24682833649303,51.07050706124351,56.642365011207495,18052948
2026-06-30,55.9616813659668,56.99242784530643,55.47548082636775,55.90333967524098,10224774
2026-07-01,57.64393615722656,57.857865586745234,55.9616826953805,56.30202530683439,10591055
2026-07-02,56.992427825927734,58.29544541998675,56.69098215608916,58.207929174512046,5563040
2026-07-03,57.041046142578125,57.36194027352409,56.214506723730835,57.25497556320877,2726186
2026-07-06,57.01187515258789,57.85786303564923,56.88546197622656,56.88546197622656,8657813
2026-07-07,56.15616226196289,57.274424985577795,55.971407392508,56.98270169460644,7055634
2026-07-08,54.629493713378906,56.78822532732163,54.21136094654467,55.426862313059125,13898021
2026-07-09,53.939090728759766,54.98928199808033,53.48206102030049,54.16274253880567,7764296
2026-07-10,54.337772369384766,55.09624401053896,53.977981305756934,53.977981305756934,3833281
2026-07-13,52.72358703613281,53.66681354865538,52.509657614394484,53.482058681327715,4541931
2026-07-14,49.504940032958984,51.97483972621608,49.1062557288833,51.97483972621608,11411790
2026-07-15,50.44816970825195,51.04133496807431,49.61190417534933,49.61190417534933,4022921
2026-07-16,52.655521392822266,53.608474031919044,50.56485753039535,50.56485753039535,8522167
2026-07-17,52.04290771484375,53.5306802222003,51.69284272266201,52.99586035499635,8814154
2026-07-20,52.2568359375,52.70413954631845,50.69126959721966,51.53725750249208,4344647
2026-07-21,53.190338134765625,53.627919348802266,52.509656658421484,52.509656658421484,7975952
2026-07-22,51.62477493286133,53.22923824360826,51.051058131200726,53.19034130905802,4416241
2026-07-23,49.83555603027344,52.2665587634575,49.50493951018377,51.245538357403355,6555564
2026-07-24,50.312034606933594,51.14829643803474,49.10625560933373,49.10625560933373,3652463
2026-07-27,54.91149139404297,55.339346543354765,52.02345893529485,52.02345893529485,15636323
2026-07-28,54.308597564697266,55.61161512981411,53.91963936743913,55.32962164236205,12014649
2026-07-29,53.17089080810547,53.968259388808484,52.99585831873986,53.72515912129133,4556605
2026-07-30,52.5680046081543,53.141721403422,52.0234586587663,52.50965920697907,5734858
2026-07-31,52.6846923828125,53.676541959130674,52.509659886437774,53.37509627994845,4416962
2026-08-03,54.35722351074219,54.82397559822317,53.773780619329074,54.01688089673058,8098940
2026-08-04,53.618194580078125,54.78507660974331,53.4820590233434,54.58087327464122,3412197
2026-08-05,54.86286544799805,55.32962121617761,54.114119903954155,55.32962121617761,9241775
2026-08-06,55.31017303466797,55.62134107544514,54.65866239906752,55.232379169765856,10972704
2026-08-07,55.77692794799805,55.91306350912242,54.648942815147166,55.26155654962268,7737180
2026-08-10,56.37009048461914,57.17718143336683,55.91306080062709,56.38953895089706,14507652
2026-08-11,56.06864547729492,56.83684321188838,55.32962229716745,56.1464393433166,14539561
2026-08-12,56.45760726928711,56.72015600243201,55.3587930252545,56.496500492800074,10666919
2026-08-13,55.9616813659668,56.827117732946576,55.815823429736525,56.54512423913509,4181588
2026-08-14,55.9616813659668,55.9616813659668,55.9616813659668,55.9616813659668,0
2026-08-17,55.31017303466797,56.37981271116252,54.930937216809276,56.0783670487903,3810710
2026-08-18,55.31017303466797,55.31017303466797,55.31017303466797,55.31017303466797,0
2026-08-19,54.201637268066406,54.81424727132068,53.725159111675154,53.734881490231196,3731135
2026-08-20,54.32804870605469,55.4171406146013,53.95853895687736,55.310175899528346,5998212
2026-08-21,53.84184646606445,54.20163753447316,53.09309719343556,54.162740601226425,2373631
2026-08-24,55.12541580200195,55.426861471711454,53.88074360859761,54.40584108122097,4729968
2026-08-25,56.11726379394531,56.302022367763364,54.70728152733342,55.43658231598623,6552795
2026-08-26,56.11726379394531,56.11726379394531,56.11726379394531,56.11726379394531,0
2026-08-27,55.34906768798828,56.4284334801955,55.135141972810665,56.38954025615504,4399629
2026-08-28,54.78507614135742,55.572722339265965,54.717008363572006,55.42686069577397,2789427
2026-08-31,53.783504486083984,54.78507640059356,53.58902353031296,54.55169851178519,3107844
2026-09-01,52.7722053527832,54.35722010064152,52.60689524562467,53.96825819743431,4737174
2026-09-02,51.80952835083008,52.558277627494114,51.605325014307816,52.558277627494114,2895285
2026-09-03,52.58745193481445,53.04447791782076,51.87759588553166,51.87759588553166,3266681
2026-09-04,52.976409912109375,53.19033933477939,52.28600604183978,52.59717408786032,2136069
2026-09-07,52.13042449951172,52.98613852149613,51.97484046909781,52.98613852149613,2433100
2026-09-08,52.149871826171875,52.626346286021764,51.342777135832144,52.1304233591186,4441642
2026-09-09,51.17747116088867,52.33462713968252,51.05105797868597,52.12069770971115,3407490
2026-09-10,50.4287223815918,51.24553946598832,49.60217920877928,50.953819873578674,5714530
2026-09-11,51.2844352722168,51.73173888469561,49.115977570741585,49.69942045213706,3992988
2026-09-14,49.95224380493164,51.04133571504911,49.83555671078186,51.04133571504911,2113345
2026-09-15,51.33305358886719,51.440018300518176,50.23423933656482,50.555133471517784,4693142
2026-09-16,50.944091796875,52.49020965666042,50.75933692775669,50.87602401828322,5435345
2026-09-17,51.62477493286133,51.92622061150193,50.564857577570244,51.43029396952597,2268092
2026-09-18,52.849998474121094,53.28757971243571,51.54698084748192,51.54698084748192,6779754
2026-09-21,52.959999084472656,53.79999923706055,52.900001525878906,53.5,3431437
2026-09-22,54.060001373291016,54.290000915527344,53.099998474121094,53.20000076293945,2329240
2026-09-23,54.40999984741211,55.08000183105469,54.099998474121094,54.400001525878906,2746506
2026-09-24,53.45000076293945,54.40999984741211,53.20000076293945,54.099998474121094,2037900
2026-09-25,54.0,54.400001525878906,53.060001373291016,53.5,1043602
2026-09-28,53.0099983215332,54.20000076293945,52.91999816894531,54.20000076293945,1254540
2026-09-29,52.380001068115234,53.25,52.25,53.0099983215332,1730485
2026-09-30,52.790000915527344,53.5,52.650001525878906,52.93000030517578,3307781
2026-10-01,51.650001525878906,53.25,51.2599983215332,52.95000076293945,1897902
2026-10-02,51.130001068115234,52.0,50.88999938964844,51.650001525878906,2996487
