Date,Close,High,Low,Open,Volume
2021-09-29,56.62134552001953,57.31755353356516,56.4309767897105,57.11086807633352,2193396
2021-09-30,55.51176071166992,56.77907902636029,55.23436806317912,56.77907902636029,1461163
2021-10-01,55.190853118896484,55.75108284844159,55.076631886149826,55.47912634674188,452986
2021-10-04,54.83185958862305,55.19084410409954,54.66324791302262,55.19084410409954,954061
2021-10-05,54.200931549072266,54.962410582798654,54.11934376872178,54.93521327277286,1593133
2021-10-06,54.02143478393555,54.39129576110009,53.89089683603234,53.89089683603234,458614
2021-10-07,54.293392181396484,54.39129668141209,53.852824006189564,54.336906214676006,840642
2021-10-08,53.72772979736328,54.39130437469086,53.521044334641246,54.336913900261614,1230782
2021-10-11,52.9118537902832,53.84738477559321,52.75955882053072,53.84738477559321,1037945
2021-10-12,52.26459884643555,53.03151817811099,51.88930169345091,52.87378290812682,2306128
2021-10-13,52.44952392578125,52.813944592390335,52.221081491464474,52.65077320347535,3052154
2021-10-14,54.103031158447266,55.42474002154717,52.351630492558066,52.351630492558066,880796
2021-10-15,54.652366638183594,55.207155935996006,53.036944761124914,54.11933020326702,448944
2021-10-18,53.945289611816406,54.66325458061754,53.52103815066938,54.66325458061754,865481
2021-10-19,53.945289611816406,53.945289611816406,53.945289611816406,53.945289611816406,0
2021-10-20,54.233558654785156,54.69044768144553,53.87457827286937,54.657810083288524,722796
2021-10-21,54.33689880371094,54.733952891484456,54.11933281671361,54.304261208339405,4940251
2021-10-22,53.967041015625,54.85361758837562,53.847379508316976,54.82642443199508,1216962
2021-10-25,53.967041015625,54.52727066372502,54.2553142015618,54.2553142015618,184163
2021-10-26,54.45112609863281,54.66325181848763,54.27707411952818,54.28251441098578,320509
2021-10-27,55.544376373291016,56.0230181411786,54.39127974871709,54.63603884769619,1156362
2021-10-28,55.696678161621094,55.75106861813264,55.38664799480685,55.484552476417974,361594
2021-10-29,55.90882110595703,56.10463012962579,55.61510757045388,55.61510757045388,1340401
2021-11-01,56.55607604980469,56.62134295453796,56.023039479363916,56.023039479363916,1502190
2021-11-02,56.56150436401367,56.64853242458266,56.403769116527116,56.403769116527116,1232905
2021-11-03,57.061912536621094,57.11086271279181,56.43097149002048,56.838906223683274,1381543
2021-11-04,57.219642639160156,57.42633222306162,56.8389052210153,57.08366439700462,822730
2021-11-05,57.39448928833008,57.81186152274345,56.9658342809472,57.52421105565994,667451
2021-11-08,58.42100143432617,58.65788802629969,57.247842641052095,57.247842641052095,1116785
2021-11-09,58.781982421875,59.27831693037468,58.54509579075818,58.595855367518475,2145962
2021-11-10,59.13730239868164,59.306509565591696,58.65788782992584,59.171146413933855,764631
2021-11-11,59.543392181396484,59.780278756761376,58.96809559792223,58.97373268082374,780033
2021-11-12,58.97937774658203,59.75772124410633,58.7988921107887,59.72952291848933,506321
2021-11-15,59.61671829223633,59.78028407638625,58.65788913341768,58.93989821578988,777170
2021-11-16,59.769012451171875,59.89873423417316,59.447522232575395,59.64492775221927,962951
2021-11-17,59.825401306152344,60.067929267809006,59.44751020172259,59.769000355256615,746088
2021-11-18,59.633644104003906,60.067936209518045,59.227550325637985,59.98333262183894,1101426
2021-11-19,59.949493408203125,60.2371438874652,59.27266900424043,59.27266900424043,1472457
2021-11-22,59.23881912231445,59.78591735643328,59.08089474609798,59.78591735643328,387223
2021-11-23,58.71428298950195,59.50390918528545,58.66352342630904,59.50390918528545,470257
2021-11-24,56.98276138305664,58.93426395257367,56.96584152456797,58.93426395257367,1233337
2021-11-25,56.48078155517578,57.80622344933212,56.430021983255,57.80622344933212,1007375
2021-11-26,56.869930267333984,57.38882574252855,56.34539340783294,56.90941135124845,715598
2021-11-29,57.88517761230469,58.234870392841344,56.52025480630523,56.86994758684189,741128
2021-11-30,56.85866928100586,58.20667233793324,56.4582169041433,57.896464932084974,10728365
2021-12-01,57.33244705200195,57.54113101803467,56.51461813488824,56.960192999429424,1175149
2021-12-02,55.86600112915039,57.4734520435146,55.30762004591036,57.4734520435146,1680465
2021-12-03,56.0521240234375,57.10683954741061,55.273780500209774,55.84344005513575,1536719
2021-12-06,55.617828369140625,56.571020389704245,55.58398865820075,56.40181322877119,454995
2021-12-07,55.95623779296875,56.401812629112754,55.83779450282163,56.28901072510126,780006
2021-12-08,55.770111083984375,56.39617155184566,55.27377667925193,56.39617155184566,649092
2021-12-09,56.26645278930664,56.40181594269633,55.55578870355588,55.837797783269366,211230
2021-12-10,56.7120246887207,57.07863303070121,56.119803931016015,56.40181299599599,429324
2021-12-13,56.638710021972656,56.965841630420336,56.339781046470264,56.824837071929196,473128
2021-12-14,56.61614227294922,56.90943413066729,56.43001954748956,56.51461883037252,357369
2021-12-15,56.74586868286133,57.07863733915995,56.54282179649983,56.8812318393966,795547
2021-12-16,56.091609954833984,56.68383080388275,55.97316664564774,56.68383080388275,547028
2021-12-17,55.8603401184082,56.401796851811724,55.61217083526324,55.84342026785116,1123166
2021-12-20,55.871639251708984,56.34541675813785,55.69679499378927,56.20441221384978,1097887
2021-12-21,55.82651138305664,56.260803410750846,55.555780811618625,55.8941907985788,469785
2021-12-22,56.06904602050781,56.11416420186813,55.781395560861334,55.83779651489946,283791
2021-12-23,55.83217239379883,56.14802557969557,55.83217239379883,55.97881836213952,985160
2021-12-24,55.83217239379883,56.11418155431338,55.809611144583464,56.11418155431338,219565
2021-12-27,55.39786148071289,56.05776166082262,55.273776803471705,56.05776166082262,407004
2021-12-28,55.042537689208984,55.69115952245175,54.85077355410498,55.38658915806512,704103
2021-12-29,55.30760955810547,55.612179826722496,55.048161767013106,55.048161767013106,480311
2021-12-30,55.5557861328125,55.83779519947653,55.27377706614848,55.527583504899354,306942
2021-12-31,56.54847717285156,56.909448548325884,55.69680831675516,55.69680831675516,780087
2022-01-03,57.106842041015625,57.247846589265045,56.40181929976852,56.554102318506274,341757
2022-01-04,56.988399505615234,57.38885191167149,56.79663107978812,57.33245095223435,757324
2022-01-05,57.146324157714844,57.46781436131072,56.740230363042706,56.9658385048736,304109
2022-01-06,57.40013122558594,57.529857307002814,56.96583909811063,57.050442690067946,907855
2022-01-07,58.51687240600586,58.64659845025296,57.24783179961055,57.24783179961055,1003110
2022-01-10,58.49433135986328,59.15987305752998,58.15027988800317,58.545095239263105,978888
2022-01-11,58.65224838256836,58.968101484368056,58.23487614100682,58.23487614100682,646293
2022-01-12,59.047061920166016,59.216264784498414,58.29127535617354,58.29127535617354,761744
2022-01-13,58.77069854736328,59.04707058161201,58.38152889013068,58.93990573963321,386159
2022-01-14,59.20499038696289,59.362914792448784,58.65789205144583,58.770693968759375,737440
2022-01-17,59.43059158325195,59.532115018223195,59.02449784336697,59.216261941025536,509980
2022-01-18,59.391117095947266,59.49827762586923,59.221909917792374,59.30651350686982,367877
2022-01-19,58.77069854736328,59.39112205027459,58.66917509262485,58.93990573963321,157210
2022-01-20,58.708641052246094,58.8270886381502,58.3758724439072,58.57327791521981,306981
2022-01-21,58.73122024536133,58.93990855203642,58.4886922198646,58.70865899844095,333382
2022-01-24,59.5264778137207,59.61671848274729,58.65788932086462,58.65788932086462,969123
2022-01-25,60.141265869140625,60.349954175693014,59.3629222148756,59.61672871212437,1349241
2022-01-26,59.75209426879883,60.40071180823378,59.50956625125714,60.40071180823378,370904
2022-01-27,59.59416198730469,59.785926099864625,59.50955840106824,59.56031797093982,464406
2022-01-28,59.78592300415039,60.011531121393205,59.61107875726774,59.921286153249305,224451
2022-01-31,60.17509841918945,60.43454625448293,59.78592451469071,60.067933592590194,1320640
2022-02-01,61.105716705322266,61.18468319536824,60.23713264909761,60.34993454382079,967013
2022-02-02,61.12827682495117,61.1959605424149,60.88574888293491,61.1959605424149,763788
2022-02-03,60.63758850097656,61.472332898023446,60.5191452136841,61.472332898023446,881667
2022-02-04,61.500526428222656,63.05721739388663,60.80678235884669,60.88574453869552,4942075
2022-02-07,61.686668395996094,62.04199829163511,61.50618275490875,61.900993750063215,707098
2022-02-08,61.86715316772461,62.60601557818137,61.62462518750427,61.75998834063838,2096094
2022-02-09,62.431190490722656,63.11365215546334,61.76564868742803,62.04201646498984,5668246
2022-02-10,62.07583236694336,62.71881267386695,61.754342213481564,62.606010772100845,1050429
2022-02-11,62.59474182128906,62.60602029193398,61.75999299069163,61.76563437757278,487711
2022-02-14,61.51746368408203,62.65677853215663,61.195973488570914,62.04764215858423,1181222
2022-02-15,61.494911193847656,61.8446040698256,60.998576666142945,61.534392300561464,475072
2022-02-16,61.67537307739258,61.75997664574973,61.308760483255746,61.3933640516129,359964
2022-02-17,61.94611358642578,62.041995637845304,61.19596842460196,61.87278847394986,308772
2022-02-18,61.95737075805664,62.10401662948206,61.47795636264079,61.703564402576326,506503
2022-02-21,61.55130386352539,62.183005788915985,61.48362443434887,62.042001240641795,170671
2022-02-22,61.29185104370117,61.55129887512476,60.78987523677689,61.47797806508667,261579
2022-02-23,61.11701965332031,61.3087837982804,60.63196360026874,61.3087837982804,253751
2022-02-24,59.78592300415039,61.17904850227411,59.67312109708744,60.63195021647327,543116
2022-02-25,60.86320877075195,61.05497290189891,59.77465342356338,59.926936451055504,1279826
2022-02-28,61.60771179199219,61.979961577927696,60.36122774455161,61.05497204546065,1035021
2022-03-01,61.40464401245117,62.04198283242614,61.25235673575388,62.04198283242614,228198
2022-03-02,60.93088912963867,61.33698294661161,60.490955595623866,61.20161977532651,349436
2022-03-03,60.9083137512207,61.02675703650223,60.49094155978344,61.02675703650223,306805
2022-03-04,61.173404693603516,61.252366886044165,60.631947815531845,60.91395687513897,387676
2022-03-07,60.57554244995117,60.91395243619564,60.34993435808272,60.91395243619564,92990
2022-03-08,60.32738494873047,60.91396438136958,60.12433805654318,60.51915337051502,361974
2022-03-09,60.90267562866211,60.9421567230819,60.237134106216615,60.823709136705965,511458
2022-03-10,60.45711135864258,61.0493278781877,60.349946525198426,60.91396471702271,595788
2022-03-11,60.39507293701172,60.823723692402105,60.34995044598613,60.80116675000689,393418
2022-03-14,61.7656364440918,62.38041423806711,61.19597683732307,62.042004166871315,1355051
2022-03-15,62.008155822753906,62.041995534229706,61.48925586246239,61.618981928314504,266648
2022-03-16,62.008155822753906,62.041995534229706,61.75998646361957,62.0250756784918,797895
2022-03-17,62.24372100830078,62.426287013643254,61.9256997616938,61.9256997616938,218762
2022-03-18,63.44515609741211,64.41688279434153,61.336794750316066,62.426309633015016,1784972
2022-03-21,65.02936553955078,65.37094452624443,63.60416224175134,64.18131309834268,1642185
2022-03-22,64.81734466552734,65.28259782529193,64.64655518967761,65.02935887739878,2638601
2022-03-23,64.81734466552734,64.81734466552734,64.81734466552734,64.81734466552734,0
2022-03-24,65.57115936279297,66.46044078878158,64.1930717228892,64.817333184402,1370683
2022-03-25,65.9068603515625,66.68424425562844,65.38271088863262,65.57116745649228,2041721
2022-03-28,65.60061645507812,65.90097065844868,64.48754413494144,65.25315147901259,1761070
2022-03-29,66.40744018554688,66.69601328959851,65.75373055676569,65.95985420251685,1269171
2022-03-30,65.8302993774414,66.24843726256367,65.4298285941588,66.24843726256367,564909
2022-03-31,66.97281646728516,67.43217906427611,65.49460761573924,65.49460761573924,2160915
2022-04-01,67.50874328613281,68.29790830399341,66.13654591906568,66.13654591906568,841120
2022-04-04,67.16716003417969,67.43217552062171,65.75373362245195,66.25432092637504,428939
2022-04-05,67.34972381591797,68.9987219902197,66.69601417842509,66.69601417842509,1732889
2022-04-06,67.29672241210938,68.6100323035798,67.16716217686248,67.16716217686248,507183
2022-04-07,67.43806457519531,67.72663768638333,67.1377104021539,67.72663768638333,510108
2022-04-08,67.9092025756836,68.162441483411,66.84324564679217,67.13770928400271,437230
2022-04-11,69.19306945800781,69.66421311051754,67.90920772273562,68.40390900718671,1241790
2022-04-12,69.52287292480469,69.8173365890467,68.5452514028049,69.46397659742914,1336867
2022-04-13,69.47576141357422,70.57705270171458,69.02817536166114,69.02817536166114,1492130
2022-04-14,69.56410217285156,69.78789295466252,68.9045019046035,69.49342927130952,402667
2022-04-15,70.22368621826172,70.37680856611337,69.25784585764389,69.25784585764389,226503
2022-04-18,71.47222900390625,71.73135849547106,69.61121627932161,69.61121627932161,1098830
2022-04-19,72.67952728271484,74.44041882202704,71.25431966400077,71.25431966400077,3150366
2022-04-20,71.99048614501953,73.54525416534584,71.61357295785919,73.46869521872752,896780
2022-04-21,71.85501098632812,72.67361945830126,71.68422155426177,72.32615006391573,561837
2022-04-22,71.76079559326172,72.14359926349574,71.6135637580301,72.14359926349574,89684
2022-04-25,74.03406524658203,74.2107452694105,71.76669558380134,72.7266456584983,721065
2022-04-26,74.72899627685547,75.08824234478129,73.47458255169181,73.63359097025531,853478
2022-04-27,71.94924926757812,75.90684155826624,70.96574172616288,74.0576101416181,1708789
2022-04-28,70.84796905517578,71.84914385257905,67.13772458355747,71.84914385257905,3634183
2022-04-29,70.84796905517578,70.84796905517578,70.84796905517578,70.84796905517578,0
2022-05-02,70.84796905517578,70.84796905517578,70.84796905517578,70.84796905517578,0
2022-05-03,70.84796905517578,70.84796905517578,70.84796905517578,70.84796905517578,0
2022-05-04,70.84796905517578,70.84796905517578,70.84796905517578,70.84796905517578,0
2022-05-05,70.84796905517578,70.84796905517578,70.84796905517578,70.84796905517578,0
2022-05-06,71.36032104492188,72.11414728250568,70.93629266299129,70.96574082574267,529409
2022-05-09,71.20130920410156,71.85501884576328,68.93982610758464,71.84912831486619,1301128
2022-05-10,71.80882263183594,72.30091671285852,71.14055192656646,72.29484021839949,1390001
2022-05-11,70.7031478881836,71.7480826153294,69.95590118017188,71.5658294686229,1719186
2022-05-12,70.10169982910156,70.70921954658057,68.8016080044971,70.70921954658057,1175214
2022-05-13,70.37507629394531,71.04942349792798,69.4091222441907,69.74325991643695,233465
2022-05-16,69.68859100341797,70.35078995097703,68.95956914657167,70.35078995097703,352384
2022-05-17,70.1624526977539,70.3082607709447,69.25724959298115,69.25724959298115,256964
2022-05-18,70.99476623535156,71.32282749296328,69.86477900413617,69.87085550011278,553741
2022-05-19,71.43824005126953,71.96070736957778,70.47228594289042,70.4844342976152,243029
2022-05-20,71.86959075927734,72.2887762494384,71.53545303124285,71.68733297398434,176740
2022-05-23,70.80035400390625,71.65695446277078,70.47229277444495,70.92793259841766,531674
2022-05-24,69.59138488769531,71.12840901798621,69.40912712002918,70.7760464725024,1029910
2022-05-25,68.58898162841797,69.409132374994,67.43469316082567,69.409132374994,1438889
2022-05-26,68.63150024414062,68.89273389671001,67.79919659874342,68.58897405116456,432588
2022-05-27,69.70682525634766,70.50267939983847,69.1965108147278,69.1965108147278,740796
2022-05-30,69.70682525634766,70.44192370773354,69.28763971787664,70.44192370773354,141581
2022-05-31,69.95590209960938,70.16853309106556,68.64973367351001,69.86477320755445,1721838
2022-06-01,69.04461669921875,70.047025158329,68.95348781475279,69.56100753118234,1025865
2022-06-02,68.30950927734375,69.22686058945527,68.04219915460556,69.22686058945527,277076
2022-06-03,66.71173858642578,68.64365147031819,66.28647663887396,68.64365147031819,512855
2022-06-06,66.62062072753906,67.12485861800307,65.30837578920331,66.21965545137823,502471
2022-06-07,66.58415985107422,67.34963598993816,66.46265776205158,66.82716866412711,99858
2022-06-08,65.994873046875,66.52341693219952,65.02284231094039,66.52341693219952,1770456
2022-06-09,66.34722900390625,66.72996476431976,66.0373926445195,66.45050624536594,385107
2022-06-10,66.80895233154297,67.88426032500467,66.28040844339607,66.34723599138044,283165
2022-06-13,65.82475280761719,67.36177677250969,65.61819835249653,66.82716115189706,137349
2022-06-14,66.0495376586914,66.76641103726836,65.46631934586719,65.91588259293869,957157
2022-06-15,67.99362182617188,68.0422245275222,66.21966494196357,66.21966494196357,640499
2022-06-16,69.2147216796875,69.25724787456105,68.04220843816525,68.12118433292822,983153
2022-06-17,67.33748626708984,69.04461990123205,67.14915662946514,68.74086002893011,1071351
2022-06-20,66.94867706298828,68.33989789795432,66.83325145804031,67.5865746779973,527585
2022-06-21,68.06044006347656,68.16371731344955,66.46266471416146,67.24636578485453,929387
2022-06-22,69.85263061523438,70.32041883503568,68.649739337875,68.649739337875,2897902
2022-06-23,69.27548217773438,70.47229692750102,69.01424847786141,69.85262876978352,540654
2022-06-24,67.30711364746094,70.29003320925871,64.09333361429668,69.26332798373551,2320816
2022-06-27,69.2147216796875,69.56100773366,66.83931735673005,67.58656864951682,311683
2022-06-28,67.77488708496094,69.19648540095064,67.7384373910917,68.07257503491596,720687
2022-06-29,67.86602783203125,68.61935099221324,67.31318729323075,68.61935099221324,411310
2022-06-30,66.9608383178711,68.16372502004359,66.67530324800946,67.43470305721229,870362
2022-07-01,68.0361328125,68.95348889650232,67.44076607666314,67.44076607666314,393257
2022-07-04,66.76033782958984,67.73844489347104,65.84905830187499,67.73844489347104,467337
2022-07-05,66.12853240966797,66.82718113949161,66.098159199246,66.70567902778683,156662
2022-07-06,66.3836669921875,66.52339854451508,66.21963873380953,66.38974348620354,518128
2022-07-07,67.14916229248047,67.73845723604559,66.12852885007067,66.51734114860695,432991
2022-07-08,67.14916229248047,67.14916229248047,67.14916229248047,67.14916229248047,0
2022-07-11,67.14916229248047,67.14916229248047,67.14916229248047,67.14916229248047,0
2022-07-12,67.14916229248047,67.14916229248047,67.14916229248047,67.14916229248047,0
2022-07-13,67.34964752197266,67.98146869009156,67.03981111640287,67.22206891615177,685220
2022-07-14,67.42861938476562,67.8599578742861,67.2463662309586,67.43469588039495,516725
2022-07-15,67.43470001220703,67.73845992217193,67.19169115723344,67.46507785720688,159514
2022-07-18,65.87944030761719,67.42861282172747,65.6242785011101,67.13092945497813,366165
2022-07-19,64.61580657958984,66.50519353660086,64.33634802657643,65.94627643057406,524550
2022-07-20,64.98030090332031,65.31443856325747,64.46391013024139,65.0046022454073,461973
2022-07-21,64.1115493774414,65.01675237867639,63.78956469723746,65.01675237867639,271277
2022-07-22,64.39102935791016,65.00462572092884,64.09334592110274,64.45785691403144,358569
2022-07-25,63.72883605957031,65.00462687497459,63.485827181634065,65.00462687497459,359852
2022-07-26,63.819942474365234,64.64009309269925,62.6352763500986,63.72881359788208,208104
2022-07-27,63.64983367919922,64.29380768011858,63.18204557349098,63.80171359644319,673673
2022-07-28,63.73490524291992,64.33634855466802,62.06422577194653,64.24521965652237,916457
2022-07-29,62.884368896484375,64.09333186804147,62.45303044200938,63.78957200136829,767837
2022-08-01,62.80539321899414,63.18205715138415,62.58061386668766,63.06055504932703,180268
2022-08-02,63.03017044067383,63.485810226991944,62.30114863656786,62.5745306543557,1219465
2022-08-03,63.309635162353516,63.78957634054525,62.87829667853747,63.24280761633897,1606503
2022-08-04,64.07845306396484,64.48146315474841,63.309636943151176,63.86144908595275,721821
2022-08-05,64.18385314941406,64.79146900709455,64.04125256517854,64.48146197835247,1013506
2022-08-08,64.18385314941406,64.18385314941406,64.18385314941406,64.18385314941406,0
2022-08-09,64.18385314941406,64.18385314941406,64.18385314941406,64.18385314941406,0
2022-08-10,64.8968734741211,65.40528483721228,64.48146517032275,64.48146517032275,1556768
2022-08-11,64.74186706542969,65.41148338608346,64.60546321525963,65.07047376065833,349279
2022-08-12,64.82247161865234,65.00847299774597,64.32645848040562,64.66746810424172,181353
2022-08-15,64.4566650390625,65.1014802684085,64.0288537978781,65.0394798046955,1252088
2022-08-16,63.81184387207031,64.79146719071188,63.55143911050687,64.48766163555453,665656
2022-08-17,63.712642669677734,63.86144471150295,63.55763916309642,63.681640076228824,233715
2022-08-18,63.39023208618164,63.85524260122473,63.24143004586069,63.72504022465246,296747
2022-08-19,63.346832275390625,63.73744414149058,63.06162638938544,63.40263599783275,452356
2022-08-22,63.1484260559082,63.6940414128416,62.46641159007296,63.6940414128416,1223717
2022-08-23,64.80387115478516,65.10148000185407,63.54524329826913,63.54524329826913,2466530
2022-08-24,64.307861328125,65.09527713075032,64.18385567355233,64.94647507559515,675542
2022-08-25,64.22724151611328,64.48144950105129,64.0164390479187,64.48144950105129,531886
2022-08-26,64.22105407714844,64.48766029807635,64.10945136303137,64.45045623981625,1153175
2022-08-29,64.40705108642578,64.48145446757688,63.241426497046554,63.55763495402455,340377
2022-08-30,64.3946533203125,64.78526043073222,64.17144790569229,64.78526043073222,526184
2022-08-31,64.48146057128906,64.79146759326642,63.8924491216648,64.57446362394862,529041
2022-09-01,64.53726196289062,64.63026501900617,64.17145593392324,64.48146296742046,122115
2022-09-02,63.90484619140625,64.78526498297714,63.76844234729465,64.78526498297714,291355
2022-09-05,63.75605010986328,63.892453966730116,63.55144432456303,63.861451370048705,570328
2022-09-06,63.01823425292969,63.861453827525544,62.96243525315446,63.42744583927722,449533
2022-09-07,63.14221954345703,63.54522956433777,62.90041447699481,63.241424047816466,394650
2022-09-08,63.27243423461914,63.70024070262186,62.931424622855225,63.241431640701805,149275
2022-09-09,63.985435485839844,64.20244414493294,63.24142066427484,63.70022964656223,532351
2022-09-12,63.18564224243164,63.861455373396375,62.93143417863818,63.861455373396375,407416
2022-09-13,62.65243148803711,63.55145010965037,62.50362468681898,63.532850442081234,336574
2022-09-14,62.75782775878906,63.24143799839422,62.62142390037074,62.68342436410666,178436
2022-09-15,62.50362777709961,63.17944569096429,62.46642844012215,62.776435529155016,197589
2022-09-16,62.1068115234375,62.77642788953897,62.013808461979146,62.621424363885794,1118689
2022-09-19,62.03860092163086,62.931422618296025,62.001401594380326,62.62141561032413,474023
2022-09-20,62.05720520019531,62.47881495160375,62.00140620516997,62.311413236195826,213426
2022-09-21,62.84461212158203,63.086417175079696,61.90838976579336,62.050995050581385,155750
2022-09-22,62.361026763916016,62.93143866878673,62.00761887390559,62.776435125267554,186073
2022-09-23,62.330013275146484,62.584221312672085,62.311413610026456,62.559420182401404,172873
2022-09-26,62.3114128112793,62.714422894931054,62.2494123515633,62.46641632573522,492391
2022-09-27,62.43540954589844,62.99342310660455,62.31761009943327,62.49741473179032,222188
2022-09-28,62.31761169433594,62.621417245589,62.31141022952173,62.49741633129476,148218
2022-09-29,62.3114128112793,62.43541373071128,62.1936086265866,62.3114128112793,532607
2022-09-30,62.81361389160156,63.086421552561866,62.01379530132983,62.01379530132983,191552
2022-10-03,62.32379913330078,63.17321993355445,62.156397450938144,63.08641836042849,542953
2022-10-04,62.3114128112793,62.93142686910297,62.001405782367456,62.3114128112793,528900
2022-10-05,62.354820251464844,62.68342698027895,62.3114194520051,62.34242205033307,449596
2022-10-06,63.551429748535156,63.8552352589379,62.33000151261278,62.50360466141436,880436
2022-10-07,63.03681564331055,64.19004194096765,62.93141440962803,63.24142137716315,616991
2022-10-10,62.96863555908203,63.48944990484494,62.62763061478813,63.2414432987832,673887
2022-10-11,63.21663284301758,63.737447111979556,62.93762840879885,63.05542786329936,211637
2022-10-12,63.53904342651367,63.55764309160001,62.96243015717738,63.24143459413639,158446
2022-10-13,63.291038513183594,63.72504647767826,63.12983352765757,63.551443291880396,407621
2022-10-14,63.229026794433594,63.50182972483484,63.117424090527706,63.29722397928551,371398
2022-10-17,63.27243423461914,63.35923582118964,62.931424622855225,63.235230175851996,114416
2022-10-18,63.76845169067383,63.861454755316004,63.241440631477985,63.241440631477985,159357
2022-10-19,63.81804656982422,64.29545530857995,63.303433771318055,63.303433771318055,228928
2022-10-20,63.89864730834961,64.16525354252198,63.61964287436238,63.61964287436238,160723
2022-10-21,63.58863830566406,63.923446454256094,63.28483275114475,63.85524453156151,159613
2022-10-24,63.8924446105957,64.16524755404917,63.73744111055091,64.16524755404917,325444
2022-10-25,63.73125457763672,64.26446712114355,63.58864924283871,63.86145698053966,1420360
2022-10-26,63.36544418334961,63.8552559290681,63.24144324558932,63.54524885433482,434635
2022-10-27,63.8924446105957,63.985442926357436,63.54523355387,63.799441564502544,173975
2022-10-28,64.02885437011719,64.35746581836409,63.551445591894975,63.61344605616209,526082
2022-10-31,63.95444869995117,64.29545358123482,63.5824412247637,63.5824412247637,261432
2022-11-01,64.0474624633789,64.32646693385057,63.892458928598536,64.1342640644293,419452
2022-11-02,64.32645416259766,64.48145766660392,63.867645115231966,64.41945721106772,662636
2022-11-03,64.3326644897461,64.4752650840909,63.86765391366726,64.3636623566187,1510869
2022-11-04,65.14497375488281,65.49676496655349,64.33266252051031,65.13857622015539,1776419
2022-11-07,64.97866821289062,65.38162991904737,64.85714433950827,65.27289623448303,1023849
2022-11-08,65.25370788574219,65.36883911216614,64.9211092760114,65.20893490212671,171509
2022-11-09,65.25370788574219,65.25370788574219,65.25370788574219,65.25370788574219,0
2022-11-10,65.33686065673828,65.56072557296079,64.9275062728202,65.24091715553172,199841
2022-11-11,65.2665023803711,65.43919677854122,64.92110870414167,65.43919677854122,91653
2022-11-14,65.20892333984375,65.56071449150963,64.93388795214724,65.56071449150963,107530
2022-11-15,65.17694091796875,65.56070995146312,65.04901465354529,65.24090161023648,406747
2022-11-16,65.48396301269531,65.86773697776735,65.1769496965041,65.49675808080501,442135
2022-11-17,65.88691711425781,66.00844096797641,65.24090288597895,65.55431370014097,896574
2022-11-18,65.8421630859375,66.20034697661347,65.30488237003404,65.56073009761238,739654
2022-11-21,65.50955200195312,65.91251371226296,65.31766988837177,65.87413338563553,467788
2022-11-22,65.79737854003906,65.8805269629411,65.62467928031117,65.8677367747595,289379
2022-11-23,65.6694564819336,65.880531199669,65.5607227957871,65.62468350058569,180106
2022-11-24,65.59270477294922,65.97647387686024,65.49676127699924,65.74621143853585,357228
2022-11-25,65.829345703125,65.86772602118114,65.4008037106197,65.81015798404087,301949
2022-11-28,65.7142105102539,65.8485294155579,65.40079973121124,65.8485294155579,383201
2022-11-29,66.30267333984375,66.45617999044778,65.2409072134355,65.37522614270009,436230
2022-11-30,65.62469482421875,66.48817668771706,65.50956358375966,66.48178403205642,416870
2022-12-01,65.6502685546875,65.8805309951588,65.57991031566078,65.75260958595872,356300
2022-12-02,65.64385986328125,66.04042397222285,65.40080727515532,66.04042397222285,215864
2022-12-05,65.15775299072266,65.65665322066494,65.05541197950988,65.65665322066494,127420
2022-12-06,64.97866821289062,65.24091344260462,64.4733752364119,65.2281232537866,833723
2022-12-07,65.23450469970703,65.24090223296128,64.6972290236642,64.76118971654245,601863
2022-12-08,65.42640686035156,65.56072581057188,64.88912617958107,65.3688388074633,145895
2022-12-09,65.59270477294922,65.86774019206509,65.1769528770919,65.2409135810956,1127131
2022-12-12,65.31127166748047,65.88053022759969,65.25370361808888,65.72062602801813,271011
2022-12-13,65.5671157836914,65.62467895005192,65.27289265810872,65.40081405883558,937728
2022-12-14,65.29847717285156,65.56072240481753,65.24091400284281,65.33685749941301,382353
2022-12-15,65.00425720214844,65.56072560551142,64.34545264269971,65.50955508752396,1368797
2022-12-16,65.42000579833984,65.84215523046186,64.66525777597022,64.92750300741976,297564
2022-12-19,65.08740234375,65.56071737599815,64.9594760648393,65.30486969806533,222176
2022-12-20,65.25370788574219,67.15976821656353,64.12158822581422,65.04903069208727,1351420
2022-12-21,64.63966369628906,65.62467402358449,64.31346268495699,65.24090497032493,456537
2022-12-22,65.19613647460938,65.54792764420121,64.56291724923268,64.56930990330628,315690
2022-12-23,64.05121612548828,64.9850559244951,63.961670177630644,64.6076844127934,765904
2022-12-26,64.01924133300781,64.85714263529376,63.95528063082056,64.85714263529376,422444
2022-12-27,63.916908264160156,64.49895702595498,63.763401595539065,64.49895702595498,338700
2022-12-28,63.39242172241211,63.96168028657148,62.98946489336672,63.96168028657148,550063
2022-12-29,62.906314849853516,63.6994383601905,62.61848922558526,63.002258351239334,511106
2022-12-30,63.13657760620117,64.12158812406783,62.61848952806004,63.13018007144077,1602951
2023-01-02,64.31986236572266,64.76119950912705,63.290078951038275,63.32206174225757,559916
2023-01-03,64.08319854736328,64.5373258174501,63.64825899743831,64.5373258174501,303162
2023-01-04,64.84435272216797,65.56072533132892,63.96168325007701,63.96168325007701,602703
2023-01-05,65.20254516601562,65.23452308152146,64.57571848745009,64.9211121821834,351326
2023-01-06,65.43280029296875,65.554324166089,64.6076940391523,65.40081750115932,289156
2023-01-09,64.90191650390625,65.49036277991213,64.76120002923336,65.2409126220425,67408
2023-01-10,64.28148651123047,65.36883308732563,63.96167812062733,65.20892889202405,417149
2023-01-11,65.18975067138672,65.33686469965848,64.53734360661295,64.60130431807869,566551
2023-01-12,64.94668579101562,65.07460718986862,64.7611963467568,64.88272509158914,304643
2023-01-13,64.6012954711914,64.92110386461314,63.968076218585225,64.79318245919997,364037
2023-01-16,64.52454376220703,64.85074971040265,64.28149112466491,64.60129953822045,228308
2023-01-17,63.859336853027344,64.60129465878174,63.641869490582,64.60129465878174,410251
2023-01-18,64.49256896972656,64.60130266442393,63.65466756733848,64.42860825989807,354890
2023-01-19,64.38383483886719,65.1769583711241,63.84015660928473,63.84015660928473,238794
2023-01-20,64.65884399414062,65.06820313449647,64.53732015049046,64.92108915969338,633870
2023-01-23,63.98726272583008,64.86993211814587,63.961677469255726,64.85714192980305,347130
2023-01-24,64.15995025634766,64.59488981188791,63.73780576767257,64.59488981188791,499649
2023-01-25,64.47338104248047,64.92111088976449,64.1215898196935,64.58851227176626,138870
2023-01-26,67.44119262695312,67.79937645040981,64.74840665729235,64.74840665729235,1870634
2023-01-27,67.49235534667969,68.39421728025339,66.59049829299438,67.79937352488668,920823
2023-01-30,65.78459167480469,69.71823625605539,65.24091833135459,67.79298818206505,689686
2023-01-31,66.2323226928711,66.39222689552902,65.08101048177838,65.24091468443632,709916
2023-02-01,65.90612030029297,66.32826488048839,65.88053504090396,66.2323262576412,133364
2023-02-02,65.56070709228516,66.26428443632237,65.40080292864545,65.88691295247878,446220
2023-02-03,65.52873229980469,65.88052345467335,65.36882811666229,65.72061927153095,125970
2023-02-06,66.67366027832031,67.47957889020266,65.4008240902675,65.72063252102676,618037
2023-02-07,66.54572296142578,66.8271558748294,66.32825074291712,66.52653524094612,192571
2023-02-08,65.93170928955078,66.5521384451374,65.88053876787797,66.5201556491195,331684
2023-02-09,67.19173431396484,67.28767291223723,65.95727392401751,66.4561741545859,505940
2023-02-10,65.65666198730469,67.22372111160593,65.24091011354456,66.5265411792097,1102803
2023-02-13,65.3624267578125,66.34743698037155,65.24089803324532,65.69502526730196,409993
2023-02-14,64.78038024902344,65.560713423727,64.76119252831569,65.560713423727,554522
2023-02-15,64.95948791503906,65.2409209000943,64.85715175313045,65.20254544936475,710986
2023-02-16,65.22172546386719,66.34105485678077,64.98506549260546,64.98506549260546,993314
2023-02-17,65.70143127441406,66.26429223995171,65.22171872700144,65.24090644811581,2901535
2023-02-20,65.32406616210938,66.16196754147116,65.24091772960628,66.16196754147116,139470
2023-02-21,65.247314453125,65.85494849207629,65.2345193837364,65.56072533469752,353216
2023-02-22,65.47119140625,65.84217040850214,65.08742221214678,65.52875458941496,399293
2023-02-23,65.24090576171875,65.52873133518275,64.92109740014169,65.25369594903096,527576
2023-02-24,65.20892333984375,65.56071449150963,64.96587074043991,65.52873170321696,274055
2023-02-27,65.20254516601562,65.29848379242257,65.06182867409952,65.20893782118313,304563
2023-02-28,65.11299896240234,65.49037057129475,65.0810161671212,65.24092038374805,347798
2023-03-01,65.24090576171875,65.24090576171875,64.7931760074662,65.11298436904326,394690
2023-03-02,65.06182098388672,65.55432376749054,64.86354133956281,65.43279989510921,258105
2023-03-03,65.49675750732422,65.87412905514852,64.69723655357242,64.9211014446452,1006487
2023-03-06,65.20254516601562,65.81657677446728,65.11299919477618,65.25371080680286,117859
2023-03-07,65.10659790039062,65.55432773073541,64.92110843356517,65.24091684949407,511632
2023-03-08,65.22172546386719,65.46477808956843,65.10659424540052,65.10659424540052,552180
2023-03-09,65.35603332519531,65.52872768367287,65.0873954876133,65.24090212624759,116228
2023-03-10,65.5671157836914,65.63747401805777,65.08100567712978,65.24090986798268,343370
2023-03-13,65.9380874633789,66.136371971341,65.56071592867252,65.56071592867252,552989
2023-03-14,65.70783233642578,65.88692424962781,65.56071833350205,65.8805267156167,169961
2023-03-15,66.23870849609375,66.360237239108,65.72701802844819,65.86133695920097,368360
2023-03-16,66.09159851074219,66.48815776398573,66.04042800068223,66.45617985511457,96461
2023-03-17,64.6716537475586,66.20033747865529,64.28148711695512,66.20033747865529,4809963
2023-03-20,64.63328552246094,65.24091958625958,64.60770026252666,65.08101537158737,2096680
2023-03-21,64.91471099853516,65.10659800034274,64.63967556521851,65.10659800034274,950646
2023-03-22,66.55836486816406,67.2910815624616,66.44614826645716,67.2910815624616,696266
2023-03-23,66.55836486816406,66.55836486816406,66.55836486816406,66.55836486816406,0
2023-03-24,64.37342071533203,65.02032566375226,64.32721357874487,65.02032566375226,193965
2023-03-27,65.22496032714844,65.35038186352116,64.5582580372314,64.68367453740365,465779
2023-03-28,65.8586654663086,65.97088712990404,65.21836792612726,65.35038689527373,243918
2023-03-29,65.50879669189453,65.9444682623069,65.32396816003465,65.87845879181405,295826
2023-03-30,65.38998413085938,65.51540566260361,65.11934376407477,65.51540566260361,265738
2023-03-31,65.99066925048828,66.03687637915064,65.22494536271302,65.36356674870007,405197
2023-04-03,65.11934661865234,66.0104871884564,65.03352976213903,66.0104871884564,143440
2023-04-04,65.1655502319336,65.25136204760287,64.69687640260095,65.0203263621854,487635
2023-04-05,65.20514678955078,65.61441355003265,65.03351814338747,65.15233720054674,206062
2023-04-06,65.88505554199219,66.01047705999008,65.32396749422222,65.35037228939018,503440
2023-04-07,65.64083099365234,65.91147137610166,65.3503832343599,65.94447863463964,213495
2023-04-10,65.00712585449219,65.68043056495867,64.86190198614447,65.68043056495867,1010331
2023-04-11,64.98072814941406,65.32398048244625,64.88831386605152,65.32398048244625,290473
2023-04-12,65.51539611816406,65.84544849155532,64.95430809063883,64.98071288485409,469839
2023-04-13,65.69364166259766,66.01049425093059,65.38339657002716,65.51541554404861,516931
2023-04-14,65.69364166259766,65.69364166259766,65.69364166259766,65.69364166259766,0
2023-04-17,66.11610412597656,66.66398732340579,65.52200875434212,65.52200875434212,527524
2023-04-18,65.99728393554688,66.83561486408682,65.96427667915859,66.46595776629916,305608
2023-04-19,66.22172546386719,66.33394209173304,65.68043963017209,65.85206831974396,68033
2023-04-20,66.63097381591797,66.83560467296246,65.91805949071849,66.5055523042071,160300
2023-04-21,66.63097381591797,66.63097381591797,66.63097381591797,66.63097381591797,0
2023-04-24,66.63097381591797,66.63097381591797,66.63097381591797,66.63097381591797,0
2023-04-25,66.63097381591797,66.63097381591797,66.63097381591797,66.63097381591797,0
2023-04-26,67.21188354492188,67.37030731745237,66.53857873451658,66.67059770559183,413647
2023-04-27,67.85218048095703,68.37366393482462,67.00064459068213,67.32409456822515,1423698
2023-04-28,67.90497589111328,68.15581387733948,67.50231159993474,67.99078769361711,637672
2023-05-01,67.90497589111328,67.90497589111328,67.90497589111328,67.90497589111328,0
2023-05-02,68.16242218017578,68.3142434619483,67.66074112850166,67.99079352425045,486320
2023-05-03,68.05020141601562,68.17562293960218,67.70694913593658,67.9973968595265,738401
2023-05-04,67.93798065185547,68.32084262112554,67.81256417214259,68.01719503604227,866028
2023-05-05,68.31423950195312,68.41985867984621,67.79935860022327,67.99078958300481,936593
2023-05-08,68.83747863769531,69.18858636754821,68.31426524888855,68.73421104039645,1067823
2023-05-09,68.5689697265625,68.91319146741111,68.29359128340222,68.84434816972278,477404
2023-05-10,68.40376281738281,68.70667971005729,68.22476599421985,68.3555719710399,777927
2023-05-11,68.74796295166016,70.22123150620567,68.40374122859052,68.83745870879186,348438
2023-05-12,68.87877655029297,69.01646315387646,68.5001305118275,68.83746636729212,324991
2023-05-15,69.8701171875,69.87700309197588,68.84433802165113,69.18855971175938,397048
2023-05-16,70.2281265258789,70.46219480678955,69.8770188521056,70.15239731678257,506638
2023-05-17,70.97853088378906,71.11622274897614,70.29008731507645,70.45531230089335,1113551
2023-05-18,70.74446105957031,71.08179693026015,70.64807938223035,71.08179693026015,155388
2023-05-19,70.90279388427734,70.90967978988236,70.42777144567121,70.82706467984316,623447
2023-05-22,70.18681335449219,70.9096811369482,70.0147024779462,70.9096811369482,518258
2023-05-23,70.24877166748047,70.46218746046107,69.70490070085903,70.46218746046107,250964
2023-05-24,70.14550018310547,70.35203531165655,69.97338932678174,70.35203531165655,286190
2023-05-25,70.13174438476562,70.32450773303553,69.80817508485231,70.22124015291742,116352
2023-05-26,69.89077758789062,70.32450032823648,69.7049001651758,69.87701102978117,205854
2023-05-29,70.2625503540039,70.34516547477635,69.70491273291108,69.73933701300153,151348
2023-05-30,70.7513427734375,71.08179799527389,69.18169228763168,70.18681926095633,611480
2023-05-31,69.58097839355469,72.01118290066036,69.32625242943857,70.90967444519687,2002288
2023-06-01,69.57408905029297,70.11795997226528,69.53278412663134,69.87700583022853,360767
2023-06-02,70.07666778564453,70.25566457472307,69.54656332440624,69.87701853098143,279536
2023-06-05,69.77374267578125,70.22123196920359,69.67047510769814,69.67047510769814,458521
2023-06-06,70.01469421386719,70.21434343738409,69.80816433783372,69.8907741872845,67129
2023-06-07,69.89077758789062,70.20746620088245,69.80128182916226,70.20746620088245,193458
2023-06-08,69.74622344970703,69.93898682841693,69.58099844687115,69.93898682841693,271645
2023-06-09,69.49837493896484,69.93897839500359,69.39511260739913,69.470841818819,351063
2023-06-12,69.4226303100586,69.656703798575,69.18856207394853,69.18856207394853,83245
2023-06-13,69.26429748535156,69.60163331277852,69.11972498788288,69.60163331277852,140563
2023-06-14,68.7755126953125,69.53279956084015,68.42440500903416,69.53279956084015,290620
2023-06-15,67.84610748291016,68.84434843424391,67.7428399097774,68.84434843424391,371533
2023-06-16,67.79791259765625,68.35555010588027,67.46745743386005,67.53630072769899,382907
2023-06-19,67.21273803710938,68.01822093619818,65.40213349541858,67.74284248152551,388555
2023-06-20,67.130126953125,67.4674627964332,66.46922182540797,66.98555444885007,269324
2023-06-21,66.62067413330078,67.46746193600565,66.47610163086961,66.9855535945684,348552
2023-06-22,66.64822387695312,67.12325164629745,66.46923232096334,66.95114074464027,167966
2023-06-23,66.6619873046875,67.46746496254009,66.4692239594654,66.95113232252065,558972
2023-06-26,68.4312744140625,68.67222855148118,66.58624590804676,66.58624590804676,696062
2023-06-27,67.77037811279297,68.67223739429366,67.7084154681029,68.47258815403646,164896
2023-06-28,67.77037811279297,67.77037811279297,67.77037811279297,67.77037811279297,0
2023-06-29,67.77037811279297,67.77037811279297,67.77037811279297,67.77037811279297,0
2023-06-30,67.77037811279297,67.77037811279297,67.77037811279297,67.77037811279297,0
2023-07-03,69.79439544677734,70.84083243777216,69.18856709837442,69.18856709837442,1022901
2023-07-04,68.76861572265625,70.1179642528438,68.53454747107577,70.1179642528438,580921
2023-07-05,68.47947692871094,69.18857290516479,68.46570511713304,68.8443511494177,886747
2023-07-06,68.50012969970703,68.84435145699199,68.15590794242208,68.80992718030062,605561
2023-07-07,68.59650421142578,69.01645513167138,68.16278673338492,68.8443442709939,375410
2023-07-10,68.4656982421875,69.00268853925338,68.32801165467725,69.00268853925338,516440
2023-07-11,68.54832458496094,69.53279907904772,68.50013374619057,68.83746961758314,1336311
2023-07-12,68.61028289794922,68.87877544732267,68.2454034247221,68.80992689422615,728448
2023-07-13,68.53455352783203,69.18857276142995,68.431285950841,68.70666440534802,699093
2023-07-14,68.65158081054688,68.84434413373629,68.43127911941518,68.50700831815483,444557
2023-07-17,68.61714935302734,68.82368446476615,68.03197353964215,68.7135310045305,422841
2023-07-18,68.40376281738281,68.84436634177752,68.22476599421985,68.77552302591741,326459
2023-07-19,68.47947692871094,68.77550784874973,68.29359423925949,68.76173603717183,229697
2023-07-20,68.8305892944336,69.01646674418156,68.39686649100915,68.74797417654143,481154
2023-07-21,68.8856430053711,69.18855977370754,68.57584558495874,69.11283058162343,527643
2023-07-24,68.74108123779297,68.88565374000827,68.70666221483141,68.87877308686015,262019
2023-07-25,69.071533203125,69.70489992208634,68.83057904399914,68.84434560206059,1248274
2023-07-26,69.1541519165039,69.87013383278747,69.11284698462073,69.19546210079449,946895
2023-07-27,69.1541519165039,69.1541519165039,69.1541519165039,69.1541519165039,0
2023-07-28,69.1541519165039,69.1541519165039,69.1541519165039,69.1541519165039,0
2023-07-31,69.26429748535156,69.87012584413564,69.11972498788288,69.25741158002253,1070662
2023-08-01,69.52590942382812,69.69802030335704,69.39510872702306,69.56721960655197,851928
2023-08-02,69.45706939697266,69.94586368758956,69.18857683244234,69.53279860772813,1449047
2023-08-03,69.73421478271484,70.99203462941637,69.5068130903287,70.99203462941637,1052068
2023-08-04,69.48548126220703,69.99713632412677,69.44995297393551,69.99713632412677,290573
2023-08-07,69.00226593017578,69.74132278773043,68.90277802835921,69.64183488591384,606980
2023-08-08,68.49059295654297,69.27229115567764,68.29872503055338,68.93829381998967,391947
2023-08-09,68.45508575439453,69.07333125653233,68.22057622242572,68.55457366098416,261639
2023-08-10,67.51704406738281,68.78196621578307,65.44910552330018,68.78196621578307,538185
2023-08-11,68.3982162475586,68.9382971874287,67.50992772486302,67.65205171982116,620035
2023-08-14,68.3982162475586,68.3982162475586,68.3982162475586,68.3982162475586,0
2023-08-15,69.3433609008789,69.92607799157187,68.64694026971746,68.71800227166865,1073640
2023-08-16,67.865234375,69.63470336576407,67.77995673602163,69.63470336576407,737529
2023-08-17,68.61851501464844,68.92408650535921,67.50993259331787,68.46928318267572,712712
2023-08-18,68.56167602539062,69.28651720445013,68.22057078592013,68.22057078592013,487560
2023-08-21,67.88658142089844,68.56168415233424,67.55258396936598,68.56168415233424,283351
2023-08-22,67.50992584228516,68.10685311048292,67.44597167284228,67.95051888906164,437287
2023-08-23,67.78707122802734,68.14949445222597,67.16171807906417,67.50992565119391,243904
2023-08-24,67.59522247314453,67.86526030054456,67.47441108301956,67.86526030054456,521439
2023-08-25,67.91499328613281,68.20635455063385,67.54546761243357,67.59521155738699,386195
2023-08-28,68.3200454711914,68.39821529383327,67.84392413086937,67.84392413086937,595903
2023-08-29,67.88658142089844,68.3200667828851,67.79420133881511,68.3200667828851,192012
2023-08-30,66.99827575683594,68.19213580324116,66.69270427407498,67.54546454818336,396486
2023-08-31,67.2683334350586,67.86526087595698,65.44911437823527,67.15462987202025,1529852
2023-09-01,67.50282287597656,67.50993070254285,66.87746968022209,67.15461527779262,74007
2023-09-04,68.22056579589844,68.2418838552403,67.08355745030349,67.61653062058394,206370
2023-09-05,67.7231216430664,68.22766889201132,67.52414045241159,68.22056106549574,485360
2023-09-06,67.64495086669922,68.00026628392666,67.50992927321423,68.00026628392666,67221
2023-09-07,67.332275390625,67.72312454045762,67.29674167820993,67.52414334128981,85963
2023-09-08,67.31806945800781,67.68759515098155,66.8703685083915,67.68759515098155,115231
2023-09-11,67.16173553466797,67.86525868781037,66.08868123524988,67.488625135337,769241
2023-09-12,67.13330841064453,67.61653768572465,66.9769687302239,67.61653768572465,368767
2023-09-13,66.8277359008789,66.99828581262521,66.79931001197386,66.97696775136741,67580
2023-09-14,66.74244689941406,67.50282167801801,66.65717466886451,67.50282167801801,94780
2023-09-15,65.53438568115234,67.43176897605032,65.24302439544756,66.97696561146842,1874930
2023-09-18,65.72624206542969,65.87547388485191,65.62675418581487,65.65518006880237,160802
2023-09-19,65.29986572265625,65.8044129550779,64.52528072999965,65.37803554671848,648119
2023-09-20,64.6460952758789,65.40647013889502,64.56081761417933,65.37804425166182,478148
2023-09-21,65.42778778076172,65.96076096418977,64.276563752751,64.66741292260502,616395
2023-09-22,65.97496795654297,66.08867149916458,65.2003829037457,65.52016462942316,407623
2023-09-25,65.62677001953125,66.08868124157803,65.42779421229488,66.05314752384977,215958
2023-09-26,65.47752380371094,65.91100904084085,65.37803592191223,65.59122733815686,390086
2023-09-27,66.28765106201172,66.7993061896572,65.3780443558347,65.43489613039168,433998
2023-09-28,66.28765106201172,66.28765106201172,66.28765106201172,66.28765106201172,0
2023-09-29,66.28765106201172,66.28765106201172,66.28765106201172,66.28765106201172,0
2023-10-02,65.76177978515625,66.44398475341285,65.37803847394633,66.08156150032295,840346
2023-10-03,65.71915435791016,66.08157224826293,65.59124056670211,66.06736201443272,582701
2023-10-04,65.92522430419922,66.21658556719571,65.74046417914536,66.07446155997222,584293
2023-10-05,66.62874603271484,66.79929590845248,65.86837128551785,66.24500474604308,587366
2023-10-06,66.74244689941406,66.97695637679136,66.15972983003238,66.65717466886451,269334
2023-10-09,68.49059295654297,68.5971886583961,66.23078684832322,66.7992936437516,648962
2023-10-10,69.65604400634766,69.9971492511837,68.22057185902167,68.22767968666183,742707
2023-10-11,71.15546417236328,71.41839953539402,69.64182243252353,69.64182243252353,1356403
2023-10-12,73.13811492919922,73.52896400738167,71.06307445627961,71.06307445627961,2101321
2023-10-13,72.96757507324219,73.19497672581429,72.09349675204385,72.83966130481518,1085609
2023-10-16,72.54830169677734,73.53608357742709,72.30668980744541,73.37263609453305,250939
2023-10-17,72.32801055908203,72.484350221146,71.95137705775521,72.30669250001574,314718
2023-10-18,72.46302795410156,72.50566406975823,72.05796859031398,72.12903059030279,133780
2023-10-19,72.49146270751953,72.55541688882911,72.04376175161751,72.4772470527727,220120
2023-10-20,74.21829986572266,74.54518945966444,72.3422345481622,72.4701483389815,1705183
2023-10-23,75.99486541748047,76.49941267425277,73.55029353977073,73.55029353977073,2428982
2023-10-24,75.29844665527344,76.03750341382286,74.26092623125692,75.6111259743437,517756
2023-10-25,72.77571868896484,76.00197845291831,72.49146522268661,74.65888638197973,1664284
2023-10-26,72.07219696044922,72.83967976552438,71.91585726811712,72.76861774765099,404980
2023-10-27,71.7381820678711,72.12903120365776,71.56052435554682,72.09349749251965,421285
2023-10-30,72.8538818359375,72.91073361253879,71.77372518893208,71.77372518893208,258814
2023-10-31,73.4579086303711,73.89139385731386,72.48434247086833,72.4914502970249,536234
2023-11-01,73.1807632446289,73.91271211191263,72.91782789296037,73.54318105434157,408883
2023-11-02,74.15433502197266,74.37463429274202,73.19498436942851,73.20209219666201,725751
2023-11-03,74.95963287353516,75.69105291181017,74.51634817266154,75.69105291181017,409646
2023-11-06,75.37337493896484,75.46203414607577,75.00397003101003,75.26994201567122,236650
2023-11-07,75.40291595458984,75.72799402536015,75.17388675200385,75.37336289027702,2184784
2023-11-08,75.3659896850586,76.09740981275786,74.98919510674682,74.98919510674682,1554408
2023-11-09,75.3659896850586,75.3659896850586,75.3659896850586,75.3659896850586,0
2023-11-10,76.85098266601562,77.68584123613773,75.76493713966883,75.80187424273954,2359039
2023-11-13,78.80882263183594,79.05263116486488,77.1021741739738,77.57501189075525,3194930
2023-11-14,78.24735260009766,79.11914279719704,77.75973540171486,79.05265261742034,1696846
2023-11-15,78.14390563964844,78.79406183429211,77.77450076057221,78.48376308866915,1503877
2023-11-16,78.48377227783203,79.2373558392445,77.57503368877084,78.3138435334258,2937260
2023-11-17,77.81884002685547,79.05265107874118,77.57503143240956,78.90489136877666,686877
2023-11-20,78.44681549072266,78.68323437323173,77.57501980459466,77.6710630380084,851699
2023-11-21,77.94442749023438,79.42204696872223,77.72278231379279,78.6832372294783,904403
2023-11-22,79.10435485839844,79.79144810925048,78.31382869981991,78.31382869981991,2850518
2023-11-23,80.17562866210938,80.45637996432673,78.94181777746523,79.13390988371854,2699952
2023-11-24,81.79362487792969,82.0004907013375,80.08697619814436,80.27167863142574,5505692
2023-11-27,82.65065002441406,83.20475734537956,81.97094076015966,82.38467805941694,1663813
2023-11-28,82.46593475341797,83.09392182547099,82.081750580787,82.746680389825,1056047
2023-11-29,82.5472183227539,82.9978870980295,81.97094196567097,82.0891542348176,953727
2023-11-30,82.97572326660156,85.25864838151298,82.37728915806699,82.7393043662336,2838100
2023-12-01,83.3968505859375,83.85491470427276,82.93140242779398,83.12349455956961,1007777
2023-12-04,84.061767578125,84.70453405255053,83.5593767517934,83.74407917858191,1059661
2023-12-05,83.80319213867188,84.37207317941433,83.2638585283537,84.22431348060806,1091872
2023-12-06,84.0322265625,84.70454619801353,82.76886245851802,82.76886245851802,791006
2023-12-07,84.66020965576172,85.33252925855253,83.85490970429188,84.66759933180099,1350589
2023-12-08,86.06393432617188,87.54894329707345,84.96310952880546,84.96310952880546,4249105
2023-12-11,89.2260513305664,89.94269769236904,85.7758111391431,86.07133616748155,3804972
2023-12-12,88.58329010009766,90.13478944684854,88.10306263554664,89.3959796972842,1339699
2023-12-13,85.80536651611328,89.02657757473017,85.55417389909798,88.58329283862177,1688346
2023-12-14,87.65977478027344,87.84447721106345,85.33252302498512,85.70192788656514,1070692
2023-12-15,89.085693359375,89.39599214459632,87.62284737141871,87.84449258181786,1164771
2023-12-18,87.34210205078125,89.50681515364887,87.07613005177095,89.50681515364887,527324
2023-12-19,84.97789764404297,87.5489581352385,84.4090165987426,87.5489581352385,1106095
2023-12-20,84.32035064697266,85.70192684163848,82.6358654005733,84.96311712748643,1436987
2023-12-21,83.60370635986328,84.70453120829092,82.96832958211218,84.6675884695054,555717
2023-12-22,83.02005004882812,84.22430786008218,82.74668842394038,83.65542685730276,397211
2023-12-25,83.02005004882812,83.02005004882812,83.02005004882812,83.02005004882812,0
2023-12-26,81.12130737304688,83.47810648480687,80.53025735795326,83.47810648480687,2907638
2023-12-27,81.71974182128906,82.08175699802962,80.16085289470719,80.53025774675653,3281503
2023-12-28,82.31817626953125,83.78102197074175,81.71974221009869,82.00787754513442,2564222
2023-12-29,83.62586975097656,84.15042394905743,82.52503926584535,82.52503926584535,2292219
2024-01-01,85.6871566772461,85.88663282819569,83.84013231534941,83.84013231534941,1015897
2024-01-02,85.9383544921875,86.44074537453199,84.9705154716434,86.44074537453199,1493329
2024-01-03,88.09567260742188,88.65716959311281,85.82752691079824,86.36686050595827,1731439
2024-01-04,88.87142181396484,90.31948818744068,88.65716631896018,89.32209619368655,1555011
2024-01-05,87.54157257080078,89.46986662059575,86.81015243915591,88.8788221562044,983207
2024-01-08,87.70410919189453,89.28516168610574,87.17955491920496,88.02918730210776,1460218
2024-01-09,87.79276275634766,89.00441027900496,87.2164920610193,88.36164377600818,656869
2024-01-10,87.39380645751953,88.21388573520986,87.17216127670065,87.69671552552283,830443
2024-01-11,87.65977478027344,88.08089609700782,86.84708521213156,87.4011925045016,524471
2024-01-12,87.18694305419922,88.28776803977448,87.10567352808246,87.91097347656691,1048863
2024-01-15,87.24604034423828,88.3247075354578,87.11306000094193,87.9109702440753,1444701
2024-01-16,87.053955078125,87.88880807488975,86.40379888406221,87.88880807488975,629325
2024-01-17,86.49983978271484,87.17954334412232,86.40379091562926,86.44073365476535,698466
2024-01-18,86.263427734375,86.86925150212508,85.62805090031138,86.86925150212508,474281
2024-01-19,86.9948501586914,87.2164953437005,86.44074283283987,86.44074283283987,409948
2024-01-22,87.86664581298828,87.99224212057463,87.00962377768354,87.24604267765189,317007
2024-01-23,88.14739990234375,88.53896821432441,87.1795608190201,88.02919325942116,2605017
2024-01-24,86.9579086303711,88.68672644224723,86.81014892941506,88.14739282408232,1769486
2024-01-25,87.21648406982422,87.84447116394614,87.03178165174891,87.17954133154097,2291175
2024-01-26,85.08134460449219,87.98486188921152,84.78581953864136,87.82971249789098,2000174
2024-01-29,84.19475555419922,85.36946594759392,83.97311601878178,85.33252320668892,1410951
2024-01-30,83.3672866821289,84.74147322187132,82.77624228399863,84.22430866892347,2273164
2024-01-31,83.83274841308594,84.40901915181735,83.11610200944816,83.11610200944816,2834118
2024-02-01,84.17998504638672,84.59371670426235,83.67020451316777,84.00266664729338,986980
2024-02-02,84.1208724975586,84.40900782827067,83.50026942140671,84.22430540413879,596889
2024-02-06,83.67019653320312,84.81535379561055,83.54460023999395,83.57415330369092,3839057
2024-02-07,83.86967468261719,84.11348323647266,83.6849722575759,84.00266065411375,670013
2024-02-08,83.86967468261719,83.86967468261719,83.86967468261719,83.86967468261719,0
2024-02-09,83.18997955322266,83.92878932836082,81.26907526519769,83.05699356823094,1663532
2024-02-12,83.07913970947266,83.63324692577417,82.39943621027695,82.93138003979361,904332
2024-02-13,83.67019653320312,83.7810191128991,82.11869732747122,82.74668443018764,311896
2024-02-14,83.3672866821289,84.22430866892347,82.74668921859148,83.81796106541383,424317
2024-02-15,82.24430084228516,83.48550144319059,81.8970593591939,83.47811176744985,828170
2024-02-16,80.7149658203125,82.66542312467057,80.17563221844881,82.26646518014218,1358006
2024-02-19,80.5745849609375,81.08436546325662,79.79144847409307,80.1608533281398,309586
2024-02-20,80.62630462646484,81.63108632042707,79.97615408664791,80.53026138978866,798244
2024-02-21,80.73713684082031,81.54982652165727,80.30862578916518,81.26908081712716,602733
2024-02-22,81.27645874023438,81.64586359961973,80.46376917692075,81.12130937569302,1458865
2024-02-23,83.65542602539062,84.57893816379537,81.26906817961763,81.26906817961763,1496539
2024-02-26,83.40422058105469,84.22429973998288,83.11608526971995,84.15041990263273,360446
2024-02-27,83.4411849975586,83.8549167035504,83.33775207106065,83.48551178415151,221420
2024-02-28,86.65499114990234,87.17954536510545,83.30818408139739,83.91400781524739,2079428
2024-02-29,88.16217041015625,89.8023289866011,86.66238749247758,87.17955207213534,3414841
2024-03-01,88.76061248779297,89.02658447741442,87.4012051067693,88.21389479209185,637892
2024-03-04,88.18433380126953,89.35903861935232,87.91836183553926,89.1004563295232,388961
2024-03-05,87.74105072021484,88.65717326569238,87.17955371126416,88.65717326569238,409390
2024-03-06,87.4750747680664,87.91835948688457,87.1795497432973,87.91835948688457,118534
2024-03-07,87.10566711425781,87.50462503945339,86.73626225426239,87.07611404905768,470451
2024-03-08,86.53678131103516,87.36425023463661,86.44073807570811,86.82491665368717,287027
2024-03-11,87.1647720336914,87.438128018821,86.81014089288746,86.81014089288746,453500
2024-03-12,86.72147369384766,87.40118284792666,86.62543046964976,87.07610480191802,124947
2024-03-13,86.6328353881836,87.54895792661611,86.40380052607205,86.72148895329792,222341
2024-03-14,87.41596984863281,87.80753811629953,86.81014607595259,87.47507598174091,267056
2024-03-15,86.98007202148438,87.5120102924548,86.36685859258279,86.8101433033936,991183
2024-03-18,88.74583435058594,89.07090682651894,86.84709340833753,87.03179585655886,855092
2024-03-19,89.97225189208984,90.6815085870327,88.73105126677204,88.73105126677204,2268635
2024-03-20,91.61241912841797,91.81928497942111,90.20867932089013,90.20867932089013,3207061
2024-03-21,92.93425750732422,94.36307704785393,92.10906255944978,92.43761439692268,1112002
2024-03-22,92.55986022949219,93.21696388387953,92.0708536721925,93.21696388387953,226320
2024-03-26,97.24362182617188,97.61037963357444,93.21695745828636,93.21695745828636,3355357
2024-03-27,98.29803466796875,99.10031404052908,97.61037329653671,97.80139163958276,4035570
2024-03-28,98.19871520996094,99.67337125435824,97.8013937832428,98.56546717217438,14651169
2024-03-29,96.46427917480469,98.25985655961281,96.27326080020111,98.22165055292483,688287
2024-04-01,96.02874755859375,96.6552875291634,95.43277122432232,96.46426917436268,578543
2024-04-02,96.93036651611328,97.34296691347471,95.432783127219,96.2656204599057,1102039
2024-04-03,96.92271423339844,97.45756913648458,96.5788835188141,97.03732641473245,1134308
2024-04-04,96.63235473632812,97.80138599560009,96.37256677348054,97.0449550330271,694820
2024-04-08,101.36198425292969,102.92068892379453,96.65528911528241,96.65528911528241,3250425
2024-04-09,108.96450805664062,108.96450805664062,100.87297354755152,100.87297354755152,3786880
2024-04-15,109.65218353271484,111.4783187271129,107.1995141323693,110.31693540417703,4881164
2024-04-16,107.14601135253906,112.31879161877552,106.89386572739589,110.17938373236518,3382388
2024-04-17,106.02283477783203,108.11640036728421,105.82417986479763,106.97029011604091,898888
2024-04-18,106.38195037841797,106.97029023920781,104.2196209695222,106.49656839897611,1564517
2024-04-19,107.88716888427734,108.30741161384067,105.90058490817846,106.38194325400954,1457153
2024-04-22,108.88809967041016,110.0265732715815,107.57389244584833,108.26920206117114,2153745
2024-04-23,108.55956268310547,109.63690910038792,107.78785265663161,109.33892090612215,903225
2024-04-24,108.64360809326172,110.71424065902823,108.07818953073439,108.87283246503421,3602518
2024-04-25,108.88809967041016,109.26249984608441,108.30740806421305,108.84225713029396,935937
2024-04-26,112.48689270019531,115.75712608867343,108.38382206075086,108.52898622083963,3468073
2024-04-29,110.57670593261719,114.91663734853424,109.10968636982122,112.853641452691,4646319
2024-04-30,111.2796630859375,112.89185862298123,110.63784414975495,110.79065651663133,2832211
2024-05-02,109.53756713867188,111.36370216580927,109.07148188109278,111.27965362234958,3072687
2024-05-03,111.60821533203125,112.12777968595331,109.64454095355572,110.02657768161689,2823345
2024-05-06,114.59574127197266,115.60432389707208,112.31880548644946,112.31880548644946,3430657
2024-05-07,114.19076538085938,115.37508146274052,113.88514068952504,114.61100807557006,1106218
2024-05-08,115.4133071899414,116.44479944362014,113.09051716699192,113.92336616206995,9933330
2024-05-09,112.96308898925781,115.53222620616911,112.28115496637739,115.53222620616911,3508992
2024-05-10,113.45472717285156,114.09701156511373,112.99481699211391,112.99481699211391,542503
2024-05-13,112.54283142089844,114.58070865591488,111.8133224786154,114.58070865591488,1356545
2024-05-14,112.93135833740234,115.69080679669207,112.59832249743589,112.59832249743589,2246006
2024-05-15,113.37541198730469,114.23179509124742,111.82124465375315,113.49436114305514,1586598
2024-05-16,113.60538482666016,114.16836975073679,112.59833994774715,113.39921110849411,997743
2024-05-17,114.55691528320312,114.81858892813985,113.39128363730154,113.4309333591519,1136130
2024-05-20,114.3983154296875,115.29433612430935,113.39919579051265,114.58068961009444,633851
2024-05-21,113.23270416259766,114.96925803699247,112.75693166845764,114.58071009679821,652521
2024-05-22,114.16043090820312,114.69962835366684,112.6776258337828,112.6776258337828,1271233
2024-05-23,115.12784576416016,116.8009625128762,114.02565117325985,114.18423797278705,1195328
2024-05-24,116.99919128417969,117.27671514011284,115.37364947309867,115.53223626211711,1991344
2024-05-27,114.32695770263672,117.35601747490205,114.1842332188236,117.35601747490205,1245160
2024-05-28,114.32695770263672,114.32695770263672,114.32695770263672,114.32695770263672,0
2024-05-29,112.28116607666016,115.06440237018194,111.80539360454178,114.4300431071563,1218053
2024-05-30,110.4494400024414,112.95515219792324,110.14019155485568,112.598328927539,1080693
2024-05-31,112.43180084228516,112.79656130274486,110.81419642923441,112.20185184069173,450893
2024-06-03,110.79833221435547,112.94722102396854,110.65560775363016,112.59832287633587,656697
2024-06-04,109.291748046875,111.01243940573643,109.06972413601518,110.79834059905173,664562
2024-06-05,109.52169799804688,110.37808113270997,108.6336023470166,109.41068604166809,471045
2024-06-06,108.35607147216797,110.2194995049966,107.68207459814214,109.42655346539232,501062
2024-06-07,110.78248596191406,111.2106714587701,106.45299567443769,107.84065111153464,1066634
2024-06-10,108.79219055175781,109.86267250894848,108.23713076259803,109.14901383768938,393719
2024-06-11,107.88823699951172,109.82302728616051,107.04771612730447,109.82302728616051,367301
2024-06-12,107.97544860839844,108.41157130097464,107.84064924876488,108.1578227891503,907812
2024-06-13,115.11198425292969,115.96836749559405,109.51378670494339,110.45739450286239,2288206
2024-06-14,114.25556945800781,116.56304488301595,114.18420723234215,115.8493984275714,798796
2024-06-20,118.5533447265625,119.02119203298882,114.69962692240614,115.09609989773337,3261132
2024-06-21,120.71015167236328,121.40002283697018,116.95952093134446,118.94188569289267,1882011
2024-06-24,120.83705139160156,124.7304195078007,120.09168014824323,121.89959622390535,1988571
2024-06-25,120.35334777832031,122.11368893744822,120.13132385729483,121.24144346242224,389437
2024-06-26,128.22731018066406,128.9330316762978,119.73485272027935,119.77450244238389,4716580
2024-06-27,130.281005859375,130.994652286176,127.75943175918401,128.49687769297898,1390547
2024-06-28,129.55154418945312,131.62905920387564,129.2502207845285,130.31276570798138,805447
2024-07-01,129.77354431152344,132.42198102823312,127.2678320660564,130.04314304569002,1378804
2024-07-02,135.44308471679688,136.7831651987046,129.5277151887918,129.5277151887918,2771716
2024-07-03,133.44488525390625,137.97261251713994,133.23079853225548,135.55412464796595,2225488
2024-07-04,132.79466247558594,134.80081481040085,132.3030398463192,133.76998263020698,1050132
2024-07-05,132.2237548828125,134.00788350941716,131.70040758181995,133.21493745314842,1247733
2024-07-08,131.97000122070312,132.42198626296351,131.47045345221065,132.1444503142707,517428
2024-07-09,134.2219696044922,134.808741886875,131.8669190727461,132.38232912068705,934423
2024-07-10,133.30215454101562,134.95940880198847,132.97704377229005,134.79289691515552,514035
2024-07-11,136.0695343017578,136.54529462765205,133.21492394881085,133.21492394881085,644230
2024-07-12,135.13385009765625,137.06864019094115,132.509200885636,136.26776912092203,1901378
2024-07-15,138.7972869873047,139.8756942214121,135.59378990623742,135.59378990623742,2015734
2024-07-16,138.7972869873047,138.7972869873047,138.7972869873047,138.7972869873047,0
2024-07-17,138.7972869873047,138.7972869873047,138.7972869873047,138.7972869873047,0
2024-07-18,139.0906524658203,140.43073306177553,137.49682335729358,138.7655417213612,706243
2024-07-19,132.50921630859375,140.3514523425131,130.91539908692766,139.36026976947278,1744824
2024-07-22,129.21849060058594,134.00787930650418,126.87136502390928,132.5092117911351,1705663
2024-07-23,129.68630981445312,131.2722016810942,128.45724119792735,128.45724119792735,523748
2024-07-24,132.47750854492188,135.05458332732408,129.64668520700332,130.08280797467387,1380009
2024-07-25,132.00172424316406,133.61140368759106,131.62903864771584,133.61140368759106,1436087
2024-07-26,130.82022094726562,132.46162489034714,129.84490080538254,131.78761598533978,690924
2024-07-29,134.99905395507812,137.02106863683946,130.83608753355588,131.2722102452135,2142547
2024-07-30,141.7946014404297,144.31616376890196,133.76998015052627,137.5761231533214,7815600
2024-07-31,143.15846252441406,148.280898901095,142.7302770170968,148.280898901095,5092509
2024-08-01,148.54257202148438,149.065919272619,142.9681627449264,143.0474500833618,5628254
2024-08-02,147.9795684814453,151.76984913308723,147.50380817376927,149.07383775807156,3997309
2024-08-05,148.90731811523438,151.2861560209637,146.78222872715926,146.98046521930337,3661164
2024-08-06,149.3355255126953,150.42185768911907,147.28972332760375,150.42185768911907,1873055
2024-08-07,147.4086456298828,149.93814511822362,146.33817586889566,149.70819611900848,2933307
2024-08-08,141.0648193359375,146.6544473074125,140.6709463687602,146.6544473074125,6905115
2024-08-09,139.13734436035156,142.12071248583416,138.274179294403,140.37761826692542,1410166
2024-08-12,139.27981567382812,139.95023853564098,138.27418777473508,139.11221315518804,683624
2024-08-13,138.014404296875,139.4893243881122,137.4529288169054,139.27981803944058,636205
2024-08-15,142.14584350585938,145.79963422797505,138.70155910316032,138.70155910316032,2105338
2024-08-16,142.74925231933594,143.63755725183947,142.12912166915615,142.4643267348072,987930
2024-08-19,143.93084716796875,144.26605217747684,138.69318897408343,143.38613583070526,4635076
2024-08-20,142.2045135498047,143.93084360177556,142.00338287673242,143.93084360177556,294428
2024-08-21,144.53424072265625,144.97839315848526,141.62629158256652,143.05932063266297,922356
2024-08-22,150.10711669921875,153.94527485061317,144.72699476629796,144.76889859685923,2382176
2024-08-23,151.59878540039062,153.19104128710944,150.00654230092425,150.00654230092425,1283839
2024-08-26,150.3501434326172,152.61280950557696,149.16852452335104,152.1854211454661,1609597
2024-08-27,147.76063537597656,150.50935749218058,147.25781505268841,150.42554984254855,1554638
2024-08-28,149.2858428955078,149.67134020241554,147.4924690672035,148.41430211377462,680635
2024-08-29,149.71322631835938,150.76075802444151,149.41992511300774,149.59590327876828,539059
2024-08-30,152.4451904296875,153.86145527944998,150.00653365715866,150.00653365715866,4745944
2024-09-02,151.85020446777344,154.40618457173034,151.22168539896043,152.34463639963224,867534
2024-09-03,151.9340057373047,152.89772982073143,150.09035243708462,152.39492225917286,420702
2024-09-04,152.47032165527344,153.19102390834865,150.84455056434203,152.35299862743565,443877
2024-09-05,153.37542724609375,154.31401169370662,151.68261219257423,152.52063767430116,788061
2024-09-06,152.277587890625,154.85869464661485,151.77476757921042,153.3753990237201,1226281
2024-09-09,154.4229278564453,154.7832726028034,152.10159416126717,152.45356325791397,808073
2024-09-10,151.23007202148438,157.4649703679647,150.42556199667072,155.03470177929853,3385059
2024-09-11,149.12660217285156,152.85581226530203,148.68244977910192,151.68258193978443,1492568
2024-09-12,150.9702606201172,151.68258727748128,149.16851124525783,149.78865460328367,298847
2024-09-13,152.92286682128906,155.8308158949815,152.3530157042756,153.35864359663915,2337619
2024-09-16,153.06533813476562,153.44245980427442,152.10161401486198,152.56253055417582,352237
2024-09-17,153.06533813476562,153.06533813476562,153.06533813476562,153.06533813476562,0
2024-09-18,155.65484619140625,157.33927268303052,152.68822904227326,153.27484427911355,1722155
2024-09-19,163.70826721191406,167.38719821107605,155.8727245971047,155.8727245971047,3220277
2024-09-20,164.9317626953125,171.59406149294125,160.3142477431903,163.71662852762262,10713110
2024-09-23,176.4713592529297,178.34854042243995,164.043443220574,164.88146847329725,5873555
2024-09-24,183.5946044921875,186.04163710340157,177.66138317982492,177.66138317982492,5960361
2024-09-25,181.30679321289062,187.6925424156622,179.33742848610953,183.9465680032759,2353746
2024-09-26,176.65574645996094,182.68952642669495,174.81209324613278,182.68952642669495,1987864
2024-09-27,181.72579956054688,183.5275489213581,173.89025753964296,175.98532088349407,2911252
2024-09-30,186.4187469482422,188.5473386168334,181.5163060496417,181.7258123988277,4588796
2024-10-01,186.30142211914062,189.39373784945724,184.03875612706224,186.09191577196202,1967188
2024-10-02,188.58087158203125,190.56698786549939,184.7846172039508,185.45504014127988,2159363
2024-10-03,204.08433532714844,207.41129736236545,187.6338917716991,187.6338917716991,4978307
2024-10-04,200.1539764404297,211.09858573424646,197.5644811142775,207.09282548585338,3016956
2024-10-07,205.21566772460938,210.17677664712005,199.0226604190235,200.1204716667531,2441217
2024-10-08,207.62916564941406,210.31923277286515,205.31622018058658,205.32459583106055,2678460
2024-10-09,207.62916564941406,207.62916564941406,207.62916564941406,207.62916564941406,0
2024-10-10,201.74623107910156,206.90845761189166,201.12608770526617,205.3162145324592,972933
2024-10-11,204.26866149902344,206.0704107317042,199.45839180021045,201.96409198467546,1530637
2024-10-14,212.09584045410156,216.16865710154218,203.6401674349016,204.31059029666451,3619974
2024-10-15,213.7886505126953,217.0485686578815,212.02041648820085,212.1880190030731,2202073
2024-10-16,213.09307861328125,217.03180787049502,212.85843254526662,217.03180787049502,1135200
2024-10-17,211.8444366455078,214.95351652653238,211.2662098569628,213.69647841819008,631253
2024-10-18,206.71571350097656,212.02041555101167,205.73522536669313,211.84442459945978,652093
2024-10-21,207.268798828125,209.48956075656005,205.400005990956,208.49230860434727,850268
2024-10-22,203.22952270507812,209.0286565834764,202.38312170632162,207.28557511100288,955940
2024-10-23,214.425537109375,216.1853954173922,198.88855311653717,203.64015520348153,4372606
2024-10-24,228.79763793945312,235.87057289111436,216.2105082548476,216.6295208677446,6772870
2024-10-25,238.3846893310547,242.0636329771309,226.2668496548454,230.44858806277307,4236762
2024-10-28,233.22244262695312,240.04398119180584,220.4425561516908,239.21434428643332,5869262
2024-10-29,240.58033752441406,245.24814546907095,232.97107760924084,234.64712852729292,3683312
2024-10-30,236.256103515625,249.73153906898224,234.6470836889766,242.18931137897943,4549801
2024-10-31,235.82870483398438,240.932275887318,233.8928684197717,236.26446878702913,2355333
2024-11-01,237.79808044433594,239.64172086145018,236.7421603241815,237.1695614346257,943166
2024-11-04,237.92379760742188,240.93230576525423,237.16119141414592,238.82885379890524,1755726
2024-11-05,238.32603454589844,239.42384567611833,236.91813256272422,238.83721771858714,1134129
2024-11-06,237.93215942382812,242.18931678441996,237.4209506813547,238.8372155140474,1581226
2024-11-07,237.18629455566406,239.67523066633296,236.32312953813252,238.16679538844357,1244433
2024-11-08,238.98806762695312,240.2953851513453,236.57455048207382,237.16956690530066,1321904
2024-11-11,236.29800415039062,239.67524521913467,233.39005522212938,238.98805830824787,2022329
2024-11-12,236.94329833984375,240.09428209321624,234.0604888579298,235.48514229736043,1015736
2024-11-13,234.2113494873047,237.90704459373262,233.39846382115834,236.9432949180032,881551
2024-11-14,233.10513305664062,235.48512196772987,232.13302058740632,234.22808395010853,765121
2024-11-15,234.11073303222656,236.31474363961087,232.13300562110746,232.13300562110746,686633
2024-11-18,238.31765747070312,239.16407127347898,232.97105154828574,235.39295712971176,1684034
2024-11-19,239.52442932128906,240.8820263963862,238.31767068242357,238.31767068242357,3203575
2024-11-20,248.2063446044922,250.36007591425488,239.7506718040609,239.8009512796231,4315488
2024-11-21,273.0286865234375,273.0286865234375,250.36010790371583,250.90481934157552,8039216
2024-11-22,270.1207275390625,287.8617372723573,268.25194718442555,276.53164258420946,5795649
2024-11-25,262.2265319824219,272.9532469135047,259.7878749901862,272.9532469135047,2548796
2024-11-26,251.29867553710938,260.6259024398187,248.69242878847402,260.6259024398187,3203674
2024-11-27,274.1767272949219,276.4309916477683,261.52254113580517,276.4309916477683,5071638
2024-11-28,272.91973876953125,281.40055158573676,269.0061489632954,276.54837743890187,3183787
2024-11-29,272.26611328125,276.5484112524559,269.1737971821937,273.19630929788065,2314462
2024-12-02,278.635009765625,280.2356410768686,273.1962340266646,273.1962340266646,3626862
2024-12-03,282.288818359375,284.92859285474657,275.4170008901363,279.1462235852418,3372629
2024-12-04,282.0374450683594,284.6772456028097,279.07085349313,283.2609805960592,1061778
2024-12-05,292.5714111328125,293.72789022762663,284.928623901264,285.3392481459862,4797836
2024-12-06,290.86181640625,296.652574428296,289.13548629542333,294.9849122276681,2473577
2024-12-09,291.94287109375,299.1750335599631,283.29444381766535,290.8031689559495,2973076
2024-12-10,292.30322265625,302.0243215253886,285.85044300891474,293.3004748373433,4695198
2024-12-11,293.660888671875,297.7504313745672,292.30326596384833,292.30326596384833,1862609
2024-12-12,322.79058837890625,323.0252344468049,293.93738259193896,293.93738259193896,7953893
2024-12-13,334.7156982421875,339.2661696206201,325.15382621171193,325.15382621171193,4595243
2024-12-16,352.0628356933594,364.54104607499954,336.0565711413947,339.31647662249503,3823082
2024-12-17,334.0620422363281,355.31435238321944,329.34395552455203,352.8086648240112,3239947
2024-12-18,314.8042297363281,345.2832087977128,311.74544220592907,335.2101529096011,3010980
2024-12-19,310.5638427734375,337.72425018073466,300.1890838000338,313.8405252920226,7411503
2024-12-20,322.79058837890625,325.9918512566337,305.88763190410805,314.25949671269314,3876964
2024-12-23,334.46429443359375,336.88620003798735,325.15384481278386,327.6679209324703,3292625
2024-12-24,322.2542419433594,339.3164240301401,313.42144850640926,337.7241811446068,7635691
2024-12-26,312.8348693847656,320.9637259372608,311.0750365167766,320.9637259372608,2532108
2024-12-27,313.6393737792969,316.56407404927955,312.407475499262,314.2511159134171,1885688
2024-12-30,311.6951599121094,316.6897839844637,306.5077807967521,314.2595155127329,3713151
2024-12-31,306.9854736328125,314.242776735893,305.87927395624,314.242776735893,3274817
2025-01-01,306.9854736328125,306.9854736328125,306.9854736328125,306.9854736328125,0
2025-01-02,317.44403076171875,325.1371238422253,314.2344045356278,318.44967153320545,3606962
2025-01-03,325.6566467285156,327.8774087270377,318.44962381156375,318.44962381156375,5494609
2025-01-06,321.4497375488281,333.115061131028,320.13405724714664,327.0812686618724,5516192
2025-01-07,319.3966064453125,322.2207477891511,310.2369954873927,322.2207477891511,4914860
2025-01-08,320.72906494140625,333.95310402250414,317.6116095973126,322.64815016553354,7099700
2025-01-09,319.9497375488281,324.3158428983026,315.60038350120817,322.6314035924305,1699265
2025-01-10,321.5754699707031,324.19846777822244,315.9523015773205,318.44962627439895,2363368
2025-01-13,323.5029296875,325.5728533560126,320.9637138619121,323.4777899496033,1975797
2025-01-14,322.2710266113281,326.40248544973286,321.7682062863317,325.48904088699965,1630106
2025-01-15,325.60638427734375,327.667919525775,322.01124828076485,322.5559596561241,2795920
2025-01-16,322.74871826171875,330.1401082413615,322.0112518363796,325.6063878726556,3177510
2025-01-17,324.33258056640625,329.33559321913737,320.963727670783,322.8073937775453,3573120
2025-01-20,327.57574462890625,332.2770546138854,325.6650222601824,326.82988978414954,3858034
2025-01-21,331.19598388671875,336.7940125341353,327.290782775518,328.50592973520725,5473618
2025-01-22,330.6680603027344,333.5257300653857,328.51435440128404,332.6960930800859,2914788
2025-01-23,329.9725036621094,333.3664963271173,329.1763692964874,331.1038430752806,2792304
2025-01-24,341.964599609375,348.53471484896244,331.019991309752,331.019991309752,8399194
2025-01-27,343.3054504394531,350.2945784330282,342.400368785895,347.6799435663098,3659868
2025-01-28,334.0955810546875,346.3139795335427,326.9220604546199,344.0094097967799,5986835
2025-01-29,326.1510925292969,337.72422072711174,321.80173885660275,335.21014464229455,9273783
2025-01-30,328.8579406738281,331.02003496588605,322.64816935400836,326.8299079410014,2914119
2025-01-31,328.0953063964844,331.8245037846531,326.87177099632686,328.8327727816468,1477425
2025-02-03,322.0782470703125,328.50591226980106,320.96368469217805,328.50591226980106,1946531
2025-02-04,319.2625427246094,325.15386035706774,318.8686697573822,325.1454719190929,1348815
2025-02-06,315.44952392578125,319.11169073439976,312.25662370820817,319.11169073439976,2573724
2025-02-07,320.8045349121094,321.8017872884692,315.09758338662607,316.27081395454695,1067512
2025-02-10,321.33245849609375,323.46941301683364,318.46640040140795,321.8017506698602,927817
2025-02-11,326.05889892578125,327.5673599328707,321.5922349671627,321.8017413091609,1300398
2025-02-12,325.89129638671875,330.1819820102615,324.3158046649015,327.6679060051072,1429695
2025-02-13,325.1873474121094,328.8411254762497,324.9443129121267,325.89128560131525,900614
2025-02-14,327.3662414550781,328.6735589808967,325.1622306491967,325.57285489495246,951558
2025-02-17,327.2656555175781,329.34396762442157,325.57285349131746,327.6679168985975,1050356
2025-02-18,328.6148986816406,329.1344703290043,325.9918751317191,327.7098169430996,1357158
2025-02-19,332.4949645996094,333.5257194699322,329.3439809239759,329.3439809239759,3874273
2025-02-20,333.1150817871094,334.37211983158903,332.3189474624705,333.53409446860263,4448109
2025-02-21,332.3943786621094,334.2799356517455,331.8580301759623,334.2799356517455,2255486
2025-02-24,339.47564697265625,341.8304958897337,331.8580004850087,331.8580004850087,2649788
2025-02-25,337.6488342285156,345.1826747754683,336.0063115214846,339.4841119942138,2365345
2025-02-26,336.8526916503906,338.53713093337336,335.62918169446357,337.72424525060876,417315
2025-02-27,336.58453369140625,338.47009084005975,335.4196661104754,337.3052232591289,465521
2025-02-28,333.07318115234375,337.7242115531124,331.85803418122214,333.9530975283258,873235
2025-03-03,332.05078125,334.791114835449,331.8580262198693,334.791114835449,758785
2025-03-04,332.05078125,332.05078125,332.05078125,332.05078125,0
2025-03-05,332.67095947265625,337.07059302647843,331.8664622122478,334.37215009048725,1159512
2025-03-06,333.6262512207031,335.20174293004936,330.600992060876,333.5340807103388,2749521
2025-03-07,331.874755859375,334.2882727117383,329.34392876878655,333.6597537637062,1509104
2025-03-10,330.3830871582031,335.20173264880975,329.34394396667835,332.69604517753515,1613423
2025-03-11,329.18475341796875,331.69044116558786,328.50595489386785,329.3439802890053,480872
2025-03-12,325.40521240234375,330.18196682221225,324.3157897466907,328.6735315183077,1033336
2025-03-13,329.6959533691406,331.39714385268326,326.87178638065416,328.3802473961655,673213
2025-03-14,333.1067199707031,334.37214655378386,331.02004483394643,331.8580702639058,960831
2025-03-17,330.65966796875,336.8778017342747,326.8298859873759,334.7073191501196,1859547
2025-03-18,335.3861083984375,337.707454918038,330.18197828730814,331.8077494649369,2116605
2025-03-19,334.6821594238281,337.09567637581654,333.9530815059363,336.89455848798497,2459057
2025-03-20,338.22918701171875,344.08481632788573,336.1239851017907,336.1239851017907,1798871
2025-03-21,334.5318298339844,339.56484640470165,333.470374872366,338.22918719355073,846847
2025-03-24,329.7464904785156,335.9913183021472,329.04769882861916,335.239456602276,905239
2025-03-25,330.57794189453125,331.70129389203424,325.6068224951761,329.5430219802631,1273893
2025-03-26,330.8963623046875,334.3549043695798,329.8702963959231,331.70129401744026,725327
2025-03-27,327.06634521484375,331.7013095421241,325.51840577031385,330.81677271667843,1526604
2025-03-28,327.06634521484375,327.06634521484375,327.06634521484375,327.06634521484375,0
2025-03-31,327.06634521484375,327.06634521484375,327.06634521484375,327.06634521484375,0
2025-04-03,325.38568115234375,329.04767631356003,322.8647729692709,328.1631395492763,1415857
2025-04-04,327.6147155761719,330.9582633072365,325.06724549651915,325.06724549651915,1747673
2025-04-07,322.7497863769531,326.83634200395636,304.28065399015156,326.3940736115288,2699575
2025-04-08,320.90106201171875,326.6151612694013,320.202270492954,323.7404171282353,1957241
2025-04-09,319.40625,322.7674791068474,314.0990290982905,320.2023277364721,1810470
2025-04-10,320.6622314453125,329.93218568312045,320.2022820838863,327.27857561060205,951478
2025-04-11,314.7359313964844,321.08689996406366,314.01060464805124,321.08689996406366,1293884
2025-04-14,311.1888732910156,317.1948854094708,307.7303313433187,314.99237053596306,2034307
2025-04-15,312.011474609375,316.52261728933433,310.4723893514984,311.79919443419715,1260194
2025-04-16,312.5953369140625,315.7796751717218,311.3569906455072,312.68379600337164,851256
2025-04-17,311.4100341796875,314.89511144905885,309.6321065135072,311.3569641294065,868913
2025-04-18,304.8290710449219,311.41002706871444,300.7425153030664,311.41002706871444,2144220
2025-04-21,303.7322082519531,306.9253726965791,300.1232834957581,305.2270773945367,1781417
2025-04-22,318.601318359375,322.8470842845343,302.962713909202,302.962713909202,3244836
2025-04-23,317.17718505859375,326.3763891182665,314.01055527985693,315.79730984842683,1729427
2025-04-24,313.5152282714844,318.38903471982286,309.58788268589814,309.58788268589814,1424330
2025-04-25,317.4514465332031,319.7600747799255,309.58790089342716,313.1260483322092,1460600
2025-04-28,316.96490478515625,322.3163684714558,313.5682868076666,318.3447799949514,1293660
2025-04-29,315.4612121582031,318.34478372325367,310.47241173057864,316.6730232353892,1015748
2025-04-30,310.1893615722656,314.1874852233884,307.81880940367495,312.2326394406901,2490268
2025-05-02,311.2331237792969,318.3448076274846,310.04784763691936,313.117191593034,1181451
2025-05-05,315.25775146484375,315.770770910913,309.5878675653059,312.6748922352599,520825
2025-05-06,315.45233154296875,320.15807332373095,314.4528007405752,314.89506909604717,822914
2025-05-07,314.9747314453125,325.05844638521825,291.9060217057049,291.9060217057049,4727615
2025-05-08,298.92327880859375,319.4049037042796,283.4763567977943,315.7958087471691,5731517
2025-05-09,304.6617431640625,306.321923480468,293.23895473093404,297.660090387528,3507282
2025-05-12,335.1315002441406,335.1315002441406,330.23216085951066,335.1315002441406,3064636
2025-05-13,332.74951171875,342.8639917659887,330.277263159444,342.8639917659887,1503139
2025-05-14,335.9706115722656,341.6008180142332,329.3389221056405,333.7510260471324,10549653
2025-05-15,337.0533447265625,338.3345854335508,334.29238954206807,337.441315790186,874562
2025-05-16,332.36151123046875,336.45784134501514,332.0367059306967,336.45784134501514,825762
2025-05-19,330.3584899902344,334.02171883483066,329.3389163521933,334.02171883483066,723490
2025-05-20,326.9839782714844,332.0367164196952,326.62307430415666,331.22467560940595,664767
2025-05-21,327.0832214355469,331.1344212107559,326.1809478082696,328.60806606846194,570082
2025-05-22,326.5779724121094,329.7720014425382,325.8200382831452,326.71330795827873,551933
2025-05-23,324.8546142578125,326.6230629106754,324.3854143349665,326.57796024203566,306606
2025-05-26,322.5086975097656,326.153890786544,321.5793567463402,324.81851586420566,405528
2025-05-27,322.1207275390625,323.9162433076913,321.01092102675443,322.56283282033326,415111
2025-05-28,322.1207275390625,322.1207275390625,322.1207275390625,322.1207275390625,0
2025-05-29,324.2410583496094,324.8185267251315,320.3071582983936,320.3071582983936,375871
2025-05-30,331.4863586425781,334.2924167239545,320.3071739190387,323.0139951070869,1950609
2025-06-02,329.6817932128906,337.34208794623675,328.0215854104019,334.7435353417244,2067310
2025-06-03,335.5916748046875,338.3526300631865,329.39305902756314,329.39305902756314,4787806
2025-06-04,338.16314697265625,339.2548903727747,334.8337550212346,336.54806943894937,1677490
2025-06-05,336.4848937988281,338.3526067967958,333.93147157502545,338.16313704684717,299701
2025-06-06,336.4848937988281,336.4848937988281,336.4848937988281,336.4848937988281,0
2025-06-09,336.4848937988281,336.4848937988281,336.4848937988281,336.4848937988281,0
2025-06-10,341.98876953125,347.1948784127359,334.77058056187747,336.49392648253985,1435155
2025-06-11,348.4310302734375,350.08217895041884,344.67756855572367,346.48211586990107,1163351
2025-06-12,345.8504943847656,353.3754529691962,345.1286865126458,348.7197178489691,1299086
2025-06-13,341.5917663574219,345.5707963242839,337.4593652949353,337.4593652949353,896241
2025-06-16,341.5917663574219,341.5917663574219,341.5917663574219,341.5917663574219,0
2025-06-17,340.716552734375,342.8639683099491,338.3977029718295,341.5917592285744,365382
2025-06-18,337.9465637207031,341.0594186350254,337.45032425793516,340.1571450407528,855820
2025-06-19,338.7586364746094,341.87146389499327,337.4412971841601,338.35260233772203,779533
2025-06-20,337.49542236328125,339.71503520054756,336.5480461161781,339.25486686242084,517905
2025-06-23,335.474365234375,338.2443519617891,333.5795850531234,333.84125212275325,2266260
2025-06-24,340.89703369140625,344.668530902783,339.2548890561424,344.668530902783,1675741
2025-06-25,341.1767272949219,344.21738497940856,340.15715370180084,342.85494300610105,598595
2025-06-26,341.149658203125,342.8639725588783,339.2639096582758,342.8639725588783,646232
2025-06-27,348.764892578125,354.5935731185097,341.0594672742918,341.0594672742918,2555814
2025-06-30,354.0611572265625,357.0747474956431,345.796328433873,349.17985415240406,1691136
2025-07-01,371.91717529296875,383.4482303766265,357.44469956993026,357.44469956993026,5743151
2025-07-02,373.36083984375,378.4135779868569,368.4073661243023,368.4073661243023,2404409
2025-07-03,373.30670166015625,375.79698581560285,368.12765957446805,373.90220559016336,1245585
2025-07-04,365.2945251464844,376.24814132670895,363.61630924379784,376.24814132670895,1818337
2025-07-07,368.4524841308594,371.4390354849507,366.422368255082,366.422368255082,1426719
2025-07-08,366.5216064453125,369.93219977106185,364.06742099420353,369.92316822321584,1089933
2025-07-09,362.7230529785156,367.2163583080309,361.5410766537854,367.2163583080309,1257874
2025-07-10,365.1952819824219,366.3140925649988,362.2628924421059,362.6237964169493,729807
2025-07-11,366.0975646972656,371.73677549050757,365.51109228181025,366.2960660185961,1215743
2025-07-14,372.2149658203125,374.35335006909094,366.3231197009154,368.48857105910093,1645667
2025-07-15,374.9307861328125,382.5640132149321,369.4810457818743,372.2149337371671,4398897
2025-07-16,395.3222351074219,399.88773809191065,376.6992916403264,377.52939560805606,5384435
2025-07-17,406.87127685546875,415.0458738196213,396.98236548475467,396.98236548475467,5014390
2025-07-18,423.6716613769531,442.114139096361,419.557295264914,424.06866403120335,6741644
2025-07-21,417.41888427734375,426.7303554260873,416.8504474433786,423.6175001616152,1430727
2025-07-22,423.52728271484375,434.87790164080565,415.5060835855756,415.5060835855756,2299489
2025-07-23,422.841552734375,429.48227383560567,422.2731159074888,426.78448433013165,1113464
2025-07-24,417.9512023925781,424.9528547469112,416.8504274351722,423.1663430023718,579790
2025-07-25,417.68951416015625,421.1362059463561,416.8504063143364,417.7526799210774,404751
2025-07-28,418.60986328125,421.12718689339573,415.40677536116425,417.6895265525374,891725
2025-07-29,421.749755859375,429.93338428410317,419.65647443132616,422.2640584364329,4320236
2025-07-30,418.78131103515625,424.5197583132026,417.30156901138406,421.361800493657,1217782
2025-07-31,412.8804016113281,423.5182149813025,410.5344847627855,419.55722069163795,2066423
2025-08-01,413.6654052734375,416.3992933570168,410.3540488315754,415.0458828693992,2146032
2025-08-04,415.80377197265625,416.8504126766752,410.9946656908163,413.6653878976751,2673024
2025-08-05,424.4476013183594,429.2567079700362,416.3993078889579,416.3993078889579,4778350
2025-08-06,420.0354309082031,426.77541584977587,406.00508734202305,424.9618370895503,6692036
2025-08-07,416.19195556640625,426.84264637820996,413.52464760611747,426.0276324721479,2787767
2025-08-08,419.75762939453125,439.9198401017114,407.5046939889537,416.19195766937503,10147069
2025-08-11,418.8499755859375,430.65834969035035,417.7849122018215,425.10146775886193,2716599
2025-08-12,414.21923828125,421.4894977529133,413.2467952542894,418.51657385037157,1834615
2025-08-13,409.8015441894531,419.54460067927954,408.4771324684375,414.2655513519817,1415239
2025-08-15,409.66259765625,412.8763289362824,408.5697509593261,410.2831285937911,2249571
2025-08-18,411.5056457519531,413.8487965537727,407.5602504498821,410.28312491697847,1140487
2025-08-19,408.93096923828125,413.0523065806379,407.04162137538106,411.50565686182296,1540546
2025-08-20,404.411376953125,410.2831458977983,403.70749614600606,408.9309791095966,1817922
2025-08-21,401.8922424316406,409.8200587073414,401.48473547939545,404.7262500680411,7185967
2025-08-22,404.83740234375,409.35700456339447,402.68873436002303,404.70775645122734,5105826
2025-08-25,404.402099609375,407.310214883352,401.9478156046342,404.8281193341802,692494
2025-08-26,409.19952392578125,412.0150187702193,402.8739522381895,404.4854390027378,2316037
2025-08-27,407.93072509765625,418.8037107738007,407.0416318361687,411.68163763938855,2492253
2025-08-28,404.2076416015625,409.35701720393143,401.9478404219598,407.50472300843853,1235448
2025-08-29,404.0871887207031,407.5046733560859,403.38330796777484,404.95776914761035,725022
2025-09-01,401.5310363769531,408.3197099823396,393.61249052022845,401.9478138488921,2576761
2025-09-02,406.8193664550781,407.64362264098605,398.71557968336344,401.48475034723594,1246210
2025-09-03,412.7374267578125,415.35843873434146,407.96777510794146,407.96777510794146,4199286
2025-09-04,417.40521240234375,421.1190710832312,413.52465403728684,413.9877275580453,3414581
2025-09-05,414.0617980957031,419.54460090115185,411.39451841431725,417.69230685743815,1351142
2025-09-08,416.7939453125,418.72031869205944,412.1354268985568,413.0615739252951,2271795
2025-09-09,423.33251953125,425.9349902829328,415.8862899011039,418.60916428234174,3184024
2025-09-10,422.2026672363281,427.31501723578634,421.39692379435246,424.1753650501394,1778983
2025-09-11,419.4983215332031,424.6013726071524,418.2480173512363,420.4707646393078,747686
2025-09-12,413.97845458984375,421.26722724118343,412.1354310325523,418.61846028474974,604518
2025-09-15,422.5175476074219,425.1015058509585,413.99701150723064,414.92315857880135,863105
2025-09-16,419.1648864746094,426.0276394495683,418.5721670647067,423.3881147263126,1595164
2025-09-17,419.04449462890625,420.9338425621816,415.3676896370314,420.4522562615985,865622
2025-09-18,419.6835021972656,421.85995327305153,418.1553653189523,420.4707327902643,977164
2025-09-19,418.2942810058594,421.3968790649141,417.6922911170907,419.81317563107325,514239
2025-09-22,415.5899658203125,420.46147996554754,414.4507948015453,419.53533293805805,1335828
2025-09-23,415.5899658203125,415.5899658203125,415.5899658203125,415.5899658203125,0
2025-09-24,411.12591552734375,418.61844131768345,410.29238888543733,414.91385334142075,1320212
2025-09-25,409.523681640625,413.9877170507395,409.07914916078886,413.9877170507395,1914578
2025-09-26,420.04473876953125,421.76735870689635,410.5239482759773,410.74621452240774,6755801
2025-09-29,433.0848693847656,435.1872412304047,418.61845730710724,423.24919245430976,4126708
2025-09-30,428.6578674316406,439.2622617224684,427.8799073553733,434.36293625469716,3227258
2025-10-01,430.28790283203125,432.96445297096574,424.63840046642105,430.65835598012166,2236492
2025-10-02,429.2413635253906,432.88111455642627,425.2033477924779,432.5013908838893,2343001
2025-10-03,446.11578369140625,448.2551811585618,432.5106809939016,432.5106809939016,5450020
2025-10-06,450.6816711425781,458.35016755529415,444.5505822183524,449.1813174497936,4486357
2025-10-07,450.6816711425781,450.6816711425781,450.6816711425781,450.6816711425781,0
2025-10-08,440.2718200683594,446.40290944769976,438.16020577662636,446.40290944769976,2927164
2025-10-09,440.0680236816406,442.55936143937464,435.3817219974026,440.2717771576407,1630983
2025-10-10,445.5137634277344,452.88588567746467,433.8906015507601,438.53060709259614,3039458
2025-10-13,439.0307312011719,442.69826540236704,432.5106484161201,440.0124447587455,3481489
2025-10-14,441.9944152832031,449.1720550211525,440.84600196953613,442.6982960954586,2705867
2025-10-15,446.8103942871094,452.87664628433583,441.7721519699981,445.4767402464761,3445854
2025-10-16,442.84649658203125,450.8854465514722,441.957403288209,447.3290451124168,1247476
2025-10-17,441.98516845703125,445.9305356850478,440.3921943946759,443.62443856654926,971397
2025-10-20,445.1247863769531,445.7731006112372,440.38291804866304,444.55057973366615,1280352
2025-10-21,451.0151062011719,456.11815729086817,446.3936131447528,446.3936131447528,3777246
2025-10-22,441.5220947265625,452.5617517699869,440.3829236764818,452.5617517699869,2933956
2025-10-23,442.6982727050781,447.2363874210594,433.9091465863629,442.6890021905334,4572921
2025-10-24,442.03143310546875,445.4581882650497,437.1598909063515,443.61513654039067,1077724
2025-10-27,441.2442626953125,444.54134415971936,437.2340581281535,441.7629028179989,928332
2025-10-28,440.5032958984375,445.93977418930126,439.9198187744924,440.8459657613861,1091260
2025-10-29,438.91961669921875,445.01365177339954,438.0953322687651,439.94762634482504,896031
2025-10-30,441.5035095214844,448.48666551585313,440.16061338733493,440.84595309353864,1488695
2025-10-31,452.7562255859375,454.7381938057917,441.78140584135105,444.64319678546286,3301015
2025-11-03,467.70770263671875,475.0653774324593,454.77747472542563,457.13872848827833,5474556
2025-11-04,475.97210693359375,486.89054239705115,469.41726395991157,471.58960596578,4594263
2025-11-05,466.87652587890625,478.3805470271437,463.8446841883683,476.97324904075,1735687
2025-11-06,465.8753662109375,471.49516168161205,458.30047453581926,466.67819825301933,1727305
2025-11-07,462.2768249511719,467.5282510816519,461.0111963768086,462.8151977337895,438145
2025-11-10,472.8268737792969,474.98036483243584,463.277977617394,463.7502283591039,1770586
2025-11-11,467.39599609375,472.2507476147003,460.91672967194745,472.2507476147003,3047641
2025-11-12,484.22698974609375,495.749918805688,466.5837098227578,467.52821125964596,6959776
2025-11-13,502.7864990234375,505.29884764534415,486.42772614564484,491.1407794012517,4281336
2025-11-14,502.2575988769531,506.25282191604725,495.4854813758775,502.4748157823454,2205142
2025-11-17,506.7250671386719,526.0873483620508,502.94706104630524,518.7580073192119,5321290
2025-11-18,506.66839599609375,513.8088251574434,502.5692340480052,506.23390454514316,2038737
2025-11-19,535.211181640625,538.8380926776658,507.1972931952788,507.1972931952788,8869346
2025-11-20,534.3516845703125,553.4778385474204,533.1710577816021,538.3658156519277,4861261
2025-11-21,526.436767578125,533.6905317826584,525.1522594440271,529.8653124469582,1138827
2025-11-24,534.1722412109375,538.3563757437639,520.4203023159063,525.8983992317781,3571848
2025-11-25,539.4331665039062,543.8911860798779,534.9184214939258,537.1191262127062,2112989
2025-11-26,556.7174682617188,559.1448438427577,540.538154232621,542.1438181853765,3794944
2025-11-27,560.1932983398438,565.7564262835124,551.5889030877651,557.255912366064,2747356
2025-11-28,553.6478881835938,564.6608080723541,551.6077902871368,561.1283240009989,2209831
2025-12-01,553.1661987304688,557.24645228581,549.6998942329607,557.24645228581,1202893
2025-12-02,547.8864135742188,559.1448546411517,545.9218344300434,553.9500967010734,2118929
2025-12-03,534.8523559570312,549.6998923898127,533.6528205624246,549.6998923898127,3757579
2025-12-04,530.2620239257812,540.065954254354,527.9763464029514,536.4768600301903,1560313
2025-12-05,535.9573974609375,537.4213632830276,525.1428435595138,535.5418144874606,3436193
2025-12-08,547.7730712890625,557.2558449137109,534.5027800504257,538.3563620346008,21031396
2025-12-09,554.0823364257812,561.1282802459828,550.6443373621835,557.1330576177326,2160163
2025-12-10,547.9619750976562,558.200396913693,545.921877184627,553.4778893255907,1575523
2025-12-11,540.4059448242188,548.6231192813619,539.0270095493514,546.1579842385577,1644729
2025-12-12,552.4767456054688,554.42241651595,538.3658899728987,542.2761402723844,2156839
2025-12-15,551.3905029296875,556.3019221968767,550.1721167633666,554.4223734593926,1107217
2025-12-16,545.5440063476562,552.9961365128,544.2878609442488,552.9961365128,1714865
2025-12-17,543.296142578125,550.6443921546656,539.206492458417,546.8758402724865,3069421
2025-12-18,556.3019409179688,561.0339027557685,539.6881914676144,545.4496276792195,3917911
2025-12-19,552.5333862304688,561.0338998647836,550.6538374394179,559.1448968349359,1543331
2025-12-22,550.6632690429688,556.1980338574424,547.8108561378531,553.4778649944516,1078977
2025-12-23,547.9808959960938,552.5617630490636,547.2914283198983,552.5334003319493,714823
2025-12-24,550.6538696289062,556.3114248103755,548.7554122492838,554.573516556292,939677
2025-12-26,552.76953125,557.1614865095684,551.5889043143956,552.5334058628791,1203244
2025-12-29,568.0892944335938,580.7740004180552,559.3338046535829,559.3338046535829,5105482
2025-12-30,563.3007202148438,571.3289830012684,560.2971547011554,569.0527020931746,2085783
2025-12-31,557.9264526367188,566.7008500450446,555.3668330441436,564.2734744862832,1663489
2026-01-01,557.9264526367188,557.9264526367188,557.9264526367188,557.9264526367188,0
2026-01-02,562.8378295898438,570.0066209079655,558.2003528692752,560.0799015173878,1938546
2026-01-05,568.6182861328125,574.7291833862887,562.8378837092879,562.8378837092879,2807134
2026-01-06,568.1365356445312,577.0809367837008,566.7008749806196,571.2344704509057,4332251
2026-01-07,561.572265625,572.8307074007513,560.561642098931,571.0550399630707,7004933
2026-01-08,563.7824096679688,571.8957035608087,561.978437025072,562.9229385999041,7096938
2026-01-09,566.1719970703125,572.367924775168,563.6312856593755,565.7469598540387,3556030
2026-01-12,562.2806396484375,566.1342219081121,561.5061415010454,564.8024425109363,1344535
2026-01-13,558.8048706054688,565.7469334385477,553.4684141734372,562.2806291412415,2397561
2026-01-14,553.4779052734375,561.0339176321193,551.5416886360852,558.2004129976135,2395990
2026-01-15,554.1673583984375,557.1614697233391,548.783745852519,556.0280563697465,1396240
2026-01-16,560.2026977539062,561.5061143721782,554.205136580453,555.6029802850022,1842666
2026-01-19,565.8792114257812,570.4789293068786,561.9784154595908,562.4506662288845,2043751
2026-01-20,566.5686645507812,568.5899116269197,561.9784010266068,566.7009085982589,1467232
2026-01-21,565.9453125,571.4234096914496,563.0362317274604,568.589905180583,2798823
2026-01-22,565.2274780273438,569.5344025466603,563.0928954210173,566.7008980563785,1445914
2026-01-23,614.7005004882812,621.746502744879,562.9229190375911,566.7009252056286,13093752
2026-01-26,616.0510864257812,646.9835096997473,612.981456635235,628.1406937636044,12628028
2026-01-27,635.8005981445312,646.8796398314655,607.3144585487076,615.7110906368973,9142429
2026-01-28,626.1194458007812,641.3164998590845,620.9246877017754,638.4829954414449,6148225
2026-01-29,563.9618530273438,639.4275500092713,563.5085107301722,628.0935313975855,21286706
2026-01-30,555.9052734375,566.700919027233,543.1072892123614,563.9618415261486,8150395
2026-02-02,548.3587036132812,559.1448947317572,540.254864504333,557.2558917090148,3809888
2026-02-03,557.3031005859375,561.0338930541567,548.358699019131,549.6054479214315,4113507
2026-02-04,557.2936401367188,561.0338868019383,554.4223763514104,559.1448838160732,1502927
2026-02-06,544.7601318359375,557.6714508021762,542.7105221376057,557.6714508021762,2569225
2026-02-09,543.6456298828125,551.5888619301674,533.6433338879187,547.810856026536,1775118
2026-02-10,546.5546875,549.2181887483019,542.6161322376742,544.9773860768286,1152696
2026-02-11,545.6196899414062,552.5334487304364,544.1368154775043,547.8109406216292,1032204
2026-02-12,548.3209228515625,552.4200850465201,537.6103072883978,545.9124553681484,1960264
2026-02-13,547.4141845703125,549.605434924252,542.1438501642667,547.8108590510012,1556166
2026-02-16,537.7802734375,548.7553763527309,533.6433522190928,547.4330511819187,2540401
2026-02-17,534.1250610351562,541.1993681597045,526.0684354403002,538.3658636143657,1854274
2026-02-18,539.9998168945312,543.0883552053416,527.8629958416694,534.1250453143824,2034292
2026-02-19,522.40380859375,542.6161657649147,492.08533048480524,542.6161657649147,1431956
2026-02-20,524.8972778320312,528.9208636254009,518.5313466613305,524.2267186316691,1033649
2026-02-23,511.05084228515625,530.3375450575321,500.6801775374956,524.6705365618149,1120583
2026-02-24,504.4015808105469,515.688385723911,492.6047658196578,511.25867120293276,2140937
2026-02-25,502.2764892578125,509.0863666032469,500.5858521330628,504.3638585642558,1611639
2026-02-26,525.029541015625,540.2549018186913,495.8633277182044,502.47483875444715,2252885
2026-02-27,521.9314575195312,529.8652924441212,510.03076278043756,522.3092811436703,1444677
2026-03-02,469.8894958496094,500.58579457345326,469.73837215087036,469.73837215087036,5316323
2026-03-03,497.3083801269531,516.8689684187057,469.88947514266226,469.88947514266226,4224327
2026-03-04,495.8633117675781,502.4748225911458,487.4100113993138,495.8633117675781,2820087
2026-03-05,510.37078857421875,514.7532891281379,495.8632601693072,495.8632601693072,2591944
2026-03-06,501.1874694824219,512.4243618735522,495.1516305744438,510.5051695069847,1263260
2026-03-09,452.3536682128906,477.8789344224885,451.0678127468641,477.8789344224885,6139627
2026-03-10,489.33648681640625,497.0708298179131,477.8789058867195,479.7980982798389,2261379
2026-03-11,487.0526428222656,497.0516187836613,485.65164057600083,485.65164057600083,1068523
2026-03-12,484.3945617675781,493.4915440563343,479.7980878859563,479.7980878859563,2305733
2026-03-13,480.77685546875,484.5960587115286,475.95969330874885,483.62685722304934,1025062
2026-03-16,461.5082092285156,480.949638052114,453.88901288510084,480.77688847594,1184612
2026-03-17,461.91119384765625,475.0000995358964,453.8889840009677,467.3233302504678,1886653
2026-03-18,473.666259765625,475.9501033760066,459.64657353140836,463.868790896916,1422072
2026-03-19,474.00213623046875,478.83850933403835,457.7273926900527,468.2829510120455,2193855
2026-03-20,474.00213623046875,474.00213623046875,474.00213623046875,474.00213623046875,0
2026-03-23,474.00213623046875,474.00213623046875,474.00213623046875,474.00213623046875,0
2026-03-24,481.95721435546875,503.78802894299866,478.3587284344473,503.78802894299866,2374727
2026-03-25,492.4551696777344,494.09610024280954,483.6364783741402,485.6516362242761,2432358
2026-03-26,478.4834289550781,491.2940433072622,475.959686416174,489.374851023326,1894019
2026-03-27,478.3011474609375,485.98752263810263,475.9597303158132,479.7981152377149,2385620
2026-03-30,464.1950378417969,479.5485764274124,461.57535906273876,477.878888477283,1990759
2026-03-31,466.10467529296875,474.42435799268094,462.53497623825234,465.5097010467225,2309803
2026-04-01,479.577392578125,487.9067100283472,471.40164332188215,471.40164332188215,3192388
2026-04-02,471.3152770996094,474.04052681655423,463.49457386025483,470.9410205218533,1022403
2026-04-03,466.459716796875,470.1061706283574,457.7273855551597,463.8304033059769,994140
2026-04-06,469.4536437988281,470.96979287624225,460.59656052540697,466.36374293148026,2008067
2026-04-07,472.370849609375,474.76023485131407,464.4445753775361,469.24255652813054,1825835
2026-04-08,519.6117553710938,519.6117553710938,504.31578905856117,514.3435814175567,4974951
2026-04-09,514.5546264648438,521.5309093127005,498.98039947982727,521.0607165638373,3089771
2026-04-10,515.811767578125,523.4597210911636,513.383961106824,515.3031534847935,2231555
2026-04-13,493.3092346191406,503.78800880289157,491.3132581087247,496.1112391449427,2091089
2026-04-14,505.4096984863281,508.58595939943604,500.90919020095396,503.78797865038473,1048345
2026-04-15,514.9864501953125,527.2501171239164,513.3839410217518,514.3435371731942,3062153
2026-04-16,518.047607421875,522.9607354410657,515.3031762566836,518.6521577331795,1169325
2026-04-17,517.5869750976562,520.5809103944891,516.1763383038807,519.1415161722002,3383605
2026-04-20,508.1925964355469,516.5026740695853,506.66681264977433,514.4011559698077,2338629
2026-04-21,509.49761962890625,514.7178253562793,508.58599151519957,512.4243763568237,1045051
2026-04-22,510.84100341796875,515.3031490863013,504.7475910975689,509.5455720015382,1110391
2026-04-23,502.5981140136719,510.4476038846779,500.4294172352296,510.4476038846779,996250
2026-04-24,503.548095703125,511.464764192026,495.25717064725495,500.9092062068247,959101
2026-04-27,503.6824951171875,510.4956051375626,499.01887134879183,503.05873412035965,777862
2026-04-28,496.13043212890625,502.828394674635,494.6718272037678,498.9900099824622,910076
2026-04-29,496.13043212890625,496.13043212890625,496.13043212890625,496.13043212890625,0
2026-04-30,483.89556884765625,491.3132580715265,479.99003454073016,490.35366186435556,1488508
2026-05-04,488.5879821777344,500.1415280926839,485.5556548114064,489.3940394344215,1742261
2026-05-05,494.5950622558594,495.63144256221193,484.69205162297675,485.5556823552357,1790744
2026-05-06,508.0582275390625,509.54558995788693,498.27033443621997,503.7880126702272,2326805
2026-05-07,514.11328125,516.2627674161405,508.2501623903908,511.4551809730485,2001619
2026-05-08,511.4071960449219,515.3031542351084,506.66678852167087,508.5859809024348,1476906
2026-05-11,510.24676513671875,512.8309340517856,508.0526796679034,511.95327605690846,440264
2026-05-12,508.98883056640625,512.1872885699861,507.0872779741293,510.24675144148136,494613
2026-05-13,506.3949279785156,510.9781407630817,503.713267888633,508.0526933923007,582011
2026-05-14,504.1813659667969,509.6128940585022,503.7132539279481,508.0526793113462,469735
2026-05-15,499.3835754394531,505.12721774025346,498.3206665253494,503.1769196022602,976592
2026-05-18,492.2065124511719,499.1690913693644,490.5000015115195,497.3260452701291,665286
2026-05-19,497.1700134277344,499.26657804028446,493.42544445593035,493.42544445593035,762431
2026-05-20,505.1272277832031,507.95518394686917,497.1700076508825,497.32603507612663,977555
2026-05-21,518.0089721679688,519.2668930738698,511.95327486156185,511.95327486156185,2216544
2026-05-22,518.0089721679688,521.7047658113058,514.9762132486316,521.7047658113058,1163738
2026-05-25,528.2675170898438,530.286082923281,522.6799316426055,524.6302298950033,1664906
2026-05-26,528.2675170898438,528.2675170898438,528.2675170898438,528.2675170898438,0
2026-05-27,528.2675170898438,528.2675170898438,528.2675170898438,528.2675170898438,0
2026-05-28,528.2675170898438,528.2675170898438,528.2675170898438,528.2675170898438,0
2026-05-29,549.4769897460938,555.2888997444426,531.5537447248158,536.3319990693298,6661441
2026-06-01,538.5748291015625,552.8120414895333,535.9419146617398,549.4965107848118,3782878
2026-06-02,542.04638671875,545.4984527663856,531.4562813419258,538.5748581608113,2010455
2026-06-03,542.04638671875,542.04638671875,542.04638671875,542.04638671875,0
2026-06-04,545.4496459960938,546.571091311042,540.2326219202806,543.6456438999213,1605292
2026-06-05,544.2014770507812,549.886613090857,542.1829112282834,546.5710822723972,1015528
2026-06-08,540.4276123046875,542.5729521060207,536.4392265250472,539.2574215477445,955351
2026-06-09,541.0712280273438,548.9114650669247,540.2326140660925,545.1083596804075,880385
2026-06-10,539.8230590820312,543.8894141912964,538.2823068284995,539.2476949210666,476441
2026-06-11,537.7654418945312,539.823051715289,536.4392534121001,537.3266724172634,780428
2026-06-12,542.6217041015625,545.1083222906265,538.7796144402818,544.1234122211507,1130158
2026-06-15,549.603759765625,552.9095294376787,542.5729729768822,550.9592312738773,2239550
2026-06-16,552.8023071289062,555.7375155466272,551.0567520864267,551.0567520864267,2589640
2026-06-17,549.9451293945312,554.8500986100183,548.033815657082,554.7526075035523,1785672
2026-06-18,553.81640625,560.5059146107582,550.1791192512042,550.910481056434,1866573
2026-06-19,546.8051147460938,556.8101543631963,538.3310664084125,553.8847069672426,1967496
2026-06-22,544.07470703125,549.9841083680868,542.8167860823438,548.0435711256862,823983
2026-06-23,541.8318481445312,547.5462074588905,540.1350982712498,547.0586329197463,1284790
2026-06-24,544.7962646484375,548.0337666398315,540.232574232147,541.8318329601323,1279546
2026-06-25,544.7962646484375,544.7962646484375,544.7962646484375,544.7962646484375,0
2026-06-26,544.7962646484375,544.7962646484375,544.7962646484375,544.7962646484375,0
2026-06-29,538.7991333007812,544.7182356595997,536.3319776348411,544.6207445619251,1422560
2026-06-30,559.2284545898438,583.1391281895841,539.257421218796,539.257421218796,1169014
2026-07-01,557.9510498046875,560.7107384521282,552.909545569316,559.2284927585129,2106457
2026-07-02,558.058349609375,566.5518600887034,555.9812772868921,558.7604283851217,1941762
2026-07-03,562.387939453125,564.1237333553463,557.4536875714952,558.1753478740749,1340806
2026-07-06,565.9862670898438,568.2583811746371,562.3977255177562,563.636183929711,1223473
2026-07-07,560.88623046875,567.0296576570965,560.7107107797544,567.0296576570965,1423943
2026-07-08,548.4920654296875,559.2479881738478,543.1677896322949,554.8598173860844,2143597
2026-07-09,547.8485107421875,550.9397167085359,541.2077477852336,544.1331950705592,1565920
2026-07-10,547.936279296875,553.2898381003943,547.0586213376464,548.0337703952893,792472
2026-07-13,542.3291625976562,546.9123154725991,539.2574193132061,545.1083135553024,1247556
2026-07-14,529.720458984375,539.2672066471126,526.6682970960156,539.2672066471126,2613575
2026-07-15,533.2114868164062,536.3319756694306,528.1895049370717,529.7204365641768,1135813
2026-07-16,537.5802001953125,541.2077261150474,533.6015753814298,534.3816827226054,1872699
2026-07-17,538.2432861328125,547.4974410095788,536.4392246958179,537.5801919270932,2327318
2026-07-20,537.7264404296875,539.7352451178426,529.9935155057279,535.8444098811362,867773
2026-07-21,536.5368041992188,542.1828960243674,535.854187930045,539.4719529754245,684161
2026-07-22,530.393310546875,543.5481216471901,528.0529884631114,535.3568455580765,973892
2026-07-23,521.83154296875,533.3870360035797,519.7544706229891,530.3933211225141,987188
2026-07-24,520.2615356445312,526.2392040301385,515.8538429312615,521.5974850698587,704777
2026-07-27,534.5474853515625,536.2345338297688,526.5902945878713,531.4562792548048,1173860
2026-07-28,534.0989379882812,541.1102624374073,533.4065606967754,534.5474684850394,878650
2026-07-29,544.8450317382812,549.9840864859007,533.4065519641625,534.0989292443332,4987103
2026-07-30,551.0275268554688,553.9334522213337,545.1083644853101,546.0737526025132,2381799
2026-07-31,551.3297729492188,556.810105831838,550.8519594391331,552.8997486304644,1105927
2026-08-03,558.6044311523438,559.8330690108539,554.9573235586836,555.9909792138086,1332730
2026-08-04,556.9368896484375,560.2718827819607,555.9324575437611,558.7506526229523,833385
2026-08-05,564.123779296875,564.8063956007375,559.7356081528197,560.4572089957902,1509453
2026-08-06,569.2432861328125,570.4524614917644,564.1237533667357,564.6113279158859,1591095
2026-08-07,568.97998046875,570.4622261535255,565.5864806308459,567.5367788399178,1463399
2026-08-10,563.510009765625,570.010009765625,563.0,570.0,937927
2026-08-11,554.3099975585938,561.0,553.0,559.989990234375,1062699
2026-08-12,553.739990234375,556.489990234375,552.510009765625,554.5,727150
2026-08-13,557.1599731445312,562.8800048828125,554.0,555.989990234375,1242968
2026-08-14,557.1599731445312,557.1599731445312,557.1599731445312,557.1599731445312,0
2026-08-17,552.9600219726562,561.989990234375,550.0,561.989990234375,799265
2026-08-18,552.9600219726562,552.9600219726562,552.9600219726562,552.9600219726562,0
2026-08-19,542.8900146484375,550.0,541.0700073242188,548.0,595755
2026-08-20,545.719970703125,552.9600219726562,544.5,552.9600219726562,928671
2026-08-21,544.239990234375,546.739990234375,542.0,545.9500122070312,372619
2026-08-24,544.8300170898438,550.5,543.5,547.0,619873
2026-08-25,547.739990234375,550.2000122070312,545.010009765625,545.260009765625,635125
2026-08-26,547.739990234375,547.739990234375,547.739990234375,547.739990234375,0
2026-08-27,549.8099975585938,552.0,547.7999877929688,548.0,522096
2026-08-28,550.030029296875,552.1099853515625,547.02001953125,550.0,479275
2026-08-31,552.7000122070312,555.0,546.0,549.0,568749
2026-09-01,552.4500122070312,554.5,550.0,552.7000122070312,279593
2026-09-02,548.7000122070312,551.0,545.5,549.030029296875,423668
2026-09-03,548.6799926757812,551.0,548.0,548.010009765625,269105
2026-09-04,548.1099853515625,551.0,547.0,550.0,269874
2026-09-07,545.5,549.0,544.0,548.8800048828125,500240
2026-09-08,546.25,549.0,540.2000122070312,546.0,494397
2026-09-09,541.3800048828125,547.1599731445312,540.0,546.4000244140625,404983
2026-09-10,532.3400268554688,541.3800048828125,526.0,541.3800048828125,1051038
2026-09-11,541.3699951171875,544.0,525.0,529.989990234375,1056605
2026-09-14,535.1099853515625,540.9500122070312,532.0,538.9500122070312,684779
2026-09-15,540.4099731445312,542.0,536.0,537.0,582743
2026-09-16,531.760009765625,538.010009765625,530.97998046875,538.010009765625,834691
2026-09-17,531.010009765625,534.9000244140625,529.5,534.030029296875,494913
2026-09-18,539.030029296875,540.4000244140625,530.5,530.75,712149
2026-09-21,540.510009765625,541.5,535.1099853515625,539.1199951171875,430725
2026-09-22,538.2000122070312,541.9400024414062,536.7999877929688,540.510009765625,415322
2026-09-23,544.1500244140625,546.8800048828125,539.0499877929688,539.0499877929688,715961
2026-09-24,541.6199951171875,546.97998046875,540.0,546.0,588056
2026-09-25,540.260009765625,543.97998046875,538.0999755859375,541.5999755859375,450075
2026-09-28,542.510009765625,544.0,537.0,541.0,287606
