Date,Close,High,Low,Open,Volume
2021-10-04,71.76701354980469,71.9888163069582,71.16683113626749,71.81919921331681,1599420
2021-10-05,71.33646392822266,72.21716003061069,71.1081360464442,71.77354944150919,1589523
2021-10-06,70.29918670654297,71.75396475867103,70.19480542319687,71.75396475867103,3148840
2021-10-07,71.16030883789062,71.98228900598194,70.29918320190929,70.45575014194954,2483027
2021-10-08,71.93009185791016,72.41284274929717,70.78192286755625,71.43429082025261,5834015
2021-10-11,71.53215026855469,72.08013698475047,71.12115525423515,71.45386431888127,1206108
2021-10-12,74.38300323486328,74.95056523292169,71.09507262669392,71.58434866658705,6622254
2021-10-13,74.98318481445312,76.04654293785664,73.81544541462624,74.69614128146212,2676084
2021-10-14,77.72966766357422,77.95799552532655,74.43520644757572,75.02233879006322,2542510
2021-10-15,77.65137481689453,78.28417267570426,76.84243975952087,78.2189368605759,1357210
2021-10-18,79.45189666748047,80.1107897191143,76.35967384421681,78.11454032121317,1824940
2021-10-19,79.45189666748047,79.45189666748047,79.45189666748047,79.45189666748047,0
2021-10-20,81.09586334228516,81.87218284401936,78.93652688546887,79.91507887165237,2318448
2021-10-21,83.33348083496094,86.04732892845679,79.73241192814446,80.89362608691549,6216289
2021-10-22,84.61212921142578,85.46020961835498,82.1983695565857,83.37263396969182,1951983
2021-10-25,84.61212921142578,84.15547359364727,82.5571739542495,83.50962567785243,544116
2021-10-26,82.01570892333984,84.61213087638248,81.54600314885475,84.61213087638248,722456
2021-10-27,81.9495620727539,83.6961253169369,81.30783143996072,82.9617742884244,1529652
2021-10-28,82.32665252685547,82.63097737454972,81.02996207029338,82.0355569997425,755674
2021-10-29,83.4645767211914,85.34345342815972,81.4070713549039,83.02793337390732,1933104
2021-11-01,83.99382019042969,85.33682581823848,83.36532402291617,83.98720300676459,465436
2021-11-02,84.66864013671875,85.27728481463117,83.35871524767066,84.02029235281091,2460565
2021-11-03,82.8691635131836,85.31038000866816,82.69715202369291,85.31038000866816,717179
2021-11-04,82.24063110351562,83.42485447943076,81.71137255869047,83.21976723496128,1660552
2021-11-05,83.0610122680664,83.62335182976044,82.06864655421822,83.2859460737708,1356774
2021-11-08,83.78874969482422,84.02691788011687,82.829459768664,83.09409164648176,705569
2021-11-09,82.9088363647461,84.2849178510949,82.86252617277437,84.2849178510949,854225
2021-11-10,82.41265869140625,83.94090016881454,82.10171664852881,83.35871414109535,453390
2021-11-11,82.10834503173828,82.67730181600214,82.03557113741849,82.67730181600214,2398042
2021-11-12,81.64521789550781,83.00806486532149,81.37396890970817,82.10170258152814,415477
2021-11-15,82.63761138916016,83.3190351051108,80.81165688367444,80.81165688367444,495611
2021-11-16,83.32563781738281,83.68289007461611,81.40706817112566,82.99484925114082,878994
2021-11-17,82.47220611572266,84.5164769916171,81.81062899641451,83.68950559248191,4162783
2021-11-18,81.89002227783203,83.31903140495055,80.9175030186708,82.69714724250824,1242516
2021-11-19,83.26609802246094,83.95413884365753,81.77093229471774,81.77093229471774,3135415
2021-11-22,82.48544311523438,85.4096180908165,81.71801116263424,84.68187915389109,4487112
2021-11-23,81.55260467529297,82.36634670700357,80.97703584432377,82.36634670700357,1852315
2021-11-24,79.48849487304688,81.40706960042216,79.10477891808522,81.40706960042216,3810386
2021-11-25,77.75515747070312,79.96482765811385,76.74294529296279,79.96482765811385,4966495
2021-11-26,79.01215362548828,79.87881801537473,76.80910066077145,76.80910066077145,3450455
2021-11-29,82.80299377441406,83.9541365362037,78.1322559306655,78.1322559306655,5093343
2021-11-30,81.60554504394531,84.51648567755116,79.39587966113196,83.94752889267865,31480344
2021-12-01,82.47880554199219,83.02791567777872,80.78516999274723,82.69712716910232,2901710
2021-12-02,79.07170104980469,82.06203268144974,77.73531738875795,82.02895180401315,2946383
2021-12-03,81.50630187988281,82.18773057602381,77.50376319902381,78.6615231975871,3277436
2021-12-06,80.32868957519531,82.00247881611577,80.09052141746255,81.96940298986173,1012588
2021-12-07,81.08289337158203,82.03556607668338,80.38162321223412,81.30783222581232,2059729
2021-12-08,80.97705078125,81.93633570810223,80.15007927622791,81.34091521499963,2355553
2021-12-09,79.7597427368164,81.34091178392808,78.66814443417915,81.34091178392808,1054086
2021-12-10,79.11139678955078,80.58009886979045,79.03200571449378,80.58009886979045,1030716
2021-12-13,78.9195327758789,79.72004046028611,78.49612383615,79.67373026523555,803835
2021-12-14,78.98570251464844,79.88544792195331,78.06611059867902,79.05185922600806,2087508
2021-12-15,78.69458770751953,79.38924562571748,78.40349723914586,79.36278193815036,1795873
2021-12-16,76.51139068603516,79.22385571782706,76.08136457244353,78.89306717620775,2280425
2021-12-17,78.09255981445312,78.42996554149627,75.75057632500135,77.20604389480562,1652856
2021-12-20,78.42335510253906,79.45541382998815,77.47068240185804,78.694599106385,1565638
2021-12-21,77.86100769042969,78.74090136547014,77.54344847307605,78.06609496881342,533753
2021-12-22,78.05946350097656,78.52918253329752,77.40450372885937,78.52918253329752,761750
2021-12-23,77.62944793701172,78.39687973098548,77.12003583389155,77.12003583389155,801572
2021-12-24,77.27220153808594,77.93377858876327,77.08034358769764,77.93377858876327,321524
2021-12-27,76.84879302978516,78.00655287450176,76.74293827835783,78.00655287450176,379513
2021-12-28,76.74295806884766,77.33837858059269,76.21369427008904,77.32514420953521,745571
2021-12-29,76.08137512207031,77.12005108488299,75.94906170604872,77.12005108488299,1639485
2021-12-30,75.98213195800781,76.67678995970513,75.61826756694538,76.08136953645499,2189778
2021-12-31,77.15312194824219,77.73530796957688,75.62487544016057,76.27984039252382,2886976
2022-01-03,77.42436218261719,77.99993603935344,77.07372714995337,77.40451567849394,405791
2022-01-04,78.08594512939453,78.72767573075548,77.47067821800476,77.47067821800476,916386
2022-01-05,77.8080825805664,78.68798132868272,77.40452014864637,78.52919919166217,184922
2022-01-06,77.20603942871094,78.52919352378692,77.07372603817626,78.05947442572682,1361906
2022-01-07,78.25132751464844,79.05845227009965,77.10680212006163,77.9999300692751,1340981
2022-01-10,79.63404083251953,80.20299756723783,78.08594772603885,78.7276783487397,2955003
2022-01-11,80.82487487792969,81.04319653712787,78.59536323212245,79.9515932885698,1852575
2022-01-12,80.44115447998047,81.27474301142477,80.37499778167624,81.20858631312055,496255
2022-01-13,80.38160705566406,80.84470894565392,80.05081854926215,80.71239556206596,143600
2022-01-14,81.4599838256836,82.03555770082151,80.38161500524045,80.38161500524045,1138299
2022-01-17,80.81163024902344,81.4401263698588,80.7123926911463,81.38058686359165,449851
2022-01-18,80.7190170288086,81.37397689295868,80.20298773902779,80.81163741172145,476441
2022-01-19,80.42794036865234,81.2416825492317,80.0839224439552,80.24931674470899,768005
2022-01-20,80.73888397216797,81.01012800581334,79.19079066348452,80.37501448472877,350340
2022-01-21,80.79840850830078,81.04319384965713,80.08390908428731,81.04319384965713,96511
2022-01-24,80.34193420410156,81.01012352049975,80.15007621656844,80.87781010372056,220830
2022-01-25,80.4345474243164,80.7653359841656,80.05083148350744,80.08391235846551,311993
2022-01-26,80.05744171142578,80.54700732418078,79.91851113405338,80.54700732418078,271685
2022-01-27,80.05744171142578,80.48085062744617,79.72003599641712,80.48085062744617,403396
2022-01-28,79.74652099609375,80.38163453985239,79.45542539575005,79.45542539575005,456985
2022-01-31,80.17654418945312,80.51394493448142,79.5215791133624,79.5215791133624,691880
2022-02-01,80.50071716308594,81.04321028719265,79.75313671383938,79.75313671383938,376741
2022-02-02,82.50527954101562,84.68186880585812,80.05082910553774,80.06405842666827,3470427
2022-02-03,81.73786163330078,83.35872368599969,81.67169987814306,83.35872368599969,750312
2022-02-04,81.96279907226562,82.63099345891709,81.44015247750195,81.44015247750195,2721987
2022-02-07,81.98263549804688,82.69713999902231,81.7378551940068,82.32665842700521,191597
2022-02-08,81.75768280029297,82.39941326592738,81.37396694801629,82.30017571138248,1701938
2022-02-09,82.18110656738281,82.69051870358089,81.47983647023327,82.13479637318298,1243444
2022-02-10,80.93073272705078,82.69052529433914,80.73225756612794,82.1811131175389,1544517
2022-02-11,81.52615356445312,82.00248486763769,80.42131589943556,81.241675191025,1131428
2022-02-14,81.10934448242188,82.36634187391996,81.01010691646083,81.52614124997187,532437
2022-02-15,80.72563934326172,81.93632670496821,80.44777815948963,81.93632670496821,1420639
2022-02-16,80.3154525756836,81.36074549608372,80.12359463099506,81.36074549608372,363293
2022-02-17,80.63964080810547,81.003510270401,79.72004894604945,80.22946114582992,117622
2022-02-18,80.66609191894531,81.30782248102919,80.0508250452129,80.71240211170227,318035
2022-02-21,80.54041290283203,81.10936974092817,80.38163577630846,80.97705631006417,83287
2022-02-22,80.24268341064453,80.84471591956449,78.06609424506894,80.84471591956449,1400159
2022-02-23,80.32207489013672,80.71240294060648,78.8732194844671,80.4808519744437,811166
2022-02-24,77.03404235839844,80.34854013375835,76.6767901037771,79.38925531764332,1874967
2022-02-25,76.95462799072266,77.73528896692606,76.74954075841349,76.74954075841349,1155499
2022-02-28,76.85540771484375,77.67576692331316,76.0945930678849,77.67576692331316,1270047
2022-03-01,76.94142150878906,78.13225730304359,76.74294635269686,78.05287127855301,748773
2022-03-02,76.38569641113281,77.36483280474629,75.9556702582118,77.36483280474629,674871
2022-03-03,76.18722534179688,77.40452484826675,75.94905716923834,77.40452484826675,147193
2022-03-04,76.92156219482422,77.40451566729382,76.08136155332298,76.08136155332298,849987
2022-03-07,74.75822448730469,76.67679939956292,74.2686587667754,76.14753561430771,453555
2022-03-08,74.31494140625,76.74292764715128,73.53428038863171,76.74292764715128,609309
2022-03-09,74.28849029541016,76.06151705682696,73.43505526368088,73.43505526368088,1056162
2022-03-10,75.44625091552734,76.64370381684141,74.29510820798144,75.35363052799104,1116936
2022-03-11,75.50580596923828,75.9887595585837,74.80453573430319,75.41980274809286,325294
2022-03-14,75.37348175048828,75.75058050832675,74.79790783697364,75.419791947155,487685
2022-03-15,76.0946044921875,76.4121637572441,75.4396445018353,75.49257188725028,268479
2022-03-16,75.35363006591797,76.67678421967445,75.08899822568016,76.08136384099753,280721
2022-03-17,75.55210876464844,75.98213492307862,75.4197953531775,75.74396674448445,767312
2022-03-18,73.19688415527344,75.71749109188514,72.77347524853111,75.38670256802817,1285603
2022-03-21,74.69608306884766,74.95945371024744,73.19689317028919,73.94648811956843,841768
2022-03-22,74.31790924072266,75.56047786453546,73.94648647153443,75.18905509534723,669559
2022-03-23,74.31790924072266,74.31790924072266,74.31790924072266,74.31790924072266,0
2022-03-24,75.62125396728516,75.89812852690348,73.95998600073925,74.74334846640863,893817
2022-03-25,76.65448760986328,76.98538827474128,74.65556937467902,76.20202571046399,523841
2022-03-28,76.78279113769531,77.24200242008126,74.95945510151523,76.77604174322296,378809
2022-03-29,76.4924087524414,77.66069804213444,76.38436176474917,77.25551282192174,749914
2022-03-30,76.73551940917969,77.32304131589501,76.31007570913656,76.97188217252426,100466
2022-03-31,76.2492904663086,76.98537623975123,76.0399407642599,76.97862169395383,734793
2022-04-01,76.92461395263672,77.32304463533893,75.5672385386902,76.0399537812538,1802294
2022-04-04,73.85194396972656,76.3100733540886,73.60207727297534,75.64151751687936,720783
2022-04-05,73.98699951171875,74.75685289036792,73.62233130832561,73.95323708590269,477499
2022-04-06,74.14907836914062,74.87166023636587,73.94648320358962,73.98700017581619,848481
2022-04-07,73.62908935546875,74.78386947835283,73.54130086152176,74.1625851699373,369037
2022-04-08,75.3241195678711,75.8373568935962,74.66231313584062,74.95269680210767,990236
2022-04-11,78.14691162109375,79.68661833749877,75.70228639018205,76.8503170338273,2207391
2022-04-12,78.57910919189453,80.36192802325903,78.14691099957639,78.33599706468947,703976
2022-04-13,78.4102783203125,79.00454952174992,78.06586862919568,78.57910589310583,645792
2022-04-14,78.36976623535156,78.87624898529427,78.07262804001164,78.47105866357293,1093663
2022-04-15,78.50483703613281,78.6331476658022,78.09965181090439,78.53860461832255,191033
2022-04-18,78.03211975097656,78.93703322516586,77.66069696547525,78.93703322516586,1195300
2022-04-19,77.62691497802734,78.5520919206285,77.32302741152922,77.72821255092958,687019
2022-04-20,74.99996948242188,78.26847441507933,74.28414212519517,77.70796556069534,982556
2022-04-21,75.175537109375,76.22227006173308,74.76359744313409,75.29709316092492,768991
2022-04-22,75.16879272460938,75.63475851056889,74.66906451278308,75.63475851056889,430165
2022-04-25,75.84410095214844,76.31006672510593,75.31060517713263,75.31060517713263,430122
2022-04-26,75.49292755126953,76.64095282544413,75.29708697584766,76.64095282544413,913201
2022-04-27,75.6239013671875,76.84375051929317,75.12079647177538,76.80928933512742,633532
2022-04-28,75.01741027832031,76.84374242799228,74.4316070154544,76.84374242799228,1643917
2022-04-29,75.01741027832031,75.01741027832031,75.01741027832031,75.01741027832031,0
2022-05-02,75.01741027832031,75.01741027832031,75.01741027832031,75.01741027832031,0
2022-05-03,75.01741027832031,75.01741027832031,75.01741027832031,75.01741027832031,0
2022-05-04,75.01741027832031,75.01741027832031,75.01741027832031,75.01741027832031,0
2022-05-05,75.01741027832031,75.01741027832031,75.01741027832031,75.01741027832031,0
2022-05-06,73.76310729980469,75.78930292739061,73.1635226608126,75.78930292739061,314657
2022-05-09,70.93055725097656,74.43160046049164,70.64110228889253,74.43160046049164,1731876
2022-05-10,70.40678405761719,73.03256387116521,69.95881503423067,69.95881503423067,288350
2022-05-11,70.48258209228516,71.66797498576636,69.26273328234139,71.66797498576636,1093343
2022-05-12,70.2965087890625,71.61284789906851,69.68313771144797,71.61284789906851,508998
2022-05-13,70.82717895507812,71.3165024368822,69.60733003921452,70.2965115247513,321289
2022-05-16,69.56597137451172,70.64109266320435,68.74584383565495,70.64109266320435,10735709
2022-05-17,70.09664154052734,70.53771722832755,69.02152020876893,70.15867060245638,1015919
2022-05-18,70.41366577148438,71.12352180642841,69.82096931826105,70.28961290318095,478743
2022-05-19,69.90367889404297,70.97191230909637,69.60733064237276,70.97191230909637,573923
2022-05-20,70.3585433959961,70.50327615161468,69.60733801454883,69.6142313024445,1150428
2022-05-23,70.3378677368164,71.15110218106776,69.05598962540262,70.36543562994808,579563
2022-05-24,70.52394104003906,71.18555461983375,69.60732842362084,69.60732842362084,533064
2022-05-25,70.71692657470703,70.91678987582738,69.62112506277668,70.6066549914523,2212379
2022-05-26,71.26826477050781,71.65420474597772,70.71002415394562,70.72381072909116,284727
2022-05-27,71.47501373291016,73.3564815677405,71.01326338338613,71.67487700166778,865427
2022-05-30,71.2889404296875,72.62594904650135,70.44124481898385,71.6748804108662,84055
2022-05-31,71.26136779785156,72.28135346828711,70.41367224352317,72.28135346828711,1211963
2022-06-01,70.310302734375,71.5370503679991,70.08976483829258,70.98570299877393,597954
2022-06-02,68.67003631591797,70.98568630937149,68.43571715681273,70.97879302291635,1278137
2022-06-03,66.65764617919922,68.89059312397534,66.16143457857378,68.81478272621098,3428620
2022-06-06,67.67073059082031,68.22896590199193,66.23033857648771,66.23033857648771,338817
2022-06-07,66.9057388305664,68.84923037903722,66.2647998487283,68.56666345053218,263677
2022-06-08,66.08560943603516,67.76721387228623,65.98912445277851,67.76721387228623,282448
2022-06-09,65.71344757080078,66.7747875922058,65.50669629891377,66.08560616984178,159495
2022-06-10,65.63075256347656,66.56114648023433,65.47223851458907,66.56114648023433,328567
2022-06-13,62.32958221435547,66.15453673259098,61.33715908147626,66.15453673259098,1666847
2022-06-14,64.4246826171875,64.67967638204325,62.033222205365945,62.71551035122228,496900
2022-06-15,65.66521453857422,66.1545327879592,64.09388151056889,65.25170667721035,373084
2022-06-16,65.45845794677734,66.16142072848103,64.78995108354735,64.78995108354735,301742
2022-06-17,65.97534942626953,66.8506076458278,64.78306307946198,66.49912359729504,660783
2022-06-20,65.74791717529297,66.67831116317156,64.85887239548616,66.49223446881089,85696
2022-06-21,66.82304382324219,66.9195288215718,64.9346878098851,66.45777843556036,4839780
2022-06-22,66.6645278930664,68.4977479237122,66.26480136662664,66.26480136662664,3538321
2022-06-23,65.68588256835938,67.33302581952131,65.47223800061349,65.50669917646027,623293
2022-06-24,64.0042724609375,66.49221750040931,62.0263201370087,66.49221750040931,1533544
2022-06-27,65.63764953613281,67.18830802803603,62.784438331673925,64.09388433199979,992359
2022-06-28,65.45156860351562,66.46466626074854,64.51428133274487,64.51428133274487,573062
2022-06-29,62.08147430419922,65.56183792183947,60.85473200588447,65.46535292700828,3443169
2022-06-30,62.9498405456543,63.74929367122738,61.52323494084673,61.95742268450858,2566730
2022-07-01,62.81200408935547,63.39091930749823,61.83336758077545,63.053216572732545,652624
2022-07-04,63.48741912841797,63.811330105724,62.02635205381191,62.88782916567041,204822
2022-07-05,62.488094329833984,63.783759101314836,62.37093471991362,63.40470711858622,96954
2022-07-06,63.19794845581055,63.3909237139642,62.102152273138316,63.3357879259203,121903
2022-07-07,63.280662536621094,63.38404084168175,62.79823745705669,63.12904172360399,45485
2022-07-08,63.280662536621094,63.28066253662109,63.28066253662109,63.28066253662109,0
2022-07-11,63.280662536621094,63.28066253662109,63.28066253662109,63.28066253662109,0
2022-07-12,63.280662536621094,63.28066253662109,63.28066253662109,63.28066253662109,0
2022-07-13,64.13523864746094,64.76239643351934,61.37162418992777,61.37162418992777,92146
2022-07-14,64.6383285522461,64.98981256250539,63.68726004817425,64.78305602516765,488639
2022-07-15,63.997406005859375,65.4584729411898,63.763081519590465,65.4584729411898,119617
2022-07-18,62.66727066040039,63.99049780784296,62.21240837082104,62.21240837082104,212336
2022-07-19,61.04770278930664,63.36335321143972,60.510142023103946,62.715520873688824,536224
2022-07-20,60.87540054321289,62.02633233686804,60.28959734497216,61.5094462340608,147724
2022-07-21,59.63487243652344,61.88849881357306,59.2696070945523,61.88849881357306,477633
2022-07-22,58.33232879638672,61.30269973816939,57.822335896938434,61.30269973816939,353168
2022-07-25,57.59490203857422,58.89056146227651,57.546659540299075,58.89056146227651,94226
2022-07-26,57.83610534667969,58.22205052963803,55.892613890696644,57.61556749557655,311482
2022-07-27,58.194488525390625,59.95189822524812,57.19517217869111,59.95189822524812,1366469
2022-07-28,59.579742431640625,59.88987728155516,57.92571093091475,58.31854420104283,2531280
2022-07-29,59.4419059753418,59.88987501400988,58.58042907714843,59.88987501400988,628902
2022-08-01,59.24892807006836,61.30268577628034,57.45016412648574,61.30268577628034,734281
2022-08-02,58.61489486694336,59.269615257855584,58.51151657942087,59.269615257855584,710610
2022-08-03,59.62108612060547,60.6135037900095,58.03596675128021,58.99392850450402,1646552
2022-08-04,60.673099517822266,61.360411699486356,59.621086490086846,60.94662247696827,438995
2022-08-05,62.19501876831055,63.08572089708125,60.315421692240655,61.99162891352953,1594932
2022-08-08,62.19501876831055,62.195018768310554,62.195018768310554,62.195018768310554,0
2022-08-09,62.19501876831055,62.195018768310554,62.195018768310554,62.195018768310554,0
2022-08-10,64.0255126953125,65.14765884045397,62.41943885131021,62.41943885131021,1378718
2022-08-11,61.78122329711914,65.14065261325261,61.577838795926574,65.14065261325261,505366
2022-08-12,63.77303695678711,63.941357561475954,60.59595812035543,62.40542201091107,580206
2022-08-15,66.87297058105469,68.54917783255324,63.82213340598661,63.82213340598661,1772521
2022-08-16,67.99510955810547,69.99393867981519,65.9261526524246,66.97816572666542,1572294
2022-08-17,67.61639404296875,71.11608960373988,67.18857493634846,67.3288412152206,1225443
2022-08-18,67.75666809082031,69.0751894561731,67.67952002335016,68.65438522049168,292307
2022-08-19,67.5883560180664,68.7245270630743,65.99630607973575,68.7245270630743,506768
2022-08-22,66.43814849853516,69.08220621979663,66.24176818921451,68.37384910449198,811424
2022-08-23,66.32592010498047,68.73152364664568,65.23182817551928,65.23182817551928,1247637
2022-08-24,65.93317413330078,67.3288434524726,65.68770546171012,66.94310314653318,1771932
2022-08-25,66.83088684082031,67.1044098214811,66.10149044211977,66.10149044211977,725249
2022-08-26,65.7718505859375,67.46909690773262,65.49832763948352,66.66956747181874,504502
2022-08-29,64.83206939697266,66.27683249897494,63.141832264321444,66.27683249897494,411039
2022-08-30,63.751991271972656,66.53631997300057,63.40833517725381,65.30195650826869,664612
2022-08-31,63.58367919921875,64.51646015266276,62.608808729183366,64.51646015266276,680614
2022-09-01,63.29613494873047,63.948383423176644,62.945463840981276,63.948383423176644,258339
2022-09-02,63.029624938964844,63.7870704423198,61.76019192850662,63.7870704423198,170854
2022-09-05,62.068790435791016,63.82214609781901,61.718119303385414,63.82214609781901,274439
2022-09-06,62.03371810913086,62.664927186354795,61.577849940240334,62.664927186354795,118957
2022-09-07,61.70407485961914,62.419441384043914,61.08689044163726,62.419441384043914,298849
2022-09-08,61.402496337890625,62.23708970784701,61.121958458144235,62.23708970784701,142679
2022-09-09,61.38848114013672,61.84435463458392,61.08690378388546,61.84435463458392,77062
2022-09-12,61.11495590209961,62.41945275860312,61.03079291590658,61.36743950986262,312556
2022-09-13,61.711090087890625,62.24411158390795,60.88350619308041,61.38847336290571,409207
2022-09-14,60.848445892333984,62.061764804611535,60.68011992524001,62.061764804611535,193026
2022-09-15,59.30549240112305,61.43757324786488,58.42180511625958,61.36042518081577,422866
2022-09-16,58.31660079956055,60.31542485542,58.00099362180424,58.91274055645674,1606236
2022-09-19,57.43290710449219,59.45978545001455,57.15938409944356,58.49193522836676,715849
2022-09-20,57.538116455078125,58.421809151799614,57.16640593406494,57.790600082712835,619915
2022-09-21,57.446929931640625,58.211390198384734,57.075214150146884,57.53810247192293,257611
2022-09-22,57.37678909301758,58.00098306437418,56.18450979624575,58.00098306437418,604518
2022-09-23,56.766639709472656,58.00099813604341,56.45804742742178,58.00099813604341,4937798
2022-09-26,56.84376907348633,57.853697876434566,56.53517689298888,56.53517689298888,522497
2022-09-27,56.850791931152344,57.362774045685164,56.54220502932837,57.362774045685164,937046
2022-09-28,57.13834762573242,58.98287561233971,56.91391834465923,57.299653328882705,1037680
2022-09-29,52.85314178466797,56.11438366306097,52.853141784667976,56.11438366306097,1825607
2022-09-30,48.89055252075195,48.89055252075196,48.89055252075196,48.89055252075196,697317
2022-10-03,47.82452392578125,49.76022444787201,47.02499428604462,47.17227549854178,13165202
2022-10-04,48.652103424072266,49.51475121098396,47.964785811419866,48.04193387051806,3411030
2022-10-05,48.8204231262207,49.50773537533496,48.41364343138097,48.41364343138097,940289
2022-10-06,49.88646697998047,50.068817443703594,48.7432811610581,49.07992775940725,2492074
2022-10-07,50.202064514160156,50.49662688680422,49.16407594046164,49.79528484670972,2131520
2022-10-10,50.15998458862305,50.84028728108872,49.584884281217676,50.84028728108872,1457962
2022-10-11,50.15998458862305,51.127840110199195,50.07582696122726,50.32129562582426,1303660
2022-10-12,50.244140625,50.49662417393486,49.10095508735565,50.145953172726976,883409
2022-10-13,50.1670036315918,50.489620381697875,50.04076182930542,50.489620381697875,1179978
2022-10-14,50.1810302734375,50.84730313977029,49.52176697564015,50.49663208363394,2259053
2022-10-17,50.152976989746094,50.42649999115492,50.075828927726604,50.42649999115492,1290144
2022-10-18,50.1810302734375,50.454553269158595,50.005694745369325,50.454553269158595,1366844
2022-10-19,50.1670036315918,50.356369010429376,50.07583107748008,50.1459642230134,1289881
2022-10-20,50.13895034790039,50.314285890794956,50.05479271183332,50.314285890794956,3777764
2022-10-21,50.13895034790039,50.419488286694914,49.44462309626644,50.13895034790039,3101946
2022-10-24,50.145965576171875,50.391434267570325,49.65502819337498,50.391434267570325,1516345
2022-10-25,49.8584098815918,50.272204524270514,49.65502537086264,50.15297764534215,524964
2022-10-26,48.98875045776367,49.86542818732571,48.7573062529634,49.79529503912399,646270
2022-10-27,48.93965148925781,49.78827479869218,48.715222228505056,49.78827479869218,399202
2022-10-28,48.778350830078125,49.71113186421079,48.483783047430556,49.71113186421079,356998
2022-10-31,48.90459442138672,49.430601076345425,48.638080958351814,48.74328335950684,491769
2022-11-01,49.072914123535156,49.44462462987024,48.883548734878524,49.43760970970836,992103
2022-11-02,48.59599304199219,49.43760139206686,48.448711848269895,48.988742891918314,517560
2022-11-03,48.469757080078125,49.09395117408333,48.18220422623823,48.729255605434915,1513917
2022-11-04,48.33354568481445,49.036112257197416,48.24752092011477,48.75652083286384,257254
2022-11-07,48.498443603515625,49.22968157178984,48.398077715115846,48.398077715115846,302170
2022-11-08,48.462589263916016,48.92857680357029,48.398070689109844,48.74935124751325,369854
2022-11-09,48.462589263916016,48.462589263916016,48.462589263916016,48.462589263916016,0
2022-11-10,49.910736083984375,51.07928477004368,48.39090136109401,48.7493524822873,3760847
2022-11-11,49.81752395629883,50.391047807518234,49.65263954100519,50.175974995928755,541124
2022-11-14,50.125797271728516,50.391053037615976,49.53793772450253,49.81752912687041,575232
2022-11-15,50.01108932495117,50.183144288185495,49.89638236977585,50.183144288185495,497806
2022-11-16,49.58095932006836,50.11146542240675,49.28702678947682,49.60963059519603,352781
2022-11-17,49.09346008300781,50.11145979106423,49.00742985870322,49.58095374834216,329673
2022-11-18,48.95724868774414,49.75301051518575,48.64180999015522,49.75301051518575,637019
2022-11-21,48.84254455566406,49.100629783317295,48.39089814203575,48.405233779336626,265275
2022-11-22,48.94291305541992,49.408900600919715,48.74935185904338,49.39456496284848,100657
2022-11-23,49.01459884643555,49.43039791014192,48.82820276782503,49.27268404157964,132930
2022-11-24,48.519935607910156,49.22966717388937,48.39806356042941,48.82103318504932,1192088
2022-11-25,48.74934387207031,49.09345929423066,48.57728889575468,49.09345929423066,1248248
2022-11-28,47.98943328857422,49.466250017096044,47.67399458169402,49.466250017096044,712640
2022-11-29,48.892723083496094,49.10779591033112,47.688327286184176,48.656149537412595,778638
2022-11-30,47.73851013183594,49.2870213554315,47.67399156561738,49.1006252704737,807766
2022-12-01,48.69198989868164,50.25483671405855,48.01810563594302,48.01810563594302,5477595
2022-12-02,49.17948532104492,49.39455814915523,48.39806462000064,49.07194890698977,1432799
2022-12-05,48.59163284301758,49.78885826844335,48.462590221325996,49.78885826844335,876686
2022-12-06,48.69915771484375,48.9572428969752,48.13997497673518,48.74934064083994,311749
2022-12-07,48.39088821411133,48.92856474982368,48.247509992399465,48.749339237919564,1709572
2022-12-08,47.96075439453125,48.993089759749104,47.85321797932354,48.993089759749104,665889
2022-12-09,47.150657653808594,48.570126487642106,46.957096456687204,48.49843735795011,1549529
2022-12-12,47.00727844238281,47.56646129999721,46.74202265141167,47.52344891695915,5508129
2022-12-13,47.29403305053711,47.88906311425625,46.6703262460874,46.95708818386413,3577369
2022-12-14,47.20800018310547,47.638140330903695,46.99293284397072,46.99293284397072,738520
2022-12-15,46.1254768371582,47.315536905923416,44.52678827433357,47.315536905923416,2313381
2022-12-16,46.23301696777344,46.84955323894328,45.308215295783285,46.519778914519975,470757
2022-12-19,46.433746337890625,47.315538322308186,45.89606976604621,46.59863622651564,705108
2022-12-20,45.13615798950195,46.598639008576164,44.69884724739759,45.95342598993618,663578
2022-12-21,44.878074645996094,46.23301930665122,44.455102257267775,46.23301930665122,503372
2022-12-22,45.121822357177734,45.75269704316434,44.80638638156683,45.16483747261937,508933
2022-12-23,44.48378372192383,45.487447958076864,44.05364346915255,45.12899683584578,313705
2022-12-26,44.935428619384766,45.47310525149154,44.60565427470282,45.47310525149154,413864
2022-12-27,44.89958572387695,45.451600748165134,44.40492145373093,45.451600748165134,232433
2022-12-28,44.41209411621094,45.08598123427992,44.232868557012964,45.08598123427992,256561
2022-12-29,42.95677947998047,44.985614064417454,42.4764563078364,44.985614064417454,3057746
2022-12-30,45.68818283081055,45.88174677820292,42.72737559329538,43.257884493715046,3213843
2023-01-02,46.24736022949219,46.491104340396575,44.98561088669977,45.45159838819697,958977
2023-01-03,45.60214614868164,46.992938068394494,45.021454423307894,46.03945689726085,1449704
2023-01-04,45.72402572631836,45.881745100225224,44.51962969865624,44.51962969865624,109780
2023-01-05,46.276031494140625,46.455257014304564,45.16483108131268,46.38356243061594,199038
2023-01-06,45.9104118347168,46.57713101658177,45.53045185633023,46.57713101658177,145546
2023-01-09,44.44076156616211,45.70250803569434,44.30454841941433,45.70250803569434,280281
2023-01-10,44.79921340942383,45.71684722183069,44.5913111441865,44.5913111441865,289175
2023-01-11,45.30821990966797,45.52329002424687,44.66300683116639,44.80638781914062,288783
2023-01-12,45.09314727783203,45.85306182257405,45.02145542046457,45.838723451100556,277856
2023-01-13,44.71318435668945,45.128988898028126,44.26153799115,44.66300142718507,133141
2023-01-16,44.283050537109375,45.2723763682205,43.7238676796298,45.2723763682205,134620
2023-01-17,44.01779556274414,45.15049960093947,43.65934446772103,45.15049960093947,426538
2023-01-18,44.44076156616211,44.73469131237364,43.73102729689968,43.94609737599712,461778
2023-01-19,44.58414077758789,44.80638141391613,43.04997071553772,44.426424174650755,729812
2023-01-20,44.23286056518555,45.738353896535635,43.731028543147346,44.80638170404441,1032972
2023-01-23,44.2472038269043,44.4479355640041,43.386920656131906,44.4479355640041,239903
2023-01-24,45.35123062133789,45.58780965299636,43.51596279411242,43.51596279411242,466645
2023-01-25,48.74934387207031,48.74934387207031,45.52328435112449,46.168497349219464,4073727
2023-01-26,52.405548095703125,52.405548095703125,50.54160352759832,50.54160352759832,8725035
2023-01-27,54.74264907836914,56.2409719592717,53.87519812581565,55.55991709877588,8556359
2023-01-30,52.37687301635742,54.84301833623638,51.796183984223255,54.448719938163975,1799948
2023-01-31,51.81767654418945,53.00773650929825,51.61694485598515,52.79983426950714,1474564
2023-02-01,51.910892486572266,53.4092155042017,51.48074677802861,51.48074677802861,6169725
2023-02-02,52.319515228271484,52.441387266909416,51.30151013683411,52.32668031087698,1219556
2023-02-03,52.52743148803711,53.122461736612884,51.65998032218204,52.3338702648838,1100144
2023-02-06,52.921722412109375,53.58844170494541,52.32669224838399,52.79985034566826,2747178
2023-02-07,53.2013053894043,53.76765871757289,52.69230554322144,52.728152836844785,4774538
2023-02-08,53.86085891723633,55.16562066854707,53.409212512004395,53.767663602688984,8611564
2023-02-09,56.31267547607422,57.16578545778705,54.29817637881762,54.29817637881762,6601780
2023-02-10,56.327003479003906,58.70711847311119,55.27315641022074,55.63160749649912,6746833
2023-02-13,56.527732849121094,57.352171407002615,55.84667800147466,56.620933628156216,2463261
2023-02-14,54.670955657958984,56.986546377196454,54.49173013302294,56.986546377196454,662428
2023-02-15,56.28397750854492,56.99370895653577,53.94687545885933,55.41652674554983,2352267
2023-02-16,55.050907135009766,56.92202185710543,54.84300489149598,56.92202185710543,1180501
2023-02-17,55.158451080322266,55.83950590919334,54.126110273206486,55.05808522068924,1178941
2023-02-20,53.71747589111328,55.201463055779705,53.280165161810366,55.201463055779705,399563
2023-02-21,53.39487075805664,54.47738898984959,53.07226153168085,54.40569987383129,373135
2023-02-22,54.06875991821289,54.843015568335275,52.620619952936075,53.40921123975135,735903
2023-02-23,52.60626983642578,54.09025684355488,52.33384902968508,54.04724447131386,634632
2023-02-24,49.86771774291992,53.62428939438302,49.688492184074434,52.692314300574466,1747078
2023-02-27,50.28352737426758,50.60613122459799,49.466259181868715,50.17599093431393,6188576
2023-02-28,49.73150634765625,50.70649375299908,49.638305563472414,50.54160384450201,2530013
2023-03-01,50.19748306274414,50.71365345426299,48.821032331713205,50.16881179168554,2117777
2023-03-02,51.28001022338867,51.97540618820383,49.82469972524367,50.720827418143735,2228981
2023-03-03,51.32301712036133,51.96823008423721,49.652639436058315,51.14379160092518,2962095
2023-03-06,51.380374908447266,51.860698028133065,50.204655839903,51.860698028133065,1149366
2023-03-07,52.69948196411133,53.014915211099165,50.90005592052311,51.616958116586815,2982777
2023-03-08,53.58127212524414,53.98274110071617,52.83569313597331,53.552595379172566,3751825
2023-03-09,53.62428665161133,54.12611600289917,52.728158903218954,53.69597577757677,2483866
2023-03-10,53.96122360229492,54.47739403669158,53.55258958665247,53.69597330150125,1314955
2023-03-13,54.14045715332031,54.83585323200866,53.846530066072916,54.47740209615118,953150
2023-03-14,53.8680305480957,54.59210329723123,53.50240889681523,54.334018069213215,1293717
2023-03-15,54.23365020751953,55.17996085232024,52.72815674572697,52.72815674572697,4823752
2023-03-16,55.39502716064453,55.55991706303744,53.7676616739072,53.7676616739072,3058688
2023-03-17,54.20497512817383,56.922035089866114,53.409213258174226,55.56709038571105,9176555
2023-03-20,53.839271545410156,55.07536038661147,53.758815728513376,54.12452195795905,1059164
2023-03-21,54.058685302734375,54.73889337881217,53.2102443635799,53.758803583822996,318828
2023-03-22,53.37847900390625,54.63650363500263,53.03471428566677,54.30005460317332,204125
2023-03-23,53.37847900390625,53.37847900390625,53.37847900390625,53.37847900390625,0
2023-03-24,53.027408599853516,54.746226934974224,52.157025900608375,54.746226934974224,82419
2023-03-27,53.35654067993164,54.0367545413615,52.30331045402078,53.38579785012842,804895
2023-03-28,54.67308044433594,55.587346003605774,53.868527868225314,54.08063814760401,3527993
2023-03-29,53.75149154663086,54.855925747478764,53.42235822423932,54.68769845321716,756878
2023-03-30,53.3419075012207,54.124518559890845,52.73483385919823,54.124518559890845,885431
2023-03-31,53.597904205322266,54.12452206964821,53.210256494147394,53.94166895454804,1791061
2023-04-03,53.49551010131836,54.30737842725569,52.04000078068317,54.124525301237995,323949
2023-04-04,53.4150505065918,54.12452147826599,53.10054292884656,53.75881525206149,200392
2023-04-05,53.992862701416016,54.673076451039634,53.10053868790613,54.482907666135794,2104072
2023-04-06,54.49753952026367,54.89250288613667,53.912407367807276,54.59993680990848,1718970
2023-04-07,54.329307556152344,54.863241018021526,54.19765311214579,54.59993213000841,2316191
2023-04-10,53.42967224121094,54.62918800033579,53.02739323286833,54.62918800033579,744066
2023-04-11,53.39310073852539,53.75880690796735,53.385785052671224,53.539380974208854,319761
2023-04-12,54.43902587890625,54.5121660038318,53.39310590979274,53.53938615964384,877738
2023-04-13,54.31468963623047,54.841307488576554,53.91241056006774,54.36588828408445,334999
2023-04-14,54.31468963623047,54.31468963623047,54.31468963623047,54.31468963623047,0
2023-04-17,54.307376861572266,54.8486205365149,53.890471969480686,53.890471969480686,986977
2023-04-18,54.81936264038086,54.929075627420005,54.30737614117729,54.34394899693512,1068363
2023-04-19,54.768157958984375,55.1631213206884,54.30737016044654,54.30737016044654,1087505
2023-04-20,55.22895050048828,55.95304719585154,54.60725109213666,54.7608470226541,1068917
2023-04-21,55.22895050048828,55.22895050048828,55.22895050048828,55.22895050048828,0
2023-04-24,55.22895050048828,55.22895050048828,55.22895050048828,55.22895050048828,0
2023-04-25,55.22895050048828,55.22895050048828,55.22895050048828,55.22895050048828,0
2023-04-26,54.60725021362305,55.953046295686946,54.34394131404819,54.855927740869554,1410115
2023-04-27,54.11719512939453,55.07534904783916,53.76612034633622,55.07534904783916,2102744
2023-04-28,53.03471374511719,54.70964878101571,52.74946336059899,54.70964878101571,1504181
2023-05-01,53.03471374511719,53.034713745117195,53.034713745117195,53.034713745117195,0
2023-05-02,57.006282806396484,57.00628280639648,54.05137611516573,54.05137611516573,6029192
2023-05-03,57.22571563720703,59.98314404131501,56.684471919410036,59.61012208299249,23530334
2023-05-04,56.91120147705078,57.7888997733377,56.50161228692408,57.23302474371274,4781142
2023-05-05,57.395957946777344,58.753294578663485,56.53084510498727,57.34375291054796,2692466
2023-05-08,57.000701904296875,58.01497626084246,56.6874716238728,57.433261257219655,2168371
2023-05-09,54.81553649902344,57.313930562014704,54.442641692907635,57.313930562014704,4802446
2023-05-10,53.577518463134766,55.18096713129386,53.219542666010646,54.81553184550221,2522826
2023-05-11,54.5992546081543,55.6284421828049,53.80871947211498,53.92804284645914,2009034
2023-05-12,54.360599517822266,54.94231445294091,53.95787248045028,54.59179245615848,1814440
2023-05-15,54.517215728759766,54.815532690912555,53.56260600180907,54.44263791070227,1434377
2023-05-16,54.957244873046875,55.11386002742492,54.069753308314084,55.11386002742492,4289687
2023-05-17,55.225711822509766,55.92675004618855,54.91247592477878,54.957227161552936,2857483
2023-05-18,54.47246551513672,55.546404211029305,54.29347762912872,55.225714499890394,990829
2023-05-19,54.50975036621094,54.74094897417572,54.21889292418244,54.74094897417572,1091821
2023-05-22,54.28602600097656,54.59179678009889,54.21890197780334,54.44264113514992,965778
2023-05-23,54.1294059753418,54.74095316824645,54.002623119599725,54.14431926251978,758419
2023-05-24,54.53958511352539,54.964684908932476,54.29347889823256,54.40534277340092,1057146
2023-05-25,54.09211730957031,54.77824235736757,54.06228504358918,54.44263932244496,1323502
2023-05-26,53.83855056762695,54.44263829505707,53.47310958369651,53.78634552562586,2197486
2023-05-29,53.83108901977539,54.36805839691791,53.39852972264141,54.36805839691791,3047216
2023-05-30,55.42708206176758,55.896927454761,53.71922321909193,53.771428262757865,5905853
2023-05-31,54.808074951171875,56.008796636960405,54.25619225202728,54.59179528895723,2100421
2023-06-01,54.412803649902344,55.18842544708451,54.293480283371096,55.098928654744135,475369
2023-06-02,53.83108901977539,54.72603418839785,53.696846675489766,54.72603418839785,3159408
2023-06-05,53.68938446044922,54.24127278666522,53.47310482286548,54.218894322151876,601559
2023-06-06,53.45072555541992,53.92057652444613,53.06291756646527,53.70429691313467,2155824
2023-06-07,53.50294494628906,53.846007483572926,53.100217874715,53.36124878975381,1216068
2023-06-08,52.58562088012695,53.69684567664591,52.42154627461627,53.62226786230174,650557
2023-06-09,52.09339904785156,52.80190253591464,51.534056884080954,52.80190253591464,1121869
2023-06-12,50.161800384521484,51.9815227873174,49.222104077143314,51.9815227873174,3481955
2023-06-13,50.460121154785156,50.85538868608423,50.333332613299326,50.333332613299326,315133
2023-06-14,51.09403610229492,52.1306829681882,50.49740227462141,50.95979377556447,2204042
2023-06-15,51.340145111083984,51.64592152927919,50.340789938286576,50.467572784401675,737148
2023-06-16,51.07912063598633,51.97407143897454,50.78826318974377,50.90013275135759,788930
2023-06-19,51.12387466430664,51.75779462814688,50.63911033080908,51.07912342326578,4276332
2023-06-20,50.77334976196289,51.809996696178196,50.69877195106899,51.45947472606238,1338108
2023-06-21,50.788272857666016,51.26557776748267,50.63911720706956,50.750986789978576,1615439
2023-06-22,50.6018180847168,51.45947717562844,49.84111527351255,50.788265465787916,1688972
2023-06-23,50.84046936035156,51.795079019557555,49.669580061181335,50.713686509658785,1719662
2023-06-26,52.15305709838867,52.57069737467702,51.47438595949808,51.47438595949808,2341449
2023-06-27,54.614173889160156,55.33758500808212,51.31032579541301,52.115774223993036,6688542
2023-06-28,54.614173889160156,54.61417388916016,54.61417388916016,54.61417388916016,0
2023-06-29,54.614173889160156,54.61417388916016,54.61417388916016,54.61417388916016,0
2023-06-30,54.614173889160156,54.61417388916016,54.61417388916016,54.61417388916016,0
2023-07-03,58.64143753051758,58.7085615570903,57.239355051250264,58.544486925383005,6303547
2023-07-04,57.26172637939453,59.439430714336055,57.142402998399945,59.439430714336055,2601726
2023-07-05,58.01496887207031,58.529565474316215,57.052899684790965,57.686819654415224,1703209
2023-07-06,59.021785736083984,59.13365530885111,57.888188100520104,58.842797833610284,2958196
2023-07-07,58.95466613769531,59.439424792716316,58.41769675190676,59.036703443297604,1098658
2023-07-10,58.2909049987793,59.21568230544567,58.06716589220303,58.92482488084962,1306297
2023-07-11,59.17094421386719,59.58859025958683,58.05971930152391,58.46990585805487,3957277
2023-07-12,59.58857727050781,60.25978890310133,59.02923519166685,59.29026035714159,3194172
2023-07-13,59.22315979003906,60.59541003694314,58.84280546924396,59.991322231504235,4784952
2023-07-14,58.477359771728516,59.66316239312913,58.39532246824415,59.66316239312913,3772721
2023-07-17,58.477359771728516,59.43196945963097,58.20141559728817,58.477359771728516,3165527
2023-07-18,58.23124313354492,58.88007633034171,57.53019921156742,58.61905115404863,5530864
2023-07-19,58.23124313354492,58.9994053766026,57.94783949363635,58.67871567717908,3659248
2023-07-20,58.19395446777344,59.215688143315575,58.05971212857755,58.499730897578324,3842743
2023-07-21,58.95466613769531,59.47671654614379,58.20141709985733,58.46244230408157,8255291
2023-07-24,59.267906188964844,59.64826051515056,58.96212969205068,59.5811364858596,2161744
2023-07-25,63.71279525756836,63.71279525756837,58.99194650184635,58.99194650184635,12648864
2023-07-26,63.33245086669922,64.88369458559144,61.24424342042711,64.5033403000147,10322599
2023-07-27,63.33245086669922,63.33245086669922,63.33245086669922,63.33245086669922,0
2023-07-28,63.33245086669922,63.33245086669922,63.33245086669922,63.33245086669922,0
2023-07-31,72.53548431396484,72.77413671304545,68.23973544059203,68.23973544059203,14673538
2023-08-01,72.08055114746094,73.08736576232491,70.85745691030559,72.29683076975232,6095517
2023-08-02,76.21968078613281,77.48752628624624,71.23780694938878,71.96868312615271,18677605
2023-08-03,78.48688507080078,80.39611005226062,78.0095802479164,78.29298389832559,12084315
2023-08-04,79.30034637451172,79.74128537534575,77.69624529918268,79.06467468102971,4067599
2023-08-07,79.0114517211914,80.35706900108809,78.38045345880026,79.06466809270937,3719995
2023-08-08,76.71553039550781,78.68454174793044,76.22137510855866,78.327229374288,2947084
2023-08-09,78.51729583740234,79.29274101713528,76.02371878914238,76.59389668006095,3628129
2023-08-10,77.21730041503906,79.21672237642608,76.78396539678599,79.06467724025487,2293921
2023-08-11,77.87110137939453,80.20502949379566,77.33133363047797,77.54419913144226,11415132
2023-08-14,77.87110137939453,77.87110137939453,77.87110137939453,77.87110137939453,0
2023-08-15,77.62781524658203,78.64653023558502,77.40734577877934,78.30442584080619,866453
2023-08-16,76.99681854248047,77.92430880456847,76.40383448643055,76.82196724397816,1007952
2023-08-17,77.03482818603516,77.39214055778916,75.98569725617891,76.17575653475879,1319849
2023-08-18,76.9740219116211,77.88630429569885,76.82197678099145,76.9740219116211,1530212
2023-08-21,74.92896270751953,76.78394298823326,74.51083580499942,76.16815282625633,1396037
2023-08-22,74.92896270751953,75.50674449662107,74.19913582661948,74.7237012535767,1901474
2023-08-23,75.86406707763672,76.40383476653663,74.12312328096837,75.56757504852479,4511576
2023-08-24,75.94770050048828,76.59390098649827,75.45354514054544,75.45354514054544,10046060
2023-08-25,75.84886932373047,76.09974901304034,75.56758524797398,75.6436078143906,1378150
2023-08-28,75.21026611328125,75.93248913019923,74.69330458743855,75.30909486081386,808711
2023-08-29,74.19154357910156,75.14184005367854,73.09680598449047,74.50324360683452,1417854
2023-08-30,74.40441131591797,74.69329934236913,72.48861046638133,74.19914403910735,2201296
2023-08-31,73.08920288085938,75.26348170524507,71.46229576053572,75.26348170524507,2999070
2023-09-01,72.8839340209961,73.66697731839139,71.53831108457113,72.98276275750996,913660
2023-09-04,73.21843719482422,75.25587296474251,72.60264696665215,73.74300267817024,347198
2023-09-05,74.2371597290039,74.88336015405986,72.98276725674869,72.98276725674869,1186285
2023-09-06,74.22955322265625,74.88335762122915,73.9026510233698,74.47282887327763,1227413
2023-09-07,74.10792541503906,74.88336481332442,73.8190315645772,74.86055862516156,1186121
2023-09-08,73.97868347167969,74.49564502341495,73.30207279663425,74.49564502341495,3200703
2023-09-11,73.56816101074219,74.8073515225426,73.21085435166539,74.12313679212372,2835937
2023-09-12,73.17282104492188,74.22194615730459,72.90673921933373,73.74299887124593,1456006
2023-09-13,72.87633514404297,73.43890902243413,72.79270859183153,73.2108413528887,893778
2023-09-14,72.8231201171875,73.4769245555413,72.56463646009095,73.4769245555413,1058498
2023-09-15,72.32897186279297,73.36289499197687,71.88043466712125,73.36289499197687,4841767
2023-09-18,72.64066314697266,73.36288613079121,72.184516209667,72.95996136296722,889980
2023-09-19,72.99797821044922,73.55295395514834,72.60265739242033,72.98277601751154,1715578
2023-09-20,72.6102523803711,73.5909590074503,72.56463420691794,73.5909590074503,882935
2023-09-21,73.18043518066406,73.55294978810717,72.23013867177379,72.6026532792169,3144597
2023-09-22,73.19563293457031,73.5073329546584,72.8003121629078,73.36288603801765,1863813
2023-09-25,71.78919219970703,73.43890537475706,71.65234928471699,73.43890537475706,2349224
2023-09-26,70.30674743652344,71.72838746289976,69.95703317747285,71.72838746289976,2075200
2023-09-27,68.80907440185547,70.32194488949011,68.73305183768059,69.94182626846583,1839908
2023-09-28,68.80907440185547,68.80907440185547,68.80907440185547,68.80907440185547,0
2023-09-29,68.80907440185547,68.80907440185547,68.80907440185547,68.80907440185547,0
2023-10-02,68.44415283203125,69.47047187166896,68.08684042708603,68.8166674286095,473314
2023-10-03,68.428955078125,68.79386570247706,68.07924664639185,68.42135108174064,2027775
2023-10-04,72.32135772705078,72.67867011426837,68.50496980006852,68.50496980006852,6427190
2023-10-05,73.24884796142578,73.7049890896458,72.41258825966422,72.89913956978546,2769647
2023-10-06,72.16931915283203,73.62136921943384,71.8804310987821,72.98277274201305,1659892
2023-10-09,71.36347198486328,72.45061147278103,70.70206349635951,71.56112949164843,884303
2023-10-10,71.50031280517578,72.169319470199,70.93013489062143,71.08218001444271,1548916
2023-10-11,72.03247833251953,72.14651507830018,71.31785347243392,71.5003145857429,1574495
2023-10-12,72.48101806640625,72.75470394583856,71.69037641487961,71.8348175511383,6603532
2023-10-13,73.88745880126953,74.57927166974922,72.64067019860632,72.98277463464629,4567050
2023-10-16,73.79621887207031,75.83365463718562,73.6669799504387,75.0354033209451,2261851
2023-10-17,73.00558471679688,74.46523889529148,72.8307333913278,74.11553044420319,893777
2023-10-18,72.35177612304688,73.66698908912028,72.10850044032316,72.97517042253577,564595
2023-10-19,74.68569946289062,75.26348134778414,72.29855516496276,72.6026511991251,3130496
2023-10-20,75.9020767211914,76.73834225329594,74.19914707428181,74.9213758701767,6108214
2023-10-23,75.52195739746094,76.78395387894899,75.36230828838401,76.78395387894899,1445805
2023-10-24,75.35472869873047,75.94771290747317,74.58688734631072,75.94771290747317,815048
2023-10-25,74.0851058959961,76.55587656507953,73.36288294355438,75.56757177753555,2706525
2023-10-26,72.99797821044922,75.0202120800064,72.83073088753503,74.31319120533075,1123703
2023-10-27,72.51142883300781,74.12313393587262,72.23014475478313,73.51494179890285,1515079
2023-10-30,71.22663116455078,72.97517339274933,70.55002046318155,72.97517339274933,8100776
2023-10-31,71.2722396850586,72.22253621419271,71.12019456045702,71.72838085901303,1751671
2023-11-01,72.56464385986328,73.4997382380299,71.46230215728431,71.46990615389623,3197497
2023-11-02,73.80260467529297,73.9583204213086,72.04298823247666,72.40892676980582,1403865
2023-11-03,72.75928497314453,74.35539798662353,72.40892159953914,73.81038697430971,818894
2023-11-06,73.38995361328125,73.91939547327337,72.64250732979384,73.17194918978596,1160523
2023-11-07,73.22644805908203,74.9393449972346,72.99286850379993,73.22644805908203,2191751
2023-11-08,74.7991943359375,75.52328378925591,73.18751212567068,73.2264440294669,7270220
2023-11-09,74.7991943359375,74.7991943359375,74.7991943359375,74.7991943359375,0
2023-11-10,75.26634979248047,75.99043926803981,74.78362743555738,74.93934317517618,3398014
2023-11-13,75.88143157958984,76.3018711743921,75.44542278802052,75.44542278802052,2758478
2023-11-14,75.73348999023438,76.29407606120104,75.52327318370872,75.67898889667782,2515511
2023-11-15,75.97486877441406,77.08825352020658,75.36756908401352,76.30187538614133,3705878
2023-11-16,75.95928955078125,76.69116654352446,74.94712543461596,76.3018712818822,1969654
2023-11-17,75.53886413574219,78.79337337162352,75.28971535912726,78.63765761380495,2955404
2023-11-20,75.07948303222656,76.06050873696886,74.60454234644831,75.91257463937998,405567
2023-11-21,75.32864379882812,76.06830252465872,75.25078592350519,75.52329145722304,1664356
2023-11-22,75.61671447753906,76.10722437340104,74.78362284732466,74.78362284732466,1455934
2023-11-23,75.45321655273438,76.61331486281287,74.82255413865364,75.13399156113891,3262230
2023-11-24,78.96466064453125,81.11357245680097,75.52329146920536,75.83472891072165,11462732
2023-11-27,84.88972473144531,84.88972473144531,79.49409210848219,79.61088187628667,10967560
2023-11-28,89.34326934814453,90.70580286761515,86.6182023092033,86.6182023092033,7088651
2023-11-29,86.56370544433594,90.70580730872388,85.25567296399369,89.53792137771028,3955219
2023-11-30,86.9452133178711,88.83718876660676,84.90530969030037,87.96517107183149,3226380
2023-12-01,86.843994140625,87.97294810730494,86.03425922334898,87.58365281670156,885115
2023-12-04,86.82064819335938,88.05860452047058,86.54814264401182,87.20215596244594,1225196
2023-12-05,87.3033676147461,89.07077172015964,86.83621441187839,86.83621441187839,2229251
2023-12-06,91.06395721435547,91.87369216319102,87.55251189300486,87.9807391054287,2952670
2023-12-07,94.279541015625,96.70095846520593,91.95934415446618,91.95934415446618,6384442
2023-12-08,100.84304809570312,101.34912718466919,94.36516922698549,94.98804402287735,8661913
2023-12-11,96.9500961303711,103.16325155466073,94.33403725402117,100.80412305444247,24836375
2023-12-12,96.32722473144531,97.63525710574893,95.3773433007972,97.30825049721666,2279126
2023-12-13,95.68099975585938,97.79097959984698,94.36517972179065,97.09024686158035,4172921
2023-12-14,96.02357482910156,96.92673678641215,94.20945740548626,96.49851554412831,4067144
2023-12-15,97.17588806152344,98.64742377755132,95.37734572863928,96.54523159470425,3642220
2023-12-18,96.21822357177734,98.49170659885203,95.76663961785611,97.40946618732762,1659917
2023-12-19,93.43865203857422,96.50629471601908,92.02939912683385,96.50629471601908,2757183
2023-12-20,92.77686309814453,94.20946701804394,90.51116149460833,92.73014362063466,2337889
2023-12-21,93.18173217773438,93.6255286246684,90.39437613690464,90.74474550459495,902675
2023-12-22,90.27758026123047,94.20946527911478,89.53792154626612,93.04157934590262,1557241
2023-12-25,90.27758026123047,90.27758026123047,90.27758026123047,90.27758026123047,0
2023-12-26,84.08778381347656,92.49656457089414,83.50384087032742,90.31650854040075,5375214
2023-12-27,85.66831970214844,86.37683997407977,83.34812312366871,86.03425822148223,2964157
2023-12-28,86.54813385009766,88.36224543152765,85.80068164758309,86.62599172197525,3342584
2023-12-29,86.2989730834961,87.20214096621564,85.29459650864945,86.43133799056667,1490758
2024-01-01,90.12186431884766,90.70580728419657,86.29119989180084,86.29119989180084,2877447
2024-01-02,90.72916412353516,92.49656815987524,89.53792142371718,91.00945722233644,4163065
2024-01-03,91.63232421875,92.81577924738096,90.69801198966549,91.10288240432112,3264531
2024-01-04,90.70580291748047,91.67904114620879,90.39436549625245,91.17295607923512,1132175
2024-01-05,91.41432189941406,91.86589991659,89.69363150813594,91.44546029493682,1060265
2024-01-08,90.59680938720703,91.8736975903676,90.32430384510117,91.28975459720849,573038
2024-01-09,89.989501953125,91.43768092791606,89.7481348305433,91.08731159778448,390894
2024-01-10,89.56906127929688,91.09509810742072,89.46005907301479,91.09509810742072,447283
2024-01-11,91.42210388183594,91.70239696402226,88.76711311023878,89.7325637598946,1236084
2024-01-12,92.23963165283203,92.65228373078483,91.4843978014052,91.8736931111984,1597241
2024-01-15,91.67904663085938,94.06153205646135,91.30532051499284,92.88586448274964,1911765
2024-01-16,91.67904663085938,91.67904663085938,91.67904663085938,91.67904663085938,0
2024-01-17,89.86492919921875,91.25081957189117,89.48342145329968,90.32430076037343,5075262
2024-01-18,89.26541900634766,90.19972540814041,87.71602527964083,89.53792454518927,872339
2024-01-19,89.24983978271484,90.7058063667209,88.8138309405205,89.73256810098356,358815
2024-01-22,89.53791809082031,89.91164418870238,88.05859477780658,89.25762500245246,563759
2024-01-23,90.32428741455078,90.78365296765702,89.61576719378449,89.61576719378449,9668921
2024-01-24,90.1063003540039,91.05617597639863,89.927221887218,91.05617597639863,744945
2024-01-25,90.19192504882812,91.1028804926004,89.54569941697693,90.31650238616172,3340148
2024-01-26,88.75932312011719,91.00944934505355,88.37781541206027,90.31650422748766,2069564
2024-01-29,87.22549438476562,88.73596188367792,86.82062993092197,88.68146078527253,3150745
2024-01-30,86.46249389648438,88.74376473431484,85.95640878689805,87.97295571533364,1339104
2024-01-31,86.56370544433594,87.51358695198834,86.04205115412519,86.96856995341031,956494
2024-02-01,86.98414611816406,87.47465607651156,86.57927566413984,86.79728603024716,636327
2024-02-02,87.1009292602539,87.84837549511258,86.81284861070618,87.20214389595598,2207990
2024-02-06,87.43572235107422,88.52574438401922,87.04642707068685,88.52574438401922,1221222
2024-02-07,87.93402862548828,88.75933280155901,87.46686949018206,87.89509671748772,2244630
2024-02-08,87.93402862548828,87.93402862548828,87.93402862548828,87.93402862548828,0
2024-02-09,86.20555114746094,87.12428828203775,82.74081945495291,86.03426026708944,1497628
2024-02-12,84.414794921875,87.51358825186931,82.02452191850361,85.64496954645705,3683386
2024-02-13,85.64497375488281,86.03426909013228,80.19483906139027,83.31698931334012,1386292
2024-02-14,87.1242904663086,87.63037555095553,86.42355772911858,86.42355772911858,961375
2024-02-15,85.36466979980469,87.5836517409544,84.36028724956331,86.50919889054892,939367
2024-02-16,85.69168090820312,86.7272078484376,84.09557371673323,86.03426267854836,524336
2024-02-19,86.08097839355469,86.79728628969828,84.48487116167982,85.64496954038694,448399
2024-02-20,85.64497375488281,86.6493564326475,84.79631277532317,85.64497375488281,347629
2024-02-21,86.99971771240234,87.98074359628252,86.07319887668102,86.07319887668102,528231
2024-02-22,87.94180297851562,88.29217230100522,85.68389506550885,87.20214430910646,725835
2024-02-23,88.58024597167969,89.54570254926324,87.20214328522395,88.00409061679406,3344363
2024-02-26,89.34326934814453,90.31650757633783,88.5802479635641,88.5802479635641,3552299
2024-02-27,89.67805480957031,90.31649878753038,88.91503349924041,89.92720353413584,3449850
2024-02-28,89.38219451904297,91.07952209873775,88.8060332544363,89.53791024775195,5010576
2024-02-29,90.29315185546875,90.74473582422463,89.53791803121229,89.53791803121229,1616054
2024-03-01,91.14181518554688,91.71797651564164,90.19972125737567,90.35544294395869,2452549
2024-03-04,89.86492919921875,91.09510382177015,89.42113277718124,91.09510382177015,4070863
2024-03-05,90.08293151855469,90.63573608095778,89.57685237241026,90.31651107844826,1626318
2024-03-06,90.27758026123047,91.83476150551336,90.16079642004928,90.31651216840756,1631771
2024-03-07,89.48342895507812,90.7058161105489,89.23428016989223,90.46445489557443,677456
2024-03-08,89.11746215820312,90.31649216353992,89.00067240271552,89.91940937095158,491915
2024-03-11,89.28097534179688,90.31650218036883,88.75932110829349,88.75932110829349,396401
2024-03-12,88.51018524169922,89.46785435392518,88.18317859466606,89.2809883211846,317710
2024-03-13,87.81723022460938,88.75932409206385,87.24885650051847,88.51017534976329,471491
2024-03-14,88.48681640625,88.7593219082844,87.63036799692425,87.9729437965499,1131221
2024-03-15,88.44009399414062,89.14082664762914,88.13644416765797,88.13644416765797,651359
2024-03-18,87.64116668701172,88.36747593983289,87.15696257079408,88.36747593983289,555706
2024-03-19,87.35063934326172,89.13412822709998,87.24573040550268,87.5604633757689,1222965
2024-03-20,87.32643127441406,88.36747348166693,86.74538388832045,87.96396903654517,734100
2024-03-21,86.34996032714844,87.80257894498052,85.69628502761893,87.75415421972622,2215557
2024-03-22,84.72786712646484,86.34995682441324,84.34050628208259,86.34995682441324,1356805
2024-03-26,84.09839630126953,84.73593406785687,83.12191627608817,84.32435780699886,898188
2024-03-27,84.3001480102539,85.86574722894191,83.52542021377643,83.9289246592536,1253860
2024-03-28,85.26049041748047,85.34119007504248,84.01769598866007,84.33242896304435,432652
2024-03-29,84.26787567138672,85.90610290512106,84.13068562334756,85.50259841771891,671014
2024-04-01,84.72786712646484,85.4622482192985,84.45348704144321,84.69558602993472,358080
2024-04-02,84.41313934326172,85.13137685368002,84.00963484720694,85.13137685368002,278078
2024-04-03,85.92222595214844,86.10783452398151,84.41311731421489,84.73592205821528,1048329
2024-04-04,87.8429183959961,88.69028021211075,85.54294423981406,86.09978235651737,1760545
2024-04-08,89.0130844116211,89.3358830470408,87.11660856508912,87.95589856255684,1508661
2024-04-09,88.48851776123047,91.06287169331236,87.76220859661935,90.21551613208992,4306345
2024-04-15,89.54571533203125,89.98150091836706,87.95590666252558,89.96536344790567,1519132
2024-04-16,93.45970916748047,95.61442785022697,89.57799789557565,89.82010305538671,15884192
2024-04-17,93.14497375488281,94.82355388863145,92.40252698083661,93.61304043473403,3631693
2024-04-18,92.28145599365234,94.20214089779465,91.67619938745393,93.45162245982908,3250009
2024-04-19,92.87057495117188,93.49196902324559,91.31304770798718,91.51479990965883,2278618
2024-04-22,92.42671966552734,94.01652803457789,90.79656454945346,92.88671444911654,48145538
2024-04-23,93.56461334228516,94.09723601183887,91.67620932462009,92.80602301005338,13143411
2024-04-24,95.3884506225586,96.11475987237287,92.78988710631764,93.60496167173038,12553982
2024-04-25,95.0091552734375,96.67966335815454,94.62986012620892,96.35685858453519,4556109
2024-04-26,95.13826751708984,95.71124302973014,93.85512647265351,95.22703897818792,3845181
2024-04-29,94.16179656982422,95.87265761566765,93.128826186292,95.26740095434901,5594822
2024-04-30,93.9923324584961,95.38845448022167,93.61303727064325,94.37162764634893,4028185
2024-05-02,90.87725830078125,93.41126535211542,90.38498245733847,91.59549561524925,3468446
2024-05-03,90.46569061279297,91.90216537685102,90.16710127956068,90.16710127956068,6791235
2024-05-06,90.38497924804688,91.47443982008554,89.90077523347281,91.20812545712397,2726018
2024-05-07,91.09516143798828,91.58743735426506,89.98149138445464,90.3688583613733,3366186
2024-05-08,91.80533599853516,92.24112155196839,90.4334171472847,91.50674048313013,2989702
2024-05-09,91.64393615722656,92.48322622023372,91.11131344160054,91.6035894031431,1997634
2024-05-10,91.15971374511719,91.83760434199311,90.7884904341805,91.35339413408664,790046
2024-05-13,91.53901672363281,92.079711190942,91.1920026619141,91.52287925524573,1666197
2024-05-14,92.72531127929688,93.01583493649689,91.27269299329681,91.27269299329681,4424900
2024-05-15,92.88671875,93.49197539627322,92.40251466437921,92.81409090780193,2513749
2024-05-16,93.59689331054688,93.93583556500103,92.64462257875483,93.20952633617843,4248282
2024-05-17,93.17723846435547,94.21020877821604,93.00776734945542,93.61302396995079,1108541
2024-05-20,91.82953643798828,93.6937248840014,91.40988839420885,93.6937248840014,1263164
2024-05-21,91.76497650146484,92.56391354690288,91.43410607132948,91.59550538012883,1899860
2024-05-22,91.1355209350586,92.20077250237317,90.79657865386524,91.91832060137871,777246
2024-05-23,91.4260482788086,91.97481463266325,90.5948300127471,90.99026268983667,905976
2024-05-24,92.23304748535156,92.76567015520808,91.23235817802257,91.39375749446654,2939584
2024-05-27,93.43547821044922,94.25863063728386,91.86181350766029,92.48320757679043,6155777
2024-05-28,93.43547821044922,93.43547821044922,93.43547821044922,93.43547821044922,0
2024-05-29,91.85374450683594,93.08846702788772,91.27269716587304,92.60426296274821,1996194
2024-05-30,91.7811279296875,92.40252209408325,91.48253241033451,92.32182243282257,1100479
2024-05-31,91.97480773925781,92.3056781953332,91.51481290042851,91.99901702177681,2288708
2024-06-03,91.25657653808594,92.39445599328863,91.11131467603987,91.99902331877037,1294625
2024-06-04,90.36886596679688,91.59551687579369,89.7555374338036,91.25657459058283,2328511
2024-06-05,87.8429183959961,90.3849976873507,87.47976685022658,90.3849976873507,2994912
2024-06-06,87.81871032714844,89.16641374432142,87.2376629202982,87.84291960960229,1251708
2024-06-07,86.22889709472656,88.3674718456773,84.0257663130633,87.8187055641917,2526399
2024-06-10,85.12330627441406,86.72118053847721,84.81663893467231,85.93031521985716,1047371
2024-06-11,84.7359390258789,86.55170914786203,84.3324345543271,85.12330602764406,619877
2024-06-12,84.54225158691406,85.89802674508526,83.97734167943241,83.98541349215063,391283
2024-06-13,88.37554168701172,89.09377907745068,84.57453070796173,84.73593001662638,5604030
2024-06-14,90.68358612060547,91.39375168762244,87.8832644436016,88.77097294162003,5185713
2024-06-20,98.39051818847656,98.39051818847656,90.43341038039681,91.4744525428685,20943162
2024-06-21,101.40068054199219,103.27294114728902,98.77790133180969,99.665609986935,12901998
2024-06-24,102.35293579101562,104.89500878931477,101.52171764546495,101.52171764546495,5385468
2024-06-25,101.93329620361328,103.53924841089926,101.27962093910352,102.32873501322072,2583232
2024-06-26,99.83507537841797,102.44978262398567,99.4638520042995,102.44978262398567,2146667
2024-06-27,100.03682708740234,101.68312605765068,99.4638514809956,100.8761171206852,1148778
2024-06-28,100.09331512451172,100.55330996153852,98.13228320729446,100.55330996153852,3455006
2024-07-01,100.93260955810547,101.44102298224452,98.87473426408562,100.06103841073309,1963928
2024-07-02,101.70732116699219,102.32872140977317,101.22311710368814,101.67504007517343,2221151
2024-07-03,106.94481658935547,107.93743403009223,102.08661984902182,102.28837206216218,7324743
2024-07-04,107.09815216064453,108.8654912356812,102.49012611179836,106.92060922478143,6996226
2024-07-05,112.17422485351562,113.58649027433327,105.15325065281765,106.92866757619295,10034650
2024-07-08,115.38611602783203,117.09698307589646,110.9717768588257,112.98123322565667,5278504
2024-07-09,113.42510986328125,117.74260033752331,112.17424353374221,115.4910507955365,3225650
2024-07-10,111.33495330810547,114.18369374116304,110.56021934563512,114.18369374116304,1934735
2024-07-11,112.94087982177734,114.57104105614923,108.46197849024752,111.28650930836831,4112879
2024-07-12,118.33171081542969,119.51801480202228,110.95565046888967,112.97317258024064,13200563
2024-07-15,120.0587387084961,123.68220142861053,119.43733829781581,119.43733829781581,7829515
2024-07-16,120.0587387084961,120.0587387084961,120.0587387084961,120.0587387084961,0
2024-07-17,120.0587387084961,120.0587387084961,120.0587387084961,120.0587387084961,0
2024-07-18,119.5503158569336,120.88187581575255,118.30752738296793,120.16363827975061,3008807
2024-07-19,114.3531494140625,119.63905974413692,113.06194266693055,119.63905974413692,4105210
2024-07-22,114.9422836303711,116.41104589132203,110.96373525169344,114.30475195143978,5099615
2024-07-23,114.0384292602539,117.01629416475217,113.0619553565004,115.78963715042136,2318442
2024-07-24,114.1836929321289,115.71700490630629,113.78825414073523,114.27246440309571,988990
2024-07-25,112.77141571044922,114.59525119073474,111.77072035152649,114.59525119073474,2704698
2024-07-26,110.49565887451172,112.73914266721322,109.75321215233515,112.73914266721322,675443
2024-07-29,109.84195709228516,111.92404106226476,109.39003418047113,109.58370839183382,1836143
2024-07-30,107.84060668945312,112.01284135794212,107.42902425637024,111.35108812811103,1604367
2024-07-31,106.41219329833984,110.4795127075906,105.15326139342838,107.84060248921023,2350522
2024-08-01,107.52587127685547,107.88094485244152,105.71816689087986,106.41219504394401,1582379
2024-08-02,109.6563720703125,110.9637225335069,106.52517363216661,108.54269586004857,4088836
2024-08-05,106.18622589111328,109.34969910336352,105.33886413637285,108.94619467862786,1826989
2024-08-06,106.92060852050781,109.10759563990437,105.80693235088007,107.2272635144512,2048309
2024-08-07,108.21989440917969,108.90584456039797,105.85535201644862,105.85535201644862,1305601
2024-08-08,109.92268371582031,110.35039743224941,107.00938119951411,108.0181422880692,3188687
2024-08-09,111.2542495727539,111.36723032835394,109.04304071146291,109.95496472636395,1073467
2024-08-12,110.89916229248047,111.60933406964217,109.86619187877906,109.86619187877906,643068
2024-08-13,110.56021881103516,111.28652189223158,109.43847693755532,110.56021881103516,479120
2024-08-15,111.34302520751953,112.13389052627892,109.75321659959819,110.56022554518347,428031
2024-08-16,110.85881805419922,112.12582804536103,110.17286781941256,111.75459850172737,181836
2024-08-19,110.8345947265625,111.36722353359967,108.62339831416017,110.92336619440202,702144
2024-08-20,110.48757934570312,111.36721599494636,109.76126402691497,111.35915033986258,186616
2024-08-21,109.74514770507812,110.94758311757487,108.98655734837394,110.51986937415296,403561
2024-08-22,108.05848693847656,109.7532105564843,106.93674505843634,109.7532105564843,842193
2024-08-23,108.19569396972656,108.62340772072578,107.33218849742079,108.62340772072578,515666
2024-08-26,104.16064453125,108.90584848507686,103.70064354799278,108.23602962105831,3044515
2024-08-27,103.68450164794922,104.89501501690776,103.2164411579305,104.1122153865296,635725
2024-08-28,103.23257446289062,104.10414553106062,102.08662333084627,104.10414553106062,514558
2024-08-29,102.52241516113281,104.0880082978942,101.6831251354617,103.29714299475474,1469353
2024-08-30,101.21504974365234,103.94274363092879,100.55330272473105,102.31258228581287,2262774
2024-09-02,99.44770050048828,104.18484453340929,98.44700512157185,101.31996073360563,4119350
2024-09-03,99.73963165283203,100.08994493284564,98.83882062118506,99.67290349562545,1820294
2024-09-04,100.05657958984375,100.63209880227002,99.58949522239475,100.08994366802543,471361
2024-09-05,98.86384582519531,100.46528347738587,98.42178290320446,100.46528347738587,1560409
2024-09-06,99.67291259765625,100.0482473800107,98.44680964209482,98.83882964704824,985098
2024-09-09,97.27909088134766,100.00654565537064,96.75362092067294,100.00654565537064,1674924
2024-09-10,99.87308502197266,100.42358279244745,96.83702376418066,96.83702376418066,2113941
2024-09-11,97.60438537597656,99.67291392090712,96.80366649638833,99.66457130949688,1837630
2024-09-12,97.11227416992188,97.92133561665531,95.91953534543241,97.7962219065387,1187511
2024-09-13,96.3365707397461,97.9880576095311,95.75271528068167,97.58769503506747,745390
2024-09-16,96.75361633300781,97.12895109232892,95.54419867426422,95.83612641635258,238665
2024-09-17,96.75361633300781,96.75361633300781,96.75361633300781,96.75361633300781,0
2024-09-18,96.97047424316406,97.50428675984391,96.37827618133322,96.37827618133322,904474
2024-09-19,99.814697265625,101.84151892959858,96.76195721725402,97.33747008037425,3631265
2024-09-20,106.63749694824219,108.40575497809792,99.46438531754782,99.46438531754782,16166846
2024-09-23,107.02117919921875,107.91365404738791,105.43642671584176,106.76261552607681,6578961
2024-09-24,107.12126159667969,107.93032303433274,105.3279884381428,107.55498827174306,4258144
2024-09-25,107.97203063964844,108.5975928249617,105.97023673748413,107.58835962649631,3701632
2024-09-26,107.42987823486328,110.43256898744178,106.88771672284444,108.43077515238944,4352809
2024-09-27,106.64583587646484,108.1388386083719,106.42897254926632,106.76260696875313,2536054
2024-09-30,105.96189880371094,107.50495098955109,103.09265141742368,107.17965914791363,2427707
2024-10-01,104.21031951904297,107.48825920567559,103.50968657428933,105.9368708667838,1360816
2024-10-02,105.611572265625,105.92852145627074,102.67559708372309,104.05183505251792,4590754
2024-10-03,106.92108154296875,108.26395542755513,104.73578220624283,105.13614477032854,7029524
2024-10-04,107.96368408203125,109.4733719754143,106.42896835824575,106.98780869338741,2129048
2024-10-07,107.68011474609375,108.27230651787615,106.97113914242064,107.59670135962779,2489854
2024-10-08,114.89491271972656,117.27205393579999,107.38816706108744,107.38816706108744,10525888
2024-10-09,114.89491271972656,114.89491271972656,114.89491271972656,114.89491271972656,0
2024-10-10,114.80318450927734,117.55566097623542,113.98578672646805,117.55566097623542,2862475
2024-10-11,113.47698974609375,115.85411855615679,112.4260370665895,114.6864074979254,4278696
2024-10-14,112.90979766845703,114.26935686292722,112.60119106930784,114.10254282898428,1370755
2024-10-15,114.4778823852539,115.08675936185831,112.27590395446836,112.80971652171651,674825
2024-10-16,112.46774291992188,116.35457255586083,111.77545253803693,115.06174142648763,2452858
2024-10-17,111.83383178710938,113.22674864092876,110.30745862072065,113.22674864092876,1650771
2024-10-18,111.7837905883789,112.55948155393739,109.76531155601232,110.31579658149799,1812545
2024-10-21,112.78468322753906,113.00154018530917,111.35005971713578,111.78378635977016,1067275
2024-10-22,112.8347396850586,115.10344631168853,112.6929471117812,112.7680115222641,1433632
2024-10-23,115.72066497802734,116.20443458247232,112.1841489354097,113.36854511439088,3975976
2024-10-24,118.7352066040039,120.14371051981112,115.94396304911774,117.63588711385789,4238144
2024-10-25,119.18179321289062,120.01487299485207,117.79045693208104,117.79045693208104,3277897
2024-10-28,120.11795043945312,121.526454404467,118.94992180225215,118.94992180225215,3452345
2024-10-29,120.04065704345703,121.82705454520337,119.3879270668075,119.72287577932728,1472662
2024-10-30,117.64445495605469,120.66758969830083,116.88868109918336,120.23816767090474,619331
2024-10-31,112.29387664794922,117.66165277834833,111.64974351230133,117.66165277834833,3432757
2024-11-01,115.02499389648438,115.85807379339036,111.69268741378252,112.07058094700858,942345
2024-11-04,113.38461303710938,115.93538131639365,112.93801039127894,114.99923119447406,443202
2024-11-05,112.02763366699219,112.94659009821727,111.44361282707453,112.94659009821727,702163
2024-11-06,112.86930847167969,113.37602342820351,111.22891282775703,112.02764478568312,518233
2024-11-07,111.28902435302734,113.71095799410047,110.79089318317907,113.15271454948714,1417473
2024-11-08,110.74794006347656,112.45704447835593,110.3271148568654,111.22889064527243,1166098
2024-11-11,109.45110321044922,112.45705780788971,109.08179995495095,112.45705780788971,1128150
2024-11-12,107.77635192871094,109.9320526075002,107.35552012451191,109.9320526075002,1043642
2024-11-13,107.65611267089844,108.12847957341262,106.84021335105852,107.78494060362603,1150637
2024-11-14,112.10491943359375,112.49999348614305,107.57022362957883,107.78493465478758,2093410
2024-11-15,114.97345733642578,115.94395537872619,112.50857892306023,112.50857892306023,2916396
2024-11-18,118.82109069824219,119.89464586138162,113.4103700550351,115.25687969366638,2788981
2024-11-19,118.75239562988281,121.09703671390119,118.17697156702454,119.16463719187085,1966284
2024-11-20,115.16240692138672,121.07984248756686,114.66427575047703,118.94991270206317,4070058
2024-11-21,115.8580551147461,116.71689915000712,114.66426242993005,115.17099037047323,2979799
2024-11-22,124.27474212646484,127.44387904093081,116.37337880635351,116.37337880635351,19337975
2024-11-25,126.40467834472656,132.85460643298765,124.53240434901429,124.70417056161473,8325904
2024-11-26,132.6999969482422,139.04685431228458,123.7594398421404,126.88563183664326,15664430
2024-11-27,145.96913146972656,145.96913146972656,136.12677349973276,137.38927522348664,16437727
2024-11-28,152.39332580566406,156.6531859465961,147.50649992673306,150.52103852624063,9935745
2024-11-29,155.4508056640625,157.08260445945086,148.15062970746288,152.8742729734979,4003513
2024-12-02,156.68753051757812,158.70580642895553,152.65954931372252,156.61023768842333,3552010
2024-12-03,153.0803985595703,156.69612538864325,150.39221195618336,156.69612538864325,3401122
2024-12-04,149.24134826660156,153.73309940094964,148.40826841139824,153.01167347631628,4623087
2024-12-05,149.88548278808594,151.92952292729237,146.75069381819233,149.26711395969295,5266009
2024-12-06,149.57627868652344,152.23010358120686,148.62296129363756,150.29770452305334,3748921
2024-12-09,143.530029296875,147.70401236513354,142.7742553607373,146.01208835134855,3592330
2024-12-10,140.6786651611328,144.67228495464488,138.65179257591797,143.4269636398341,3169807
2024-12-11,140.97067260742188,142.95460041762874,138.35979226221812,140.50690255117294,1676345
2024-12-12,145.49679565429688,146.00351057522957,140.85044549610382,140.85044549610382,3035039
2024-12-13,139.1585235595703,145.48820106914084,137.94755010211819,145.14466863386986,2530295
2024-12-16,137.09732055664062,139.77691059380325,136.169767134948,139.13277736526038,4109609
2024-12-17,140.4639434814453,143.5128424035888,135.44829750021157,135.74888504723313,3255283
2024-12-18,138.8922882080078,143.51287430189674,137.42365882668634,143.4269846379887,1767041
2024-12-19,132.68284606933594,140.07749520533272,130.97374138205373,138.89228600777565,2194124
2024-12-20,134.45204162597656,134.8385188360512,131.40314255997347,131.49761593176243,1293668
2024-12-23,137.58682250976562,139.13274451424138,135.01029020394634,135.6887843832345,1939151
2024-12-24,135.93783569335938,139.5707423690513,135.48264939355278,137.78434516578835,1415722
2024-12-26,134.70970153808594,135.95502285480893,132.27057434862994,135.95502285480893,1519902
2024-12-27,134.13429260253906,135.43115584516644,133.1208626482256,134.40912906095036,1197397
2024-12-30,147.29176330566406,147.54941915692055,134.94158094103716,136.63350486821895,7671167
2024-12-31,149.83396911621094,153.30369401572287,145.1103258832335,148.67452417160186,7407018
2025-01-01,149.83396911621094,149.83396911621094,149.83396911621094,149.83396911621094,0
2025-01-02,152.03260803222656,154.5490153153759,149.43889480926214,149.43889480926214,4388527
2025-01-03,155.8802032470703,156.7390473420955,149.43887253438146,152.66812161390462,4584507
2025-01-06,154.6348876953125,157.08258559443595,151.5859884233209,157.08258559443595,4291933
2025-01-07,151.6804656982422,156.0949241004628,146.94823915442637,154.6864202201218,2682335
2025-01-08,148.62301635742188,153.30371541146488,147.29180500317213,151.8436826475787,673197
2025-01-09,149.56768798828125,151.1565547431748,146.4329124074506,147.80706814708395,1870419
2025-01-10,147.91014099121094,149.85112405807948,147.30035587677338,149.85112405807948,543986
2025-01-13,148.6745147705078,149.43888555749584,147.7211972177545,148.6745147705078,832354
2025-01-14,147.6095428466797,149.39594028733183,147.08564738040707,149.37875973460692,812561
2025-01-15,147.4635467529297,150.12596901912195,147.2917805336417,148.83770271707843,1548222
2025-01-16,148.02178955078125,148.99227449652184,146.87092846847762,148.53708816061808,1232646
2025-01-17,148.7432098388672,149.438871454021,147.30034495509716,148.58002736520478,1706111
2025-01-20,148.79473876953125,150.5124269515749,147.80707330682446,148.49413809570527,1662367
2025-01-21,149.3272247314453,151.58598898755426,148.79474556427067,151.07067726744103,2763327
2025-01-22,147.91873168945312,150.34067860405034,147.37766875921605,149.32723564176138,3466260
2025-01-23,147.42059326171875,148.91498680207386,147.29177188105098,148.91498680207386,713488
2025-01-24,149.87689208984375,151.500107054538,147.50648688733023,148.32238623166145,3353657
2025-01-27,149.69654846191406,151.24247066129027,149.09536013574626,149.88549523655573,2683010
2025-01-28,150.01431274414062,151.0535199777779,148.3223886454007,150.62409788378145,2280815
2025-01-29,149.1984100341797,151.07068403157336,147.7641418450488,151.07068403157336,1520016
2025-01-30,149.2241668701172,150.6412544358361,148.58003377571382,148.58003377571382,1126862
2025-01-31,151.14797973632812,154.07662819361903,148.5800311279634,148.72603305416914,2648935
2025-02-03,148.02178955078125,152.01540947293213,147.72118886635212,151.15656535161614,1015872
2025-02-04,145.60842895507812,149.0008737739741,145.18760371586592,148.5800354298404,1734368
2025-02-06,141.51173400878906,146.8623286280231,140.16334259593634,146.00348460095864,2172957
2025-02-07,140.97067260742188,144.70664975217176,140.16335704198747,141.70927907101918,1574322
2025-02-10,142.67117309570312,144.28580414518814,137.50094121604332,140.89337268061573,516169
2025-02-11,142.16445922851562,145.10170440362666,141.0651398567169,143.42696107197395,493311
2025-02-12,140.35231018066406,144.1655803241071,139.8541789983752,142.13870759493116,866334
2025-02-13,140.21487426757812,141.6147942564859,139.57933806052662,140.03452435662788,313059
2025-02-14,139.57936096191406,141.27986878305526,139.13275831522768,141.25410450583513,313820
2025-02-17,139.8284149169922,140.83326100674492,137.86166756626352,139.57935587796158,246520
2025-02-18,141.63198852539062,141.9669372116618,139.562171028343,140.72161584500856,410196
2025-02-19,139.52783203125,143.4269788641454,139.1757027702944,142.38777163435316,1208852
2025-02-20,137.78436279296875,139.75112326518402,136.6506953122592,139.75112326518402,898037
2025-02-21,135.86915588378906,139.10700233169467,135.2679675379384,138.01626647962937,468454
2025-02-24,132.58836364746094,136.1267973405942,128.48308967195538,136.1267973405942,7249879
2025-02-25,133.74777221679688,137.41503975976298,132.4337419474877,134.83850776426743,2334637
2025-02-26,132.03871154785156,134.3146434276447,131.31727246272175,133.12943424235945,808789
2025-02-27,130.278076171875,132.60553656825923,129.09286700616184,131.83258204579025,670014
2025-02-28,130.94798278808594,131.78964647690842,130.14066710281978,131.40316918851505,1146474
2025-03-03,129.96888732910156,131.31726583561354,128.8266230322913,130.5443113393885,175840
2025-03-04,131.34303283691406,131.81539975215077,129.6854698765368,130.5443140479046,217870
2025-03-05,130.26089477539062,132.26200328073526,129.7799441329755,131.40315910358763,286992
2025-03-06,131.72950744628906,132.26198657529036,129.94311021086352,131.27432113828723,380000
2025-03-07,132.25340270996094,132.77729811548275,131.5491442840475,132.25340270996094,213958
2025-03-10,135.19923400878906,136.12678719126325,132.03869407288067,133.1036523489312,1360061
2025-03-11,133.67909240722656,136.54764195031677,133.12943265197927,135.69738148777955,785703
2025-03-12,134.28030395507812,135.68880800324766,133.5932259329391,133.67910249512943,766770
2025-03-13,135.147705078125,138.0591859878238,134.40909864444433,134.7354635887211,1196969
2025-03-14,135.18206787109375,136.45316668533735,134.58947639861833,135.68879589396482,381403
2025-03-17,134.59950256347656,135.84406765542084,134.25525886254042,135.04966325898064,1343015
2025-03-18,135.38507080078125,135.84405337471833,134.60831033936628,134.60831033936628,1060902
2025-03-19,135.9499969482422,136.81501715647786,135.0496620963943,135.6675336737055,1120793
2025-03-20,135.95883178710938,136.81503015005185,135.82643553246527,136.02944761245004,1916112
2025-03-21,134.46710205078125,137.34463964024363,134.21113147353395,136.99156051987856,1177327
2025-03-24,133.69033813476562,136.28539863346546,133.2843005644825,136.28539863346546,191587
2025-03-25,133.8139190673828,136.02061289455872,133.2843071614245,133.3019644832472,818442
2025-03-26,134.95257568359375,136.3736871368378,134.22878706621125,135.0496707568685,754544
2025-03-27,134.86428833007812,135.93233402358575,134.60831778309628,135.90585477626314,568480
2025-03-28,134.86428833007812,134.86428833007812,134.86428833007812,134.86428833007812,0
2025-03-31,134.86428833007812,134.86428833007812,134.86428833007812,134.86428833007812,0
2025-04-03,135.6675262451172,136.72673652945136,134.23759303469555,135.47333612165383,1200284
2025-04-04,139.6748809814453,143.43508197404213,135.9323238400153,136.3560052340261,5435627
2025-04-07,134.17581176757812,139.46305522906906,126.31998682882003,137.26518324417142,1971965
2025-04-08,133.4167022705078,136.37367736124597,132.41928582773676,135.93233859955907,2340621
2025-04-09,132.62229919433594,134.6083236415057,131.29828289622276,133.19603420274888,987736
2025-04-10,133.31961059570312,135.88820548652473,132.99302421369566,135.88820548652473,2934385
2025-04-11,132.39280700683594,134.16698398585112,131.6160464738111,134.16698398585112,716336
2025-04-14,134.4318084716797,135.93235777942243,132.40164718774912,132.40164718774912,1745894
2025-04-15,134.59066772460938,136.46195327078448,134.21112284677832,135.84406821700955,1781141
2025-04-16,133.58441162109375,135.49099828215108,132.84296574243479,134.65245733829227,1080459
2025-04-17,134.32586669921875,135.040846847524,133.27549170014404,133.2843136271882,916312
2025-04-18,129.45350646972656,135.4027451689274,126.13462990920235,134.6259980010406,9362714
2025-04-21,127.20267486572266,130.3097039206073,127.00848470800538,129.66533954791274,3660704
2025-04-22,127.27326202392578,128.77381097579521,126.54063813367314,127.89995546290832,1889245
2025-04-23,124.2015609741211,127.1055641170035,123.23061030523567,126.7083619228559,4346336
2025-04-24,122.00369262695312,123.1158614966249,121.58883309896487,122.69218004178668,1647520
2025-04-25,130.450927734375,131.07763481015306,121.89779237250188,123.05409797241799,6914449
2025-04-28,132.9312286376953,136.80618208347127,131.9602780605168,133.84920725454586,5938523
2025-04-29,134.48475646972656,135.22620240359464,131.34242644358864,132.48990998996027,3484079
2025-04-30,130.05369567871094,134.07870280183454,129.64767158341812,134.07870280183454,3494774
2025-05-02,135.91468811035156,136.373684216785,131.51013566719624,131.51013566719624,4361232
2025-05-05,134.00526428222656,136.3874947508442,133.75067540194925,136.3874947508442,1110494
2025-05-06,131.85032653808594,135.29639152091391,131.0229196511903,133.65065137765453,1129102
2025-05-07,127.74051666259766,130.47735372161188,126.3857293888784,127.29497924059696,1583584
2025-05-08,118.14794158935547,130.43190350928793,115.94755142207741,128.9225452514454,2473224
2025-05-09,127.28591918945312,127.74963171918336,118.65713124094967,119.11175626486134,1956686
2025-05-12,140.01539611816406,140.01539611816406,135.47823415418065,140.01539611816406,3231472
2025-05-13,143.70697021484375,144.79806747754023,140.0245048134455,140.93375484470164,10567032
2025-05-14,141.90664672851562,145.2981451661826,141.1610551080131,144.57074242946268,4540806
2025-05-15,143.20687866210938,144.79806620279948,141.02468415592753,141.84300362723215,2983095
2025-05-16,143.57968139648438,144.11613560619165,141.87028683098464,141.87028683098464,1867791
2025-05-19,144.12521362304688,144.56166361575043,142.29762610353316,143.6705886195212,1438626
2025-05-20,140.76100158691406,144.12522408233767,140.0245112476034,144.12522408233767,1100499
2025-05-21,142.67041015625,143.4341767693378,138.360560484021,140.93373945640164,3248216
2025-05-22,141.34291076660156,143.6615010584957,140.9428385438052,143.61603578334993,1288445
2025-05-23,140.1063232421875,141.78844122063697,140.01540657046664,140.97920930983855,487379
2025-05-26,139.04249572753906,142.37944126007753,138.93339017712938,141.38836217971584,777098
2025-05-27,139.7789764404297,140.61548464283777,138.68787938833444,140.57003324929144,168651
2025-05-28,139.7789764404297,139.7789764404297,139.7789764404297,139.7789764404297,0
2025-05-29,139.84266662597656,141.3883890042668,139.2061943377459,140.7973819953502,267857
2025-05-30,139.40621948242188,141.37929035748869,138.84247503664977,140.03359034092037,452399
2025-06-02,139.33348083496094,142.2976309645468,139.1152558311544,139.924487810112,672839
2025-06-03,146.56198120117188,148.2077211610879,140.02447275342047,140.02447275342047,5945782
2025-06-04,149.1897430419922,150.8445708427591,145.9437138524836,147.34396663487894,4475040
2025-06-05,146.80751037597656,149.92623120095243,145.9255367704295,149.10791175463532,964278
2025-06-06,146.80751037597656,146.80751037597656,146.80751037597656,146.80751037597656,0
2025-06-09,146.80751037597656,146.80751037597656,146.80751037597656,146.80751037597656,0
2025-06-10,148.1531982421875,149.38977880568274,146.68021767172038,148.5714454756034,774292
2025-06-11,150.17173767089844,151.74473633163518,149.11700431063554,150.0262543369199,1938183
2025-06-12,150.63543701171875,154.39064373145666,149.57161623891798,150.02624121228857,3992975
2025-06-13,147.8167724609375,149.91713764590668,146.84386834548067,149.12608074739828,1918468
2025-06-16,147.8167724609375,147.8167724609375,147.8167724609375,147.8167724609375,0
2025-06-17,148.58963012695312,149.07153150662418,146.58928294495288,146.58928294495288,949307
2025-06-18,150.1990203857422,153.61779563385593,149.12609809504406,151.61744826661857,1827120
2025-06-19,151.01731872558594,153.4359268880834,150.1262576719485,150.8445590176857,1011245
2025-06-20,151.20828247070312,152.29937972977723,150.57181022574775,151.39012970153973,532303
2025-06-23,146.92572021484375,150.75366923744807,145.52548116651826,150.02626638320325,816594
2025-06-24,153.1995391845703,153.663251695026,150.02625165490704,150.93550166493677,2138870
2025-06-25,157.84579467773438,159.57336400912362,151.84473954144528,151.84473954144528,5944985
2025-06-26,153.75416564941406,158.20948466803068,153.6632351086045,157.84579025289761,2044629
2025-06-27,157.40936279296875,160.75541016122142,154.56341959655967,154.56341959655967,3202967
2025-06-30,162.9285125732422,163.6559153607921,157.75487776278683,158.20950277074877,3441747
2025-07-01,167.11102294921875,168.02937417228847,162.93756948941092,163.6649721404008,7442615
2025-07-02,172.03009033203125,175.03061798661244,167.71115300508887,167.7566182780779,6603701
2025-07-03,169.4478302001953,172.70294685826667,167.30199964972581,171.84824964020748,2102504
2025-07-04,178.8585662841797,179.5859551551656,167.574770916235,168.93864586041371,4952704
2025-07-07,185.41424560546875,189.8059244688438,179.66779321450042,180.94073757748464,6311350
2025-07-08,185.3415069580078,188.02379154264062,183.76850842517078,186.39624023251088,1801109
2025-07-09,182.60467529296875,185.38697801412465,181.9409266917779,185.2142182979392,1434607
2025-07-10,185.73251342773438,186.3962620860371,181.8590992971855,182.604691005076,2490100
2025-07-11,183.45938110351562,186.98726175989995,182.07731718323228,185.75978255276019,2145453
2025-07-14,200.7532958984375,201.80802919933,183.48664775062326,184.12311995838473,8673875
2025-07-15,198.19830322265625,211.5824637995995,196.39799217908296,200.9442419980432,11574070
2025-07-16,196.55258178710938,200.4805486655233,194.57951084205547,198.1983221589621,3070646
2025-07-17,203.1719207763672,205.4905111772936,195.48876063326603,196.62532319508736,3176593
2025-07-18,202.23536682128906,205.49048322037424,200.03498366585103,203.17189313489132,2610289
2025-07-21,206.5452423095703,212.76450925018733,203.21738383511482,203.49016162178495,5321459
2025-07-22,215.67410278320312,217.7562931063323,206.93620950306172,206.93620950306172,10906148
2025-07-23,213.00997924804688,218.21997732187185,212.49170014236222,216.86518996800632,3665011
2025-07-24,207.3271942138672,214.12838050394956,205.5905233394549,212.76450546889257,2710121
2025-07-25,205.93601989746094,208.16367943229702,203.67198259626312,207.21805174363053,3281185
2025-07-28,202.94459533691406,206.39974807957677,199.59856202759275,205.4904980880368,2250610
2025-07-29,196.66168212890625,204.62672124051414,194.57950567278607,202.94460314185199,1463605
2025-07-30,202.97186279296875,205.03586406765297,196.72532006572663,196.94354504875048,2784711
2025-07-31,201.79893493652344,208.58193175417813,199.95315865879854,205.03586251964583,6469386
2025-08-01,210.37318420410156,212.76451632730692,200.48964038534692,201.85351549000913,6775996
2025-08-04,216.4378662109375,222.25707459762563,211.855252266495,211.855252266495,9247674
2025-08-05,215.46498107910156,217.76538254892156,213.66466990142817,214.56481855323764,2808951
2025-08-06,236.38681030273438,237.01419498360391,216.4196754386979,216.4196754386979,14442976
2025-08-07,243.1425323486328,249.95280559163982,236.87778687689246,238.23258817048833,10786603
2025-08-08,241.68133544921875,246.00022398009358,239.61902080717465,246.00022398009358,3172573
2025-08-11,245.676513671875,247.38742298949583,241.37613981405013,241.37613981405013,3749318
2025-08-12,250.6797637939453,253.39871577580692,246.00021312541838,247.38743237236625,4502657
2025-08-13,255.02638244628906,258.47591606919946,249.9306549730946,252.0022265786845,3301172
2025-08-15,253.53741455078125,256.62628580728625,252.75131805384277,255.71073019888914,842332
2025-08-18,250.49478149414062,253.49119415820965,242.67087310755667,253.49119415820965,4744653
2025-08-19,249.45901489257812,254.3142824672825,247.8591066878555,249.23706883482447,2769188
2025-08-20,251.64157104492188,254.2218066852173,247.8498328823364,249.69945850086128,2308382
2025-08-21,245.14938354492188,253.16752355850542,243.25352844767596,253.16752355850542,2487382
2025-08-22,244.5945281982422,249.23707883857358,244.15060784186798,245.0846779108209,1203965
2025-08-25,242.02352905273438,244.9829131767706,240.61779548749794,244.15058727385568,797345
2025-08-26,239.23057556152344,244.61299299374525,238.60170961204642,243.59569323838667,1074871
2025-08-27,235.9197540283203,242.25472743627128,233.9776414781609,242.25472743627128,983277
2025-08-28,229.7882537841797,237.55667620856886,228.42877774318293,236.29893014722234,2483866
2025-08-29,236.9462890625,240.33110743264552,228.4287707362847,230.4633561553557,3517753
2025-09-01,238.75894165039062,241.74606903993947,237.67689821702032,238.13930463378495,922582
2025-09-02,240.12765502929688,243.2257837752261,238.13931301186582,239.06412587793133,1684644
2025-09-03,239.88722229003906,243.2165260213063,238.70343473023885,242.29171315749898,1239592
2025-09-04,237.2792510986328,241.35767934985566,236.3914245109046,239.8872302344705,1709665
2025-09-05,239.90570068359375,244.0488723407099,237.21449194956395,237.21449194956395,1499623
2025-09-08,241.87554931640625,244.61298732121506,236.75207846590192,240.45132969193165,2807728
2025-09-09,244.24305725097656,247.8498213953293,238.60169373132445,242.3934317181756,2653543
2025-09-10,242.15298461914062,244.33555754326895,241.6073484438704,244.14132653110272,772032
2025-09-11,239.81321716308594,243.13329189795502,239.06412101465565,242.30096598003783,1049025
2025-09-12,237.4364471435547,241.35767290289064,236.5671348996874,239.52653326052413,1149742
2025-09-15,235.41110229492188,239.4248005926955,234.76373615383696,235.82726523479624,1216214
2025-09-16,235.99374389648438,238.60172299108152,235.46660789298528,237.86188397645293,1141458
2025-09-17,235.3740997314453,238.13929507282774,231.24944256195738,237.56591565474764,970098
2025-09-18,238.16705322265625,239.29532603374696,235.873521295376,235.89202150368754,1639529
2025-09-19,235.2261505126953,239.2028344188084,233.9776475393186,238.27802158268463,951730
2025-09-22,232.6089324951172,237.57518710638263,232.17426932573872,237.57518710638263,2240194
2025-09-23,232.6089324951172,232.6089324951172,232.6089324951172,232.6089324951172,0
2025-09-24,230.5003662109375,232.9141283808846,230.278406040629,231.20321891629416,844670
2025-09-25,239.0548553466797,244.15058298505346,230.9720003807466,231.2124466323258,3218063
2025-09-26,250.91099548339844,258.9383649967483,242.30098930450606,243.2258022407828,6556543
2025-09-29,257.21820068359375,258.0227833417675,247.38743564130036,250.92945641383645,3188579
2025-09-30,270.2303161621094,277.8045353840496,257.09796288385877,257.96728918886384,7843897
2025-10-01,266.3553771972656,272.81981045428074,262.87807159874336,272.801324356243,3231048
2025-10-02,281.5315246582031,282.9927164623189,267.16918302026284,267.16918302026284,6492338
2025-10-03,278.2484130859375,283.82503294992887,277.4438304931946,282.06789433474785,2024970
2025-10-06,281.2078552246094,284.6111598014245,271.71000901836294,278.83107938303647,2428524
2025-10-07,281.2078552246094,281.2078552246094,281.2078552246094,281.2078552246094,0
2025-10-08,292.72174072265625,294.09047384297713,286.86768804826227,291.40852233618835,2018472
2025-10-09,283.6678771972656,294.9228346321444,280.7732082411064,293.1656957282257,1477067
2025-10-10,278.55364990234375,282.88176739411546,274.7711403983059,282.88176739411546,2586955
2025-10-13,273.7261047363281,280.21828048022655,265.8836819738123,277.4160988043462,3610084
2025-10-14,285.0550537109375,286.6919621733727,277.4438343613284,277.4530915205153,2027972
2025-10-15,285.9244079589844,294.65461550254645,284.9348514127428,285.7671773526552,2906550
2025-10-16,282.5118408203125,290.3912361766555,281.8829466300309,288.53235330860775,2091747
2025-10-17,278.923583984375,286.64577755715834,275.59425180785786,286.64577755715834,1053575
2025-10-20,292.2408752441406,295.0153139331673,280.49574017137456,282.99274628071845,4173770
2025-10-21,293.443115234375,300.1017792527781,291.32531406193857,292.4258436458559,3841759
2025-10-22,289.9658508300781,297.7897602305764,286.78449212753475,294.4511991365463,1351603
2025-10-23,290.1138000488281,295.4684460875517,286.9324416120456,290.39123261242327,3333369
2025-10-24,285.15679931640625,292.23161218603155,283.9175534470839,289.65140457790596,714092
2025-10-27,281.4852294921875,288.4305817157259,279.75583430489866,284.8423040195332,1292332
2025-10-28,276.1491394042969,283.8620756543553,275.5942460160304,282.0679363586888,1066557
2025-10-29,273.9203186035156,279.26573571450047,272.82904622080326,276.149120944983,1268243
2025-10-30,271.8302307128906,277.8970006726188,270.04534870899624,273.9203167582466,1707462
2025-10-31,285.8484191894531,289.7716387497224,270.955298571169,275.64996625805196,4804883
2025-11-03,280.3540344238281,290.5619040984145,279.32854739121177,290.5619040984145,2206633
2025-11-04,277.2869873046875,282.2356648896239,275.4241594257357,282.2356648896239,789686
2025-11-05,273.7589416503906,283.18591767679624,271.8961136498143,277.54101566330525,1921893
2025-11-06,274.7091369628906,276.600188253925,271.91490942288766,274.7185543202248,979007
2025-11-07,271.2281494140625,279.4038516955345,270.10857485228735,279.4038516955345,2266070
2025-11-10,271.4633483886719,274.62447976408055,269.562879651151,271.89611617451686,1308236
2025-11-11,266.27001953125,272.5546989716095,264.6612304851875,270.9458812140905,1015041
2025-11-12,262.8266296386719,269.99567946814324,260.7004026914948,266.7216258935372,875610
2025-11-13,263.43817138671875,267.1449925796184,262.48793705059023,264.13436676327314,758922
2025-11-14,272.2818603515625,274.2481645007211,263.52285609101176,266.2512197382644,1239192
2025-11-17,270.4472351074219,279.51672437745265,269.7322337420739,272.94039430751786,2080936
2025-11-18,269.8263244628906,272.432406124746,268.14228257814636,271.70795860478376,547070
2025-11-19,270.93646240234375,272.84631956937426,269.3558681826141,270.0050341434156,685983
2025-11-20,271.9243469238281,272.7899112304898,271.04939397059206,272.73346450521376,292507
2025-11-21,274.20111083984375,276.59076521430205,270.4848724125503,272.81810877852837,1198371
2025-11-24,276.082763671875,277.5316011981896,271.905533841438,275.6405785277513,923703
2025-11-25,276.2709045410156,277.5410132251848,274.43632862962113,275.75346667890705,572965
2025-11-26,283.1388854980469,286.94918283471225,272.83692794120185,277.07060440925494,2235403
2025-11-27,287.85235595703125,288.8308136581427,283.1859117625438,283.1859117625438,2547659
2025-11-28,290.7218322753906,298.2389499330412,288.821363809005,288.83078116543743,3176465
2025-12-01,290.60894775390625,294.56977888729745,286.03656266270895,290.9946574191254,1660116
2025-12-02,289.8656921386719,294.47568919853074,289.3011962573425,291.6532385033372,829862
2025-12-03,289.93157958984375,292.2177579465391,288.90606382182267,291.6532620196938,1090853
2025-12-04,291.37103271484375,294.4662999336112,289.8657197915115,290.0162539549903,468991
2025-12-05,291.728515625,295.9528033759525,291.4368646590166,292.3118462684224,1308006
2025-12-08,289.884521484375,293.5254785805417,288.9248985068557,291.65326198962885,1360952
2025-12-09,296.0186462402344,298.0507854990436,290.2420166333596,291.5497659192993,1872536
2025-12-10,296.4796447753906,298.7093763134092,295.4165170469622,295.4165170469622,1445659
2025-12-11,291.8884582519531,297.9567390539406,291.6532540148444,296.4796495541486,1276175
2025-12-12,292.9233703613281,295.4165295981295,289.87510384423285,294.37223653932904,819070
2025-12-15,293.72308349609375,295.38831927611403,292.59409159378583,294.466308265514,424687
2025-12-16,294.607421875,300.6850910928793,292.5940598999783,293.62896424641684,1673622
2025-12-17,301.65411376953125,305.2009829880116,294.56976397736304,297.28870976698437,3511411
2025-12-18,306.1324462890625,312.4453200904947,303.46050084005833,305.27629940479335,3431276
2025-12-19,301.52239990234375,307.62832112351464,300.12059190524764,307.62832112351464,1109243
2025-12-22,297.5521545410156,302.0022288726771,296.4514148319498,301.53182041648915,840450
2025-12-23,301.5130310058594,304.83411374083903,297.552170914554,297.552170914554,1653618
2025-12-24,299.9700622558594,303.7897766404981,299.27386692521156,302.0022302411744,597127
2025-12-26,302.3127136230469,305.7655246420455,300.96735220537136,301.06143964755245,1766219
2025-12-29,305.17279052734375,306.6592973918714,302.00224198877106,304.8152754912813,1276741
2025-12-30,305.0034484863281,308.57854140200465,304.35428249568065,305.76550791683525,987463
2025-12-31,304.2696228027344,307.63773495649497,299.9324415970363,305.0222649017948,1506326
2026-01-01,304.2696228027344,304.2696228027344,304.2696228027344,304.2696228027344,0
2026-01-02,310.7894592285156,316.96121595303396,307.1861430426385,310.61070171603944,3050426
2026-01-05,326.38824462890625,333.46317809714304,311.36339606613353,311.36339606613353,6962571
2026-01-06,342.29742431640625,345.2798267334934,323.1706280189509,326.4634874019678,7167264
2026-01-07,341.714111328125,346.95446855304994,337.3581243200671,342.5043941090894,4502931
2026-01-08,339.7666320800781,348.09283875023095,338.22367856880896,338.69408702300757,3700906
2026-01-09,336.8783264160156,342.4573639433548,334.94024582907673,336.840685699452,1489607
2026-01-12,335.85284423828125,340.3875601043043,332.43767412519014,336.7654378257699,2057618
2026-01-13,339.06103515625,340.5663193104791,330.69715867039935,335.87165190706276,2681962
2026-01-14,334.864990234375,343.3982073741198,334.4416398083219,340.57575635460654,982123
2026-01-15,333.12445068359375,335.8716487913416,331.16756407437606,333.99001490455544,543395
2026-01-16,334.4980773925781,338.2237045973356,333.14329864331074,334.91203916104627,893245
2026-01-19,338.712890625,340.01122254322104,334.93081701616535,335.7305171249272,1519824
2026-01-20,336.4173278808594,340.4816641832651,335.41067551858634,340.0959257705804,792101
2026-01-21,330.10443115234375,342.6361195323596,321.8722830268869,338.60000686935706,2639820
2026-01-22,327.6206970214844,332.56937465751764,326.5293459134873,330.1044388409445,896035
2026-01-23,325.5509033203125,330.2267649294527,324.82648457097895,327.63951819567495,528604
2026-01-26,322.51202392578125,328.26043015199525,320.8467883381112,326.566942494147,607347
2026-01-27,323.37762451171875,331.16758822258726,322.70965247240946,325.5791328744146,1151655
2026-01-28,324.6194763183594,327.3101989131611,320.81856794340064,324.57241824574766,1396461
2026-01-29,316.95184326171875,326.3694016212055,313.2920514616442,325.0522636035978,1433896
2026-01-30,323.5469665527344,326.93391355778266,317.6198308274926,321.2607880911231,1191446
2026-02-02,321.3830871582031,325.5226761414097,320.8844553056355,324.581859158342,1483073
2026-02-03,322.85076904296875,325.9460650493525,321.39248544858026,321.39248544858026,1536249
2026-02-04,325.1181335449219,326.92448608408336,321.9005268118226,321.9005268118226,1744843
2026-02-06,320.6868591308594,325.52267214597157,314.79736441293295,325.52267214597157,866485
2026-02-09,316.34027099609375,322.60611510891954,312.3512164555317,321.759385625879,832963
2026-02-10,308.3433532714844,319.82133211434365,305.8219706113993,317.5257363457718,638191
2026-02-11,307.5154113769531,313.16031301970753,306.51814771698287,308.3057228730187,795615
2026-02-12,304.0061950683594,310.4225737569495,302.4820761559603,310.4225737569495,490125
2026-02-13,304.0626525878906,307.5907163850104,301.1178907447282,302.49147554386565,481417
2026-02-16,292.2177429199219,305.67141347539217,284.1267116150824,305.66202482992213,1633619
2026-02-17,283.9479675292969,299.1703792190722,275.23599319604045,291.65326081351225,1718817
2026-02-18,312.341796875,312.341796875,284.1267069216689,284.1267069216689,5796408
2026-02-19,304.0061950683594,317.99613895456923,299.23624609329147,315.6252905032213,3806851
2026-02-20,303.0465393066406,310.8459199983602,296.3573444561294,305.78432012460996,1627211
2026-02-23,294.82379150390625,309.99917290807974,286.9397411772369,303.0465221378393,2071353
2026-02-24,284.3431091308594,297.2887304746734,282.24507705529163,292.5846458570852,3476309
2026-02-25,286.2341613769531,292.5940936287031,283.1953407734409,289.6681664739154,1774471
2026-02-26,294.1934814453125,297.2887486405757,277.5692327578872,288.8308131689932,2245838
2026-02-27,292.16131591796875,301.0614365981952,288.83081573639356,292.59408369387097,1038828
2026-03-02,262.94891357421875,277.54099329047835,262.94891357421875,262.94891357421875,2049981
2026-03-03,263.3628845214844,277.54100298863614,257.8214875612611,262.48793164009993,5673952
2026-03-04,253.6160430908203,263.4287574137324,251.61209830666147,262.4879404229691,3330594
2026-03-05,264.8681945800781,268.1234131853518,252.14835976204486,253.0797593541586,1989509
2026-03-06,262.0269470214844,266.251206085852,258.95987447042677,265.3103891032165,678643
2026-03-09,245.5155792236328,262.0269336533826,239.90831833240424,262.0269336533826,1394313
2026-03-10,270.0709228515625,270.0709228515625,256.84303826912407,256.84303826912407,1748110
2026-03-11,266.5616455078125,275.6593577639844,264.3695547156301,272.78046028357033,1131163
2026-03-12,262.7325439453125,268.11401791054976,260.61570586178925,264.3695562089052,1348492
2026-03-13,262.1116027832031,264.3695576758663,258.72465608848125,262.73254540319,627180
2026-03-16,249.45761108398438,262.0175232363481,246.96445188345197,262.00810587908694,870153
2026-03-17,244.236083984375,251.18870625861354,238.03608942373208,248.37567278856008,2062757
2026-03-18,247.623046875,252.58114214870662,243.21061283043508,244.42424609304072,1872002
2026-03-19,248.54727172851562,252.23464661149478,245.504932567809,248.39322589213614,1700207
2026-03-20,248.54727172851562,248.54727172851562,248.54727172851562,248.54727172851562,0
2026-03-23,248.54727172851562,248.54727172851562,248.54727172851562,248.54727172851562,0
2026-03-24,248.7398223876953,255.13259277764783,245.98633001769443,255.13259277764783,914917
2026-03-25,254.23721313476562,255.90277681467484,249.3559903645491,253.20704813079695,2634754
2026-03-26,245.6589813232422,253.6787962880079,244.79248450127614,251.37780452386326,3711299
2026-03-27,243.48313903808594,247.90222461932314,241.65389234281486,246.46771489944464,1380533
2026-03-30,233.99990844726562,243.3868620729152,226.77917488907363,243.3868620729152,3139717
2026-03-31,239.3336181640625,245.3990373162169,235.0108150579647,235.0108150579647,1000135
2026-04-01,258.3096923828125,261.87193263065177,243.5794079248342,244.5421723830351,2456065
2026-04-02,254.70896911621094,255.1325878389711,248.40287350891364,252.24429439173747,1577170
2026-04-03,255.33474731445312,255.9990571244124,246.48693981549195,250.4150351597066,429505
2026-04-06,257.80908203125,259.8501381129752,248.87462845948227,255.33477016295953,1540581
2026-04-07,262.3244323730469,263.2197962651907,252.24428734841595,253.6980710782603,601571
2026-04-08,288.55975341796875,288.55975341796875,285.45965080730764,288.55975341796875,1080564
2026-04-09,289.647705078125,294.60593636621013,282.1188796528241,293.64317186828134,1473710
2026-04-10,295.13543701171875,298.3607038677747,289.657304817904,291.7176348900899,1295648
2026-04-13,283.2549133300781,290.94742106717706,281.60859438962405,281.60859438962405,923003
2026-04-14,289.9461364746094,292.1990016933831,287.00007969765625,288.8967267817557,2290803
2026-04-15,293.36395263671875,298.93836712975013,292.0064512119267,295.3761268478498,2733705
2026-04-16,294.365234375,296.52181736875144,291.81391442592087,295.0873077217907,1083081
2026-04-17,301.48968505859375,307.8920628474159,293.8934887402364,297.01283619159716,10870986
2026-04-20,292.1219787597656,300.33435767991904,288.8293116788821,297.3979087157749,3513051
2026-04-21,293.50836181640625,297.95635834191324,291.71763400767117,294.6059274136877,3677444
2026-04-22,290.225341796875,294.12452588674086,288.829321656374,293.6431436839802,794588
2026-04-23,287.3274230957031,291.6213442903595,284.49689327907714,288.8293332782509,1560192
2026-04-24,287.4237060546875,290.7452257660203,280.06817158120475,287.2889049291968,2571793
2026-04-27,291.0918273925781,292.5841004866193,285.94103188473673,288.7137981070414,1117388
2026-04-28,290.3846130371094,294.56903703634345,289.7657863920281,294.08771077011255,1559103
2026-04-29,290.3846130371094,290.3846130371094,290.3846130371094,290.3846130371094,0
2026-04-30,277.85101318359375,281.90773910345405,266.2800277392975,281.90773910345405,1408326
2026-05-04,278.86273193359375,289.76578967594287,276.9964497919183,279.0689974922579,713862
2026-05-05,280.1101989746094,281.8978836589476,275.0417500338183,275.5328784585915,620465
2026-05-06,292.9188232421875,295.5610967146846,283.3811170880943,284.85450244557137,3161167
2026-05-07,291.0918273925781,295.6593158110503,289.6577407656732,293.2036736531512,1633193
2026-05-08,290.02117919921875,291.5240310432503,284.8446661994756,289.7657828152325,1858447
2026-05-11,290.83642578125,291.61241708248775,286.57343466899573,287.79142356503985,587304
2026-05-12,286.5341491699219,291.7302965146186,285.8367551708889,291.2293359080491,1470691
2026-05-13,275.30694580078125,289.17640757959293,274.5407866649463,287.8012539993892,2732102
2026-05-14,273.1656494140625,278.9609591188464,272.0851608307058,277.8804705354897,1346272
2026-05-15,269.9732971191406,273.0674001544477,268.9026407660267,273.0674001544477,1101823
2026-05-18,263.30377197265625,268.14629110700423,261.28032523546216,266.6729058143231,1359141
2026-05-19,262.7046203613281,268.15613417555534,261.2803358633616,268.15613417555534,949025
2026-05-20,263.91278076171875,267.1640487526968,261.4768027969123,264.2172780073195,1260506
2026-05-21,274.5604248046875,275.5132151512995,265.31738421929293,267.17386406029885,1672592
2026-05-22,271.0635986328125,276.9964385467678,269.1383835525333,276.98660638567276,1257811
2026-05-25,283.30255126953125,286.32788936389125,275.0319348949899,275.0319348949899,2323093
2026-05-26,283.30255126953125,283.30255126953125,283.30255126953125,283.30255126953125,0
2026-05-27,283.30255126953125,283.30255126953125,283.30255126953125,283.30255126953125,0
2026-05-28,283.30255126953125,283.30255126953125,283.30255126953125,283.30255126953125,0
2026-05-29,288.1253967285156,288.80315637217495,281.41659544372214,283.30254183827446,2445003
2026-06-01,282.5756530761719,288.7835237747088,281.91755775078497,288.7835237747088,781077
2026-06-02,282.7033386230469,286.81899717928974,281.42641672193514,282.8998019814178,845410
2026-06-03,282.7033386230469,282.7033386230469,282.7033386230469,282.7033386230469,0
2026-06-04,280.9844055175781,283.38111474400375,280.43434405342487,280.92547250185464,416813
2026-06-05,280.6209716796875,283.77400788504883,280.05124590016476,281.9077258000596,771805
2026-06-08,275.49359130859375,278.5189293421897,274.3443375570948,276.9964431521839,688099
2026-06-09,279.756591796875,281.39697404750814,277.4875807031955,279.8449913227986,683303
2026-06-10,276.5740661621094,280.67989256689924,276.0141725679744,279.6387027125956,371589
2026-06-11,278.88238525390625,279.43244670604383,273.08704570814774,276.01418198824507,410092
2026-06-12,283.2337951660156,287.19228944246413,276.6624938272212,283.8820883447423,1074597
2026-06-15,290.7283935546875,292.19194667034714,283.77399826288826,286.8779335092263,2375251
2026-06-16,297.1327209472656,297.75154760855537,290.74805091038223,290.74805091038223,7031174
2026-06-17,297.9577941894531,301.94575466804974,296.64157358590603,299.1070479123662,8452258
2026-06-18,299.0186462402344,301.8475208145514,298.1149567403675,298.1149567403675,2638687
2026-06-19,293.1054382324219,299.58833944179213,288.78351408487504,299.0186436579115,2326748
2026-06-22,289.74615478515625,296.396023290111,286.8190183950701,295.659330605877,1456823
2026-06-23,287.79144287109375,291.2391742223689,286.3377218269656,289.7166880001801,782629
2026-06-24,288.8817443847656,292.5652075570227,287.7914236982055,288.724579692284,1880768
2026-06-25,288.8817443847656,288.8817443847656,288.8817443847656,288.8817443847656,0
2026-06-26,288.8817443847656,288.8817443847656,288.8817443847656,288.8817443847656,0
2026-06-29,285.0411376953125,294.67707567168856,281.90773572591536,288.8817658453658,2321623
2026-06-30,287.0252685546875,293.40013595733484,278.0277921234853,284.79555627475844,3443555
2026-07-01,301.9949035644531,303.61562149539014,287.60481563314255,287.8012790085723,6871016
2026-07-02,300.2170104980469,306.84724451106626,299.5883516993949,302.6824549102503,4199255
2026-07-03,300.4822082519531,303.51737843921313,298.7043256824847,301.5528646629075,2774599
2026-07-06,312.5050354003906,313.5855240155551,301.55287665708823,302.96732903037577,5426927
2026-07-07,312.9372253417969,318.4968030492098,310.5896469146047,314.32221118194957,5898513
2026-07-08,303.7236328125,311.3557877372162,299.7062058849667,311.3557877372162,5640262
2026-07-09,303.4093322753906,305.7765449009463,300.07946717095575,302.04398086765593,1460624
2026-07-10,308.2125549316406,310.3931663499788,303.6156000419873,304.4996252167513,1734514
2026-07-13,305.4131164550781,309.41090904558195,302.525278905898,306.2578729371874,829063
2026-07-14,292.7518615722656,301.98507064845234,291.7401381411449,300.1384228379945,2264948
2026-07-15,297.93817138671875,299.49012410592474,293.00722254275564,293.370682777248,1718114
2026-07-16,297.93817138671875,297.93817138671875,297.93817138671875,297.93817138671875,0
2026-07-17,298.98919677734375,304.4996436825538,297.15235116617157,304.4505428272394,1129733
2026-07-20,297.05413818359375,298.9105880951247,293.2036780330058,296.64157710541963,1259422
2026-07-21,296.9853820800781,301.54303854487404,296.464787117968,298.8123655401281,1120887
2026-07-22,294.5002746582031,299.4901265835098,292.96795627300884,296.6415875328846,1036160
2026-07-23,290.2470703125,296.64157207101886,289.76577404288264,294.67705834869423,1013311
2026-07-24,286.8190002441406,290.71856113828477,284.8544865438383,289.47110572998884,962250
2026-07-27,302.7119140625,303.53700623360623,292.72237851223116,294.67706008511016,2468837
2026-07-28,301.39569091796875,304.3031628263315,299.8928391232437,303.5272014907725,1258488
2026-07-29,297.8694152832031,300.46258797790773,295.6691693430436,300.46258797790773,825069
2026-07-30,295.9539794921875,298.60608500072624,293.4197699865997,295.6691465859988,790541
2026-07-31,298.2819519042969,299.98123707621875,297.1326981961697,298.60608347648133,433132
2026-08-03,303.75311279296875,304.99076607373644,301.0617384914661,302.28955961092555,5869800
2026-08-04,301.54302978515625,307.2401376707796,300.0794766273458,304.75502896518475,4636372
2026-08-05,316.3260192871094,319.23349130693487,303.5468474735162,305.48189475832845,10590851
2026-08-06,319.8228454589844,321.1881669317762,314.37130180064594,319.135253653972,4258277
2026-08-07,318.8602294921875,319.7246203587653,316.28672121512267,319.7246203587653,1075632
2026-08-10,320.4219970703125,321.66948244838517,315.9920390823339,319.2433068417659,1674449
2026-08-11,327.7889404296875,330.68661026384825,317.524373850306,318.7423628092121,4455485
2026-08-12,332.1600036621094,337.29721814507184,325.244906552047,325.244906552047,5151929
2026-08-13,334.30999755859375,336.5,330.0,330.0,1680617
2026-08-14,334.30999755859375,334.30999755859375,334.30999755859375,334.30999755859375,0
2026-08-17,327.42999267578125,337.0,326.80999755859375,337.0,1165626
2026-08-18,327.42999267578125,327.42999267578125,327.42999267578125,327.42999267578125,0
2026-08-19,320.3599853515625,326.010009765625,318.05999755859375,325.45001220703125,630290
2026-08-20,325.45001220703125,331.75,325.0,327.5,1807523
2026-08-21,316.7200012207031,320.8900146484375,313.29998779296875,318.989990234375,1027545
2026-08-24,316.6099853515625,319.4800109863281,315.2200012207031,317.05999755859375,839847
2026-08-25,318.6300048828125,320.8800048828125,316.0,316.6099853515625,551373
2026-08-26,318.6300048828125,318.6300048828125,318.6300048828125,318.6300048828125,0
2026-08-27,321.1199951171875,324.0,318.8999938964844,323.0,1263476
2026-08-28,325.7900085449219,329.0,320.0,321.1199951171875,1382100
2026-08-31,318.04998779296875,325.0,317.0,325.0,1780414
2026-09-01,315.7200012207031,320.0,315.0,319.0,667279
2026-09-02,312.70001220703125,314.989990234375,311.20001220703125,314.989990234375,3360264
2026-09-03,314.1700134277344,317.3999938964844,312.70001220703125,312.70001220703125,876064
2026-09-04,313.67999267578125,316.0,312.9100036621094,314.1700134277344,310587
2026-09-07,311.7699890136719,314.0,310.8800048828125,313.5,340023
2026-09-08,310.489990234375,313.489990234375,307.010009765625,311.8500061035156,1116402
2026-09-09,308.510009765625,311.9200134277344,307.54998779296875,311.0,304627
2026-09-10,305.19000244140625,311.5,304.0,308.510009765625,499408
2026-09-11,302.6499938964844,305.0,299.0,301.0299987792969,4847380
2026-09-14,298.7699890136719,302.9700012207031,296.5,301.0,1204191
2026-09-15,298.7900085449219,301.9700012207031,297.75,298.0299987792969,395914
2026-09-16,294.1499938964844,297.8999938964844,291.45001220703125,297.5,1681546
2026-09-17,297.4100036621094,301.0,294.3299865722656,297.239990234375,1368143
2026-09-18,303.0400085449219,303.70001220703125,297.010009765625,297.1499938964844,968658
2026-09-21,303.92999267578125,306.3999938964844,301.5199890136719,303.79998779296875,2250249
2026-09-22,303.1600036621094,305.5199890136719,302.0,304.489990234375,307564
2026-09-23,303.29998779296875,307.0,302.0,303.20001220703125,765714
2026-09-24,304.1199951171875,312.04998779296875,299.0,305.9800109863281,3704354
2026-09-25,307.5400085449219,309.2200012207031,304.1499938964844,304.1499938964844,965624
2026-09-28,304.2099914550781,309.0,303.6199951171875,307.79998779296875,365568
2026-09-29,302.1499938964844,305.989990234375,301.510009765625,305.989990234375,1652194
2026-09-30,306.1000061035156,309.0,302.79998779296875,302.79998779296875,1153509
2026-10-01,303.7799987792969,308.0,303.0,306.989990234375,612142
