Date,Close,High,Low,Open,Volume
2021-09-27,33.76976013183594,34.02227693491043,33.503716134351514,33.706630931067316,1239209
2021-09-28,33.76976013183594,34.225195171909654,33.57135210640117,33.95464096286078,1009905
2021-09-29,33.35491180419922,33.95464268215189,33.142976573623194,33.81936385063591,1443446
2021-09-30,33.15650177001953,33.36843698781995,32.78674355181989,33.35039958201955,2093101
2021-10-01,33.21963119506836,33.36843721371646,32.926529369323625,33.36843721371646,643780
2021-10-04,33.35491180419922,33.3684389992941,33.15199355692525,33.3684389992941,1119863
2021-10-05,33.70212173461914,33.79681553862427,33.27825472244618,33.36843831475102,1366794
2021-10-06,33.629966735839844,34.022269043871916,33.37293978081508,33.37293978081508,803312
2021-10-07,33.58938980102539,33.81936242882074,33.50371642226512,33.81936242882074,444038
2021-10-08,33.210609436035156,33.675061390823,32.98514705485404,33.54880300780683,2230175
2021-10-11,33.363929748535156,34.13501085370629,33.21061694599896,33.57135477329315,1324717
2021-10-12,33.06181335449219,33.54881306956939,32.78223867947736,33.368442422472214,1030619
2021-10-13,33.363929748535156,33.59390239262315,32.82733149937476,33.133960544730854,1303443
2021-10-14,33.49018859863281,33.81936526762925,32.96711753810769,33.188069761243426,1205556
2021-10-15,33.78779983520508,33.819364437735615,33.36843957856581,33.36843957856581,994007
2021-10-18,33.796817779541016,33.81936539925402,33.18806989041119,33.59390296325899,380038
2021-10-19,33.796817779541016,33.796817779541016,33.796817779541016,33.796817779541016,0
2021-10-20,34.73925018310547,34.946675197248666,33.5939006734842,33.5939006734842,1761779
2021-10-21,34.897071838378906,35.217228050440326,34.38301781447371,34.94667384421918,3102209
2021-10-22,34.68965148925781,35.163123993919754,34.27029120921787,35.163123993919754,1346435
2021-10-25,34.68965148925781,35.059409756798544,34.500263863506575,34.94667853571559,475309
2021-10-26,35.06391143798828,35.17213242061863,34.54083704808939,34.54083704808939,719151
2021-10-27,35.17213439941406,35.298392792966645,35.08195081552884,35.17213439941406,554176
2021-10-28,35.109004974365234,35.577967176142295,34.946671772200744,35.34799456636207,965025
2021-10-29,34.27028274536133,35.17213229129189,34.157551552120005,34.7302245000614,2775387
2021-11-01,34.707679748535156,34.721206941053936,34.2702821755857,34.2702821755857,756851
2021-11-02,34.626522064208984,34.94667831724908,34.49575343573619,34.716705664398035,969654
2021-11-03,34.32890701293945,35.53287895674643,34.24774040369722,35.12704591053529,1678137
2021-11-04,34.234214782714844,34.63103086404563,34.13501076238215,34.61299345668662,315364
2021-11-05,34.116973876953125,34.69866387317604,33.936603259075575,33.936603259075575,628256
2021-11-08,33.86896514892578,34.45065860778666,33.81034615798328,34.24774036476997,892788
2021-11-09,33.08435821533203,34.04482692859014,32.96711678845746,33.97718751153621,1609719
2021-11-10,33.39098358154297,34.022275563787666,33.007694740530184,34.022275563787666,1077884
2021-11-11,33.35491180419922,33.638993222042465,33.142976573623194,33.54429941609472,748659
2021-11-12,32.95358657836914,33.46764059649731,32.899474361619674,33.36843658593164,561929
2021-11-15,32.97613525390625,33.14297869809954,32.85438704996464,32.967118270026205,249905
2021-11-16,33.95464324951172,34.270289274611784,33.07533771053241,33.07533771053241,2487946
2021-11-17,33.6931037902832,34.044824606634876,33.503716187675906,33.8193621920214,455642
2021-11-18,33.747215270996094,34.24323537510127,33.39098765482413,33.44058966523465,1891845
2021-11-19,33.363929748535156,33.841912444118414,33.151994511854426,33.59390239262315,1867623
2021-11-22,33.15650177001953,33.57135178257847,32.872420369300926,33.57135178257847,619919
2021-11-23,32.894962310791016,33.36843472009481,32.69655774103705,33.34588710430581,736230
2021-11-24,32.552268981933594,33.34589431308316,32.489139772416785,33.07534006654199,2754257
2021-11-25,31.537681579589844,32.80477916536128,31.384365358804462,32.80477916536128,9501666
2021-11-26,32.4936408996582,33.007694910872196,31.339274480129692,31.452005683295624,4891401
2021-11-29,33.29178237915039,33.58488421863286,32.24112665683309,32.6920515051804,2442022
2021-11-30,33.372947692871094,34.20715794184649,32.737142030067346,33.774270517085476,17653482
2021-12-01,33.706634521484375,33.81936574061977,33.12043080586678,33.72918214142497,1268005
2021-12-02,31.763145446777344,33.548807322553664,31.433968814192685,33.48116791144357,4196448
2021-12-03,32.21858215332031,32.69205466597559,31.790204882086606,32.36738819333013,2255203
2021-12-06,32.462074279785156,32.69204688320837,32.0156597063144,32.64695509280539,194416
2021-12-07,32.67852020263672,32.91750979177554,32.46658500010738,32.46658500010738,570090
2021-12-08,32.827327728271484,33.142973720928914,32.015661689604805,32.69204890839927,1458267
2021-12-09,32.655975341796875,33.13846477197327,32.376404149159214,32.82281876729093,487041
2021-12-10,32.47560501098633,32.6018668542668,32.376404437405434,32.471098239653195,319839
2021-12-13,32.412471771240234,32.6649919860564,32.37640040365196,32.61989675607574,265490
2021-12-14,32.7055778503418,32.827329482790695,32.105846991955616,32.46658823737316,595649
2021-12-15,32.552268981933594,33.23316309033402,32.01566726075682,32.89496942208658,2111915
2021-12-16,32.376399993896484,32.692045958068086,32.24112118623266,32.66949834336312,837274
2021-12-17,32.263671875,32.55226348124886,32.23210727557538,32.46658666554634,788529
2021-12-20,32.46658706665039,32.57931827174293,32.12839345137278,32.331308244426005,507132
2021-12-21,32.674015045166016,33.07533789660106,32.574811025209726,32.574811025209726,340576
2021-12-22,32.64244842529297,32.82281904676873,32.4710982270469,32.82281904676873,497693
2021-12-23,32.75969696044922,32.89497237572422,32.489142689615,32.489142689615,1675683
2021-12-24,32.91300582885742,32.98064524850509,32.601870002932216,32.84987662126194,609700
2021-12-27,32.340328216552734,32.96260322148672,32.241124207008916,32.91300121671481,519544
2021-12-28,32.20504379272461,32.57931214896185,32.15093502623045,32.57931214896185,398167
2021-12-29,32.286216735839844,32.46658735363896,32.08330194099295,32.24112494146091,729058
2021-12-30,32.07878875732422,32.44403673032122,32.015659562986045,32.24112195427468,652054
2021-12-31,32.16897201538086,32.47109423129538,32.01565924217672,32.01565924217672,1257114
2022-01-03,32.24112319946289,32.45305840590467,32.200541618799505,32.24112319946289,516324
2022-01-04,32.83184051513672,32.867915332417034,32.24113000337827,32.353861227166306,1117450
2022-01-05,33.422542572021484,33.54880094728302,32.60636646288194,32.89045124750309,967635
2022-01-06,34.49124526977539,35.059411617466594,33.37746019591975,33.46764724174282,3459932
2022-01-07,35.29388427734375,35.48778208826746,34.292834063103946,34.337925857212944,2144752
2022-01-10,36.60157012939453,37.02544059948278,35.17213914617326,35.29388734487751,5891319
2022-01-11,36.38512420654297,37.31402821902007,36.141624395059175,36.75037220362701,2428450
2022-01-12,36.52942657470703,36.70528700789633,36.29945391581183,36.385130746441874,1807445
2022-01-13,36.42570877075195,36.7052834157797,36.299450363411545,36.53392977128893,531387
2022-01-14,36.12809753417969,36.90819554011631,35.89361470305597,36.70077053737353,1203314
2022-01-17,36.430213928222656,36.88564892604261,35.96125173724777,36.2768977118063,2310804
2022-01-18,35.9251823425293,36.88114427284235,35.62757372742243,36.52491322485235,8146383
2022-01-19,35.57796859741211,36.18671640970563,35.465237393643555,36.12358721081791,6503973
2022-01-20,35.76736068725586,35.86656470947976,35.17665020619285,35.62306486591666,1972532
2022-01-21,35.96577072143555,36.20927057846978,35.780889862465806,35.780889862465806,1889962
2022-01-24,36.209259033203125,36.28591541552659,35.803426067545296,36.00634083023279,2072556
2022-01-25,36.231807708740234,36.61509310826637,36.07398471367456,36.20926353246415,1964553
2022-01-26,36.524906158447266,36.63763735029433,35.84851900736491,36.254351986070915,1279885
2022-01-27,36.95779800415039,37.07052920966828,36.38963176506089,36.63313158181354,2065700
2022-01-28,36.92623519897461,37.201299629030125,36.86310599603894,37.19228264587511,1604842
2022-01-31,36.96541976928711,37.46991608070518,36.78909045348482,37.171136058756794,2020232
2022-02-01,36.68623733520508,37.02909786463056,36.49031543114787,36.98011832284113,764640
2022-02-02,36.82337188720703,36.85765793115542,36.3678551679507,36.68622771141347,769994
2022-02-03,36.553977966308594,36.98010770501404,36.49520402779641,36.970313294228156,503509
2022-02-04,36.66664123535156,36.83317240875694,36.29439002722894,36.73031425984789,1176599
2022-02-07,36.92133331298828,37.07317472041088,36.49520727328621,36.49520727328621,569275
2022-02-08,37.12705612182617,37.469916609110705,36.7841918976426,37.17113658294888,1035399
2022-02-09,37.597267150878906,37.954821132424875,37.033993135908815,37.12705687157927,1512903
2022-02-10,37.09766387939453,37.714816467928685,36.98501132546539,37.597264839555145,994110
2022-02-11,37.07807159423828,37.6119586056821,36.8576618222865,36.8576618222865,810280
2022-02-14,36.96052551269531,37.32297860380358,36.793994324339984,37.32297860380358,1255302
2022-02-15,36.02009582519531,37.22501017996096,35.51070050062065,37.22501017996096,2405628
2022-02-16,36.17683792114258,36.73031378291381,35.68213600832813,35.90744486542701,620947
2022-02-17,35.554786682128906,36.63725425674986,35.31478433469896,36.19643094939956,932297
2022-02-18,35.687034606933594,36.04948765596154,35.5596848243944,35.5596848243944,414395
2022-02-21,35.43722915649414,35.755601699831246,35.31477846574129,35.52049472935043,405188
2022-02-22,35.13356018066406,35.75560815780391,34.72702291708254,35.44213463181072,1533043
2022-02-23,35.17763900756836,35.461725545068596,34.60457059484822,35.26090459159115,1110641
2022-02-24,34.47722244262695,35.21682579524917,34.04619727828445,34.776002481206156,1181255
2022-02-25,34.54579544067383,35.02090481721688,34.29109959532976,34.77600338492865,799071
2022-02-28,35.22172164916992,35.4617239782961,34.34007510170804,34.775999301036734,1662725
2022-03-01,35.5254020690918,35.80458955949157,35.02090570371146,35.3882578614427,760387
2022-03-02,35.05519104003906,35.363765500950564,34.77600355533837,35.29519339852578,618097
2022-03-03,35.58417892456055,35.75560918009897,35.06988442104598,35.158049086308495,572746
2022-03-04,35.07967758178711,35.740910608762,35.020899901005365,35.72621712279126,553111
2022-03-07,33.44863510131836,34.839673319529666,33.11066995895198,34.80049193388491,4623521
2022-03-08,32.83638000488281,33.64945070584394,32.71882837977132,33.35556977461581,2896336
2022-03-09,32.72861862182617,33.00290695777461,32.6208614221612,32.826577674122525,1730692
2022-03-10,33.12046432495117,33.29189454537513,32.93923595656097,33.257608501290335,1544431
2022-03-11,32.518009185791016,33.13516179035102,32.21922916420477,33.12046830353514,1096806
2022-03-14,32.062496185302734,32.86577261227987,31.837187308165188,32.32699018982927,2100333
2022-03-15,33.409446716308594,34.03149833102452,31.984122589280606,31.984122589280606,1542993
2022-03-16,33.72292709350586,34.1637504270411,33.40945355341399,33.93844155365628,779878
2022-03-17,33.30659484863281,33.894356792378375,33.257615309470566,33.36047346278107,801395
2022-03-18,32.630672454833984,33.61027831222066,32.38087191486844,33.30659915114686,1187969
2022-03-21,32.782501220703125,33.53679797347417,32.32698447185109,33.53679797347417,273080
2022-03-22,33.3653678894043,33.47802044009312,32.62086554502249,32.93923811057134,1870309
2022-03-23,33.3653678894043,33.3653678894043,33.3653678894043,33.3653678894043,0
2022-03-24,33.79149627685547,33.894354422975624,33.066590179370834,33.55149393590844,970111
2022-03-25,33.68374252319336,34.139259352554596,33.326188512291196,33.79639883019643,604926
2022-03-28,33.92374801635742,34.15885130263707,33.257615810399486,33.79639822309799,1278206
2022-03-29,34.98171615600586,35.38825338937624,33.923744018625094,34.04129564791209,2061909
2022-03-30,35.11396789550781,35.265805584857084,34.40865058800292,34.8739618058212,850161
2022-03-31,35.060089111328125,35.26580541271314,34.79069604744355,35.11396772410504,547939
2022-04-01,35.07477951049805,35.559683245892806,34.77599949755307,35.26090323294783,1196643
2022-04-04,34.109867095947266,34.761305724497646,33.84537313239526,34.286196404981936,844713
2022-04-05,34.051090240478516,35.020901463709066,33.79639441952344,34.144153971644286,1891956
2022-04-06,34.589874267578125,34.702526816264715,34.281296119222,34.281296119222,1391068
2022-04-07,33.938438415527344,34.63395753473856,33.796395146916765,34.629058460124675,775826
2022-04-08,33.850276947021484,34.482123103393405,33.698439251772975,34.041299769075856,1127162
2022-04-11,35.373558044433594,36.098464080001605,34.829876649308225,35.26580083287379,3303607
2022-04-12,35.27070236206055,35.60866376914106,34.90335024448248,35.26580328749446,1466002
2022-04-13,35.59886932373047,35.97601585319024,35.26580325462747,35.270702329189,1512620
2022-04-14,35.73601150512695,35.97601382854916,35.3637603342791,35.3637603342791,537853
2022-04-15,35.260902404785156,36.00050567658128,35.0747786867068,35.941727995499214,1196048
2022-04-18,35.73601150512695,36.72541524453068,35.074778478695045,35.07967755298086,1591241
2022-04-19,34.95232391357422,35.98580799653468,34.77599462777728,35.75560011024988,1283559
2022-04-20,34.71232986450195,35.48621553949119,34.65355217630435,35.48621553949119,452920
2022-04-21,34.63395690917969,35.1384532152263,34.531098765539994,34.72702064066753,111264
2022-04-22,34.599674224853516,34.898454272666186,34.39395791757574,34.678044477282754,479275
2022-04-25,35.42253875732422,35.618460626976116,34.75150756825861,34.75150756825861,618694
2022-04-26,34.83967590332031,35.55968670163819,34.678043800413654,35.51070716327559,448280
2022-04-27,34.310691833496094,34.92294540842001,34.193136456543236,34.776003055678565,784042
2022-04-28,33.50741195678711,34.281297554949774,33.36046961933025,33.8992519618406,2208026
2022-04-29,33.50741195678711,33.50741195678711,33.50741195678711,33.50741195678711,0
2022-05-02,33.50741195678711,33.50741195678711,33.50741195678711,33.50741195678711,0
2022-05-03,33.50741195678711,33.50741195678711,33.50741195678711,33.50741195678711,0
2022-05-04,33.50741195678711,33.50741195678711,33.50741195678711,33.50741195678711,0
2022-05-05,33.50741195678711,33.50741195678711,33.50741195678711,33.50741195678711,0
2022-05-06,33.135162353515625,33.91884613784043,32.8216888397857,33.3065925974462,345292
2022-05-09,32.53759765625,33.144952035304534,32.233918598273476,33.03719482967097,1095339
2022-05-10,32.72861862182617,32.89025442132363,32.326980528373824,32.42493958067018,239488
2022-05-11,31.85187530517578,32.929443701194415,31.788202286821015,32.79229577897843,1199212
2022-05-12,31.78820037841797,32.302491042482075,31.303294816165803,31.837179907819518,1347486
2022-05-13,32.273109436035156,32.40045922316366,31.7441214620237,31.944942423914767,1224574
2022-05-16,31.905752182006836,32.37596239341506,31.690237767107767,32.18004053777032,1711759
2022-05-17,31.55799674987793,31.959634924355555,31.445340453801702,31.935143287891442,556815
2022-05-18,32.072288513183594,32.18004198859256,31.396358267580176,31.557994086041752,251992
2022-05-19,32.243717193603516,32.566985078091385,31.842079072331575,31.910651161068355,272333
2022-05-20,32.08698654174805,32.91475083758607,31.866573011668663,32.00371721514956,496990
2022-05-23,31.332685470581055,32.54739431248456,30.95553709329598,31.93514081723919,720320
2022-05-24,30.896764755249023,31.822491845205825,30.813497298938575,30.980030343109874,1404632
2022-05-25,30.945741653442383,31.322890040968346,29.88286858524204,30.95063885941959,3290743
2022-05-26,31.053504943847656,31.298406396501186,30.85758303434491,30.945747706776164,1659966
2022-05-27,31.313093185424805,32.18004249807388,31.10737503762122,31.812690397699072,1422478
2022-05-30,31.489423751831055,31.83718330566506,31.29840095094898,31.592281895621483,292169
2022-05-31,32.83638000488281,33.06168884338767,31.788202316799904,31.788202316799904,5330349
2022-06-01,31.621671676635742,32.56699135281271,31.54820423661883,32.42494807394785,1501034
2022-06-02,31.582489013671875,31.78820531121998,30.916354978676807,31.499219690179334,1665965
2022-06-03,30.87227439880371,32.32698952534828,29.87797516736735,31.812695015412544,5534597
2022-06-06,31.327789306640625,31.631468413777693,30.416755722128542,31.009418580606006,924774
2022-06-07,31.102481842041016,31.592284705695207,30.994724614133208,31.34738327386811,838800
2022-06-08,31.64615821838379,31.837181005464682,30.95553636669553,30.984923337969917,1234206
2022-06-09,32.05270004272461,32.326988445851356,31.59718323787528,31.59718323787528,824360
2022-06-10,32.3759651184082,32.56698791609256,31.739223705093316,31.739223705093316,531575
2022-06-13,31.357175827026367,32.71883084621696,31.29840187848945,32.35637405804367,749118
2022-06-14,31.37676429748535,31.690237771803954,30.823288511838136,31.357171738228118,455640
2022-06-15,32.11637496948242,32.51801318507501,31.37677156796334,31.592286032832344,1122760
2022-06-16,33.06169128417969,33.32618526288101,32.1163716653931,32.1163716653931,2498029
2022-06-17,33.399654388427734,33.7963934637159,32.96373019197809,33.257611126891504,1781874
2022-06-20,32.49842071533203,33.72292792945079,32.326990452735295,33.40455530640002,1010066
2022-06-21,32.73352813720703,32.86577327368193,32.20454011750843,32.79230209257388,2490887
2022-06-22,32.80209732055664,33.20863458115444,32.72372707118393,32.81679080808923,544355
2022-06-23,33.79149627685547,34.16374747488487,33.64945300738505,33.79639535149901,3403851
2022-06-24,31.905752182006836,33.86986233869528,31.27390615942431,33.796391175716174,3630808
2022-06-27,32.77760314941406,32.81678827107107,32.082084056047094,32.08698313047894,894936
2022-06-28,32.69923782348633,33.18414157657616,32.5767871165617,33.0323038957973,1003407
2022-06-29,32.6894416809082,32.93924218470017,32.57189004137638,32.69923983072708,821414
2022-06-30,33.389862060546875,34.97192703692891,32.576791207647055,32.81679357702779,2264569
2022-07-01,33.56128692626953,34.03150091275113,33.09107667668682,33.69843485218434,904607
2022-07-04,33.48781967163086,33.86986526788457,33.193934994298246,33.6445564223221,501129
2022-07-05,33.291900634765625,33.64945462606424,33.20863504631518,33.64945462606424,225617
2022-07-06,33.478023529052734,33.62006680176981,33.20863420788514,33.487821678563776,225930
2022-07-07,33.23802185058594,33.6739460901096,33.07148693764363,33.478024201841855,604105
2022-07-08,33.23802185058594,33.23802185058594,33.23802185058594,33.23802185058594,0
2022-07-11,33.23802185058594,33.23802185058594,33.23802185058594,33.23802185058594,0
2022-07-12,33.23802185058594,33.23802185058594,33.23802185058594,33.23802185058594,0
2022-07-13,33.48781967163086,33.698435030706484,33.06168987901769,33.22822104173387,995960
2022-07-14,33.879661560058594,34.188239741002576,33.45843081853118,33.72292480066926,1096994
2022-07-15,33.81598663330078,34.12946013444039,33.65435080827285,34.03639640423057,355702
2022-07-18,32.95392990112305,33.502510351027674,32.76780619305294,33.34087453941757,1039263
2022-07-19,31.82738494873047,33.22332206558301,31.543298451434588,33.22332206558301,995810
2022-07-20,32.10167694091797,32.32698578737178,31.420851327075237,32.0820843798917,375484
2022-07-21,31.92534828186035,32.253515277743126,31.64126174651452,32.10167759780611,571235
2022-07-22,32.01841354370117,32.41515265507897,31.714734432423608,32.17025123089037,437624
2022-07-25,31.73922348022461,31.989020221950437,31.69024020986375,31.88616208061059,303594
2022-07-26,31.464933395385742,31.930248335526944,31.053500803495776,31.749019939442586,1508631
2022-07-27,31.19064712524414,31.69024441183888,31.10248245856279,31.469834613585185,612913
2022-07-28,31.626569747924805,32.76291220588216,31.2592176119011,31.313096224136512,3225105
2022-07-29,31.5530948638916,31.763710213260772,31.224927891146233,31.616771618265208,500361
2022-08-01,31.504119873046875,31.837185968034593,31.347383106987905,31.837185968034593,261891
2022-08-02,31.415950775146484,31.641259611004344,31.107374493067628,31.54330054737875,471222
2022-08-03,31.90085220336914,32.08208056865875,31.455133637892537,31.56778617928728,939721
2022-08-04,32.32209014892578,32.816792090957094,31.900859384328715,32.180046869059396,888714
2022-08-05,32.772705078125,32.865765063174145,32.08208137989981,32.375962294015366,1349330
2022-08-08,32.772705078125,32.772705078125,32.772705078125,32.772705078125,0
2022-08-09,32.772705078125,32.772705078125,32.772705078125,32.772705078125,0
2022-08-10,33.54169464111328,34.09027134056868,32.71882585503169,32.84127654500277,3147444
2022-08-11,33.409446716308594,33.982515064178656,33.30658858234976,33.982515064178656,901652
2022-08-12,33.786598205566406,34.13925307648967,33.41434703765442,33.67394191927375,1084334
2022-08-15,33.913944244384766,34.335174944116794,33.51230610474478,34.01680238219392,2552966
2022-08-16,34.34007263183594,34.922939126119196,33.8061856673558,33.96782147891481,4811238
2022-08-17,34.4625244140625,34.761304413273315,34.23721558032788,34.29109418588384,1779388
2022-08-18,34.42824172973633,34.72212268343469,34.20293287400428,34.64865151078533,885561
2022-08-19,33.83557891845703,34.291095679978284,33.75231333784211,34.28619660556009,1865156
2022-08-22,33.72292709350586,33.894357351853074,33.4535377552172,33.69843919197018,638296
2022-08-23,34.41354751586914,34.58007868258522,33.79639491030575,33.79639491030575,1445670
2022-08-24,35.02580261230469,35.60866545876056,34.28619926748853,34.40864997915813,3306273
2022-08-25,32.400455474853516,35.505803385937035,32.400455474853516,35.08947175964554,7588814
2022-08-26,31.78820037841797,32.13106082112737,30.862471577754743,30.862471577754743,6502375
2022-08-29,31.81758689880371,32.00860967659783,31.445335754197867,31.445335754197867,2263061
2022-08-30,31.81758689880371,32.3269822185542,31.665749238736204,32.32208314461375,1094639
2022-08-31,32.43474197387695,32.63555917844175,31.469829861163916,31.91065312799967,4591204
2022-09-01,32.33188247680664,32.7433150173113,32.278003872183604,32.57188479210103,978477
2022-09-02,32.175148010253906,32.542500120329024,31.959633576535516,32.542500120329024,1115888
2022-09-05,31.631473541259766,32.25352160681628,31.592288410716122,32.25352160681628,444419
2022-09-06,31.450239181518555,31.763712692925857,31.20533776717541,31.69024152124311,716329
2022-09-07,31.425756454467773,31.73923001746848,31.376773174017956,31.73923001746848,841668
2022-09-08,31.37676429748535,31.651056390188064,31.322887562201892,31.322887562201892,612068
2022-09-09,31.171051025390625,31.567790111995244,31.10737613591169,31.567790111995244,950438
2022-09-12,31.234725952148438,31.34738037616133,31.087785480325074,31.34738037616133,502869
2022-09-13,31.587387084960938,31.739228520775796,31.337588435114803,31.34738471705285,1159880
2022-09-14,32.53759765625,32.81678508134671,31.46982748472427,31.513907939629718,11153190
2022-09-15,32.00371170043945,32.865765635502406,31.910651713769756,32.767806574724204,2180597
2022-09-16,32.18004608154297,32.44454007169391,31.59228415025147,32.08208700529413,879693
2022-09-19,32.32698440551758,32.55719231661219,32.08208300850608,32.32698440551758,2371656
2022-09-20,32.11637496948242,32.322091284003136,31.891066091164575,32.302498720206,1103134
2022-09-21,32.292701721191406,32.37596730798784,31.763713751721433,31.763713751721433,777625
2022-09-22,31.97432518005371,32.32698378286145,31.567787971989315,32.32698378286145,1774332
2022-09-23,31.53350257873535,32.0869821283832,31.352277936304475,32.077183979825506,1313078
2022-09-26,33.28700637817383,33.551500406448255,31.469837972471538,31.518817517655744,6374464
2022-09-27,33.58087921142578,33.845373175313185,33.21842618101661,33.33108247072561,3623616
2022-09-28,33.860069274902344,34.35967026865931,33.47802365432298,33.63965948976783,4489554
2022-09-29,33.850276947021484,34.036400694000285,33.55149689470067,33.86007136027327,2397496
2022-09-30,34.24211883544922,34.43314164687174,33.55149502730693,33.55149502730693,3419163
2022-10-03,36.808677673339844,36.808677673339844,34.09027089662332,34.09516997048995,30842445
2022-10-04,37.88624954223633,38.56707520194718,37.76379883024662,37.95972071680999,14561570
2022-10-05,37.969512939453125,38.351562277819724,37.744204090815764,38.00379898735666,4265286
2022-10-06,38.557273864746094,39.04217755081002,37.95971389964787,38.03318506102689,7427882
2022-10-07,38.7091178894043,39.20871887941127,38.31727785911752,38.35645924631682,7502506
2022-10-10,38.7091178894043,39.35565748943165,38.59646532874525,39.08626816927807,10291842
2022-10-11,39.10516357421875,40.15316807349619,38.709114713637234,39.60479308566212,5201941
2022-10-12,38.812705993652344,39.11735598903183,38.58726392788767,39.11735598903183,2896189
2022-10-13,38.59944534301758,38.99549426133429,38.459305564433414,38.78223858181765,1375428
2022-10-14,38.73958206176758,38.90409223492338,38.41664908926557,38.87362747412832,1425086
2022-10-17,38.7944221496582,38.91628353258363,38.62991195566832,38.90409716185983,923959
2022-10-18,38.84925842285156,38.965027778897344,38.7517697844676,38.89800390419978,716886
2022-10-19,39.342796325683594,39.60479747957037,38.78223723087353,38.93456337502572,2184259
2022-10-20,40.09223937988281,40.39079729384562,39.3915382503327,39.54386438072948,2037554
2022-10-21,40.658897399902344,40.82340759406547,40.037404113896955,40.03130976637236,3052970
2022-10-24,41.13414764404297,41.847032785529706,40.975727174171126,41.67642827118666,1657988
2022-10-25,41.89577102661133,42.34665497218256,41.13414054150013,41.37786322646043,3090525
2022-10-26,40.634525299072266,41.70689804905211,40.51875593740534,41.70689804905211,2412682
2022-10-27,40.116607666015625,40.85387023152885,39.30014183443842,40.518750883568295,2515013
2022-10-28,39.45246887207031,40.09224049701323,39.336699522183096,39.909447275993905,1033784
2022-10-31,40.2140998840332,40.317680540791834,39.36107259313179,39.36107259313179,683345
2022-11-01,40.80512619018555,40.82340458278593,40.281123908725476,40.366426173277134,1295869
2022-11-02,41.91405487060547,42.042008250925555,40.823399316116124,40.829493662404936,1830268
2022-11-03,41.49973678588867,42.04201750940988,41.371783377390706,41.804389086681496,1165910
2022-11-04,41.201171875,41.73735816034342,40.8234014123067,41.06712414150804,1435178
2022-11-07,41.44489288330078,41.85922015762438,41.31084978896425,41.487544015277116,693554
2022-11-08,41.82875442504883,42.02982602365323,41.43270557439226,41.46926235645692,1557747
2022-11-09,41.82875442504883,41.82875442504883,41.82875442504883,41.82875442504883,0
2022-11-10,42.65740966796875,42.94987322694231,42.07247790139718,42.1212187288098,4436653
2022-11-11,42.40149688720703,42.95596619999342,42.285732196101364,42.64521961097441,674141
2022-11-14,42.23699188232422,42.498993028877344,41.914061209540684,42.498993028877344,457979
2022-11-15,41.82265853881836,42.40759027344091,41.773913065443764,42.40759027344091,963238
2022-11-16,42.27354431152344,42.55382382219692,41.92015123635869,41.974986409727144,1512382
2022-11-17,42.4746208190918,43.5043470251571,42.27354919625805,42.3771345056307,4070739
2022-11-18,42.444156646728516,42.620850873200624,42.16387246648886,42.620850873200624,690873
2022-11-21,42.23089599609375,42.63913356907231,42.042013077075495,42.468524393769854,1315167
2022-11-22,42.121219635009766,42.590386716867556,41.895779938580944,42.43806058744287,735431
2022-11-23,40.59187698364258,42.334488634232606,40.36643259226362,42.334488634232606,12462817
2022-11-24,40.79902648925781,41.103678722285686,40.640606026468554,40.70154019197346,3123027
2022-11-25,39.616973876953125,40.76246923493957,39.45246371842534,40.76246923493957,6967197
2022-11-28,39.519493103027344,40.0617737753975,38.75786242288671,38.995490823200605,3952818
2022-11-29,40.83558654785156,41.3717774961443,39.361070737295606,39.45246734426592,4297344
2022-11-30,40.28721618652344,41.03056378963229,40.2140979712527,40.65889231239013,1675653
2022-12-01,40.610145568847656,41.030562509823504,40.42735236068467,40.45781944491996,1699419
2022-12-02,41.01837921142578,41.128054208593674,40.4578201808452,40.82340195519669,1618041
2022-12-05,40.44563293457031,41.24991472636951,40.36033067245711,41.24991472636951,860079
2022-12-06,40.24456787109375,40.67107920177478,39.939915592428775,40.51875306244229,691562
2022-12-07,40.54922103881836,40.67108009350623,39.92163342616349,40.26893684551135,559370
2022-12-08,40.14707946777344,40.792940852121774,40.00084766631488,40.51875564330884,629572
2022-12-09,39.84242248535156,40.73200653329077,39.6352611783604,40.73200653329077,432148
2022-12-12,39.59870147705078,40.42735603849278,39.513399211781,39.8728913142392,364236
2022-12-13,39.811954498291016,39.909445451343984,39.39153754696748,39.7571193236671,611576
2022-12-14,39.543861389160156,39.818046543681895,39.46464883222668,39.75711702585753,529059
2022-12-15,38.40446853637695,39.48902999025961,38.32526061117633,39.482940291215485,3042907
2022-12-16,38.23386764526367,39.135640592889885,38.081541479346285,38.40447220731104,1341930
2022-12-19,37.045719146728516,38.380097705824504,36.86902025521979,38.227771556105786,2348318
2022-12-20,36.351112365722656,37.28944200814351,36.1317623376957,37.16758062320491,6234699
2022-12-21,36.30845642089844,37.14320296205708,36.07082803011193,36.55217915849666,2412336
2022-12-22,37.0030632019043,37.16148367863878,36.442504159458665,36.558271181447495,2108461
2022-12-23,38.31916046142578,39.714468354422,36.55827079025194,36.68013215774857,8316311
2022-12-26,37.447853088378906,38.96502227864983,37.28943494498423,38.77613705155697,4438360
2022-12-27,37.18585205078125,37.71594862730531,36.984782778967976,37.28943502208252,2556540
2022-12-28,37.880462646484375,38.53851267422006,37.16757744074978,37.30771720792037,6403580
2022-12-29,38.16074752807617,38.75177140612498,37.41130315332865,37.70376908071945,3426389
2022-12-30,38.4349365234375,38.995495657849,37.77688641854122,37.77688641854122,3685474
2023-01-02,37.90483474731445,38.77614042251139,37.77688135218235,38.62990863502109,1477901
2023-01-03,37.435672760009766,38.38618874668007,37.31990572593895,38.05107169073822,2486589
2023-01-04,37.19194412231445,37.76468946758393,37.106641871350064,37.38082701393217,1480197
2023-01-05,37.47222900390625,37.56362561412852,37.19804149755178,37.19804149755178,1388686
2023-01-06,37.39910888671875,38.020599722831214,37.21022366493655,37.56362137195253,3381326
2023-01-09,36.75325393676758,37.472233563442046,36.649673268603735,37.25897787939141,2240681
2023-01-10,37.07618713378906,37.66112136601819,36.89949055123771,37.31990992424393,2473458
2023-01-11,36.69841766357422,37.38083819980951,36.61920741069918,37.198047275285575,2666386
2023-01-12,36.90557098388672,37.62455043316999,36.68012898432531,36.86291985759975,1736317
2023-01-13,36.98478698730469,37.289439265084276,36.43641195757645,36.6801347095251,2255377
2023-01-16,36.552181243896484,37.09446192546319,36.46687665385165,36.89339030682614,647897
2023-01-17,35.18733596801758,36.79589952609413,34.760822339906426,36.564363158094544,3257804
2023-01-18,35.991615295410156,36.37547776699381,35.19342559323414,35.46152105085986,2135184
2023-01-19,36.040367126464844,36.71060124012806,35.94897050900507,36.009900037769896,1544018
2023-01-20,35.7966423034668,36.44859798585729,35.67478092863507,35.82710706609663,820064
2023-01-23,36.229248046875,36.375482161821544,35.522454860643606,35.94896851123257,301055
2023-01-24,36.52780532836914,36.89338709953006,36.229245099948365,36.49734056815777,1226190
2023-01-25,36.89948272705078,37.319902010911065,36.49124748824821,36.73497022702398,3092811
2023-01-26,37.83171844482422,38.29478886595683,36.832459385291465,36.832459385291465,8548077
2023-01-27,38.514137268066406,39.54386337081012,37.77687937360992,37.83171687212475,8819700
2023-01-30,37.68548583984375,39.2879597964344,37.10664837138601,38.690839286461014,4597709
2023-01-31,39.032047271728516,39.53777115465117,37.68548479868575,37.95967230603464,4097554
2023-02-01,39.13563537597656,39.90335580284996,39.0564228051384,39.068611500017376,4113242
2023-02-02,39.93381881713867,40.21409833863359,38.87362792915002,39.20874495044284,4458221
2023-02-03,40.841678619384766,41.12195812282176,39.9216275514209,39.939910590696066,7912174
2023-02-06,41.152427673339844,41.52410380093691,40.60405267781756,41.12196058801239,5499666
2023-02-07,41.45708084106445,42.71834103410661,41.310849055260555,41.73736036744886,6284871
2023-02-08,41.23773193359375,42.407595548353555,40.64061143204199,41.49363872770531,4483971
2023-02-09,40.725914001464844,41.73736178855663,40.51875268524111,41.432709512727754,5001730
2023-02-10,39.04423141479492,41.09758449629299,38.66036894924895,40.21409487737606,15727210
2023-02-13,40.2080078125,41.09150224003638,38.995493003536296,39.19047028260898,7443660
2023-02-14,39.6291618347168,40.44562756326383,39.3366936544375,40.2506503259523,2176283
2023-02-15,40.914798736572266,41.128054385140686,39.489023767269316,39.629165849828276,7228483
2023-02-16,40.46392059326172,41.24991943406137,40.30550009613244,41.12806037388511,2555458
2023-02-17,40.48219299316406,40.732005424122825,40.244564606968744,40.244564606968744,588688
2023-02-20,40.049583435058594,40.61014241186549,39.91553571264303,40.45781629977944,1659928
2023-02-21,40.57967758178711,40.914796906421984,40.03739696455925,40.15316630372844,1751562
2023-02-22,41.63986587524414,42.01154197942873,40.27502514351466,40.67107398470102,4350974
2023-02-23,42.32838821411133,42.57820066457992,41.1707086289433,41.438804120921645,7936319
2023-02-24,42.620845794677734,43.35201394746845,42.328382252460806,42.651312877611424,5346242
2023-02-27,43.02300262451172,44.11365852907095,41.56676485189298,42.773185481351895,22665002
2023-02-28,42.89503860473633,43.49824877042631,42.65131587003977,43.382479425504926,4451435
2023-03-01,42.94378662109375,43.461694557562666,41.92624449220507,42.79146048397791,7963118
2023-03-02,43.89430236816406,44.113652388190076,42.92550567161165,43.10829890450834,11207903
2023-03-03,44.22941589355469,44.387836381179746,43.41295001238108,43.57137050000614,2358783
2023-03-06,44.144107818603516,44.78997372996114,43.93085217983536,44.47313279639907,2687516
2023-03-07,43.99787902832031,44.47923015911002,43.869925636382476,44.174577897746246,1765021
2023-03-08,45.11900329589844,45.691746405600135,44.14411230760879,44.32690553006929,7528353
2023-03-09,46.270591735839844,46.54477694001539,45.387097297204626,45.387097297204626,6117944
2023-03-10,46.343109130859375,47.298974904610866,46.079420459997316,46.73863962243092,3026501
2023-03-13,46.224449157714844,47.28579240417833,45.987129858540214,46.17830401784439,2451322
2023-03-14,46.53427505493164,47.05505876089515,45.881649537345126,46.409026842722604,2500883
2023-03-15,46.54745864868164,47.13416321501667,46.15192821500354,46.50790711414653,4641922
2023-03-16,46.19148635864258,47.26601177927623,46.01349939832578,47.20668446898498,2410694
2023-03-17,45.69706344604492,46.14533259240598,45.38722969392803,45.94756486951882,1010342
2023-03-20,45.23561477661133,45.93438538730012,45.1631002759426,45.78276278696302,650958
2023-03-21,45.14991760253906,45.42019986474322,44.76098072310527,45.18947417105852,834293
2023-03-22,44.8994140625,45.55203957429045,44.74120288406894,45.19606065073856,580993
2023-03-23,44.8994140625,44.8994140625,44.8994140625,44.8994140625,0
2023-03-24,44.431365966796875,44.82689639972955,44.38522083344543,44.813714231390136,241978
2023-03-27,44.365440368652344,44.70823203304677,44.20063561992695,44.70823203304677,216501
2023-03-28,44.29293441772461,44.45114559876464,44.05561513144317,44.43136982981498,851871
2023-03-29,44.10834503173828,44.43136092857046,44.035830540488355,44.174265924845,391529
2023-03-30,44.19404983520508,44.66209480080214,44.114941731231596,44.457738485674,1328759
2023-03-31,44.51706314086914,44.728013042795034,44.1676778373146,44.194047203735636,490853
2023-04-03,44.62913131713867,44.826899060063056,44.31930256307298,44.760978155569134,282438
2023-04-04,44.26655960083008,44.7609738814884,43.838066218371104,44.7609738814884,710021
2023-04-05,44.536834716796875,44.69505090043277,44.25996393959692,44.46432022332423,351451
2023-04-06,45.59817886352539,46.112368899570214,44.56320519292588,44.56320519292588,1738553
2023-04-07,45.004886627197266,46.14533790553162,44.66209490142524,45.65092357082949,1317496
2023-04-10,44.52366256713867,45.28835417566279,44.46433022756526,45.00488973633952,554014
2023-04-11,44.339080810546875,44.826901566407884,44.16768242572542,44.800532197247435,223692
2023-04-12,44.582984924316406,45.09058643644053,44.1808608799634,44.33248348252375,790360
2023-04-13,45.1103630065918,45.31471931722977,44.813716424733926,44.813716424733926,1116365
2023-04-14,45.1103630065918,45.1103630065918,45.1103630065918,45.1103630065918,0
2023-04-17,45.492713928222656,46.07941855619299,45.22243166865911,45.22243166865911,892388
2023-04-18,45.908016204833984,46.13874187632224,45.42678909422168,45.78276297055075,294525
2023-04-19,45.79594802856445,46.079412420130176,45.63114326671094,45.90801405955871,359627
2023-04-20,46.66611862182617,47.46377309389889,45.52566741647646,45.52566741647646,2475083
2023-04-21,46.66611862182617,46.66611862182617,46.66611862182617,46.66611862182617,0
2023-04-24,46.66611862182617,46.66611862182617,46.66611862182617,46.66611862182617,0
2023-04-25,46.66611862182617,46.66611862182617,46.66611862182617,46.66611862182617,0
2023-04-26,47.074832916259766,47.72745834175226,46.67929747832054,46.87047159880663,2137838
2023-04-27,47.28579330444336,47.457186667543574,46.60679333421784,47.08802554155155,2417995
2023-04-28,47.371490478515625,47.52970167280811,47.14076477237175,47.28579379607453,1231090
2023-05-01,47.371490478515625,47.371490478515625,47.371490478515625,47.371490478515625,0
2023-05-02,47.476951599121094,47.786785343177485,47.32533404103519,47.69449508274903,1563750
2023-05-03,47.575843811035156,47.67472768726757,46.982545583083514,47.5626616412775,2223992
2023-05-04,47.20008850097656,47.52969806457199,47.10120462600937,47.50332869595122,770067
2023-05-05,48.57126235961914,48.76903009679695,47.2000854564406,47.325338691949376,2170349
2023-05-08,48.48908615112305,49.68060259188615,48.28365606523894,49.345057903399265,2228350
2023-05-09,48.304195404052734,48.9615810400355,47.76322066492973,48.61919236143385,1802120
2023-05-10,47.831695556640625,48.24256091062115,47.32496179421253,48.105607534106454,1635780
2023-05-11,48.11930847167969,48.24941785726626,47.86594416219502,47.968661823214035,667560
2023-05-12,48.05767822265625,48.41376017250919,47.927568844615294,48.208330086822215,669440
2023-05-15,48.60550308227539,48.941042551863646,47.59203021209995,48.20833092879873,906698
2023-05-16,48.36582946777344,48.61919900535937,48.27681027996952,48.6055057550962,1350057
2023-05-17,48.27680587768555,48.619194571853534,48.1398524897931,48.60550132283903,413942
2023-05-18,47.715293884277344,48.48224652449411,47.59203373182174,48.37952886004154,540717
2023-05-19,47.44822692871094,48.023437440081985,47.31811755018974,48.00289495388116,530001
2023-05-22,46.96887969970703,47.824851455929455,46.60594851097864,47.824851455929455,1101683
2023-05-23,46.537471771240234,47.24279166178879,46.393669143263665,47.24279166178879,888486
2023-05-24,46.25672149658203,46.975734725755835,46.167697079324114,46.831932079921074,1139421
2023-05-25,46.379974365234375,46.701815346133806,46.1197556165267,46.42790857297998,1037996
2023-05-26,46.47584533691406,46.79084232291536,46.15399911387616,46.53062355989556,1214212
2023-05-29,46.67443084716797,47.10583873535312,46.49638725744394,46.83877596298559,921143
2023-05-30,46.640193939208984,46.8387800326099,46.496391297319526,46.640193939208984,555067
2023-05-31,46.537471771240234,46.770298805419195,46.29780072461262,46.73605784542797,740788
2023-06-01,46.51692581176758,46.87300773667882,46.42790663664891,46.55801078113979,349817
2023-06-02,46.927799224853516,47.45508080290664,46.40052287123788,46.83878003447198,1171164
2023-06-05,47.53724670410156,47.65365761031812,46.90725273870213,47.009970395426116,698254
2023-06-06,47.22224426269531,47.66735057408866,46.948332284573524,47.646808090005905,1197751
2023-06-07,47.023658752441406,47.52354851012173,46.975724547549035,47.256485765087575,683435
2023-06-08,47.01681900024414,47.249640809546946,46.83877541261219,47.24279157267422,917494
2023-06-09,46.96887969970703,47.43452854406951,46.90725224098877,46.914101477880905,1036202
2023-06-12,46.71551513671875,47.146923018593824,46.558014035721015,46.97572866832701,513458
2023-06-13,46.434749603271484,46.873006681497934,46.32518794593311,46.56485896927,332711
2023-06-14,45.941715240478516,46.64704038143762,45.880087779549264,46.51693099800407,1117071
2023-06-15,45.81161117553711,45.97595629612303,45.59248260661014,45.94171533480059,557477
2023-06-16,45.462371826171875,46.05128081665205,45.270634987306146,45.61987292920417,1618943
2023-06-19,44.038028717041016,45.660952880867214,43.832598651319465,45.660952880867214,3289618
2023-06-20,44.551612854003906,44.846067324372456,44.08596404561728,44.44205119437936,2381704
2023-06-21,43.89422607421875,44.95563303192803,43.8257493856909,44.57900340837017,1287772
2023-06-22,44.33933639526367,44.84607020551006,44.16129280944421,44.174991283050204,1104113
2023-06-23,44.09282302856445,44.50368848574107,43.84630270937093,44.33934334775797,511086
2023-06-26,47.400291442871094,47.400291442871094,44.510530041208874,44.510530041208874,5280692
2023-06-27,47.64680862426758,48.26995328765641,47.11268313438101,47.92756461727409,6057622
2023-06-28,47.64680862426758,47.64680862426758,47.64680862426758,47.64680862426758,0
2023-06-29,47.64680862426758,47.64680862426758,47.64680862426758,47.64680862426758,0
2023-06-30,47.64680862426758,47.64680862426758,47.64680862426758,47.64680862426758,0
2023-07-03,51.221351623535156,51.221351623535156,51.221351623535156,51.221351623535156,1438779
2023-07-04,52.8168830871582,54.782196258737876,52.11156314623693,54.782196258737876,11423828
2023-07-05,52.91960144042969,54.91915037609514,52.72101534946849,52.72786458693265,11441701
2023-07-06,54.200130462646484,54.426108251038926,52.7620990150854,53.39894218500432,6430102
2023-07-07,53.234596252441406,54.405565037563676,53.07025113113579,54.405565037563676,2105730
2023-07-10,53.20720672607422,53.583836420079784,53.02916834748743,53.234598451496204,1860414
2023-07-11,53.049705505371094,53.74817614792324,52.933294602351886,53.26198482551634,2662535
2023-07-12,54.72057342529297,54.782200893568096,52.89906273785169,53.24830073139077,7873696
2023-07-13,54.46034240722656,55.877831328304325,54.09741124365368,54.782188601168286,11112977
2023-07-14,54.741111755371094,54.919150133152236,54.0974192719607,54.309698612473746,3698082
2023-07-17,54.41925811767578,55.138271217389686,54.3028472193083,54.63838666584145,2429798
2023-07-18,54.521968841552734,54.70685640815386,53.891969774223064,54.4466429228985,3680529
2023-07-19,54.93284225463867,55.0834941141352,54.439801705172506,54.782190395142145,6514694
2023-07-20,55.083499908447266,55.38479843469755,54.611001794766636,54.953390520752635,7245102
2023-07-21,55.288917541503906,56.076412478575904,54.77533456833993,55.12457245293356,7433769
2023-07-24,55.60392379760742,55.8778358074573,54.85751892581446,55.46012116793457,2565726
2023-07-25,55.67240905761719,56.01479778435669,55.2957793684288,55.54229966963623,3593874
2023-07-26,56.247615814208984,56.69272217381402,55.47381922480488,55.987402280248304,2850755
2023-07-27,56.247615814208984,56.247615814208984,56.247615814208984,56.247615814208984,0
2023-07-28,56.247615814208984,56.247615814208984,56.247615814208984,56.247615814208984,0
2023-07-31,58.72651290893555,59.57563544554693,58.55531855420696,58.8908580266326,3355273
2023-08-01,57.94586944580078,59.26749012748516,57.86369427136355,59.19900820323547,1959041
2023-08-02,57.35011672973633,58.199239383250436,57.17892235143861,58.199239383250436,1790282
2023-08-03,58.370426177978516,60.02074227808725,57.514454397699,57.514454397699,7170605
2023-08-04,57.95956802368164,59.19901364485969,57.726746178030915,57.86369959024454,1901613
2023-08-07,57.302181243896484,58.71967045583535,57.17892108527408,57.86369858330131,2619638
2023-08-08,56.795440673828125,58.19923124490638,56.22022492647596,57.2816320132741,1835526
2023-08-09,60.06182098388672,60.67127240989062,56.3229372647346,56.83652027930665,9879437
2023-08-10,58.473148345947266,60.39737138459178,57.52130807082552,60.260417978960064,4394428
2023-08-11,58.87717056274414,61.424538422902856,54.09742141027374,58.54847507061272,12389202
2023-08-14,58.87717056274414,58.87717056274414,58.87717056274414,58.87717056274414,0
2023-08-15,59.000431060791016,59.514014178418634,58.65119307796169,59.2332528997188,2100025
2023-08-16,58.2677116394043,59.164773665787706,58.089673261167825,58.97303681264848,893892
2023-08-17,58.70597457885742,58.88401295878615,57.726742591499544,58.20608472890376,878642
2023-08-18,59.041500091552734,59.56877631781639,58.79497984372041,58.89084824849562,2820145
2023-08-21,57.92531204223633,59.06204492179397,57.86368459004743,59.06204492179397,1173875
2023-08-22,57.40489196777344,58.20608028966034,57.185763403895734,57.521302874487866,1146321
2023-08-23,57.9869499206543,58.18553599180479,57.521301083855136,57.521301083855136,539180
2023-08-24,58.54846954345703,59.062052609627706,58.20608083267658,58.20608083267658,3934087
2023-08-25,58.575862884521484,59.062054240320926,58.13760574057727,58.54847115997031,3851878
2023-08-28,58.15129470825195,58.70596794680067,57.8636894583004,58.54161761159674,1089450
2023-08-29,57.12413787841797,58.343040994263674,56.569469774439085,58.20608758384149,1206179
2023-08-30,55.2273063659668,57.31587460426501,54.795893197747866,57.26109637489115,2777146
2023-08-31,53.44688034057617,55.24784309526384,52.79633864936985,55.124582949256954,3703301
2023-09-01,54.6657829284668,54.768500586797664,53.001773581705486,53.556441622480214,1142501
2023-09-04,55.494354248046875,55.877827872720644,54.51512247838095,55.37794335833324,1599871
2023-09-05,54.823280334472656,56.32294460426636,54.508283338086436,56.02164085796768,1331079
2023-09-06,55.24099349975586,55.44642881658025,54.27546004933034,54.78904311695418,1882043
2023-09-07,55.00132751464844,55.638170786162945,54.816439892019275,55.19306437498612,2172160
2023-09-08,55.80936050415039,56.02163983547512,54.98762967852673,54.98762967852673,1517193
2023-09-11,55.63816452026367,56.42565958605327,55.549145337828584,56.42565958605327,1995112
2023-09-12,56.165443420410156,57.076198670940386,55.535449428461526,56.014796771895085,11871442
2023-09-13,56.17229461669922,56.562617562762405,55.85044837224691,56.322946494905615,3117649
2023-09-14,56.151756286621094,56.466753316906185,56.05588785237945,56.42566833778486,1255852
2023-09-15,56.97347640991211,57.1583692297664,56.09011817971706,56.49413432961737,3119628
2023-09-18,57.384342193603516,57.52129556947055,56.69956486539554,57.04195352949952,1113003
2023-09-19,57.12413787841797,57.521310082855116,57.00772695711534,57.28848824024986,580858
2023-09-20,58.028038024902344,58.19923238260751,57.185764710677724,57.185764710677724,2581456
2023-09-21,57.95270538330078,58.164989914907025,57.38434415206233,58.03488054628738,1351136
2023-09-22,59.47976303100586,60.363126469023186,58.206076699393606,58.206076699393606,7480117
2023-09-25,59.603023529052734,60.22616822549967,59.4455224335693,59.84954380276093,2785144
2023-09-26,59.80845642089844,60.12345862668295,58.897706437096005,59.40444025713874,1925798
2023-09-27,59.965965270996094,60.1919430991262,59.644119011132794,59.98650776001925,903119
2023-09-28,59.965965270996094,59.965965270996094,59.965965270996094,59.965965270996094,0
2023-09-29,59.965965270996094,59.965965270996094,59.965965270996094,59.965965270996094,0
2023-10-02,60.85617446899414,61.35605908679276,60.60280492917077,60.60280492917077,2255231
2023-10-03,60.82194137573242,61.205415129350634,60.60281277017373,60.94520154288657,922658
2023-10-04,61.32182693481445,61.93812250245063,60.95889047294374,61.06845738017362,2304283
2023-10-05,60.69868087768555,61.609436262001964,60.43161805438044,61.32183094835616,3343939
2023-10-06,62.02075958251953,62.17500286004271,61.10998174797484,61.20546968435976,2429915
2023-10-09,63.90106201171875,64.04061784839321,61.991376221774075,62.064824597588895,1972231
2023-10-10,64.2315902709961,64.78246156184083,63.57054920498444,63.90106973799027,2187052
2023-10-11,65.57571411132812,66.03110303845622,63.90106637197333,63.90106637197333,2828261
2023-10-12,66.61135864257812,67.13284946161595,64.71636004691786,65.35537276510634,3089325
2023-10-13,66.75825500488281,67.50009657841933,66.25145162445902,67.50009657841933,3311193
2023-10-16,66.45711517333984,66.98594690683242,65.88420432215588,66.1192425160701,2465358
2023-10-17,65.53165435791016,66.53790906832506,65.36271801761079,65.55368831452465,2535368
2023-10-18,64.41521453857422,65.40678735285454,64.26831776803404,65.37006035834318,1152255
2023-10-19,66.6994857788086,66.8390416149415,64.2609627264575,64.26830924513604,3342560
2023-10-20,69.90189361572266,71.1725725369993,66.5819784054043,66.9124989413781,9907472
2023-10-23,70.17365264892578,72.34775716645215,69.76967815928738,70.51151967491785,4767261
2023-10-24,70.89346313476562,71.93645041426208,69.04253798631562,70.51152815623723,2113055
2023-10-25,71.0624008178711,72.38449423737916,69.23350959067902,71.49575023641641,10409559
2023-10-26,71.07707977294922,72.2008618473126,70.76859321312502,71.06973885753833,1877730
2023-10-27,71.17991638183594,71.83361651330988,70.8053223457237,71.83361651330988,1227736
2023-10-30,72.78844451904297,73.44214454117088,71.10645050133421,71.31945469785643,3359949
2023-10-31,74.49248504638672,76.01288954349441,72.71500840798109,72.71500840798109,4982233
2023-11-01,76.47563171386719,76.74739131405495,74.55125253742209,74.91850008686752,3094253
2023-11-02,77.79772186279297,78.21638385756643,76.0202450150708,76.38749257553008,3815889
2023-11-03,79.90995025634766,80.36476963071259,78.3219229914004,79.40116328022442,3797553
2023-11-06,81.5981674194336,83.18619435035005,79.09279143515339,80.82728250119354,3996571
2023-11-07,81.12022399902344,83.1784853563586,80.1797434407664,82.50010285197108,4229243
2023-11-08,82.45384979248047,83.25557080974797,81.28981192418595,81.32835852248527,10009805
2023-11-09,82.45384979248047,82.45384979248047,82.45384979248047,82.45384979248047,0
2023-11-10,87.28731536865234,88.42051143321461,83.25558403542335,83.25558403542335,9868308
2023-11-13,92.36743927001953,92.50619880348017,88.35112917773472,88.65177385333517,8814840
2023-11-14,94.66468811035156,96.16791163098682,93.28480314150332,93.28480314150332,9974473
2023-11-15,92.23638916015625,96.35291213595377,91.35758075225823,94.81885267043153,8250601
2023-11-16,92.04367065429688,94.04025999160078,91.27278565029336,92.23639190529775,4820727
2023-11-17,89.49203491210938,92.42140020198524,88.76740702695629,90.19354307016467,3919513
2023-11-20,89.12973022460938,90.37085560649174,87.67275797307549,89.49975174933026,3944748
2023-11-21,91.3498764038086,92.03596361261745,88.65948928562375,89.11430863199513,5031871
2023-11-22,91.1957015991211,93.89379920996626,90.88734641017587,91.73531876873571,6264918
2023-11-23,90.36312866210938,91.9280240636386,90.20124353933583,91.69675624174211,2162863
2023-11-24,90.15499114990234,91.85094154239668,89.80809528034355,90.20124824552609,2123494
2023-11-27,90.50190734863281,91.3498797395582,89.15285849171951,90.8102625493474,3665519
2023-11-28,93.0381088256836,95.4972278783773,90.69461781327497,90.87962855911667,8839722
2023-11-29,92.28264617919922,94.12506092926363,90.39398020940658,93.27708857305848,5352623
2023-11-30,94.26380920410156,95.66681955491194,92.1207500191546,93.12290279032715,5524280
2023-12-01,94.22528076171875,95.05012751694095,93.0920788150875,93.97088728770233,2100919
2023-12-04,95.35076141357422,97.00815935211364,94.0479639651287,95.05011675337686,5371786
2023-12-05,94.51050567626953,97.51695853872076,94.04797582390461,94.9344948050793,6392358
2023-12-06,95.29680633544922,96.0522703459808,94.03255539908606,94.70322158864572,3555975
2023-12-07,94.31007385253906,96.80774564009572,93.89380110266578,95.5897458539721,5853690
2023-12-08,95.1117935180664,95.78246561593573,94.04797428687452,94.81885932201284,3948341
2023-12-11,92.15930938720703,95.95977289039085,91.42696506638104,94.81886043715824,6637805
2023-12-12,93.26167297363281,94.04026261479684,91.73531803531934,92.15930715190252,7301760
2023-12-13,93.76274871826172,96.34521840157622,92.89165070858404,93.26938274517516,10930896
2023-12-14,93.07666015625,94.57988954656861,92.12076433214393,94.04797697507581,4909947
2023-12-15,92.7297592163086,94.43341439472465,92.35202720551774,93.28479736846667,7268649
2023-12-18,92.37515258789062,94.43341416259581,91.82782493402067,93.35417396731754,4202917
2023-12-19,90.33230590820312,92.5062014059884,88.80595099719451,92.5062014059884,5349279
2023-12-20,91.51174926757812,92.50619153231676,88.57467956847034,91.3498641381628,7129829
2023-12-21,90.88734436035156,92.50620171407061,89.80810416407688,92.50620171407061,2843174
2023-12-22,89.56912994384766,91.4269597336977,89.03721741232796,90.88734258678336,1729703
2023-12-25,89.56912994384766,89.56912994384766,89.56912994384766,89.56912994384766,0
2023-12-26,84.6585922241211,89.4226618583835,84.02646674623968,89.4226618583835,4885560
2023-12-27,88.35112762451172,89.57683191404466,84.41190492420465,84.47357713385534,4758258
2023-12-28,91.38842010498047,92.66037566382373,89.11430580120457,89.43807609322336,5717872
2023-12-29,90.26292419433594,92.12075991612814,89.58454749384248,92.12075991612814,6034660
2024-01-01,93.6008529663086,94.39486355558813,90.30917668578208,90.30917668578208,4739047
2024-01-02,92.4136962890625,94.4334172070344,91.78928128998199,94.047974687822,2619172
2024-01-03,92.3982925415039,94.38717759681415,91.73533085640048,92.4291286526002,3967343
2024-01-04,93.385009765625,93.6548183432082,92.12075881804718,92.89164382907687,2134504
2024-01-05,92.93789672851562,94.3948689552008,90.9644329466322,93.64711542134272,3494638
2024-01-08,92.79141998291016,94.81884520619933,92.39055653073913,93.08435413535422,3218293
2024-01-09,92.71434020996094,93.90150386499613,92.42911651221068,93.27708887112553,2027799
2024-01-10,92.42911529541016,93.89379801319154,92.12076011039524,93.16145371360787,2058497
2024-01-11,93.15374755859375,93.80900456281239,91.65823454585083,92.66038159212796,3857614
2024-01-12,92.29035186767578,94.24068994974489,91.69676713228952,93.62397960569943,4664750
2024-01-15,93.79357147216797,96.16789855545028,92.54474160371096,92.69891624282883,9719333
2024-01-16,92.15159606933594,93.93233858489864,91.27278761635284,93.65481950696861,5372640
2024-01-17,90.370849609375,92.50619843545026,88.51301396773123,91.73531344848817,4840874
2024-01-18,89.39952850341797,90.19353906010491,88.26632668702575,90.19353906010491,3661566
2024-01-19,89.68476104736328,90.63295221657785,89.35328613251494,90.14729676779146,1140328
2024-01-22,91.05693817138672,91.69676825050823,88.85220660440878,89.808102356089,1973088
2024-01-23,90.9721450805664,92.03596431686977,90.42481740875472,91.73531962223217,1640753
2024-01-24,90.34002685546875,91.6582396722261,90.19355680425575,91.6428186766318,1831819
2024-01-25,89.29931640625,90.69462226855043,89.0372183268811,90.69462226855043,2443102
2024-01-26,88.62093353271484,89.56912461315954,88.18923984087554,89.19138675141471,4125916
2024-01-29,87.20252227783203,89.02951615147867,86.7245714114211,89.02951615147867,6223575
2024-01-30,87.63420867919922,89.34557435232472,86.38537283847323,87.49544914134077,5211113
2024-01-31,87.83464813232422,88.45906316675175,87.30273554365695,87.30273554365695,1863499
2024-02-01,87.6264877319336,88.11214899721115,86.57037915216029,88.02735118522253,805437
2024-02-02,87.87318420410156,88.53614581007842,87.49545218068232,88.25862672472131,3223960
2024-02-06,87.95797729492188,88.65177497097186,87.3027262214136,87.86547485903908,2422556
2024-02-07,90.52503204345703,90.95672579125755,88.04278123083165,88.57469379964743,4544017
2024-02-08,90.52503204345703,90.52503204345703,90.52503204345703,90.52503204345703,0
2024-02-09,89.25306701660156,90.01624154253803,85.22134164012787,87.09459248116173,4000640
2024-02-12,87.21023559570312,89.02952503468121,85.76868411782745,87.88861829718533,2234259
2024-02-13,88.5746841430664,89.8080989175888,85.19049959857111,87.29501227104684,2495415
2024-02-14,87.47232055664062,90.50189879568016,86.92499292075635,89.50745645508397,7365560
2024-02-15,85.77637481689453,88.26633605498924,85.32926596874012,88.26633605498924,2586542
2024-02-16,83.50226593017578,85.95368055248875,83.25558295667072,84.83589961534712,3967680
2024-02-19,85.47572326660156,85.88429724063668,82.48469170343921,82.48469170343921,3626055
2024-02-20,87.17938232421875,87.9965244282222,84.95152513202159,86.33140999565896,2830766
2024-02-21,88.50531768798828,88.64407724318632,87.64963474449821,87.86548751588477,2326149
2024-02-22,88.64407348632812,90.19355414013923,87.91944551223727,87.91944551223727,3172182
2024-02-23,89.13923645019531,89.45071613498334,87.06270318715964,88.66003740385577,4741465
2024-02-26,89.90596008300781,90.64872077005579,89.40280197630308,89.45072005503303,2584745
2024-02-27,89.29097747802734,90.4091064589585,88.8996262413555,90.2493754883529,1371898
2024-02-28,89.33891296386719,90.041737902206,88.66802935119851,89.49066168086249,1196247
2024-02-29,91.15986633300781,91.84672055681347,89.45071915098355,89.45071915098355,2126329
2024-03-01,91.29564666748047,91.84672899129939,90.81644756097792,91.08799758044928,950682
2024-03-04,92.69330596923828,93.43606665037325,91.48732297959235,91.84672075389936,2737894
2024-03-05,92.26203155517578,93.36419618246315,91.84672729543438,93.03673970816847,943331
2024-03-06,92.66934204101562,93.84338364538695,91.94255815323828,91.94255815323828,2380806
2024-03-07,93.2284164428711,93.52391938020513,91.71094768246085,92.68532255261943,1200040
2024-03-08,92.94886779785156,93.84337707506523,92.73323037841087,93.44404355559688,993138
2024-03-11,94.09098052978516,94.242729247088,92.88499744951118,93.04472845157416,1518646
2024-03-12,93.01277160644531,94.23473131909874,92.68532125739634,94.09097099447207,663995
2024-03-13,92.07833862304688,93.36419325229511,91.64705762068905,92.80512257812153,685928
2024-03-14,93.17251586914062,93.35620590772518,92.25404739617683,92.44572581267502,884046
2024-03-15,92.37384033203125,93.64371810476506,92.0463838940228,93.59580002831365,812642
2024-03-18,93.27632904052734,93.84338193634541,92.24604777572677,92.64538131588142,972772
2024-03-19,93.24439239501953,94.5621944483937,93.04472560188245,93.1245911004679,9327284
2024-03-20,93.10062408447266,94.1628527953661,92.88498664743051,93.52391667472509,1313321
2024-03-21,93.06069946289062,94.15487572049517,92.72526070129408,93.42809173703598,1105993
2024-03-22,92.11827087402344,93.3003009976336,91.88666275080682,93.3003009976336,507108
2024-03-26,93.85935974121094,94.63406784301515,93.36419001346971,94.50628426897916,620435
2024-03-27,97.42941284179688,98.2360684432814,93.52393060822689,93.88333451463754,5092381
2024-03-28,97.8127670288086,99.2743293786013,97.437392492631,97.51725798911954,3430695
2024-03-29,96.85436248779297,97.7967899674406,96.6387250386141,97.7967899674406,776542
2024-04-01,97.66101837158203,97.87666191489615,96.08764310720723,97.43739254395761,1682584
2024-04-02,96.90228271484375,98.00444114209425,96.72657497426471,97.59711920651071,1037505
2024-04-03,96.73456573486328,97.43739062114874,96.23938991679034,96.64671186240928,1006208
2024-04-04,97.229736328125,97.65302893917736,96.59878855365851,97.38947341280769,3481568
2024-04-08,100.34453582763672,100.83172325518892,97.35752252407548,97.42939963960947,8052933
2024-04-09,101.86200714111328,103.03604271129052,101.33488390714473,101.43072615696083,6033616
2024-04-15,104.68927764892578,107.01340167308172,101.83004816739128,102.62871521184141,9788113
2024-04-16,104.29794311523438,106.61408522712911,104.06633499739185,105.41608446857133,2517747
2024-04-17,103.56317138671875,105.44004412748285,102.70860384434746,103.90660460993459,3383064
2024-04-18,102.67665100097656,104.29794440602097,102.30927092168743,104.29794440602097,1876144
2024-04-19,105.72754669189453,106.92554725231324,102.22938115573047,103.6669842655713,6419447
2024-04-22,105.11258697509766,106.46233644540098,104.86500210169412,105.90327186244235,2280635
2024-04-23,105.51193237304688,106.05502026109262,104.22607759494412,105.40810172934007,1969582
2024-04-24,107.71623229980469,110.61539789157854,105.42406152843586,105.74352350687501,7181188
2024-04-25,107.26897430419922,109.08993428421341,106.78178689457395,107.89992812629539,2546913
2024-04-26,109.82470703125,110.37578927258136,106.62205639127572,107.81207474120419,4064507
2024-04-29,105.9112548828125,113.41073919115415,105.06466962463689,110.22405276610837,13557616
2024-04-30,105.55982971191406,107.22105875124527,105.22439099051444,105.42405776658752,6109741
2024-05-02,106.08696746826172,107.1811376513925,105.44004897497433,106.63804979563824,2605188
2024-05-03,108.89826965332031,109.25766742977252,106.09494018626748,106.09494018626748,3962405
2024-05-06,110.03238677978516,111.36615958045607,108.30726265243925,109.36949152196165,5552608
2024-05-07,111.7654800415039,113.41073237824699,110.10425094989822,110.6233797093467,7473818
2024-05-08,111.87728881835938,114.59275208338994,110.65532913042635,113.75414919114165,5358834
2024-05-09,110.26718139648438,113.71505566823214,109.86871884362321,112.6172704273862,3804568
2024-05-10,110.5843505859375,112.9100458384979,109.98259293033033,110.9584064303389,4339382
2024-05-13,111.3243179321289,112.41398837531612,110.51113807168052,111.3243179321289,2754228
2024-05-14,111.4544448852539,112.30828633677925,110.91774312622178,111.48697903266645,2617289
2024-05-15,111.19422912597656,112.05619787446503,110.51114854825677,111.81224141157519,2004920
2024-05-16,110.28345489501953,111.32432418217951,110.10455432302572,111.19422482739002,2210327
2024-05-17,111.41378021240234,111.69027082491928,109.95006623246475,110.34851646578811,2043699
2024-05-20,111.01532745361328,111.80411297790795,110.57620334310852,111.29180565169939,1940146
2024-05-21,110.55995178222656,111.38938639977033,110.34851705340292,111.38938639977033,1539000
2024-05-22,110.89335632324219,111.70653635032913,110.0639216294761,110.5924836838256,2838309
2024-05-23,111.56828308105469,112.00740718853379,110.60873672672935,110.9177366602855,3025811
2024-05-24,113.79639434814453,114.6583630353061,111.6658670339799,111.73091050519112,6648379
2024-05-27,113.12958526611328,114.45507249186389,112.3896009771699,113.8451875585147,6359550
2024-05-28,113.12958526611328,113.12958526611328,113.12958526611328,113.12958526611328,0
2024-05-29,113.17025756835938,113.76387548598778,112.22696580326362,113.60124196983311,7447908
2024-05-30,113.64189147949219,114.65836635855742,113.01573947970864,113.19464005107537,2420371
2024-05-31,116.62627410888672,117.82977703458488,113.44673733099086,113.44673733099086,3989738
2024-06-03,116.17900848388672,118.68360406791386,115.75616386923295,117.01658278925552,1997487
2024-06-04,114.49574279785156,116.89462123904181,113.84519633715377,116.69132624558262,2587573
2024-06-05,114.65025329589844,115.67485563458821,113.23531562120499,114.25179062678133,1575687
2024-06-06,114.43880462646484,115.06495662797775,113.11332981803862,115.0568292958534,1083897
2024-06-07,114.34123992919922,114.6177181503574,110.59247964491004,113.0808084516178,4351886
2024-06-10,112.30014038085938,114.65835694338956,111.81222751571677,114.65835694338956,936525
2024-06-11,111.90980529785156,113.84517728225455,110.9990478501982,113.4792488369038,1235103
2024-06-12,111.7634506225586,113.0157422446222,110.8364260064972,112.21882939421809,4540108
2024-06-13,117.74845123291016,118.72426462491147,113.19463885938339,113.84518525676442,5057924
2024-06-14,118.28514099121094,121.04182005938574,116.6913030990572,118.31766272413115,2838233
2024-06-20,118.63482666015625,120.22866487884963,118.12251930269377,118.56164343998783,3919441
2024-06-21,128.71824645996094,128.71824645996094,118.23635759345312,118.9682269798855,17948664
2024-06-24,134.2885284423828,138.1592603067363,132.54832394943367,136.1913664340099,20112895
2024-06-25,133.31271362304688,136.61422200281237,132.76788458379824,135.31312921095798,8435082
2024-06-26,133.8331756591797,137.99665359251995,132.54834967640667,133.36152973577114,10891866
2024-06-27,133.71116638183594,134.987864793927,132.54832506873555,134.01205138547854,2683592
2024-06-28,132.61338806152344,134.17469208039103,132.37755892688358,134.15029767448226,2422659
2024-07-01,133.07688903808594,134.7032488792267,132.42635502814235,132.75162203311413,3790120
2024-07-02,133.2964630126953,134.37799389276083,132.71097242486823,133.11756242151804,2233091
2024-07-03,135.5489501953125,136.28894683138054,133.44281737709392,133.93071783865923,5684381
2024-07-04,134.3373260498047,137.5900458689677,133.9307360724093,136.59796533147167,6724820
2024-07-05,133.158203125,134.57314055948768,132.64589583855548,134.57314055948768,2720120
2024-07-08,133.63800048828125,134.17470227533676,132.5483422477569,133.7681122684418,1473755
2024-07-09,131.8408660888672,134.1665611861811,130.31208384908095,133.76809855334676,4087231
2024-07-10,128.8076934814453,132.54019871883673,128.48242647893218,131.73514613662667,5305104
2024-07-11,133.158203125,134.70323990792718,126.16485131059893,128.88900882633587,18624585
2024-07-12,130.53164672851562,134.58127933326736,128.80769682761698,134.01205586001166,8986947
2024-07-15,132.7434844970703,134.70323852481485,131.65381405708007,132.5483168642049,12867737
2024-07-16,132.7434844970703,132.7434844970703,132.7434844970703,132.7434844970703,0
2024-07-17,132.7434844970703,132.7434844970703,132.7434844970703,132.7434844970703,0
2024-07-18,132.206787109375,133.36150105637407,131.71887421542482,133.3533737244597,7087368
2024-07-19,126.4332046508789,132.20678677961368,124.41652201665296,132.20678677961368,16720522
2024-07-22,122.31851959228516,125.75013977761641,120.44820333265609,125.75013977761641,7802483
2024-07-23,124.66049194335938,126.43321832291501,122.57061346353326,122.79017552981989,4498189
2024-07-24,123.26182556152344,124.82312966839868,122.79017967379936,124.82312966839868,1896074
2024-07-25,120.4075698852539,123.61148869778704,119.7082345812073,123.61148869778704,3773668
2024-07-26,120.64337921142578,122.79017380682205,118.31768403240137,119.54558130353867,5504359
2024-07-29,119.26911926269531,122.83085193646008,118.72429010529885,120.75724027833479,4205142
2024-07-30,120.02537536621094,121.6435956573974,118.72428237690573,119.52933505995435,3239833
2024-07-31,119.30975341796875,120.5132561704443,118.72426290959895,119.94403273401264,2170547
2024-08-01,119.1064682006836,119.78140904777257,118.5697664560382,119.545579913849,1043610
2024-08-02,121.2044677734375,123.60334602049663,118.92756154932653,119.5374464803487,3357123
2024-08-05,116.08955383300781,121.57039062651141,115.06495166321983,121.57039062651141,8140989
2024-08-06,117.17108917236328,120.35062556906739,116.04076960422266,118.11438083720971,5616835
2024-08-07,116.90274810791016,118.88690922150032,116.50429786352208,117.9110957383971,2818864
2024-08-08,117.97614288330078,118.72426691185062,116.48802215837398,116.89461211355156,2664075
2024-08-09,118.74054718017578,121.88754981237689,114.49574658373879,117.51263743786976,10305942
2024-08-12,120.59459686279297,124.33521742973073,118.74867478267876,119.52933304472872,9417291
2024-08-13,119.03327941894531,124.4002593900948,118.00053745703514,121.81435322736782,12130223
2024-08-15,119.26097106933594,120.74095208421238,119.04953634711003,119.53744926655646,2589517
2024-08-16,120.54579162597656,121.48094353827963,119.41547207271317,120.10666753585096,4047714
2024-08-19,121.18006896972656,123.35938508822402,120.6027057964033,122.7901616548956,10154792
2024-08-20,120.106689453125,121.89568305989495,119.73263358320159,121.1800930620726,1459596
2024-08-21,118.72425842285156,120.51325161608848,118.43964051132167,120.35061812727419,1988759
2024-08-22,119.7244644165039,120.3343492967463,118.88689017362219,118.88689017362219,1438498
2024-08-23,118.91942596435547,120.7572079620325,118.56162484435079,119.94402811043632,1256569
2024-08-26,125.51432037353516,127.88880415179521,117.51262086471458,120.35062313392481,23216204
2024-08-27,124.123779296875,126.44947430452501,123.6440061343807,125.75826642706399,3718845
2024-08-28,123.63585662841797,124.40024765846326,123.08290029663857,124.12376949257356,1767084
2024-08-29,124.8393783569336,125.67695263870351,123.60334146797457,123.60334146797457,3426505
2024-08-30,123.48137664794922,125.47366498375597,123.20488604309764,125.22970852448269,2982659
2024-09-02,124.99388885498047,125.83959049793721,121.97698594307323,123.60334575564754,5045437
2024-09-03,125.30289459228516,125.96156836161876,124.49785438894017,125.22971137527946,1705836
2024-09-04,125.65255737304688,126.04288023756784,124.41652049256696,125.2297003650674,3069517
2024-09-05,124.94508361816406,125.88024792519356,124.416521659338,125.77453057017225,2280864
2024-09-06,124.90443420410156,125.3679402822546,124.00993137518837,124.97761741515622,2353445
2024-09-09,122.66819763183594,124.97762565937606,121.98511705917869,124.97762565937606,3305972
2024-09-10,122.15586853027344,123.35937114010908,121.82246183982895,123.03410418873906,4511772
2024-09-11,121.2939224243164,122.78204319853633,121.08248769941036,122.38358056233281,3476501
2024-09-12,122.00950622558594,123.0991767172105,121.00117109501761,121.36709956685742,1877149
2024-09-13,122.96094512939453,124.00994180045227,122.61127130028112,123.60335182733604,3837508
2024-09-16,124.4165267944336,125.2297067081227,122.99346194547766,123.44071337963481,3152305
2024-09-17,124.4165267944336,124.4165267944336,124.4165267944336,124.4165267944336,0
2024-09-18,125.00201416015625,125.42487117884816,124.09938398248838,124.41652364447219,5419251
2024-09-19,125.34632110595703,128.25575107153128,124.72656072116712,126.43090834654562,6029493
2024-09-20,123.2030029296875,126.08659768813939,120.63787828947187,126.08659768813939,14592154
2024-09-23,116.04133605957031,123.95187816330402,115.43019179334232,123.95187816330402,18501013
2024-09-24,111.11769104003906,115.34410892995567,108.63865583917179,115.34410892995567,21241308
2024-09-25,110.3602066040039,113.14911521437922,109.45638827736238,112.75316521547006,13308966
2024-09-26,105.97885131835938,111.47060542206285,105.45377689871678,111.04021698413982,9988276
2024-09-27,106.5383529663086,109.7490536610215,103.48259894195309,105.01478075799704,16264755
2024-09-30,102.72511291503906,106.7277268454817,101.6663609972099,106.7277268454817,20477310
2024-10-01,108.86245727539062,110.17944490198155,103.33627106815521,104.49831858766447,19621123
2024-10-02,106.5383529663086,110.8680662468008,106.09075187232078,109.30145256703369,9435125
2024-10-03,106.38341522216797,108.88827918411714,105.68618802613153,106.72772729982786,5281521
2024-10-04,107.8897705078125,108.45788639834863,104.79958467459481,106.56417989764097,11096288
2024-10-07,104.75653839111328,108.28572867506536,100.06530725835663,108.28572867506536,28080507
2024-10-08,96.33815002441406,100.7108982957792,94.51330718138314,99.85012138726827,45845448
2024-10-09,96.33815002441406,96.33815002441406,96.33815002441406,96.33815002441406,0
2024-10-10,97.03536987304688,102.77674945348441,95.71837587540259,96.39839032369034,46573519
2024-10-11,92.01705932617188,95.17610922718643,87.33443051195042,94.68546661740272,58159761
2024-10-14,84.62297058105469,92.3269273797745,82.85838196722067,92.3269273797745,37178277
2024-10-15,85.07058715820312,85.52679788887771,80.05225598636883,84.14094648029628,33284625
2024-10-16,87.56683349609375,88.57394085351021,84.35613289530376,85.00171554501271,24345667
2024-10-17,83.80524444580078,88.2296374470366,82.72927325742228,87.79924897168519,11399185
2024-10-18,88.09190368652344,89.33142450845014,84.37334778794983,86.07768891809904,19742481
2024-10-21,89.27117156982422,90.3815745596215,85.86249583164043,88.48786800525492,15285203
2024-10-22,90.69145965576172,91.90515173601004,89.61548847207739,89.61548847207739,12210696
2024-10-23,91.8190689086914,92.74009991457687,90.86360603928047,91.23374036317125,11577866
2024-10-24,93.70417022705078,94.58215974144572,91.67273629642027,92.18920110295885,11398602
2024-10-25,90.04586791992188,93.99683055813188,89.52940311696196,93.82467781288067,11183702
2024-10-28,88.91825866699219,92.36136635489575,88.65141335547908,90.81196526845645,7519915
2024-10-29,90.47625732421875,90.9841125252212,87.84228220372442,89.047364567868,6980150
2024-10-30,88.9096450805664,92.43021938165548,88.01443633370405,91.45754386754089,13691962
2024-10-31,89.1162338256836,90.89804179437003,88.46204152510494,89.26256432652677,7820651
2024-11-01,89.39168548583984,90.29550391570045,88.68584864525022,90.20081792525002,6075731
2024-11-04,91.7243881225586,92.4474441631463,89.55523313520916,89.95118973737584,11063078
2024-11-05,93.45455169677734,95.09863879711233,92.58516515243248,92.61959701794392,19200408
2024-11-06,93.38568878173828,95.02977589643895,92.87783353722253,93.82468686183637,10014386
2024-11-07,95.2191390991211,95.83889292500325,93.44593429284994,93.82467821467206,13989739
2024-11-08,97.6551284790039,98.12855836113741,95.2879922027484,95.9852258989092,15632652
2024-11-11,95.22775268554688,97.87033768908572,94.42722985035331,97.6981849240319,9391683
2024-11-12,95.10723114013672,96.35536149750702,94.47025811784097,94.74570644374232,4974244
2024-11-13,94.31532287597656,96.30371537564157,93.83328992265326,96.30371537564157,4947373
2024-11-14,95.34825897216797,95.54624055839153,94.68546361642403,94.72850509040516,3775360
2024-11-15,96.80297088623047,98.02527252704466,95.28800167993296,95.38268766577697,11732865
2024-11-18,95.64092254638672,97.07841840320724,95.2880008626847,96.83740192029202,3369237
2024-11-19,95.18470764160156,96.30371362970166,94.98672607238656,96.30371362970166,2449153
2024-11-20,96.20043182373047,97.16449778520541,93.53202464618016,95.25357851133607,13916066
2024-11-21,95.15888977050781,96.14017491988237,94.70267249298576,96.14017491988237,3743752
2024-11-22,94.32392883300781,95.66673861798412,93.85049893845529,95.54623038431734,5501528
2024-11-25,95.32242584228516,95.52901701318275,93.82467597291145,94.32392811843806,13312513
2024-11-26,89.95118713378906,96.36397248917174,88.66002176823228,95.32243321568741,17265655
2024-11-27,94.9953384399414,95.43433649420349,92.96390444701892,92.96390444701892,14129974
2024-11-28,94.21202087402344,95.96800638517493,93.8246739296367,95.1158391672005,5793049
2024-11-29,93.56643676757812,95.29659999722251,93.32542031115123,94.42721357893471,7270290
2024-12-02,94.07430267333984,94.93507952287113,92.96389974937973,93.56644091716916,6399335
2024-12-03,94.8489990234375,95.28799046920466,93.9968252511005,94.29810238908952,4353357
2024-12-04,98.21463775634766,98.98933823861283,94.47025975380659,94.900648180931,17560976
2024-12-05,104.53274536132812,107.59710892191833,98.81718746077233,99.11845805231243,30138072
2024-12-06,102.41524505615234,105.70341276351232,102.04511070259476,105.35910066786691,7249009
2024-12-09,103.77526092529297,105.43656060438569,102.00206261343472,102.51852743980827,6745762
2024-12-10,102.64764404296875,104.57578243606916,100.19443122204979,104.16261320686517,10975976
2024-12-11,102.82840728759766,104.40363058462512,101.57167380653078,103.49981221624371,8933581
2024-12-12,106.07353973388672,107.16672350172297,102.84562637540108,103.50842169543925,14843124
2024-12-13,105.27301025390625,106.9515224665389,103.55145657235231,106.73632825634465,8037634
2024-12-16,110.89388275146484,111.8149071476638,104.58438688817238,105.87555215839673,21772456
2024-12-17,120.01811981201172,121.79993434331938,110.26552885361848,111.90099975004607,33289968
2024-12-18,113.25242614746094,123.50426932582536,111.47921465186101,122.05817039863341,21833566
2024-12-19,103.81829833984375,113.62254631879344,102.43244706012439,110.62704650256987,21735850
2024-12-20,109.79209899902344,110.17944598693857,101.57167676920899,103.80969545237734,20727996
2024-12-23,115.45600128173828,116.20487292647478,109.31865823453553,111.2123646479364,14548027
2024-12-24,112.49493408203125,116.97097129215783,111.70302091776688,115.77449193802613,13302339
2024-12-26,109.23258972167969,112.50353799531403,108.13939938306322,112.50353799531403,6518898
2024-12-27,108.75054931640625,110.9971775285266,108.45788832556464,109.2325888413314,4434987
2024-12-30,111.65138244628906,112.74455970115466,108.88828269519773,109.96425386807518,6195672
2024-12-31,112.66708374023438,113.6225465892019,110.27412509766936,112.76176972110189,8048493
2025-01-01,112.66708374023438,112.66708374023438,112.66708374023438,112.66708374023438,0
2025-01-02,114.17344665527344,116.89350479163129,112.77037611552679,116.50615781634794,4925309
2025-01-03,112.83924102783203,114.4833280643232,111.26401771968958,114.04433657231492,4630890
2025-01-06,113.09746551513672,114.56939965206223,110.4807097693281,112.83922984302902,8423589
2025-01-07,114.04434204101562,116.15324292697107,110.22249030808015,114.57801954329288,12151933
2025-01-08,111.1349105834961,114.91372080209868,110.60983612786278,114.48333233467508,4594492
2025-01-09,109.56829071044922,112.27973921735042,108.89688578948838,112.27973921735042,4923868
2025-01-10,108.50092315673828,109.92119968698182,107.5971048491232,109.31865852670917,4747994
2025-01-13,109.94703674316406,110.5237491250131,108.0705428313657,109.0260057193625,3947533
2025-01-14,110.0158920288086,110.61843322393695,109.06042915710042,110.17944173914621,2674148
2025-01-15,112.91670227050781,114.46610324649116,110.60982658858683,110.93692599863124,13012938
2025-01-16,113.36431884765625,115.1719556511296,112.41747210702883,113.60533533686423,11084959
2025-01-17,118.2707290649414,119.47582448595378,112.76176270560775,113.36430384890802,36888747
2025-01-20,118.95075225830078,123.0652644556083,118.64087207407455,119.98368182758418,21405956
2025-01-21,115.36993408203125,119.20900507561956,114.7932150990401,119.20900507561956,8482897
2025-01-22,113.4073486328125,117.0656502016129,112.93391874408529,115.75726572760651,6122696
2025-01-23,114.1218032836914,115.73145188798905,113.19216265307271,113.62255110422508,5778329
2025-01-24,114.1390151977539,115.75726673916421,113.7946965782106,114.1131929430897,4089489
2025-01-27,111.7804946899414,114.78461095871488,111.47061446412404,114.09598677529699,2952815
2025-01-28,110.7131118774414,112.84784787658731,110.26551738178587,111.4878189065291,3716336
2025-01-29,109.37892150878906,111.38452671467071,108.5009319516227,111.04022120500964,2840992
2025-01-30,112.04733276367188,112.53798192425322,109.40474781914504,109.75766951699333,4622146
2025-01-31,112.22809600830078,113.51064517851417,111.8579551127803,112.50353778538322,3816431
2025-02-03,110.24830627441406,112.67569028812609,110.0503246990171,112.34860399946649,2281572
2025-02-04,109.38752746582031,111.25541171893714,109.10346951934456,110.60982905905936,3087638
2025-02-06,109.17233276367188,110.1794401325035,107.72622734924451,109.66297532032367,3158499
2025-02-07,108.81080627441406,109.83512627446305,107.59710774677146,109.3186614707198,3300214
2025-02-10,111.2984619140625,111.7030281300513,108.93992835004417,108.93992835004417,3281308
2025-02-11,113.5622787475586,114.48331624290263,111.98706873648378,112.07313853722232,8063640
2025-02-12,112.48632049560547,115.25802320151922,111.51365151696567,114.68992042205656,5723801
2025-02-13,112.03011322021484,113.59673355179946,111.72884917258115,113.09748135165977,3613984
2025-02-14,112.66708374023438,113.6225465892019,111.56529039981938,112.33138128705188,8154207
2025-02-17,113.39012145996094,115.17193569763577,112.94252699149948,113.62253486800795,9928809
2025-02-18,115.69703674316406,115.94665628759412,112.76178409648467,113.62256107432044,8737409
2025-02-19,114.05293273925781,116.4200690791292,113.70862725267784,116.21347790653378,4451250
2025-02-20,112.42607116699219,114.47472438713206,111.90099673386445,114.46610821212813,2870438
2025-02-21,111.97846221923828,112.84785528223246,111.90099545156937,112.84785528223246,1481556
2025-02-24,114.87928771972656,116.20487833042834,111.25541129042861,111.90099394781988,6015676
2025-02-25,113.5536880493164,117.06565940767629,113.19216332433406,116.2048825002669,5707030
2025-02-26,113.4762191772461,117.51326489969762,111.99568187318258,113.62254967266466,17241858
2025-02-27,112.82202911376953,114.26812793109133,111.99567755071958,113.19215685829386,3431443
2025-02-28,112.94253540039062,114.31116742912235,112.11618385159447,113.27823784393638,4482294
2025-03-03,113.44178009033203,114.91371434535809,112.339986726388,113.20076361287009,2955643
2025-03-04,113.44178009033203,113.44178009033203,113.44178009033203,113.44178009033203,0
2025-03-05,115.02561950683594,116.41147081900552,114.76738381409129,115.51625550207913,4168633
2025-03-06,115.7831039428711,116.20488938086477,114.95676541810124,115.02562915090107,4875849
2025-03-07,118.044921875,118.90317636833637,116.31055617479667,118.90317636833637,4951997
2025-03-10,116.4267807006836,118.27738575859854,116.26586563903562,118.27738575859854,2557847
2025-03-11,117.30291748046875,118.00917853154428,115.19305586409352,116.22116067500572,4810747
2025-03-12,117.5442886352539,118.90318600926366,116.90060112343315,117.44594710868424,3877655
2025-03-13,118.99259185791016,119.35018996675626,117.20457403069284,117.56217213953893,5643742
2025-03-14,119.11775207519531,120.28890156461564,118.46511574904277,119.30548630705249,2652914
2025-03-17,118.07176208496094,119.70778636902712,117.47276411686833,119.12668604006312,3870652
2025-03-18,120.77167510986328,121.57629141190769,118.00919051494941,118.07177769420072,7800410
2025-03-19,126.57378387451172,126.94926598198627,120.46770134558204,121.57627731157365,16655375
2025-03-20,128.0399627685547,131.19581326724102,125.36687110007648,127.84327970845294,14711439
2025-03-21,126.11785125732422,128.33498967120218,125.60825959928887,128.2008801415377,2705221
2025-03-24,124.24935913085938,126.05526101609836,123.59673642181275,125.16125207272178,3752650
2025-03-25,126.75259399414062,127.56614545210108,122.56863845290617,122.56863845290617,4835612
2025-03-26,128.7015380859375,129.6313014179883,127.39627897974712,127.74494193445297,5345793
2025-03-27,130.81138610839844,131.85737486292942,127.88797324584182,128.692575782714,6442565
2025-03-28,130.81138610839844,130.81138610839844,130.81138610839844,130.81138610839844,0
2025-03-31,130.81138610839844,130.81138610839844,130.81138610839844,130.81138610839844,0
2025-04-03,131.33885192871094,131.86631391039413,128.73728273285934,130.5253005485935,4763228
2025-04-04,127.23535919189453,131.41931449314706,126.59167166224124,131.41931449314706,5529246
2025-04-07,120.94153594970703,125.17019468334145,114.51360908252485,125.16125950431494,14163500
2025-04-08,121.91600036621094,125.07185097762775,120.70014760646578,121.8266076530131,4646112
2025-04-09,119.8061294555664,122.47922101493212,118.28631703258492,121.1382076461555,4517600
2025-04-10,124.1867904663086,125.38475922343301,122.71166746701861,123.41794219920745,5644442
2025-04-11,123.17654418945312,124.09737225794784,122.47921834421427,123.32852406428795,1516774
2025-04-14,128.51377868652344,128.87137678801042,124.24041725873623,124.26723643427309,11216011
2025-04-15,127.36946105957031,129.62236751918311,126.94927574571213,129.62236751918311,4955615
2025-04-16,126.84198760986328,129.0948802250924,126.35027998457757,128.29921284653673,3445909
2025-04-17,128.2366485595703,129.00549681775212,126.14467084829457,126.94927346294085,2428778
2025-04-18,127.63766479492188,129.49720509428568,126.94033888784725,128.647885657405,2387873
2025-04-21,129.8458709716797,131.32991553157993,127.77176356132132,127.8432859176952,8859325
2025-04-22,130.32862854003906,132.71563088931111,129.89950804752246,130.52531160775388,6199191
2025-04-23,127.04761505126953,130.52530939285782,126.41286268141664,130.0783049086357,3933183
2025-04-24,123.34642791748047,126.14468056837094,122.57757960005507,125.16126517114242,4357770
2025-04-25,124.61590576171875,125.60825623205884,120.42300164507009,123.42687223300541,5328964
2025-04-28,123.25702667236328,126.5022839764005,122.47924314322876,125.20597354734434,3475851
2025-04-29,122.58650207519531,124.26724325573072,118.0091806457299,122.47922536715906,6689254
2025-04-30,117.95555114746094,121.40642647714539,116.22117148269538,121.40642647714539,5531646
2025-05-02,121.7997817993164,122.83682179283902,119.79719688081872,120.78954734093897,2921065
2025-05-05,121.18292236328125,122.38982632524703,119.88661204494998,122.08586653999592,1680699
2025-05-06,119.32337188720703,122.47922228992728,118.90318660263013,122.47922228992728,2774334
2025-05-07,113.78945922851562,118.23268484678032,111.52761765320109,111.75111989298706,8518830
2025-05-08,106.38705444335938,116.2211519129136,102.45341409138841,115.72050913346602,7700172
2025-05-09,112.43950653076172,113.07425890948142,106.83407322144322,109.06909567377467,6347439
2025-05-12,123.68614196777344,123.68614196777344,120.02069986718733,123.68614196777344,21444035
2025-05-13,124.00798034667969,125.1612458237991,120.76272367897049,125.07183947732769,10244558
2025-05-14,123.34642791748047,125.69767604990257,122.57757960005507,123.82025161573732,12915216
2025-05-15,126.42180633544922,127.39627279727338,123.82023706963062,123.82023706963062,15241909
2025-05-16,125.81387329101562,128.1114827961864,125.26852729635789,126.94033327687892,9249014
2025-05-19,125.56355285644531,126.94926944132189,125.17018674032616,126.94926944132189,2660707
2025-05-20,125.71553039550781,126.77046801829601,124.26724030542753,125.60825369001847,4799898
2025-05-21,126.42180633544922,127.08336421450716,125.608254933452,126.50226386536269,8238053
2025-05-22,125.1701889038086,127.8343454121206,124.2672447700147,126.5469703340224,13876692
2025-05-23,124.6337890625,125.25065741108186,123.3732331885713,124.41028682846273,4015157
2025-05-26,123.91858673095703,124.83047972097451,122.4792317104518,124.71425418691989,2014541
2025-05-27,122.89940643310547,124.40133485990455,122.57756267857802,123.99903357711861,2310643
2025-05-28,122.89940643310547,122.89940643310547,122.89940643310547,122.89940643310547,0
2025-05-29,122.86363220214844,124.62483076372638,122.47921493675979,122.47921493675979,1945070
2025-05-30,124.83047485351562,125.47416239295897,122.56863328684445,123.37323589040162,5798676
2025-06-02,124.5264892578125,126.77046024770287,124.09736882066521,124.98244251118095,4390185
2025-06-03,125.28641510009766,127.36052243507177,123.82024095145856,123.82024095145856,10374934
2025-06-04,125.10761260986328,126.05525989880394,124.72318167404195,125.86751202010166,3015436
2025-06-05,124.05267333984375,125.48309307434008,123.81130075232369,125.16124931615309,2340439
2025-06-06,124.05267333984375,124.05267333984375,124.05267333984375,124.05267333984375,0
2025-06-09,124.05267333984375,124.05267333984375,124.05267333984375,124.05267333984375,0
2025-06-10,123.578857421875,124.62484629095475,123.40005835426635,124.53545357789766,1510711
2025-06-11,125.19700622558594,126.50226528306068,123.64143939718423,125.16125187016604,9487206
2025-06-12,123.838134765625,126.50227785778152,123.37324624999187,125.60826882698447,6427682
2025-06-13,122.3808822631836,123.4179358991719,120.69120592588102,123.37323272423393,4371681
2025-06-16,122.3808822631836,122.38088226318361,122.38088226318361,122.38088226318361,0
2025-06-17,122.4792251586914,123.55203316170964,121.81765363010813,122.3808836293276,1699274
2025-06-18,119.75249481201172,121.58521586772845,119.57369575226971,121.58521586772845,3215280
2025-06-19,119.8061294555664,123.36429474926233,119.35018982111998,121.59414728060192,2702400
2025-06-20,121.62992858886719,122.47923442041782,119.80614256847929,119.80614256847929,3567232
2025-06-23,118.000244140625,120.60179977171381,117.11517038479454,118.90318825326467,3884553
2025-06-24,124.80365753173828,125.16125566274842,121.5852197866699,121.67462614016956,5502803
2025-06-25,123.07820129394531,125.2506499733584,122.30935310885366,125.16124362845518,2281926
2025-06-26,122.80999755859375,125.14336132054018,122.13949088724699,123.50732340547492,3293503
2025-06-27,124.16889953613281,127.37838831555207,122.56862955634374,122.56862955634374,7452022
2025-06-30,123.20336151123047,125.07183679557843,122.67589954624106,124.27616943841873,3661064
2025-07-01,123.27488708496094,125.11654324244152,123.09608803266546,123.37322860994745,3968762
2025-07-02,123.62357330322266,124.07057783892755,122.49712678418486,123.90966275399178,2625674
2025-07-03,126.4128646850586,127.12807459944891,123.59674184642148,123.62356102458034,10737449
2025-07-04,127.01185607910156,128.4690813684931,126.77046984677534,126.86881137539018,4204510
2025-07-07,127.82538604736328,128.06677226496763,126.60059824508076,127.62870300212906,4095738
2025-07-08,126.87775421142578,129.1842990423798,126.1983122900302,128.0578526260279,5129273
2025-07-09,126.05525970458984,127.75387122273504,125.83175747107107,127.75387122273504,3440896
2025-07-10,126.86881256103516,127.37839056571521,125.60825667559908,125.60825667559908,2995693
2025-07-11,128.898193359375,130.52529606370211,126.86880303012245,126.86880303012245,9970923
2025-07-14,132.1970977783203,132.76032777658995,129.76539236678312,129.85479871750633,7853579
2025-07-15,130.2302703857422,133.20732155821705,129.45248703453902,132.3222478664566,3956356
2025-07-16,130.13194274902344,130.9723133586738,128.55849188172746,130.52530887622098,2920276
2025-07-17,134.45001220703125,135.0847645957136,130.8918602266916,130.8918602266916,15818087
2025-07-18,132.43849182128906,135.39765940869583,131.95573296680206,134.5662375922197,3717285
2025-07-21,131.2941436767578,133.10004542041787,130.79350089035532,132.76031768329068,1316076
2025-07-22,132.4742431640625,133.20733707035353,130.7041092159004,130.7041092159004,2790799
2025-07-23,133.6275177001953,134.86125440587776,131.8216158170865,132.4742385253633,6160384
2025-07-24,136.4078826904297,137.0336862063138,132.9391237145384,134.0834540411532,11139525
2025-07-25,136.48834228515625,139.8140566101847,135.442353469598,137.23037133718347,7632283
2025-07-28,134.79867553710938,136.78337660266368,134.19969114582872,136.2916689257931,4523015
2025-07-29,131.5087127685547,135.38870806518707,130.97230197961775,135.00427715010056,4680516
2025-07-30,130.59681701660156,132.31331240542252,130.24815410389564,132.31331240542252,2111823
2025-07-31,131.16006469726562,132.21498875571527,128.73729433631758,132.21498875571527,3926319
2025-08-01,137.33766174316406,138.47305702195288,129.81010740674753,131.16006976198705,12189335
2025-08-04,141.1908416748047,142.95204058160436,135.88937459541455,138.5714017255872,12238596
2025-08-05,143.84603881835938,147.06447658937506,140.81534893460892,142.59443170823903,18003484
2025-08-06,146.74264526367188,147.24328815020053,143.13085469550407,143.13085469550407,9323210
2025-08-07,147.09127807617188,149.6123896338272,146.46547459637924,147.95846777013193,10016364
2025-08-08,145.6787567138672,147.86907592870006,143.49737267766025,147.41313627188399,3884409
2025-08-11,146.6710968017578,147.51146734380995,144.06952764919046,145.49994733457618,3740358
2025-08-12,145.5714874267578,147.94060582536417,144.97250303242137,147.41314378816423,6770732
2025-08-13,143.92649841308594,146.14363667611474,143.18446938554345,146.14363667611474,2837709
2025-08-15,142.01332092285156,144.82050835682065,140.62760438295268,143.9354346242803,2971100
2025-08-18,143.37222290039062,144.1142520277392,140.81535654454305,141.7630175694126,3169948
2025-08-19,141.20870971679688,143.93543971928077,140.5829061854466,143.13083712775813,3175724
2025-08-20,143.1934051513672,143.9264990038132,140.68124230263163,141.23552346029047,3323704
2025-08-21,143.90863037109375,144.820523374196,141.53056314805008,143.04144054646125,6776451
2025-08-22,144.5522918701172,145.9380083037505,143.47053516885723,144.04270028217448,3143903
2025-08-25,144.21258544921875,145.70557879919127,143.9354448498488,144.8294538240715,2044309
2025-08-26,146.99295043945312,150.05045942223663,144.92779194032255,144.92779194032255,12573014
2025-08-27,146.8052215576172,149.07599837924738,146.43867459948765,147.51148265412786,3515991
2025-08-28,145.58937072753906,148.40549361360905,145.27646212175586,146.84097786768245,3138713
2025-08-29,146.85885620117188,147.8958962309249,145.27645651672518,145.27645651672518,3536869
2025-09-01,146.5548858642578,147.9584865138473,145.94696630444454,147.06447753189053,4310110
2025-09-02,145.92906188964844,146.97505061522426,145.14234337180497,146.83201956565708,2476318
2025-09-03,157.77468872070312,159.92031829100696,146.17045688090735,146.17045688090735,38209595
2025-09-04,158.90115356445312,163.1566311987541,156.9075038106695,158.68658650837727,11771735
2025-09-05,166.34825134277344,168.5206865364133,158.90115517609485,159.14252776994775,16961615
2025-09-08,175.9767303466797,181.03682461989072,168.29719622071323,168.52069847333038,21025012
2025-09-09,174.79664611816406,180.50041434739308,173.48245177715717,176.25387153377764,8324979
2025-09-10,176.18234252929688,179.51699194563827,172.63312606351107,173.70593402774628,6510007
2025-09-11,174.9307098388672,178.17596632586665,174.33172554704362,177.40711817010205,4426243
2025-09-12,171.86428833007812,175.0469580626083,170.04945122257922,174.34068334107275,5590120
2025-09-15,174.48373413085938,177.01378122678727,170.57691918320302,172.0967317482654,5866199
2025-09-16,176.78134155273438,177.81838160749288,174.95755558463497,175.23469618726418,4064113
2025-09-17,174.4748077392578,177.6842969229256,173.61655305752308,177.0137901420844,3361518
2025-09-18,176.7366180419922,178.7123700317165,174.95753545610853,176.10186573359871,4842375
2025-09-19,184.76483154296875,186.38298559033746,177.01377543731417,177.01377543731417,14071794
2025-09-22,188.2156982421875,191.9347786511262,185.05984782233384,186.38297721419897,9778586
2025-09-23,188.2156982421875,188.2156982421875,188.2156982421875,188.2156982421875,0
2025-09-24,192.82879638671875,194.80454856569798,187.84022471098584,188.41238990453795,10789343
2025-09-25,205.0498809814453,207.27596804395728,193.2042631066016,193.99993047857288,16719868
2025-09-26,208.14317321777344,212.41653496762697,206.60547671080167,207.41007932053367,10596659
2025-09-29,210.64637756347656,211.43310977909533,205.18398251147318,208.30407855614888,7352753
2025-09-30,213.94528198242188,218.94278879363603,210.6732059156668,210.6732059156668,9564049
2025-10-01,209.99375915527344,217.0653731373693,209.19809174515035,214.56214537964138,13042153
2025-10-02,208.56333923339844,210.98610945867696,205.92601559346375,210.1725580507888,5181576
2025-10-03,211.7460174560547,214.66048161464724,207.41006875184334,210.09209550294474,42729858
2025-10-06,208.47906494140625,213.7528747120574,204.51203560723053,213.7528747120574,12836272
2025-10-07,208.47906494140625,208.47906494140625,208.47906494140625,208.47906494140625,0
2025-10-08,199.452880859375,205.25874572712814,193.68436071184453,200.65699883689794,31575533
2025-10-09,197.34336853027344,202.8785485101929,196.01791576140832,199.7515903473399,9833405
2025-10-10,197.1100311279297,200.21831720202493,194.71115240269478,197.89409944134846,8718045
2025-10-13,191.95755004882812,196.4379626595191,186.83309049881677,196.01792709288785,16419448
2025-10-14,203.0372314453125,204.23200619382845,195.08450045319697,195.08450045319697,11267572
2025-10-15,203.52261352539062,209.08579542038967,201.43176468660403,203.57863061314913,12435639
2025-10-16,204.5493621826172,208.15235873765513,201.29172597001866,205.21209569028994,9811724
2025-10-17,203.49459838867188,205.81881599604915,202.31849599611633,205.333434301397,3290867
2025-10-20,206.16416931152344,207.1162603070185,204.04531926536103,205.35209965695185,4699570
2025-10-21,205.5294647216797,207.59231206154726,205.0814277360947,206.1641825976885,3924197
2025-10-22,203.68130493164062,206.7522462501777,202.5518620148468,205.54814236956548,2929612
2025-10-23,200.3583221435547,204.4093702046772,199.2848963148726,202.747886025882,2566981
2025-10-24,198.98619079589844,202.22515481075777,198.45414954540342,200.35831741857783,2758176
2025-10-27,198.60350036621094,200.5823434483098,196.83933959666223,197.8847639807388,2723440
2025-10-28,194.27243041992188,200.0316218476181,193.91772677112797,197.88475607932193,4168029
2025-10-29,192.9376220703125,196.01790630365167,192.33090567650763,195.7565502346738,3590941
2025-10-30,200.21829223632812,204.88538529545,192.9376242155305,192.9376242155305,15067659
2025-10-31,202.77587890625,205.8094896122949,202.0851439565286,202.59852707842703,10492479
2025-11-03,205.8094940185547,207.3589582339502,202.85055845260402,203.94265662102072,9005266
2025-11-04,203.1585693359375,206.7055631568263,202.3278272831864,205.80014590078042,9278182
2025-11-05,202.51451110839844,204.0266447229032,201.19838742911722,203.00922184012748,3818652
2025-11-06,203.3079071044922,203.48525892093787,200.4983221890146,202.5518403020345,3715255
2025-11-07,204.41868591308594,205.818813898792,202.09446832939204,203.29858637308877,5713620
2025-11-10,206.40554809570312,206.80674187358974,204.9535982979129,205.85151442844614,3596652
2025-11-11,200.3494110107422,206.3960025304037,199.52791481907533,206.3960025304037,5213497
2025-11-12,198.67776489257812,202.03060803400643,197.72253743142443,200.31119568880692,4058689
2025-11-13,201.50523376464844,202.7470324023772,198.70642424768565,198.70642424768565,5109337
2025-11-14,204.3327178955078,206.31959284334047,200.59777487469333,201.26643120915264,5321622
2025-11-17,202.603759765625,206.21451857070136,201.55300367923135,205.1733095121422,3429810
2025-11-18,201.4861297607422,202.7948013483427,200.69330376156705,202.69927276801042,2059493
2025-11-19,202.76614379882812,204.27540498519355,200.7888158941826,201.56254783056917,2199092
2025-11-20,206.22406005859375,207.1888345660996,202.41269716646045,204.30405807116009,6514607
2025-11-21,206.26226806640625,209.385866087536,205.85152723573455,209.09929492104075,5465494
2025-11-24,206.6825714111328,207.76198316025418,204.46645117007662,206.32914189708,3114490
2025-11-25,205.5267333984375,207.66643347224155,204.41866610272407,207.66643347224155,2344567
2025-11-26,207.22705078125,207.95301841510812,202.98583845968807,205.56494972734708,3830560
2025-11-27,208.1631622314453,208.7171958963996,205.38344687948322,207.26524610464404,3662836
2025-11-28,211.52557373046875,213.37871735823558,209.38585894598077,210.130935208087,10780954
2025-12-01,219.196044921875,220.37097060851434,211.59242797870377,213.8754210095565,16542706
2025-12-02,215.86228942871094,221.61276260860612,214.97393491972107,221.6032155815767,7319764
2025-12-03,212.61453247070312,215.88140867592884,212.16557439280578,215.88140867592884,46640632
2025-12-04,212.4521484375,213.5793098735076,210.62766044299815,213.49334289800493,5888354
2025-12-05,213.5028839111328,214.92617807091244,212.15602427268863,214.35303576581097,7225838
2025-12-08,213.9423065185547,214.41992027341584,212.34707832639225,213.01573466807486,3238467
2025-12-09,216.35902404785156,217.25694021043546,213.02527489808284,215.88141030823158,7608666
2025-12-10,214.23841857910156,218.55605088057007,213.4933423089049,216.88440278642878,5919568
2025-12-11,212.2801971435547,216.22529126938173,211.53512088101508,216.22529126938173,4140027
2025-12-12,214.51544189453125,214.90707408334316,212.06050027790198,212.28019851683763,2895568
2025-12-15,212.7673797607422,214.9261886753263,212.06050615965526,214.54410350348283,4138821
2025-12-16,212.5476531982422,214.59183934423336,212.06049244929596,213.96140030901296,2686311
2025-12-17,211.99362182617188,213.3882603219943,210.1500398366272,212.59541978626422,4294847
2025-12-18,211.08615112304688,213.01571459200278,210.24556090513252,212.1560157445227,3030142
2025-12-19,210.68496704101562,212.91064878029317,210.19780628179734,211.91721863141242,2060174
2025-12-22,209.72019958496094,212.547664809739,209.19482154723076,211.10527653852967,3210136
2025-12-23,210.22647094726562,211.40139669667218,209.57690866486163,209.72020153591097,1857244
2025-12-24,209.8443603515625,211.15303187653885,209.20435970568417,211.11481461598876,1544333
2025-12-26,210.94288635253906,211.58288701565712,209.1948183134488,209.84436600415444,4346657
2025-12-29,210.8378143310547,212.03184870245855,210.1691579981915,211.3536307662306,3072249
2025-12-30,212.8915557861328,213.49335379660204,211.1530492539995,211.82170561251232,3500513
2025-12-31,211.46826171875,214.10468428556152,211.0479593003566,213.50288631598787,3427132
2026-01-01,211.46826171875,211.46826171875,211.46826171875,211.46826171875,0
2026-01-02,215.52798461914062,217.55306224676892,212.4425893121532,213.01573164008548,11338039
2026-01-05,217.753662109375,220.65754722670715,215.88140984084768,215.88140984084768,16544920
2026-01-06,218.9763641357422,220.2754741590407,216.3590354573806,218.60382598221767,6391178
2026-01-07,228.1083221435547,231.06951854729886,220.0844026715578,220.0844026715578,27096625
2026-01-08,227.19129943847656,232.024748135891,225.43368438043757,228.77698054709663,13422844
2026-01-09,222.59664916992188,228.0127870054723,221.70829464704545,228.0127870054723,6293900
2026-01-12,219.41574096679688,222.47246587240608,218.73753764391586,222.47246587240608,4177557
2026-01-13,219.3202362060547,220.8485914354302,215.8814114326341,219.79784994816228,4710327
2026-01-14,215.85275268554688,221.6127731668959,215.03125647785188,221.6127731668959,16807336
2026-01-15,214.63961791992188,217.36202214527194,212.07961519731225,215.88141659421515,3740936
2026-01-16,221.42172241210938,221.99485012790663,212.07003765841313,215.88140037238554,10919899
2026-01-19,227.31549072265625,228.92026593611482,223.7620432350095,224.47846386436382,9224724
2026-01-20,225.4814453125,229.2450438447494,225.1471098705657,228.10832083291004,4222553
2026-01-21,225.5196533203125,232.59789247869463,223.8098025363063,225.91130008711,15682035
2026-01-22,228.6814422607422,229.2545845523687,224.01038068351224,225.90174150051132,5741068
2026-01-23,233.27610778808594,235.94118602669604,228.77697997325384,229.25459371015,20584154
2026-01-26,231.1459503173828,238.79733205148122,229.35967952606558,234.98596901415218,13434392
2026-01-27,226.388916015625,231.1746005120251,225.57696681570278,229.24505146911943,5866312
2026-01-28,224.4593505859375,229.25459664697553,224.00084547381567,226.38891418888835,5766627
2026-01-29,218.2503662109375,225.24263822184304,215.8814061887988,224.01994823779634,8539743
2026-01-30,220.1417236328125,223.90530752678254,217.80140472946832,219.75007688177953,5751467
2026-02-02,222.8545684814453,223.52322478576704,218.27902080318754,221.03008054167046,3653761
2026-02-03,224.00083923339844,226.38890788194212,222.85456919722031,222.85456919722031,7011546
2026-02-04,224.0772705078125,224.66950689839624,221.6127817888455,224.0486148486304,4577886
2026-02-06,218.62290954589844,224.077264891487,216.3590250735638,223.5232312018275,6801184
2026-02-09,214.89752197265625,221.13515609516622,212.92019414216273,219.70231491096428,5475323
2026-02-10,215.77633666992188,217.3142535085454,214.92618478867126,215.30826995360522,2068039
2026-02-11,217.57217407226562,219.224713583685,215.413350570891,216.8366448082636,2858785
2026-02-12,213.45513916015625,218.36500782585176,212.06050062565404,217.79186550742847,3388229
2026-02-13,212.1082763671875,214.54410948858288,210.60856214585385,213.49335337327807,4190941
2026-02-16,207.0264434814453,213.11125231767215,205.35479542517908,213.0634880295131,5798215
2026-02-17,206.93092346191406,209.1948078137846,204.5619489337817,208.23958038084496,3400722
2026-02-18,215.7285614013672,216.34946798230362,207.77151508262935,207.77151508262935,5772707
2026-02-19,209.6342315673828,216.83664043553946,208.23959301739032,216.35902669008675,5245724
2026-02-20,210.1309356689453,212.06049924777736,207.81928693072348,210.15959132711882,2967464
2026-02-23,204.64794921875,212.3948449922577,202.50823432582172,209.67244072885785,2845904
2026-02-24,201.6103057861328,206.3291317802422,197.25447089175933,204.80076201088355,8917386
2026-02-25,200.7410430908203,206.56793637487755,199.63299032461146,203.46344715768285,3240960
2026-02-26,210.95242309570312,213.3978029954481,197.89446581770773,200.79836538036534,8530019
2026-02-27,210.26466369628906,214.92617836229905,208.2491331739558,210.1500410653591,3882697
2026-03-02,189.46937561035156,201.55299734611702,189.24011576899255,189.24011576899255,11241219
2026-03-03,197.69387817382812,199.45149317219904,191.14101732661035,191.14101732661035,7040337
2026-03-04,195.1338653564453,198.16193467099166,193.4335616350359,197.25447149449337,4047230
2026-03-05,209.08973693847656,210.15003999602652,195.9267037811382,196.77685563264302,7989535
2026-03-06,202.67697143554688,209.1972773074585,201.4843502501129,209.1972773074585,3346350
2026-03-09,184.8854217529297,190.6236784806303,182.4122029126165,190.6236784806303,9293459
2026-03-10,202.48146057128906,203.37102643168421,193.5563571091384,199.42170126396076,4797445
2026-03-11,200.10598754882812,205.23816366164448,198.93292170630983,202.48145967754354,2687429
2026-03-12,195.1106719970703,199.32394187728684,194.514361404415,197.46658883988403,4897401
2026-03-13,193.53680419921875,195.75586360871216,189.1280258244062,193.5661297270513,3548637
2026-03-16,184.1522674560547,193.45860314765312,182.90099517959874,190.72145436561956,5978964
2026-03-17,188.1993408203125,188.57080246155869,184.74856464839857,188.17001529380204,3487803
2026-03-18,192.7058868408203,194.03536544494074,187.69101281883772,188.86407866568715,2908602
2026-03-19,190.7996368408203,193.53680041022375,185.98028625436194,190.6139134736308,3520641
2026-03-20,190.7996368408203,190.7996368408203,190.7996368408203,190.7996368408203,0
2026-03-23,190.7996368408203,190.7996368408203,190.7996368408203,190.7996368408203,0
2026-03-24,193.3119659423828,199.40214405567343,191.6207959036344,196.4890273295522,5118368
2026-03-25,200.70230102539062,202.59876470770104,194.2015504886404,195.7656333290999,6405863
2026-03-26,193.116455078125,200.3992542619369,192.38328707472766,200.3992542619369,5087772
2026-03-27,192.5201416015625,196.6649751051265,190.89739286526404,193.5563499774535,3152694
2026-03-30,189.98828125,192.28553212482134,184.42597741567292,191.620800271582,4708778
2026-03-31,192.06069946289062,194.92493542377682,189.64613154323385,191.11246761186712,3203661
2026-04-01,197.04624938964844,201.25951933527787,195.31596864043414,197.4568217016694,7465461
2026-04-02,191.29820251464844,192.96981725015237,186.7134561012543,192.57880027197433,3118514
2026-04-03,190.8289794921875,194.04513665491493,188.17979247390994,188.18956267766197,2261899
2026-04-06,193.96693420410156,196.48903404297238,188.08203458006963,192.0900258181297,4338807
2026-04-07,194.2406463623047,195.06179097287227,190.72144878144005,194.04513787164694,3921445
2026-04-08,213.6647186279297,213.6647186279297,208.31747869311883,213.6647186279297,11591956
2026-04-09,208.8649139404297,212.12995201830083,205.87359073637157,212.12995201830083,6991700
2026-04-10,209.34390258789062,212.03218532674038,208.7084962706991,210.06730040386404,4891533
2026-04-13,201.8656005859375,206.24505350681937,200.65342405515094,203.33193666767554,4407238
2026-04-14,208.16107177734375,209.4905504165042,204.79827198909427,204.79827198909427,4673994
2026-04-15,216.32366943359375,219.70602458437915,211.2599292859982,213.0977419623139,11148884
2026-04-16,221.0745849609375,223.606469790623,217.99528532755556,217.99528532755556,8861351
2026-04-17,225.31719970703125,227.2820846170636,220.92796182131772,222.77554462219632,7131310
2026-04-20,219.94064331054688,224.80887495309418,214.58361805495838,222.00329000727078,7241128
2026-04-21,219.33453369140625,222.2965312124897,217.99528492050496,220.9279569149512,3302340
2026-04-22,222.88307189941406,225.62023541478035,215.30700256949976,218.9728425678454,10044486
2026-04-23,221.3483123779297,224.34942072127853,219.17814869790882,222.76578252471072,3327782
2026-04-24,222.36497497558594,223.1274685268611,218.2885625541252,220.92796445595008,3819748
2026-04-27,220.42941284179688,222.36497222366904,219.95040436906578,221.9055190745686,2463577
2026-04-28,219.4616241455078,220.9279601642974,218.728456136113,218.97284547257794,3475920
2026-04-29,219.4616241455078,219.4616241455078,219.4616241455078,219.4616241455078,0
2026-04-30,215.5416259765625,216.87110457233214,211.44565828384788,215.5513961802025,4421406
2026-05-04,217.7899932861328,220.92795891174194,216.82222106567693,217.5162784241512,3573076
2026-05-05,214.42999267578125,216.88999938964844,212.50999450683594,216.75,3237624
2026-05-06,220.57000732421875,221.99000549316406,216.0,216.9199981689453,6402549
2026-05-07,217.6199951171875,221.75,215.60000610351562,221.49000549316406,5452878
2026-05-08,216.52999877929688,218.24000549316406,215.0,216.0,2336464
2026-05-11,215.49000549316406,216.38999938964844,214.0,216.00999450683594,861027
2026-05-12,213.80999755859375,216.47000122070312,213.0,215.0,1320599
2026-05-13,211.42999267578125,215.9499969482422,210.8000030517578,213.1999969482422,1661164
2026-05-14,210.75,213.5500030517578,210.10000610351562,212.39999389648438,1992449
2026-05-15,210.75,210.75,210.75,210.75,0
2026-05-18,204.2899932861328,209.0,203.86000061035156,209.0,2500108
2026-05-19,206.6199951171875,207.47000122070312,205.00999450683594,205.89999389648438,2717629
2026-05-20,209.67999267578125,210.0,206.6300048828125,207.00999450683594,3104740
2026-05-21,215.99000549316406,216.97999572753906,211.1199951171875,211.1199951171875,5649761
2026-05-22,215.4199981689453,218.49000549316406,214.74000549316406,217.0,2866128
2026-05-25,219.5,221.0,215.91000366210938,218.85000610351562,3362653
2026-05-26,219.5,219.5,219.5,219.5,0
2026-05-27,219.5,219.5,219.5,219.5,0
2026-05-28,219.5,219.5,219.5,219.5,0
2026-05-29,221.25999450683594,222.0,217.5,218.0,3968035
2026-06-01,214.9499969482422,220.89999389648438,214.5,220.89999389648438,3331075
2026-06-02,215.9499969482422,217.10000610351562,215.0,215.0,1255341
2026-06-03,215.9499969482422,215.9499969482422,215.9499969482422,215.9499969482422,0
2026-06-04,215.39999389648438,216.0,214.25,214.3000030517578,1185541
2026-06-05,214.1199951171875,217.5,213.5,215.97000122070312,2263682
2026-06-08,211.85000610351562,213.0,210.60000610351562,211.50999450683594,1420530
2026-06-09,214.9499969482422,215.39999389648438,213.3000030517578,213.3000030517578,1176116
2026-06-10,213.4600067138672,214.6999969482422,213.0,214.0,1060969
2026-06-11,212.47999572753906,215.89999389648438,212.0,212.0,1491851
2026-06-12,219.58999633789062,222.0,214.47999572753906,214.9499969482422,5743151
2026-06-15,228.75999450683594,230.88999938964844,225.0,228.0,10737010
2026-06-16,230.11000061035156,235.0,227.0,229.0,7678902
2026-06-17,226.35000610351562,232.85000610351562,225.11000061035156,231.10000610351562,10435153
2026-06-18,233.4499969482422,234.3000030517578,226.9499969482422,226.9499969482422,9542272
2026-06-19,231.3000030517578,238.75,230.39999389648438,234.49000549316406,13325239
2026-06-22,231.97999572753906,234.89999389648438,228.8000030517578,234.49000549316406,4049122
2026-06-23,231.80999755859375,234.24000549316406,231.10000610351562,232.97000122070312,3438583
2026-06-24,231.41000366210938,233.0,230.49000549316406,232.6300048828125,3198012
2026-06-25,231.41000366210938,231.41000366210938,231.41000366210938,231.41000366210938,0
2026-06-26,231.41000366210938,231.41000366210938,231.41000366210938,231.41000366210938,0
2026-06-29,227.4499969482422,232.75,226.9600067138672,231.5,3825028
2026-06-30,233.4499969482422,235.0,228.0500030517578,228.99000549316406,5812755
2026-07-01,233.13999938964844,235.6999969482422,232.25,234.94000244140625,2962891
2026-07-02,232.5500030517578,235.89999389648438,231.5,233.99000549316406,4097518
2026-07-03,233.61000061035156,234.0,231.8000030517578,233.5500030517578,2328480
2026-07-06,235.64999389648438,236.8000030517578,234.0,234.0,3740322
2026-07-07,233.44000244140625,236.60000610351562,233.0,236.0,1848387
2026-07-08,227.41000366210938,232.50999450683594,223.1300048828125,230.0,7063718
2026-07-09,226.92999267578125,228.60000610351562,224.39999389648438,224.39999389648438,2504096
2026-07-10,227.0500030517578,229.64999389648438,226.10000610351562,229.0,1671414
2026-07-13,222.77999877929688,225.5,222.02000427246094,224.50999450683594,2457720
2026-07-14,216.42999267578125,221.88999938964844,215.25999450683594,220.1199951171875,5244923
2026-07-15,217.52000427246094,220.89999389648438,216.1199951171875,216.1199951171875,1876385
2026-07-16,221.52999877929688,221.89999389648438,217.60000610351562,218.5,3687903
2026-07-17,218.11000061035156,224.5,217.3000030517578,221.0,3865020
2026-07-20,218.94000244140625,219.8800048828125,215.11000061035156,216.0,1993485
2026-07-21,219.3800048828125,223.35000610351562,219.0,221.00999450683594,1746495
2026-07-22,217.0800018310547,219.8800048828125,216.11000061035156,219.3800048828125,1838524
2026-07-23,214.17999267578125,218.89999389648438,213.88999938964844,217.0,2350959
2026-07-24,213.97000122070312,215.49000549316406,211.97999572753906,214.10000610351562,2604852
2026-07-27,224.38999938964844,225.0,219.0,219.88999938964844,6642856
2026-07-28,223.00999450683594,226.3000030517578,222.5,225.8800048828125,2574581
2026-07-29,219.3300018310547,222.0500030517578,218.8000030517578,222.0500030517578,1670307
2026-07-30,217.22000122070312,219.1999969482422,216.5,218.0,2041608
2026-07-31,217.1199951171875,219.36000061035156,216.50999450683594,217.8000030517578,942884
2026-08-03,219.88999938964844,221.5,219.00999450683594,221.0,3069009
2026-08-04,218.47999572753906,221.0,218.0500030517578,221.0,1221884
2026-08-05,221.52000427246094,222.99000549316406,220.1999969482422,220.8000030517578,2905566
2026-08-06,223.5800018310547,224.0,222.52999877929688,223.0,2169426
2026-08-07,225.63999938964844,226.38999938964844,221.5500030517578,222.97999572753906,5035147
2026-08-10,213.4199981689453,227.89999389648438,212.5,226.0,30960851
2026-08-11,211.42999267578125,214.39999389648438,209.0,212.0,13259636
2026-08-12,213.36000061035156,216.3800048828125,212.5,212.5,9484913
2026-08-13,212.9600067138672,214.94000244140625,212.39999389648438,214.0,2100925
2026-08-14,212.9600067138672,212.9600067138672,212.9600067138672,212.9600067138672,0
2026-08-17,211.85000610351562,214.3000030517578,211.5,213.60000610351562,2724616
2026-08-18,211.85000610351562,211.85000610351562,211.85000610351562,211.85000610351562,0
2026-08-19,206.9199981689453,210.5,206.0,208.0,3426206
2026-08-20,207.88999938964844,211.77999877929688,207.07000732421875,211.77999877929688,4673581
2026-08-21,206.9600067138672,208.6999969482422,199.99000549316406,205.0,8087814
2026-08-24,207.55999755859375,209.5,206.25999450683594,209.0,3016161
2026-08-25,207.27999877929688,208.4499969482422,206.5,207.75,1385549
2026-08-26,207.27999877929688,207.27999877929688,207.27999877929688,207.27999877929688,0
2026-08-27,210.7100067138672,214.0,208.0,208.89999389648438,9105654
2026-08-28,210.75999450683594,212.9499969482422,210.39999389648438,211.0,2244981
2026-08-31,209.6699981689453,211.49000549316406,209.0,210.7100067138672,2360932
2026-09-01,209.4499969482422,210.4499969482422,208.97999572753906,209.69000244140625,1373046
2026-09-02,207.41000366210938,209.89999389648438,207.0,207.50999450683594,2011476
2026-09-03,206.7100067138672,208.75,205.5,207.52000427246094,1333511
2026-09-04,207.44000244140625,207.9499969482422,205.66000366210938,206.6999969482422,902169
2026-09-07,206.27999877929688,207.64999389648438,205.88999938964844,206.3000030517578,969370
2026-09-08,205.92999267578125,207.5,202.0,206.5,1996231
2026-09-09,206.0500030517578,208.69000244140625,205.5,206.00999450683594,1860548
2026-09-10,202.2899932861328,208.0,202.0,207.0,2015593
2026-09-11,203.75999450683594,205.0,200.00999450683594,200.02000427246094,2889348
2026-09-14,201.8699951171875,204.0,200.92999267578125,203.0,1584845
2026-09-15,202.7100067138672,205.0,202.0500030517578,202.0500030517578,1445702
2026-09-16,202.25,203.5,201.0,202.99000549316406,1080063
2026-09-17,202.57000732421875,203.99000549316406,200.64999389648438,203.02999877929688,1351246
2026-09-18,203.8000030517578,204.99000549316406,202.5,203.0,1397362
2026-09-21,203.52000427246094,206.66000366210938,203.0500030517578,205.0,1143816
2026-09-22,204.50999450683594,205.10000610351562,203.25999450683594,204.00999450683594,1247563
2026-09-23,205.55999755859375,206.0500030517578,204.0,205.89999389648438,1329641
2026-09-24,202.58999633789062,205.6999969482422,201.86000061035156,205.5,1353413
2026-09-25,201.97000122070312,204.0,201.3000030517578,203.75,1442727
