Date,Close,High,Low,Open,Volume
2021-09-27,751.3878784179688,777.1837650890083,746.0897936962257,777.1837650890083,3920
2021-09-28,769.1539306640625,787.10523108551,744.8396483268542,751.3878508513776,1800
2021-09-29,756.50732421875,787.1052192866272,734.1905826959296,751.9500414534169,16280
2021-09-30,772.6329345703125,785.7822228078951,745.4348191115301,747.4191176539744,9300
2021-10-01,773.8501586914062,777.1838069858327,761.3094143325051,761.3094143325051,12600
2021-10-04,775.285400390625,787.1052038780311,764.3518944411909,779.8294414892426,24060
2021-10-05,768.2611083984375,768.591824923452,767.2755796132016,768.591824923452,120
2021-10-06,755.6144409179688,762.6322352323177,750.7264414472511,762.6322352323177,5960
2021-10-07,746.9893798828125,780.4644960035063,727.5763365070065,780.4644960035063,2180
2021-10-08,740.7386474609375,757.0098790404112,738.8204760927385,748.4112521924205,22020
2021-10-11,733.6019287109375,744.1121085373718,718.4154532041474,718.9776550934428,4260
2021-10-12,740.8048706054688,746.0963339669364,701.1586201255077,701.1586201255077,2400
2021-10-13,731.716796875,747.4192081153926,720.9618910139628,744.1120434777139,9940
2021-10-14,736.141845703125,744.039397930154,727.5763204093851,740.8049807804648,77180
2021-10-15,735.2685546875,740.7319961342033,727.5760879102152,734.1904159821262,125700
2021-10-18,727.4703979492188,737.4977441453497,724.2690850575407,734.1905793733974,35140
2021-10-19,727.4703979492188,727.4703979492188,727.4703979492188,727.4703979492188,0
2021-10-20,738.8800659179688,740.8048582912778,727.4703482344647,733.3637380629057,127520
2021-10-21,727.576171875,739.1512473366477,727.576171875,738.1590980113635,5680
2021-10-22,724.249267578125,740.8049548305161,723.6076969505219,740.8049548305161,101540
2021-10-25,724.249267578125,740.8049548305161,695.1660781489933,695.1660781489933,59760
2021-10-26,747.1215209960938,750.5940435189327,740.804804872308,740.804804872308,69300
2021-10-27,747.4192504882812,751.3878482784845,744.1120856631118,747.4192504882812,10020
2021-10-28,760.6478881835938,760.6478881835939,747.4192292586617,751.7317849868018,62200
2021-10-29,788.0840454101562,793.7128457530165,763.9549865459145,763.9549865459145,162680
2021-11-01,810.63232421875,826.1231125774066,789.0828683272076,789.089489115844,38320
2021-11-02,808.0263061523438,825.3161724741612,804.3024355606788,810.9167648004869,198820
2021-11-03,805.3013916015625,812.8351240334746,790.4191473771201,790.4191473771201,16300
2021-11-04,810.0701293945312,813.5625146891639,801.6567217912738,806.9481853014471,14280
2021-11-05,824.81884765625,833.7415740421119,810.0700994533712,826.2208515088848,86500
2021-11-08,833.1085815429688,833.7415810951813,816.7264467871164,816.7264467871164,52800
2021-11-09,830.3386840820312,833.74171147581,826.9356566882524,833.7280860731591,93660
2021-11-10,830.5155029296875,837.8251978468185,826.9423247910232,837.1445924870728,65880
2021-11-11,832.5232543945312,840.5476181613438,830.3385377788173,831.0191431376525,51520
2021-11-12,830.3590087890625,833.741597616926,826.9355437588287,830.3726341898526,144300
2021-11-15,824.11083984375,833.7414206248577,769.0839226988483,816.7262895916973,16880
2021-11-16,831.9039916992188,834.4221983800792,826.9355391776478,830.3385660878439,31980
2021-11-17,831.9581909179688,833.7413732256,826.9353211992685,830.5084985130925,21440
2021-11-18,833.3333129882812,837.1446868159778,831.0533013925651,837.1446868159778,13260
2021-11-19,834.1090698242188,849.395438713641,832.9248232148561,833.0609110460709,1700
2021-11-22,832.8226928710938,839.8669411174483,816.780779406817,833.741493410757,28480
2021-11-23,827.1532592773438,833.7415556362001,816.7264218477062,830.3385288785014,30300
2021-11-24,830.3250122070312,833.7416648122348,803.1212326833418,803.1212326833418,13960
2021-11-25,828.7322998046875,833.7415451592682,826.9354917293966,830.3385184443324,66240
2021-11-26,832.0809936523438,833.7416309809518,820.1363354207059,820.1363354207059,7040
2021-11-29,835.3886108398438,843.1883212120849,831.6997001001987,835.715288100002,3500
2021-11-30,836.0216064453125,837.484924636599,830.4066120298295,835.4431084855142,5520
2021-12-01,836.2461547851562,837.1445172233009,835.1027013276343,835.7152627126746,1700
2021-12-02,833.653076171875,835.7833742519907,792.9052369735906,793.585842327216,107480
2021-12-03,832.5162963867188,835.0958168326202,830.338392851262,831.0189980913041,25080
2021-12-06,840.5750122070312,850.7568435241772,832.5165835663296,832.5165835663296,24560
2021-12-07,837.3829345703125,840.5545793657101,836.7976238281101,840.5477666643814,3720
2021-12-08,835.102783203125,877.9809212159995,835.1027832031251,845.9244251274781,880
2021-12-09,835.102783203125,835.1027832031251,830.338545646139,830.338545646139,2560
2021-12-10,833.74169921875,837.1447265625001,830.338671875,830.3454845762253,21040
2021-12-13,830.34521484375,835.7832441260148,830.3384021447379,831.699612640057,1440
2021-12-14,833.74169921875,833.7416992187501,833.06109375,833.7416992187501,1340
2021-12-15,840.5476684570312,843.8826515312197,840.4796245334179,840.4796245334179,2500
2021-12-16,838.1996459960938,857.562837141726,837.1446743526374,854.1529973094108,29200
2021-12-17,835.2865600585938,841.9088369706328,823.5324921054695,823.5324921054695,1940
2021-12-20,837.7162475585938,840.5475890160518,832.3803249932238,833.7415356636951,6320
2021-12-21,837.1241455078125,837.1377709079363,830.3725935830396,835.7833729029446,1100
2021-12-22,833.9117431640625,837.1446187241762,830.3385649134106,837.1378060238285,880
2021-12-23,834.7420654296875,835.7834116068867,833.7415954547527,835.7834116068867,2760
2021-12-24,836.84521484375,837.1446413402914,833.7416143429731,833.7484270435049,6060
2021-12-27,836.84521484375,836.84521484375,836.84521484375,836.84521484375,0
2021-12-28,840.5270385742188,843.2562722502696,840.5134131762621,843.2562722502696,140
2021-12-29,840.5476684570312,840.5476684570312,832.380403662307,840.5476684570312,6020
2021-12-30,835.9261474609375,843.2358411989172,823.539165144437,823.539165144437,3900
2021-12-31,836.4638061523438,837.1444113648356,830.3451719385783,833.7413853023769,680
2022-01-03,840.302734375,850.7568242617215,830.4067044090369,850.0762188023122,2780
2022-01-04,844.1685180664062,853.4792372101098,843.9439481765597,849.8719950801221,1740
2022-01-05,834.4223022460938,834.606079015194,834.4223022460938,834.606079015194,80
2022-01-06,840.4185180664062,850.7432503380966,837.1447657293256,843.2702152346621,2160
2022-01-07,851.539306640625,857.5626467095068,843.9505412061812,850.7225304614062,820
2022-01-10,841.7728881835938,856.8822965582057,837.5191039473041,837.5191039473041,1120
2022-01-11,846.2577514648438,850.0078929489102,830.3383850794598,841.2280688182068,9720
2022-01-12,852.7303466796875,854.1596011090287,840.547495912072,853.8192984791048,3800
2022-01-13,867.7582397460938,871.1680793686195,852.737315467701,871.1680793686195,3820
2022-01-14,890.476806640625,891.5249654668124,860.9657686051193,880.6965110746794,4860
2022-01-17,901.6385498046875,905.204914399848,889.5509948275198,905.1981017013248,6080
2022-01-18,893.6890869140625,915.3459918927023,889.5510370185198,915.3459918927023,2160
2022-01-19,884.8143920898438,890.8445467906334,884.7871412839598,890.8445467906334,1240
2022-01-20,877.9129028320312,878.0489906763627,869.8477456351666,878.0489906763627,560
2022-01-21,884.7869873046875,891.5930410531851,884.7869873046875,891.5930410531851,1880
2022-01-24,881.5950927734375,891.5931470392549,877.9810379241518,884.7870924817033,2520
2022-01-25,890.3201904296875,898.3921591004486,884.7868661664709,891.592918983136,3520
2022-01-26,896.3912963867188,898.3990489072759,857.5627285023998,857.5627285023998,700
2022-01-27,885.1203002929688,894.995888953739,884.7868103725177,884.7868103725177,22420
2022-01-28,884.800537109375,890.2317542435683,867.771778792469,867.771778792469,2760
2022-01-31,877.9811401367188,884.8212589960574,877.9811401367188,884.7871954866158,2900
2022-02-01,885.045654296875,888.1900479248808,877.98096691425,878.0353854368897,1520
2022-02-02,881.6697998046875,884.7869423537193,880.0567684715108,884.7869423537193,3280
2022-02-03,884.1061401367188,884.7935580238528,872.0594615291939,884.7867453254306,1620
2022-02-04,884.841552734375,889.5513726197166,882.0647122533686,882.0647122533686,6520
2022-02-07,887.5093383789062,887.8428283395829,873.2166266412091,873.271045157463,1420
2022-02-08,900.0732421875,901.7679427073406,878.6614264225568,878.6614264225568,9460
2022-02-09,905.2051391601562,906.5663498957354,899.0796908500499,901.8021123212083,11500
2022-02-10,927.6241455078125,929.0262323017116,881.3838614144444,881.3838614144444,50340
2022-02-11,947.3959350585938,952.8475911372809,922.2203471364397,925.6233742476443,261980
2022-02-14,935.4921875,963.056708121135,932.4294629865406,963.056708121135,1100
2022-02-15,939.2352905273438,945.3607380742612,932.4292376974354,932.4292376974354,1920
2022-02-16,943.0536499023438,946.7153103225676,931.7488040393564,935.8324364894924,3400
2022-02-17,952.8135375976562,952.847601101811,939.2354925146424,939.2354925146424,6000
2022-02-18,952.8475341796875,953.5281395612444,952.1669287981306,952.1669287981306,5180
2022-02-21,953.5282592773438,954.2088647443511,952.8476538103364,954.2088647443511,21560
2022-02-22,959.163818359375,973.2659455468433,946.0417232937848,946.0417232937848,58660
2022-02-23,963.056640625,975.6410278195627,959.6536136263251,969.3863040752209,29020
2022-02-24,965.4661865234375,966.4598440022443,933.1101733289273,963.0500036807402,40400
2022-02-25,965.0985107421875,969.1821433687412,919.5659903397702,939.9229222460215,49180
2022-02-28,1003.1443481445312,1017.4982932322372,965.0984884367804,965.0984884367804,23340
2022-03-01,972.9661254882812,1044.7291064452809,966.4594991220187,1003.144140388131,28360
2022-03-02,952.8680419921875,963.7372907912306,939.23549526264,952.9156478164263,8860
2022-03-03,967.092529296875,979.3842178608395,952.8474237557773,952.8474237557773,32200
2022-03-04,933.8109130859375,956.2504499687269,926.4059240718085,956.2504499687269,6420
2022-03-07,920.7569580078125,946.0414641147021,918.8172493200344,935.8323835667018,52035
2022-03-08,907.4918212890625,924.2619448982572,898.3989449673782,899.0863629278663,7379
2022-03-09,902.1796264648438,929.515245366356,891.2272921687257,908.7036853522852,16867
2022-03-10,902.290771484375,929.5219241722652,900.9748088980608,929.5219241722652,12921
2022-03-11,917.2885131835938,969.9613562297326,901.6711143234578,905.145500466386,25520
2022-03-14,924.0423583984375,953.8914999647254,905.1525182147029,953.8914999647254,18818
2022-03-15,930.6639404296875,960.8542492503257,915.5966215682452,960.8542492503257,3688
2022-03-16,899.5823364257812,930.663891128198,891.2270825270898,915.6174815982557,49060
2022-03-17,904.5187377929688,922.5521750515052,896.7971156190787,922.5521750515052,600
2022-03-18,894.9660034179688,905.1524532726366,891.2409699359995,901.6710976831265,3563
2022-03-21,905.10400390625,921.8632169868664,884.3341762753722,921.8632169868664,454
2022-03-22,904.2822265625,918.3747489376638,899.58239593359,905.1386265447211,4974
2022-03-23,904.2822265625,904.2822265625,904.2822265625,904.2822265625,0
2022-03-24,905.32666015625,912.1083350871027,903.7600499002596,905.1386533264838,11448
2022-03-25,905.152587890625,909.67138131834,892.2436922467673,892.2785398054582,20925
2022-03-28,906.3432006835938,910.7227739429281,894.0122643292964,905.1526040717175,12486
2022-03-29,893.2529907226562,908.6892633304965,889.8342765504183,906.3428336222954,9202
2022-03-30,905.0341796875,905.1525763914996,893.2533251663468,893.2533251663468,23171
2022-03-31,909.0655517578125,933.0033577236479,905.7791722694745,933.0033577236479,122
2022-04-01,954.3510131835938,974.779584389542,912.1151825359286,912.1151825359286,11065
2022-04-04,945.814697265625,947.0679342730926,936.4846473489921,936.4846473489921,4052
2022-04-05,934.6603393554688,937.8771082199812,929.5914656919871,929.5914656919871,2475
2022-04-06,934.6394653320312,939.965956081968,927.0849411282521,939.965956081968,751
2022-04-07,912.191650390625,922.5591364706994,905.1523603108749,912.1150707748046,2128
2022-04-08,939.7711791992188,943.4056946020735,912.6723574667698,912.8115777144167,16895
2022-04-11,933.4000244140625,974.7794494401677,926.7367480034737,960.8540287338795,2486
2022-04-12,941.1218872070312,946.9287648046353,912.8114784256447,939.2697821481272,3947
2022-04-13,933.4979248046875,950.7933661555147,932.3073280066021,946.9290262053613,7814
2022-04-14,937.51513671875,940.6622958226945,933.0033133992678,933.0033133992678,5435
2022-04-15,938.468994140625,953.8914161524064,933.0032829519887,936.4846384853917,2393
2022-04-18,946.8941040039062,950.4103080055041,930.3715999407053,945.8845446340493,3943
2022-04-19,960.8541259765625,973.3870058806046,949.0175171783005,949.0175171783005,3740
2022-04-20,933.525634765625,967.7473821009847,929.5916853883518,939.9661435268273,12251
2022-04-21,939.2418212890625,953.8913922039187,929.5219040819208,929.5219040819208,14787
2022-04-22,939.9661254882812,946.9288375289352,933.1565727139513,939.9661254882812,5116
2022-04-25,954.9429931640625,995.667891959439,933.003479178775,995.667891959439,5658
2022-04-26,937.8772583007812,971.2564571197819,933.00336015074,951.8026815866132,16092
2022-04-27,933.0243530273438,943.4475129004478,932.3071732647229,939.9661567642837,11874
2022-04-28,941.4491577148438,950.4101644369159,919.0779612137209,932.3001441743859,86909
2022-04-29,941.4491577148438,941.4491577148438,941.4491577148438,941.4491577148438,0
2022-05-02,941.4491577148438,941.4491577148438,941.4491577148438,941.4491577148438,0
2022-05-03,941.4491577148438,941.4491577148438,941.4491577148438,941.4491577148438,0
2022-05-04,941.4491577148438,941.4491577148438,941.4491577148438,941.4491577148438,0
2022-05-05,941.4491577148438,941.4491577148438,941.4491577148438,941.4491577148438,0
2022-05-06,930.0620727539062,944.1966498752313,922.189058787914,944.1966498752313,14314
2022-05-09,926.5264892578125,940.6468512582144,915.7995759419597,929.927044096714,19516
2022-05-10,925.9232788085938,958.3880121734439,915.799779736961,936.3875267232958,45801
2022-05-11,923.857177734375,951.2956863173281,915.7995786189203,925.7384887744745,117269
2022-05-12,910.8726806640625,929.9979402193624,908.7002774662471,921.4788751181162,6424
2022-05-13,929.664306640625,978.9825740351819,919.3562239025944,921.8338450940419,20030
2022-05-16,922.1887817382812,934.2574570959031,920.768937578561,934.2574570959031,2844
2022-05-17,922.4229125976562,923.210915611177,919.3489815636082,922.181563384783,1289
2022-05-18,928.7200317382812,937.0971469585904,920.0590170138887,921.4788611759473,29219
2022-05-19,921.4862060546875,928.720272337474,921.4790998992034,923.9638278265126,13644
2022-05-20,917.6881103515625,929.9981377728877,915.7996929213933,929.9981377728877,22981
2022-05-23,915.7998046875,926.4486396257269,912.9601153706396,926.4486396257269,9938
2022-05-24,922.2811889648438,922.9697926688433,914.3797517738594,922.8278428995064,245379
2022-05-25,913.3859252929688,922.8989005227505,908.7004558993236,922.1889782915791,241146
2022-05-26,900.3020629882812,919.3492443195584,881.0134457147274,919.3492443195584,63689
2022-05-27,907.1741333007812,915.0897837506485,904.0859888335538,912.2500947397854,13072
2022-05-30,887.4525756835938,915.0898903313321,881.7235405675053,907.1742389595274,7561
2022-05-31,876.2214965820312,892.7271881319865,873.2043271589212,892.7271881319865,35097
2022-06-01,867.0706787109375,876.7540291569107,859.005971886528,873.5593788482419,25242
2022-06-02,846.6105346679688,859.005746887593,844.8073047902774,848.3569153146063,13322
2022-06-03,889.8377685546875,907.2805178446371,830.6089247873438,837.7081463667229,28478
2022-06-06,869.7614135742188,883.8462492051791,853.3337994455909,853.3337994455909,3859
2022-06-07,871.2163696289062,880.1614574498154,858.2958220260132,869.7681874687124,1617
2022-06-08,850.8417358398438,871.2164678161448,849.7768525659516,859.0129470943434,4210
2022-06-09,852.126953125,858.2961368624237,844.8076119654957,851.9068355954578,8253
2022-06-10,858.9915771484375,864.6851665772815,851.9065680564349,863.9681382830006,301
2022-06-13,849.4219970703125,857.586103185071,844.8075023097967,848.3571136640396,2960
2022-06-14,849.2444458007812,863.2654094827586,849.0669652478449,849.7768874595906,557
2022-06-15,849.4149169921875,851.9067511722011,848.3571397089836,851.9067511722011,1021
2022-06-16,850.4229736328125,851.9066868474849,839.1280865447726,851.9066868474849,135
2022-06-17,842.3866577148438,851.8357649007676,837.7082941337137,844.8075169653554,17058
2022-06-20,815.1467895507812,848.3569684967965,807.8914059827234,848.3569684967965,269459
2022-06-21,826.5339965820312,830.6018367701747,810.7311220684242,812.860888588744,130155
2022-06-22,823.5736083984375,834.0875976199736,816.4105177726378,834.0875976199736,328714
2022-06-23,822.5157470703125,834.1584871161873,821.8413557236184,830.601770378714,16994
2022-06-24,791.4921875,830.6088789097345,777.3647200052643,819.9955778989427,77553
2022-06-27,818.3132934570312,825.2846924705766,798.6626056166871,825.2846924705766,6504
2022-06-28,823.5452880859375,825.6395239252752,816.4105352657493,816.4105352657493,17603
2022-06-29,817.8444213867188,823.5451162988552,816.4458957339253,822.7925573219771,15419
2022-06-30,812.442138671875,819.9601909630575,807.1815905844124,819.9601909630575,37592
2022-07-01,820.016845703125,823.5096938783598,806.4715622808766,823.4387189954541,1267
2022-07-04,809.389404296875,819.2502342399678,809.3822981419071,816.4105453864496,2834
2022-07-05,820.3931884765625,827.0593683771539,812.8609242848422,812.8609242848422,6406
2022-07-06,816.4105834960938,825.6395727008321,816.4105834960938,825.6395727008321,1204
2022-07-07,818.6112670898438,819.9601365946818,816.4105256137525,817.8303700061242,1284
2022-07-08,818.6112670898438,818.6112670898438,818.6112670898438,818.6112670898438,0
2022-07-11,818.6112670898438,818.6112670898438,818.6112670898438,818.6112670898438,0
2022-07-12,818.6112670898438,818.6112670898438,818.6112670898438,818.6112670898438,0
2022-07-13,815.0760498046875,829.1893096720299,802.2122602135221,802.2122602135221,18655
2022-07-14,816.3536376953125,822.0897769620319,802.2119585208084,812.8607898286067,4274
2022-07-15,815.970458984375,822.7928015732798,806.3297457930395,822.7928015732798,596
2022-07-18,816.4035034179688,817.830454111884,802.2192703451351,813.5709204967179,346
2022-07-19,803.9302368164062,819.2503287507471,802.2121936640765,816.4106395696354,1429
2022-07-20,795.4678344726562,805.7617064939445,788.7235734931916,802.9220176604857,710
2022-07-21,791.3717041015625,805.7618435789917,788.723707679524,798.6626202875468,609
2022-07-22,798.8186645507812,807.1815691528197,781.6243690741026,806.471646928411,281
2022-07-25,794.4597778320312,816.4106054833035,781.6244144670583,816.4106054833035,159
2022-07-26,767.099365234375,795.8227898466569,763.1663684970171,795.1128676434038,3209
2022-07-27,728.4511108398438,760.3266331469979,717.0213813991297,760.3266331469979,10206
2022-07-28,675.4342041015625,740.448894843587,673.8227100845218,713.478955932598,627891
2022-07-29,706.0886840820312,726.0872259562766,633.250675308057,633.250675308057,171799
2022-08-01,726.8893432617188,738.319073119269,678.6998218305557,702.8229638346887,2423
2022-08-02,739.0291748046875,773.8153703526507,709.9223581216979,773.8153703526507,2696
2022-08-03,751.5874633789062,762.4564134393692,731.2198378422255,762.4564134393692,2221
2022-08-04,763.7767944335938,769.4845959559921,757.2455456552462,759.6166612488079,3002
2022-08-05,766.6802978515625,784.4638802073032,745.418166712822,770.2654389365828,5755
2022-08-08,766.6802978515625,766.6802978515626,766.6802978515626,766.6802978515626,0
2022-08-09,766.6802978515625,766.6802978515626,766.6802978515626,766.6802978515626,0
2022-08-10,759.7589111328125,770.2657972245713,731.4543087602041,766.6452103485086,2804
2022-08-11,748.272216796875,765.9847411573282,739.2420271427434,765.9847411573282,2710
2022-08-12,755.2080688476562,759.616657417786,746.8380594425336,746.8380594425336,2203
2022-08-15,744.05517578125,772.3881930529338,734.7694252569133,747.5480239570336,10892
2022-08-16,738.8942260742188,752.5175925921582,735.4794584202602,752.5175925921582,6053
2022-08-17,721.6146850585938,752.5176229583993,719.7263108436355,728.3802652408657,13224
2022-08-18,710.142333984375,727.6703163124664,709.9222598170404,724.8306272731983,5767
2022-08-19,720.01025390625,722.7008436092183,699.2734095825933,714.1817766904456,4722
2022-08-22,735.8272705078125,744.701298205145,695.0138492550753,717.0214379444598,14007
2022-08-23,743.4091796875,758.9067484129065,734.7693962650685,739.7388511190352,1210
2022-08-24,744.1831665039062,748.2581136243957,735.3375622658348,735.3375622658348,1048
2022-08-25,738.6669311523438,752.43233278983,731.2198543260703,752.43233278983,2202
2022-08-26,728.6143188476562,738.6668400644713,726.2503094486658,738.3189851677541,1813
2022-08-29,724.1845703125,738.3191025273205,704.9598646257713,715.878471743025,1584
2022-08-30,703.8381958007812,724.1632728423793,702.81590604982,724.120679241515,10179
2022-08-31,695.5960693359375,704.2429177024565,692.88416096532,702.8230731103143,4220
2022-09-01,695.8799438476562,709.2123040557352,695.723781756377,699.983315114069,1447
2022-09-02,693.040283203125,723.4107780804117,692.1741988502467,723.4107780804117,2574
2022-09-05,693.593994140625,702.822982803704,688.6813446155072,702.822982803704,858
2022-09-06,695.0137939453125,695.7023976413234,691.471289303287,692.1741053081508,612
2022-09-07,690.8466796875,701.4032206451651,688.0850715875295,695.3688811962949,619
2022-09-08,694.2542114257812,698.5634443767962,689.341561937217,689.341561937217,557
2022-09-09,690.7542724609375,695.7237276584982,688.6245059476972,691.4641946320177,2438
2022-09-12,692.5859375,695.7237816070331,685.7848704412182,692.1741704763849,693
2022-09-13,692.209716796875,702.8230636462637,689.3345402025475,689.3345402025475,1705
2022-09-14,689.4835815429688,699.2733934524257,688.6245600495969,695.0138600912942,3360
2022-09-15,693.0900268554688,700.2673742413749,688.6814371026169,692.1813488429367,2717
2022-09-16,690.4064331054688,701.3960146960457,682.2352217991611,682.2352217991611,1275
2022-09-19,690.832275390625,695.7236489955677,682.2351292701435,682.3132103008834,3003
2022-09-20,684.4432373046875,697.1437587466885,682.2353891604558,682.2353891604558,671
2022-09-21,685.4583129882812,692.1741930655176,685.074970572538,685.1317764849421,598
2022-09-22,678.5416870117188,689.525647445315,676.703889538274,680.977808840621,2597
2022-09-23,677.843505859375,688.100928393753,676.7038115673554,688.100928393753,566
2022-09-26,683.6561279296875,690.9502764693627,683.1147578702256,683.1147578702256,1424
2022-09-27,680.4364624023438,687.3887116651754,678.8408727636395,678.8408727636395,1471
2022-09-28,673.0924682617188,687.3887345169949,670.449745661911,687.3887345169949,29165
2022-09-29,676.6255493164062,689.4971749186884,673.0924270179136,689.4971749186884,222
2022-09-30,671.7247924804688,680.2655010823107,671.7176623252556,676.7039016002044,535
2022-10-03,677.5231323242188,683.8271464398374,662.4646782692839,683.8271464398374,307
2022-10-04,673.30615234375,683.8271316039469,672.3089305294292,683.82000144841,889
2022-10-05,674.9230346679688,674.9230346679688,669.5877661311689,673.8616850842116,541
2022-10-06,683.8626098632812,698.0591381473428,676.8462772796269,683.1075526203401,9663
2022-10-07,677.7581787109375,690.943228070033,676.7039590871746,683.8271586565132,473
2022-10-10,683.8270874023438,701.6350844701132,682.4024476369221,701.6350844701132,6472
2022-10-11,681.6687622070312,687.3887119430351,677.4376236865553,677.4376236865553,794
2022-10-12,683.8270874023438,687.3886868158976,673.8902163432174,673.8902163432174,2389
2022-10-13,684.7530517578125,687.3886438544301,682.4024049870923,683.7558300702765,1447
2022-10-14,684.4254760742188,698.7502189173467,677.4162290852292,698.7502189173467,1104
2022-10-17,683.11474609375,690.9502645578076,680.2654666522745,690.9502645578076,448
2022-10-18,688.10107421875,694.504823636441,683.8271545031056,689.5257141239648,1412
2022-10-19,686.6763305664062,690.8790350424443,685.2516908764345,687.3886504113922,690
2022-10-20,684.5821533203125,687.7092480789847,684.5394158658763,684.5394158658763,754
2022-10-21,680.5432739257812,687.388657270025,680.2868492134005,687.3815271152554,437
2022-10-24,680.5219116210938,688.101005595358,680.2654868981023,687.3886857137893,450
2022-10-25,672.5082397460938,683.8198817121755,669.5806157859125,683.8198817121755,20187
2022-10-26,666.6388549804688,676.6968089979741,666.019140114316,676.433254099797,1236
2022-10-27,657.692138671875,669.6377582798518,655.3343613499934,669.5807605097759,3605
2022-10-28,642.3272705078125,665.6130072706067,637.5262418550075,665.6130072706067,3824
2022-10-31,647.7338256835938,651.0603472317916,641.835796417606,641.842926572402,383
2022-11-01,648.353515625,651.7655119468463,648.2039128096803,651.7655119468463,6127
2022-11-02,651.772705078125,655.3343045594263,648.2823201958273,655.3343045594263,573
2022-11-03,654.9994506835938,655.3342201229558,651.8010982411695,655.3342201229558,707
2022-11-04,651.4949951171875,656.7519202788394,648.2112102993866,655.3344104125666,852
2022-11-07,662.7075805664062,663.4191498835049,656.23870478206,663.4119552245651,1117
2022-11-08,667.8468017578125,693.6073252437028,656.813790867949,664.8567625393006,23337
2022-11-09,667.8468017578125,667.8468017578125,667.8468017578125,667.8468017578125,0
2022-11-10,667.631103515625,677.7944367761168,664.8566850667105,668.45050498599,17505
2022-11-11,668.4002075195312,673.4602903337975,664.2888984585411,672.044346298067,248
2022-11-14,662.8513793945312,667.731771273006,661.9816591414839,667.731771273006,1187
2022-11-15,668.4506225585938,677.7873613319249,663.3545657139751,677.7873613319249,1816
2022-11-16,665.30224609375,674.9121160497259,664.8566159796557,674.9121160497259,1413
2022-11-17,660.45068359375,669.888058572282,658.3878343907836,669.888058572282,67749
2022-11-18,666.5386962890625,675.6382301713907,657.690712284911,671.3112564036343,4900
2022-11-21,671.1962280273438,672.3821623483254,667.0130161316162,668.4433495241839,19942
2022-11-22,705.6968383789062,715.1701421329258,663.979793820909,699.3573349701877,106744
2022-11-23,719.1233520507812,736.0143053473263,697.2010509637759,700.7948708141046,32967
2022-11-24,711.8853149414062,725.8796707044821,707.9824322796193,712.3094049396245,8142
2022-11-25,718.6991577148438,725.9515044231582,704.3885884501932,704.3885884501932,1367
2022-11-28,718.6058959960938,733.1392830796032,693.786953914301,693.786953914301,25965
2022-11-29,720.2590942382812,736.7331540431741,715.1702324614226,736.7331540431741,779
2022-11-30,717.7217407226562,727.3891247214359,716.6076653629167,722.5590519863571,14077
2022-12-01,707.8603515625,718.7639889919435,704.3887092121046,717.7217724339307,1608
2022-12-02,704.33837890625,717.3192545795588,697.919821854302,717.3192545795588,3740
2022-12-05,702.6349487304688,715.1701949065401,691.4509824121524,707.9825547567257,10302
2022-12-06,697.2011108398438,707.9825713167486,691.4509985854945,707.9825713167486,1015
2022-12-07,700.6152954101562,710.8576836733979,691.4510532798874,710.8576836733979,102
2022-12-08,700.2055053710938,707.7453326808535,679.2319772018798,704.3887170982456,1709
2022-12-09,701.4202270507812,707.9825459353865,696.3601442415143,707.8387843602067,1705
2022-12-12,715.1774291992188,718.7640548135582,697.2083278288799,710.8576502106091,20568
2022-12-13,708.9384765625,718.7639677176362,708.7012721695893,715.170147879048,17309
2022-12-14,706.5809326171875,718.0380323891485,705.8980980517257,718.0380323891485,310
2022-12-15,697.37353515625,707.9824981888995,695.7635109105124,702.9511504860343,10680
2022-12-16,716.4279174804688,719.4826640561316,693.6071636505166,698.6385109516084,4364
2022-12-19,716.90234375,718.7711563723777,704.3886824793096,704.3886824793096,15635
2022-12-20,717.1754760742188,768.6461966066358,693.6072216117763,705.8334035942885,8335
2022-12-21,707.975341796875,718.7639964020494,697.0645095958766,697.2082711691316,14223
2022-12-22,708.0472412109375,716.4280100670923,700.7876985592645,707.9825331488195,4387
2022-12-23,716.39208984375,718.7640022772904,705.2584424676545,718.7568076180879,13312
2022-12-26,713.3731689453125,736.732995636217,704.3886202180415,718.7638981816751,5213
2022-12-27,713.7901000976562,718.763934239027,704.4964876923299,715.8888785020708,3141
2022-12-28,717.2545166015625,718.7639032504416,708.7012086049355,709.4271671663971,13400
2022-12-29,713.0857543945312,718.6921487497299,709.4200755037077,709.4200755037077,231
2022-12-30,722.3003540039062,733.139328118876,713.0139347979657,713.0139347979657,3055
2023-01-02,719.1089477539062,733.1392341956962,711.7847412967054,721.6390109141951,4341
2023-01-03,734.9793090820312,755.4209588576751,717.3264671169932,718.7639951072076,28257
2023-01-04,741.5919799804688,754.7022288219675,719.4827914769423,719.4827914769423,39666
2023-01-05,715.33544921875,741.6925554889375,714.4585782360826,741.0456503703457,6878
2023-01-06,706.55224609375,725.9516805173046,704.3887593138203,725.9516805173046,4472
2023-01-09,707.975341796875,716.6005097536996,705.1074804704106,715.8530109905957,668
2023-01-10,698.9044799804688,715.9751233393639,697.2010129738233,715.9751233393639,1851
2023-01-11,703.6771240234375,704.3814986784159,698.9045207153216,698.9045207153216,200
2023-01-12,697.8983154296875,710.7714042588309,687.1384385529833,687.8572026100471,729
2023-01-13,690.013427734375,704.3168486280676,689.9990384162713,704.3168486280676,988
2023-01-16,686.4196166992188,697.1938819882289,668.4505167856266,668.4505167856266,275
2023-01-17,655.8649291992188,686.4195926405442,646.8875742162197,682.8257727837876,2841
2023-01-18,662.1685180664062,682.8113987274663,649.0438806370033,682.8113987274663,850
2023-01-19,646.5281982421875,664.8566796820717,641.2165219157421,664.8566796820717,2751
2023-01-20,604.7319946289062,656.1523925292762,600.8866252806195,656.1523925292762,9172
2023-01-23,602.1014404296875,603.7617835797367,579.3238066253189,603.7545889202761,13751
2023-01-24,607.4202880859375,621.7236653645599,593.785312193083,621.7236653645599,3134
2023-01-25,607.3699340820312,623.1683518471328,592.9802655984829,623.1683518471328,7266
2023-01-26,610.6760864257812,613.8170806716802,604.4803460790073,613.8170806716802,2881
2023-01-27,576.772216796875,614.5504532546585,575.0112361123059,614.5504532546585,9903
2023-01-30,591.8087768554688,611.6610372292881,582.1989046184556,582.1989046184556,726
2023-01-31,604.4805908203125,610.906343445421,593.7063242884865,610.906343445421,5182
2023-02-01,603.9558715820312,617.3751838731151,592.9947200146291,605.2065139875908,146931
2023-02-02,608.7428588867188,618.1299160456632,594.2741344021226,618.1299160456632,915
2023-02-03,606.1840209960938,628.9185309442752,601.6126922599432,608.7500138667315,3116
2023-02-06,617.9788818359375,625.3246282504922,596.5812652883642,625.3246282504922,113849
2023-02-07,609.1812133789062,624.6059043237137,600.1679287805536,617.9789214251366,29615
2023-02-08,613.0338745117188,617.4183176596049,611.6682052716226,613.7382492408863,3947
2023-02-09,615.0176391601562,627.9841709400665,607.4274924057675,607.4274924057675,4800
2023-02-10,614.5503540039062,631.7719096674437,610.9493397001416,631.7719096674437,2260
2023-02-13,629.33544921875,630.6723398442996,577.1675413542488,618.1370928576015,14591
2023-02-14,626.7262573242188,631.7935345784333,618.1370190414706,630.356006627174,12468
2023-02-15,640.231689453125,668.4287805774521,622.4710632201278,636.0628679965708,6837
2023-02-16,645.2631225585938,659.8180921198809,632.5122574781562,632.5122574781562,7104
2023-02-17,644.892333984375,661.5847821632842,643.4164534751704,661.5847821632842,791
2023-02-20,633.2091674804688,648.5057444006434,632.5112081037664,648.5057444006434,638
2023-02-21,625.25537109375,642.3258852304605,625.2408164099559,642.3258852304605,9693
2023-02-22,625.9752807617188,647.0517108501241,625.968003417929,636.0736602471173,1009
2023-02-23,632.6203002929688,639.781472893349,618.6977652639091,632.5112288831973,130094
2023-02-24,639.2142944335938,640.5084190087705,626.1860311845036,636.8587427620575,2136
2023-02-27,642.02783203125,643.4164287540415,632.5110655548204,632.5110655548204,753
2023-02-28,643.6929321289062,650.5923872850548,626.0407566064312,643.4093819343667,2625
2023-03-01,642.55126953125,650.6866722701251,625.9678489660087,650.6866722701251,80248
2023-03-02,638.4290771484375,654.3218163946541,633.245390764188,647.051573990269,16321
2023-03-03,644.9432983398438,650.6868085898642,628.9705942933307,650.6795312463455,2658
2023-03-06,644.2090454101562,653.5949105295543,634.7068315417544,650.679535697534,329538
2023-03-07,646.9353637695312,654.3146342592894,640.515726367631,650.5922731565404,3184
2023-03-08,646.9862060546875,672.1194426257384,618.7122634074427,672.1194426257384,2739
2023-03-09,650.6285400390625,652.1407629285553,641.3662580422423,652.1407629285553,41664
2023-03-10,664.8418579101562,668.1280217856478,637.6002800167339,654.3218381015514,57902
2023-03-13,655.0126953125,667.4811381618539,647.124453306695,667.4157308100025,665
2023-03-14,654.6344604492188,661.5848107202801,650.6940013164767,661.5848107202801,69
2023-03-15,654.3218994140625,665.2199870611231,650.6940550938249,665.2199870611231,1104
2023-03-16,655.7832641601562,668.2371952645894,647.4370385276404,668.2371952645894,73
2023-03-17,651.6318359375,667.4009939257595,647.7858935733645,667.4009939257595,1149
2023-03-20,650.1340942382812,665.2198459411419,644.1434221076896,665.2198459411419,580
2023-03-21,654.3146362304688,663.0389284114527,641.2354753023241,663.0389284114527,5836
2023-03-22,654.3218994140625,661.5921427408855,642.6895100911458,661.5921427408855,2162
2023-03-23,654.3218994140625,654.3218994140625,654.3218994140625,654.3218994140625,0
2023-03-24,654.3292846679688,656.5030806813401,647.0517627977771,647.0517627977771,685
2023-03-27,654.241943359375,668.1353678339868,647.0516619937414,654.3219053869294,464
2023-03-28,644.6451416015625,654.3218327080951,642.6967219134942,654.3218327080951,203
2023-03-29,650.5849609375,656.5029494482991,644.7978758511633,653.5221675381839,33801
2023-03-30,653.907470703125,663.773195928058,644.8705638424835,663.773195928058,5277
2023-03-31,644.8342895507812,647.6333156938312,638.4000970951536,647.0589824022003,961
2023-04-03,647.0516357421875,661.5848445956962,643.4237915360192,661.5848445956962,83
2023-04-04,641.9696655273438,646.3099788342229,639.7885928608026,646.3099788342229,897
2023-04-05,650.177734375,650.6139755202197,641.9696471166322,641.9696471166322,67
2023-04-06,652.729736328125,652.8678727309475,645.5976291593333,652.7879107014306,459
2023-04-07,647.996826171875,657.2300447461042,641.2355082589203,657.2300447461042,133
2023-04-10,654.3292846679688,663.7660478627838,640.5085427245411,663.7660478627838,11532
2023-04-11,655.9067993164062,659.4110618830515,648.5056970228026,648.5056970228026,254
2023-04-12,654.3582153320312,655.7395792579638,653.5948486883494,653.5948486883494,3606
2023-04-13,665.0382690429688,672.4975462230852,656.4666676446847,657.9497813935903,1968
2023-04-14,665.0382690429688,665.0382690429688,665.0382690429688,665.0382690429688,0
2023-04-17,668.0408935546875,672.4975565877278,657.2300444922226,664.5002883472251,2383
2023-04-18,672.4248046875,675.4055866204923,665.2272462408508,670.8907496631532,1253
2023-04-19,669.3786010742188,677.4339988724962,668.862397814293,677.4339988724962,1165
2023-04-20,673.042724609375,719.5722783495856,667.4082864611463,683.388265874107,1235
2023-04-21,673.042724609375,673.042724609375,673.042724609375,673.042724609375,0
2023-04-24,673.042724609375,673.042724609375,673.042724609375,673.042724609375,0
2023-04-25,673.042724609375,673.042724609375,673.042724609375,673.042724609375,0
2023-04-26,690.745849609375,708.1071954522497,676.1399545817312,679.7677991586771,3921
2023-04-27,693.3993530273438,711.0296904437664,680.5019504048253,690.7384638944312,2647
2023-04-28,705.0535888671875,705.2861975748671,694.3008719566711,694.3008719566711,3527
2023-05-01,705.0535888671875,705.0535888671875,705.0535888671875,705.0535888671875,0
2023-05-02,701.6378784179688,723.3328879745424,701.0412566650969,712.2280852289016,598
2023-05-03,701.8318481445312,708.4842699959476,701.0562443542799,704.7627920057023,306
2023-05-04,661.0745239257812,726.3981744468974,657.7856158749113,701.0413593224678,23407
2023-05-05,672.917724609375,674.9388285381455,663.751997125911,674.9388285381455,135
2023-05-08,671.9779663085938,682.9932336692304,664.8780438245234,671.2097821530751,2874
2023-05-09,675.237060546875,689.8470346798911,621.9877328372502,657.114359973206,33324
2023-05-10,677.3924560546875,689.556268902713,671.2098836247045,689.556268902713,1051
2023-05-11,681.6507568359375,689.8544311523438,671.2171819657087,686.0434624627233,5170
2023-05-12,678.5111694335938,693.956471719876,674.9388575029423,689.847168188339,245
2023-05-15,683.1574096679688,700.295620183592,674.9835487685363,686.043608422706,12450
2023-05-16,695.5746459960938,698.05066962885,686.1329822782901,698.05066962885,8231
2023-05-17,703.9200439453125,704.7702539064092,671.2097656251515,697.3123676216852,156323
2023-05-18,693.6654052734375,704.7702081551438,686.8787474026356,703.9199982492399,11586
2023-05-19,701.0413818359375,707.746015002531,686.8713964584026,686.8713964584026,73
2023-05-22,704.4869995117188,708.4993468226401,693.5835711000582,708.4993468226401,28065
2023-05-23,706.9703979492188,712.2281991110418,689.8545384059829,708.4917904902043,11709
2023-05-24,703.09228515625,745.0428988290573,698.0582115155132,745.0428988290573,7983
2023-05-25,699.5570678710938,701.0486448491388,697.3122372360453,701.0486448491388,781
2023-05-26,687.557373046875,706.9926210023809,679.4357702638277,706.9926210023809,2461
2023-05-29,690.7568969726562,730.1270619982505,682.5457569494205,708.4917267595208,1047
2023-05-30,700.9667358398438,708.4917174571272,693.5908755297589,708.4917174571272,2359
2023-05-31,689.8097534179688,710.7291158758278,686.8713443261371,700.2955399807196,680
2023-06-01,698.8412475585938,711.3928833226587,679.4432774284917,711.3928833226587,2605
2023-06-02,701.5708618164062,730.8728816753936,695.0750262463947,704.7702787584153,600
2023-06-05,707.1419067382812,715.9198540879054,689.8545305591298,715.9198540879054,679
2023-06-06,700.2059936523438,715.9495798318387,697.3347257941842,715.9495798318387,388
2023-06-07,704.8224487304688,712.2131938440056,697.3123519482367,708.4917159546678,20586
2023-06-08,705.90380859375,719.2385118055245,701.0487177423034,708.4991382392222,10803
2023-06-09,710.848388671875,734.5868059130438,686.1254795436339,734.5868059130438,1659
2023-06-12,706.3886108398438,730.1046804019109,672.701350838709,730.1046804019109,192
2023-06-13,701.5260620117188,715.7333256814319,701.0412812159145,706.4035030493922,578
2023-06-14,719.3876953125,722.5125514974134,701.0413131961606,704.7627911820565,2232
2023-06-15,716.2627563476562,726.3532972089868,708.5065827926269,722.6690999765686,22497
2023-06-16,711.5792846679688,730.1270436155114,706.2618082777215,708.514104428909,256
2023-06-19,702.0780029296875,715.2038652383087,701.7945995951746,708.5216279259901,2845
2023-06-20,695.1347045898438,704.7702812988031,695.0750287518354,701.0488031811748,3594
2023-06-21,693.9786987304688,712.2206590412292,693.5834089169715,708.4917159825358,4993
2023-06-22,693.5835571289062,701.0265144983607,690.6451475499738,697.312500984438,2615
2023-06-23,678.82421875,692.837569346929,671.2097011972401,671.2097011972401,1082
2023-06-26,700.54931640625,708.4994054962567,682.6279885421515,708.4994054962567,609
2023-06-27,703.4576416015625,708.4991798910369,678.6825658129642,708.4171540685295,1342
2023-06-28,703.4576416015625,703.4576416015625,703.4576416015625,703.4576416015625,0
2023-06-29,703.4576416015625,703.4576416015625,703.4576416015625,703.4576416015625,0
2023-06-30,703.4576416015625,703.4576416015625,703.4576416015625,703.4576416015625,0
2023-07-03,734.3856201171875,756.2148247980707,686.1256161020099,712.3027817259956,8581
2023-07-04,715.5767211914062,733.1102190647446,704.7777164574301,733.1102190647446,1717
2023-07-05,717.2100219726562,730.1270868260139,715.9571025055907,730.1270868260139,921
2023-07-06,724.2727661132812,736.0934996476094,703.316074829951,736.0934996476094,1353
2023-07-07,719.6860961914062,753.246587723648,715.9571526878239,753.246587723648,501
2023-07-10,734.6316528320312,740.5681470137825,710.7366003062787,710.7366003062787,1905
2023-07-11,731.6634521484375,738.2487790423709,724.1682848997963,738.2487790423709,10557
2023-07-12,730.7088623046875,745.7886877211308,724.160815777218,745.7812225511609,1260
2023-07-13,731.15625,744.2895766570878,727.1513687571696,744.2895766570878,1290
2023-07-14,733.28173828125,744.2895857157087,723.4149692971239,730.880320747911,999
2023-07-17,728.45654296875,738.2562169415371,724.1757233190896,738.2562169415371,247
2023-07-18,724.2874755859375,738.330687158823,723.9369768059548,738.330687158823,433
2023-07-19,723.4149780273438,738.323285600712,708.499205284512,738.323285600712,704
2023-07-20,719.0147705078125,727.1364192803003,718.2018864252493,727.1364192803003,1409
2023-07-21,723.3477783203125,733.8559593933801,708.4991477883242,733.8559593933801,1736
2023-07-24,722.1099243164062,723.3553787267989,715.9795629197456,723.3553787267989,462
2023-07-25,718.1795654296875,724.9065938607117,716.7103835856466,724.9065938607117,247
2023-07-26,715.3455810546875,726.3981747613219,713.7197671936191,715.9571332349784,1332
2023-07-27,715.3455810546875,715.3455810546875,715.3455810546875,715.3455810546875,0
2023-07-28,715.3455810546875,715.3455810546875,715.3455810546875,715.3455810546875,0
2023-07-31,716.166015625,721.1404136540324,715.2113842118096,715.2113842118096,853
2023-08-01,721.9979248046875,724.9065185498081,716.1658980149233,716.1658980149233,3167
2023-08-02,722.3485107421875,724.9065603229834,715.9570966152922,715.9570966152922,39110
2023-08-03,726.9799194335938,742.059744861809,715.9571407711926,730.8654493672834,7278
2023-08-04,725.1376953125,737.5849085834835,715.9645048455083,716.0316003271572,1981
2023-08-07,715.9719848632812,723.4149405097652,715.9570545251283,723.4149405097652,7972
2023-08-08,715.9570922851562,721.1776127497355,712.228149096171,721.1701475802654,1033
2023-08-09,718.0826416015625,730.0898671506118,710.3786769970415,710.3861421672383,687
2023-08-10,719.425048828125,722.8183781260869,715.9645785222823,722.8183781260869,154
2023-08-11,734.6167602539062,738.3233080438932,715.9720437586137,724.1533235074709,4251
2023-08-14,734.6167602539062,734.6167602539062,734.6167602539062,734.6167602539062,0
2023-08-15,736.77197265625,745.0427879989746,734.5942827580596,734.6017479269169,92718
2023-08-16,734.6466064453125,741.3139591664358,730.8803826580411,731.6187061793496,6491
2023-08-17,734.6689453125,737.58495884221,724.160763433555,730.8803263073128,689
2023-08-18,728.1283569335938,738.3232747074923,723.429897692788,738.3232747074923,92
2023-08-21,719.6860961914062,733.8560815050195,719.6860961914062,733.8560815050195,414
2023-08-22,719.8873901367188,723.4149557154152,715.9719999124858,715.9719999124858,325
2023-08-23,711.109619140625,717.4488239258325,707.0823414222883,715.9647115003894,1386
2023-08-24,719.0521850585938,733.8560723759251,709.2450455584399,711.4898768027638,506244
2023-08-25,708.4992065429688,715.9496277581547,701.0413201583059,708.5066717124455,8327
2023-08-28,710.8931884765625,729.3812720215211,700.2955157752641,729.3812720215211,3401
2023-08-29,708.469482421875,715.9199045944314,701.041410241295,715.9199045944314,2739
2023-08-30,701.2127685546875,719.6859658930687,701.0859972439298,701.8317858096221,1323
2023-08-31,697.8418579101562,701.056204912165,686.1329679437229,701.0487397431735,39372
2023-09-01,736.6228637695312,749.5175320888599,686.9831770969365,708.1113350534491,43381
2023-09-04,718.73876953125,738.3306488917622,715.956992864739,738.3306488917622,304
2023-09-05,715.9496459960938,737.5849822322264,712.2803785467809,737.5849822322264,412
2023-09-06,718.380859375,722.6691437678433,713.7196806871269,722.6691437678433,143
2023-09-07,713.9210815429688,722.6989825821779,690.6002570022072,722.6989825821779,610
2023-09-08,704.747802734375,715.9570267842403,701.0412553929019,712.6009782211892,1557
2023-09-11,701.1233520507812,722.6691969271485,701.0413262244784,722.6691969271485,978
2023-09-12,701.1084594726562,715.9346956918137,698.811417726311,715.9346956918137,1333
2023-09-13,691.9949951171875,708.4545580849825,686.1181761995582,708.4545580849825,3057
2023-09-14,686.1255493164062,686.1255493164062,640.0954962702386,640.0954962702386,5462
2023-09-15,685.4246215820312,708.4918626562254,682.3967210123019,686.133130013725,3531
2023-09-18,681.5740966796875,693.0792135039508,677.6774532038629,693.0792135039508,2855
2023-09-19,685.2396240234375,693.0021232524277,677.6850635691992,677.7543451591595,383
2023-09-20,688.2662353515625,693.0792859484266,681.6049545245237,681.6049545245237,883
2023-09-21,689.1517333984375,712.3313621663341,684.6081956387794,712.3313621663341,441
2023-09-22,695.0737915039062,716.181884205711,685.3783623043901,716.181884205711,5445
2023-09-25,692.4323120117188,705.4006147366415,691.539030604262,693.0869150194351,968
2023-09-26,685.4938354492188,699.232178716129,681.5432803444126,699.232178716129,562
2023-09-27,686.2640380859375,700.7801801596947,685.3784179583828,700.7724717582024,803
2023-09-28,686.2640380859375,686.2640380859375,686.2640380859375,686.2640380859375,0
2023-09-29,686.2640380859375,686.2640380859375,686.2640380859375,686.2640380859375,0
2023-10-02,693.071533203125,696.1595937888849,690.8151808679743,696.1595937888849,1146
2023-10-03,691.9163208007812,700.0022443473675,689.2287213518775,700.0022443473675,1110
2023-10-04,683.8458251953125,704.6227835679725,677.7621114363611,704.6227835679725,14648
2023-10-05,684.6389770507812,696.9295977057855,681.5432554403098,696.9295977057855,12988
2023-10-06,685.1165161132812,693.0792472572907,681.5279264696692,693.0792472572907,1899
2023-10-09,685.3475341796875,688.4509643819446,673.8347091661163,682.2363485745894,1505
2023-10-10,685.3938598632812,691.5391481658868,677.685270078813,691.5391481658868,896
2023-10-11,686.0482788085938,691.5390098968115,683.8381300538626,689.2287459439268,2062
2023-10-12,702.035400390625,707.7109457821315,685.3783914538596,693.0715638555178,5533
2023-10-13,718.6692504882812,731.5913504318551,701.5502083055375,701.5502083055375,10966
2023-10-16,720.1323852539062,735.4340298423684,709.8440209965925,723.8365066026482,3303
2023-10-17,735.8035888671875,738.514313379391,722.3424671010101,726.955286209549,9625
2023-10-18,733.6475219726562,736.9743081891013,733.1238677074446,736.1888032900603,2678
2023-10-19,736.8663940429688,738.8840208472737,734.6639536386423,738.8840208472737,790
2023-10-20,739.7080688476562,746.9854103385569,717.722064366531,738.7377503818769,2623
2023-10-23,739.4847412109375,747.7554791551462,739.2845108022043,746.946896121945,178378
2023-10-24,732.2767944335938,746.9777499681771,731.5067063321818,742.8577974266022,3136
2023-10-25,738.3296508789062,739.284552572254,732.3537598918891,739.2691357699593,3395
2023-10-26,731.5835571289062,734.6639089483964,704.6304787083676,704.6304787083676,5088
2023-10-27,741.517822265625,742.364900342631,730.0434912083135,739.2691312568511,1437
2023-10-30,757.2659301757812,769.3101164113631,746.9852753418955,747.0006921409296,32894
2023-10-31,760.83154296875,764.6973998496577,754.69396404271,754.69396404271,1617
2023-11-01,773.283935546875,800.8915733861804,740.0777425335974,740.0777425335974,5953
2023-11-02,790.803466796875,800.8916018265969,768.5479025220612,777.0111629863567,3755
2023-11-03,799.9057006835938,812.4427545664138,786.2674737193037,800.7374557992543,4532
2023-11-06,819.4351806640625,823.9941353293236,800.8914960210249,816.2855471597309,4013
2023-11-07,852.2494506835938,880.8940442977002,820.5623708919582,827.6486117847572,6678
2023-11-08,806.0352172851562,874.9428663125492,800.147063248636,863.1114239992922,398560
2023-11-09,806.0352172851562,806.0352172851562,806.0352172851562,806.0352172851562,0
2023-11-10,806.3583374023438,815.8250688457047,792.225257683385,806.382007598663,45255
2023-11-13,800.2494506835938,815.8250161780079,797.5379144059004,806.3582853457963,12132
2023-11-14,801.2506713867188,811.8760890383916,800.060426010988,800.8486628839053,8616
2023-11-15,798.25537109375,811.0878422100511,796.9232488704641,811.0878422100511,2291
2023-11-16,810.70947265625,826.8604376638023,788.2447229199122,808.7309905081612,308328
2023-11-17,831.0458984375,846.5662331936384,811.8838176810498,819.7661848430017,74897
2023-11-20,858.1849975585938,870.213499828119,819.7663404177932,823.707524746725,82954
2023-11-21,860.6442260742188,875.7310900633315,856.4192883472635,856.4192883472635,20598
2023-11-22,871.474609375,882.0370020122391,859.1860242868662,867.0526123590708,124538
2023-11-23,901.7428588867188,904.1075691810021,878.8839927086464,882.0290497024185,67837
2023-11-24,885.733642578125,925.3898767531808,882.8250953693037,909.6251429073004,36486
2023-11-27,898.6529541015625,905.6840608231566,885.1899045295082,894.6408558303774,16710
2023-11-28,900.5921020507812,913.5664489564182,867.0683679362355,867.0683679362355,16752
2023-11-29,912.7308959960938,968.1360927934358,905.6762149542548,905.6762149542548,193776
2023-11-30,938.1436157226562,938.789927491973,906.472222179487,906.472222179487,50987
2023-12-01,962.8549194335938,971.4939639534786,922.2370541195394,938.0017900873947,22757
2023-12-04,986.7857666015625,1000.2724865323262,974.2606724617456,985.2959875219918,23369
2023-12-05,973.4330444335938,985.2960473315931,957.7077580063084,985.2960473315931,19137
2023-12-06,969.6178588867188,977.4135315842586,961.6487972038673,973.4723479891608,19534
2023-12-07,971.0525512695312,985.2959471445172,961.6567344782505,977.4056895021592,10186
2023-12-08,976.08935546875,989.2371876785791,966.9300476675028,982.93129325513,8438
2023-12-11,973.5748291015625,985.2959053427072,963.6193954251677,981.3468316564695,9028
2023-12-12,995.164794921875,997.1196068982508,969.9727761973822,984.5078174038856,350368
2023-12-13,996.0948486328125,1005.0019633450958,995.5431213371419,997.1195950051342,38587
2023-12-14,999.4921875,1001.0607710893572,966.378350673663,995.5352232300498,4017
2023-12-15,1018.8196411132812,1038.8881174172418,999.4841710829751,999.4841710829751,9707
2023-12-18,1003.6775512695312,1024.7077495746587,995.5429905483031,1001.0843178561837,6883
2023-12-19,993.1075439453125,1003.4255376539685,986.0843264769164,1002.8264699338628,19221
2023-12-20,977.6500854492188,997.1116047391382,974.3079693065506,997.1116047391382,151725
2023-12-21,968.885009765625,992.2325813209334,951.4018741652343,991.6019533553147,2921
2023-12-22,961.7908325195312,988.0548406742289,953.7665394621596,988.0548406742289,2105
2023-12-25,961.7908325195312,961.7908325195312,961.7908325195312,961.7908325195312,0
2023-12-26,935.455810546875,975.83716676164,926.1782479361284,961.6489042400652,4928
2023-12-27,939.9487915039062,945.8763481251572,922.2922664802686,922.2922664802686,3556
2023-12-28,945.9156494140625,957.7076402683504,941.9350153840842,941.9350153840842,3068
2023-12-29,945.821044921875,961.6409136426547,930.8287670294814,961.6409136426547,1561
2024-01-01,967.111328125,969.5311725357777,953.7664380230009,961.6409152145087,2786
2024-01-02,980.9134521484375,993.1705740629241,961.6568791439772,961.6568791439772,5891
2024-01-03,999.2478637695312,1008.9353259071567,953.8454382947813,996.3314257739866,5143
2024-01-04,1004.3713989257812,1005.7193494270007,985.3039948909724,985.3039948909724,1366
2024-01-05,1009.5973510742188,1060.170653366563,993.1784124349455,1008.8880148987329,15277
2024-01-08,1014.9888916015625,1040.4725521214061,1005.001896935449,1022.3431061374724,14648
2024-01-09,1057.482666015625,1079.8843899709768,1005.7901325569098,1043.6254980449442,27374
2024-01-10,1095.4913330078125,1110.2313198524898,1058.601819355267,1062.5430025993298,21396
2024-01-11,1140.4603271484375,1150.8256596973067,1079.8843519077468,1111.4138220364403,29782
2024-01-12,1120.95947265625,1149.9587365748616,1117.7198308143616,1127.1707827581072,7391
2024-01-15,1110.60205078125,1127.1786948196207,1083.825668095789,1125.5943310544515,12575
2024-01-16,1117.372802734375,1123.2372372822333,1044.4135715080415,1107.4725041273948,136011
2024-01-17,1132.9720458984375,1150.037390366233,1117.719684399807,1117.719684399807,159012
2024-01-18,1132.7120361328125,1149.2492284278344,1119.2962307047496,1148.460991645648,46377
2024-01-19,1137.409912109375,1148.4610073419162,1131.1197978968084,1135.0609818616056,22083
2024-01-22,1132.86181640625,1141.3511424062897,1131.1198438135957,1132.7042075293848,9279
2024-01-23,1132.9486083984375,1142.147367576536,1103.5395399632587,1135.0532355414857,4356
2024-01-24,1132.782958984375,1142.9354526637758,1132.6962644841226,1135.06097484839,7318
2024-01-25,1119.572021484375,1140.5706595418867,1104.3196599855942,1135.0608924905464,2996
2024-01-26,1139.6092529296875,1157.9987847578443,1111.4140042493304,1131.1120362440386,32537
2024-01-29,1154.908935546875,1159.4964317775377,1142.9276774319371,1142.9355674982355,85146
2024-01-30,1154.9481201171875,1158.7080248174564,1146.8923636089492,1150.8256573016913,15309
2024-01-31,1154.7747802734375,1165.006078349109,1111.4138670260927,1155.161008600524,2497
2024-02-01,1127.155029296875,1163.343010150334,1117.719857261808,1163.343010150334,1446
2024-02-02,1154.7747802734375,1158.7080741335858,1123.245308868442,1142.935448365612,21036
2024-02-06,1156.23291015625,1158.7079850176221,1139.0020669050775,1150.8256177726043,3008
2024-02-07,1160.7418212890625,1162.6493891634805,1147.6807786236725,1159.488551601078,2745
2024-02-08,1160.7418212890625,1160.7418212890625,1160.7418212890625,1160.7418212890625,0
2024-02-09,1155.45263671875,1163.6975625890304,1127.1785874679297,1142.1550861825385,2226
2024-02-12,1155.9571533203125,1158.7080920452984,1135.0609881260066,1135.0609881260066,53866
2024-02-13,1166.6614990234375,1174.4650633945246,1142.9434782002686,1174.4650633945246,3123
2024-02-14,1196.74853515625,1202.053353972396,1172.8964794293684,1172.8964794293684,2074
2024-02-15,1164.4385986328125,1217.8179718973045,1162.6492856928014,1217.8179718973045,1828
2024-02-16,1143.463623046875,1182.3236395484746,1139.0021758179007,1182.3236395484746,899
2024-02-19,1183.8843994140625,1229.223798080883,1123.237502816182,1201.4305592609428,268910
2024-02-20,1177.956787109375,1188.5506427405192,1166.5982687107405,1182.3551134922564,1212
2024-02-21,1220.2535400390625,1221.7748793368332,1175.2689100677876,1209.935547697159,24340
2024-02-22,1155.562744140625,1202.0213630976555,1128.731139521496,1190.2372644313018,27215
2024-02-23,1173.164306640625,1178.413990556967,1139.0021514079046,1155.5630139159655,6416
2024-02-26,1192.3736572265625,1198.1199342808172,1170.5316463204038,1174.5358546193456,6349
2024-02-27,1193.871337890625,1198.1199458238987,1182.3552096946369,1198.0095811245562,2002
2024-02-28,1204.008056640625,1217.8179809420606,1192.602293096942,1192.602293096942,5561
2024-02-29,1203.180419921875,1228.8611395654646,1202.849325835086,1206.0022729539196,4514
2024-03-01,1218.740234375,1225.7082207267042,1198.1199328003797,1198.1199328003797,5002
2024-03-04,1232.7708740234375,1239.896565943072,1219.4024078283103,1229.64159681956,2204
2024-03-05,1234.9093017578125,1251.245487181929,1212.3010753662695,1236.1415073493647,3500
2024-03-06,1231.6580810546875,1250.4187957484503,1208.3184675628017,1250.4187957484503,2393
2024-03-07,1229.789794921875,1251.2453862533778,1192.4193642821263,1251.2453862533778,2767
2024-03-08,1235.4736328125,1252.0402847102885,1208.3182430219927,1232.1666293974267,2449
2024-03-11,1234.1539306640625,1244.0112825938181,1216.2676418138587,1244.0112825938181,3245
2024-03-12,1220.0198974609375,1244.0908934361594,1217.1025068000367,1244.0908934361594,853
2024-03-13,1214.216796875,1241.7060023775987,1208.318260956434,1241.7060023775987,3988
2024-03-14,1219.9403076171875,1232.1586265697597,1212.2929292174024,1216.1802276974486,3035
2024-03-15,1237.3179931640625,1240.1162196475107,1218.6606269181668,1236.1414881742814,9073
2024-03-18,1229.956787109375,1250.9274743186725,1228.271504840275,1250.9274743186725,522
2024-03-19,1268.575439453125,1272.7091217072648,1229.964840425691,1247.2708382003113,326091
2024-03-20,1263.9010009765625,1268.5752888977918,1261.5797229478776,1268.5752888977918,1420
2024-03-21,1261.9056396484375,1271.3575620990343,1240.1956112269581,1271.3575620990343,6076
2024-03-22,1264.5845947265625,1269.521179792247,1256.0150510256935,1269.521179792247,5040
2024-03-26,1261.7784423828125,1263.9645445825622,1240.1639003030784,1263.9645445825622,639
2024-03-27,1261.57958984375,1267.9391592947582,1261.57958984375,1267.9391592947582,582
2024-03-28,1261.85791015625,1267.5338380242908,1236.1414183842269,1240.1400213099846,12321
2024-03-29,1263.288818359375,1267.1442881595217,1256.015040961132,1263.9565460202648,744
2024-04-01,1258.6065673828125,1263.964497173723,1256.0150349273474,1261.5796584998102,55
2024-04-02,1245.005126953125,1263.8771437426224,1240.1161879581143,1263.8691865167318,257
2024-04-03,1261.9931640625,1263.9407436792321,1240.1162263886313,1244.8859041824337,11485
2024-04-04,1261.57958984375,1263.9644283878781,1248.0734619853176,1263.9644283878781,469
2024-04-08,1265.0616455078125,1267.939347229355,1252.040421245288,1263.9646157333382,951
2024-04-09,1262.64501953125,1263.9646576026573,1232.206590713222,1260.005840427782,2329
2024-04-15,1268.6070556640625,1271.9935346103343,1252.6843552829798,1262.366746718051,2439
2024-04-16,1261.63525390625,1267.9392201243,1253.630188173054,1257.6049192706223,13903
2024-04-17,1261.587646484375,1263.1695817468267,1256.0309800018263,1263.1616245212397,14465
2024-04-18,1257.469970703125,1261.5798783348282,1256.0152537927086,1257.6210609725879,138
2024-04-19,1256.6748046875,1271.1110552902103,1252.040303134502,1263.8691068323556,1738
2024-04-22,1261.587646484375,1271.91399043104,1256.015065550652,1268.7342054549624,1596
2024-04-23,1261.26171875,1263.9645554462434,1256.0150928333737,1263.9645554462434,2177
2024-04-24,1261.57958984375,1261.58754706871,1252.8351818486137,1252.8351818486137,1262
2024-04-25,1262.0645751953125,1269.2031768292934,1256.8894674640826,1257.6049384804403,1298
2024-04-26,1264.3939208984375,1275.8888133606106,1263.9725760693807,1271.898167402496,1935
2024-04-29,1287.8050537109375,1335.5018318937937,1272.701073953033,1275.6502936847498,2045
2024-04-30,1279.8634033203125,1310.7868304233095,1279.8634033203125,1299.7768447777685,1485
2024-05-02,1269.6165771484375,1291.7876394167474,1233.756563922949,1271.9139834257205,4543
2024-05-03,1271.421142578125,1279.8555106815384,1256.0150803064632,1279.8555106815384,1087
2024-05-06,1285.2850341796875,1286.2231135110796,1271.9140801098438,1279.8635431105304,2387
2024-05-07,1276.802978515625,1299.7371591328224,1272.6691996635864,1286.859068298435,9274
2024-05-08,1276.548583984375,1295.762471019484,1271.9220392084756,1295.762471019484,2313
2024-05-09,1265.2518310546875,1303.4630384992981,1246.6375076288066,1299.0206472001798,7607
2024-05-10,1289.0069580078125,1331.9123676742297,1246.6942967728157,1331.9123676742297,1976
2024-05-13,1286.3592529296875,1299.4184544065963,1275.1679176838963,1299.4184544065963,731
2024-05-14,1288.8687744140625,1298.6063446841415,1279.1230747965649,1298.6063446841415,1566
2024-05-15,1288.8687744140625,1295.3659074923942,1283.9959246053136,1284.0040539527322,12761
2024-05-16,1284.5723876953125,1299.4021004259992,1283.1917867066668,1299.4021004259992,865
2024-05-17,1289.339599609375,1291.2968884328025,1276.767664732382,1276.7757940786576,367
2024-05-20,1282.818359375,1297.8023328872118,1279.1312046273706,1297.8023328872118,216
2024-05-21,1282.501708984375,1295.3497469999159,1275.9557993252768,1295.3497469999159,1003
2024-05-22,1283.094482421875,1290.4768222564878,1275.874531261795,1282.5178935750596,854
2024-05-23,1272.6260986328125,1287.2446498615238,1262.8803978136716,1283.1595531416192,1700
2024-05-24,1308.498291015625,1315.588271720571,1271.8219465364111,1287.2119910673468,11192
2024-05-27,1308.360107421875,1315.669381765014,1283.1918473647368,1309.172249015557,4827
2024-05-28,1308.360107421875,1308.360107421875,1308.360107421875,1308.360107421875,0
2024-05-29,1303.5115966796875,1319.7219105531935,1303.4872086395872,1319.7219105531935,40136
2024-05-30,1300.474365234375,1312.4128081165982,1300.2388124260165,1301.075342138529,325
2024-05-31,1291.8087158203125,1307.1338244161425,1291.3051919751404,1291.321450669885,374
2024-06-03,1298.1759033203125,1299.4266331790304,1275.0623838069234,1292.929500013135,6001
2024-06-04,1299.426513671875,1302.6750799560548,1292.9293811035157,1292.9293811035157,258
2024-06-05,1293.741455078125,1299.4345751247613,1293.741455078125,1299.4345751247613,295
2024-06-06,1290.6959228515625,1299.4264442740287,1275.8743399715618,1293.749582926676,330
2024-06-07,1277.393310546875,1295.3660103169968,1267.022245185204,1276.0451275673568,488
2024-06-10,1282.144287109375,1287.2445606444476,1277.4988605007673,1277.5069898486247,63
2024-06-11,1287.14697265625,1287.2362963349285,1283.1755883674778,1286.4241547414383,46
2024-06-12,1283.0538330078125,1291.2158962229598,1203.5939219516167,1203.602051299165,1068
2024-06-13,1307.3450927734375,1315.669545142394,1262.8803349977918,1299.4185819037307,11228
2024-06-14,1297.4613037109375,1309.1886814318234,1283.1838882892864,1309.1886814318234,784
2024-06-20,1300.8316650390625,1311.6088008936872,1283.9959840327674,1305.9238091870272,1555
2024-06-21,1296.3568115234375,1307.5400186889785,1287.4476407924483,1303.4793101547018,1251
2024-06-24,1291.3052978515625,1307.5074850466078,1283.1838808839427,1296.1862773801734,210
2024-06-25,1290.492919921875,1299.4183476043618,1283.9957875371206,1299.4183476043618,103
2024-06-26,1284.7999267578125,1291.3051891322475,1283.5898436625894,1291.3051891322475,260
2024-06-27,1283.005126953125,1284.8243162717208,1279.7403017411357,1284.8161869243572,578
2024-06-28,1283.1837158203125,1283.1837158203125,1280.787937778404,1283.1837158203125,271
2024-07-01,1299.4346923828125,1300.2387046376205,1281.559447793982,1288.5438457426233,4841
2024-07-02,1293.2950439453125,1303.4874621991744,1283.1920485225467,1299.4186242459111,5710
2024-07-03,1291.76806640625,1303.487313726247,1289.6809060419193,1303.487313726247,3306
2024-07-04,1292.9295654296875,1311.6006948787851,1283.1919945356947,1299.4429576201878,777
2024-07-05,1298.947265625,1306.7275455132817,1284.8078543365486,1306.7275455132817,1233
2024-07-08,1296.973876953125,1298.6144188478313,1291.3051444453108,1298.6144188478313,401
2024-07-09,1282.8670654296875,1299.418516294084,1266.9409795006477,1299.418516294084,3077
2024-07-10,1287.0333251953125,1309.1723140702763,1283.191911128451,1298.614472827774,54839
2024-07-11,1291.662353515625,1364.397798000197,1284.0769792307253,1284.0851085772595,25550
2024-07-12,1290.8583984375,1303.4872396986539,1281.5594169747512,1299.42653178682,6314
2024-07-15,1326.9013671875,1335.9648958344133,1299.4103919377228,1299.4103919377228,334375
2024-07-16,1326.9013671875,1326.9013671875,1326.9013671875,1326.9013671875,0
2024-07-17,1326.9013671875,1326.9013671875,1326.9013671875,1326.9013671875,0
2024-07-18,1341.16259765625,1349.4139844951167,1317.2937429087874,1331.9122924601795,267018
2024-07-19,1353.060302734375,1360.3370590993684,1333.544518027639,1348.1549361820605,142104
2024-07-22,1352.532470703125,1366.8586599956236,1319.730060562748,1353.0278651677158,122403
2024-07-23,1375.239990234375,1387.137884776321,1353.5558486698633,1353.5639780171211,65451
2024-07-24,1374.9476318359375,1392.814747456747,1371.7071947066886,1381.452894136221,25825
2024-07-25,1369.5469970703125,1384.6934594973845,1366.046717919681,1384.6934594973845,1380
2024-07-26,1366.83447265625,1379.8287397759768,1364.3980475713013,1372.5113351731095,5119
2024-07-29,1391.56396484375,1396.0632609672984,1371.7071426647883,1372.5192842531037,21926
2024-07-30,1385.058837890625,1400.7006943383767,1384.7015431433365,1392.0108181511312,4889
2024-07-31,1387.43017578125,1396.8835156558987,1384.701391972853,1385.058686681135,4661
2024-08-01,1403.4537353515625,1412.3142278751836,1380.640705800927,1392.822829675641,30554
2024-08-02,1392.4898681640625,1417.187122510514,1382.46806836305,1417.187122510514,701
2024-08-05,1364.9420166015625,1400.9442169329873,1360.3371381813065,1388.7620933074832,10515
2024-08-06,1368.53173828125,1376.5800897505749,1360.3453861806934,1364.406094410046,9713
2024-08-07,1388.770263671875,1396.0714087159977,1368.4585943493055,1380.6163302934294,53276
2024-08-08,1389.3143310546875,1400.9441542680759,1380.6487451468793,1400.9441542680759,25419
2024-08-09,1395.4298095703125,1405.004990914759,1383.2395560244267,1383.2395560244267,1374
2024-08-12,1388.7623291015625,1415.5630056280838,1384.701620536938,1413.1265804893092,14059
2024-08-13,1387.958251953125,1410.6900895058002,1384.7015559052327,1410.6900895058002,149
2024-08-15,1389.476806640625,1413.1182364148979,1388.7621180763138,1413.0451714305868,692
2024-08-16,1383.5078125,1412.233261262951,1380.640928425995,1412.233261262951,1988
2024-08-19,1384.7015380859375,1396.8836630544354,1380.6408297631049,1396.8836630544354,25289
2024-08-20,1404.087158203125,1408.9843955449976,1352.2968756746106,1372.5273494527903,6548
2024-08-21,1400.8466796875,1404.9236460111924,1370.0827547092872,1370.0827547092872,6424
2024-08-22,1388.5836181640625,1404.9239047146996,1380.6408487819742,1404.9157753668708,543
2024-08-23,1380.9901123046875,1407.4415230435945,1380.64084776348,1407.4415230435945,1021
2024-08-26,1395.0562744140625,1403.3807260587978,1251.5914367285814,1251.5914367285814,7963
2024-08-27,1392.9205322265625,1408.9847195802745,1380.6409531266427,1408.9847195802745,6774
2024-08-28,1381.0303955078125,1409.0655366289907,1372.5272975900668,1409.0655366289907,1176
2024-08-29,1384.1087646484375,1409.065863474814,1372.519486612355,1409.065863474814,210
2024-08-30,1398.987060546875,1419.6236076827502,1388.7622249070382,1395.2593581229776,1852
2024-09-02,1418.446044921875,1538.878463334673,1413.1346067824056,1538.878463334673,1208
2024-09-03,1410.2757568359375,1461.042736103201,1400.132116198954,1461.042736103201,802
2024-09-04,1422.4906005859375,1437.4745755588342,1396.8837485418371,1421.2479999698924,2044
2024-09-05,1421.8162841796875,1444.7999315145573,1409.0738298406109,1435.8663737592678,1110
2024-09-06,1436.142578125,1445.5147247547313,1405.0050941441607,1445.5147247547313,549
2024-09-09,1421.2479248046875,1444.8000332728793,1409.0657997349329,1444.8000332728793,534
2024-09-10,1424.0823974609375,1436.670594304704,1413.1347427776632,1413.1347427776632,1405
2024-09-11,1428.3865966796875,1445.5227650953825,1411.5021406151357,1444.799947154388,188
2024-09-12,1433.9334716796875,1461.8549043176906,1421.2478236421994,1437.4906559123958,2384
2024-09-13,1435.0218505859375,1461.8550437805045,1433.4300845958835,1445.612209960721,287
2024-09-16,1419.3475341796875,1575.5548347256456,1380.640834553401,1461.8468719440914,804
2024-09-17,1419.3475341796875,1419.3475341796875,1419.3475341796875,1419.3475341796875,0
2024-09-18,1421.36962890625,1445.5632595491486,1305.1277987272954,1419.6478926945167,2109
2024-09-19,1417.2520751953125,1461.0427874265645,1413.1264314186894,1461.0346580792213,10594
2024-09-20,1435.1842041015625,1449.6646534069878,1405.8983298786598,1449.6646534069878,3918
2024-09-23,1437.5635986328125,1457.7940722634692,1435.8662505636844,1452.1009521058998,485
2024-09-24,1441.1695556640625,1456.1616568191014,1405.004868971827,1421.2476998269924,19220
2024-09-25,1428.2188720703125,1460.5790867989335,1427.4115558076678,1449.0516143796792,1662
2024-09-26,1432.47216796875,1457.691203540973,1419.0886587195328,1457.691203540973,390
2024-09-27,1431.872802734375,1448.3941357219223,1423.2500834268242,1427.4199646062948,2676
2024-09-30,1442.9591064453125,1493.496940390869,1331.695871663667,1334.276012094949,9846
2024-10-01,1442.1351318359375,1456.5341351436314,1415.7592773130652,1456.5341351436314,656
2024-10-02,1440.7119140625,1444.0578164407975,1420.087248357725,1443.22550646014,4672
2024-10-03,1444.7901611328125,1456.542373246076,1433.362562083341,1448.2192739703842,2449
2024-10-04,1455.68505859375,1580.4733297916987,1406.5205562493472,1435.7346141653409,470
2024-10-07,1445.9720458984375,1476.517778926054,1436.5669032843118,1456.5506723323015,731
2024-10-08,1445.131591796875,1464.86562978603,1414.9270287705972,1448.2194294475526,250
2024-10-09,1445.131591796875,1445.131591796875,1445.131591796875,1445.131591796875,0
2024-10-10,1448.227783203125,1464.8656525722101,1427.4200324563606,1462.3687224825983,77
2024-10-11,1449.209716796875,1471.5156641543365,1444.0660981888436,1471.5073329267882,947
2024-10-14,1452.597412109375,1469.0272039851243,1451.5486933428083,1469.0272039851243,728
2024-10-15,1476.509521484375,1498.157911432603,1436.5753063012419,1481.5117124166852,4663
2024-10-16,1514.47119140625,1535.611884829114,1470.691707584306,1491.4994567012316,2385
2024-10-17,1550.1357421875,1663.845932034685,1489.8349224201834,1489.8349224201834,1753
2024-10-18,1558.1009521484375,1656.288536554446,1514.8041705345763,1548.7956818252899,1533
2024-10-21,1533.8890380859375,1614.6813211357303,1506.7307600483884,1559.7488638187415,7772
2024-10-22,1536.519287109375,1560.5730687409798,1533.9224837238392,1560.5730687409798,767
2024-10-23,1526.99755859375,1568.463198001989,1506.48109681703,1539.7734967466881,1185
2024-10-24,1517.9503173828125,1535.6119107472714,1514.8041612791512,1535.603579519457,245
2024-10-25,1513.0814208984375,1527.280577209555,1498.1580573232818,1518.1334980875924,1149
2024-10-28,1601.572509765625,1622.1721821661442,1564.776117355433,1598.0351922827076,3612
2024-10-29,1610.76123046875,1614.6730467753227,1598.0351782300072,1601.5724956818185,937
2024-10-30,1589.196044921875,1643.812222131936,1581.388973190217,1623.0044724846964,775
2024-10-31,1580.3319091796875,1647.9737573866578,1578.0597191944964,1647.9737573866578,622
2024-11-01,1597.0198974609375,1655.3814739325499,1424.0824913927065,1655.3814739325499,926
2024-11-04,1655.6976318359375,1662.938688067449,1573.0658721165485,1651.7108344944963,2697
2024-11-05,1716.9554443359375,1727.0431384205278,1706.2353897648588,1706.2353897648588,2926
2024-11-06,1712.7987060546875,1730.631008802935,1711.9673410609425,1730.631008802935,1075
2024-11-07,1704.6290283203125,1760.32312774842,1611.9469552087392,1611.9469552087392,766
2024-11-08,1719.2037353515625,1724.6925253717563,1696.6970244680338,1696.722499777361,1154
2024-11-11,1703.0172119140625,1745.824845518531,1696.7055485706853,1696.7055485706853,1237
2024-11-12,1701.7786865234375,1722.1475433379155,1700.9388297500102,1703.585673063454,1002
2024-11-13,1696.1796875,1725.5325277897332,1695.8488191253155,1725.5325277897332,967
2024-11-14,1697.6724853515625,1701.7954463039653,1696.6968639431634,1696.6968639431634,377
2024-11-15,1707.1656494140625,1722.113546348885,1692.5825879122115,1722.113546348885,355
2024-11-18,1692.4722900390625,1730.6309901045108,1646.6444861729683,1720.4508078097783,1265
2024-11-19,1705.86767578125,1713.663948691387,1648.341115003646,1696.6969789023633,2516
2024-11-20,1707.34375,1720.4422006326572,1701.7870261136022,1705.8591401816059,728
2024-11-21,1709.2440185546875,1716.946985253111,1672.9431549891065,1696.7054035228693,609
2024-11-22,1711.8231201171875,1713.6640737545888,1693.337675602531,1713.6640737545888,2007
2024-11-25,1702.253662109375,1717.0573014720223,1693.2187302017558,1717.0573014720223,519
2024-11-26,1671.7218017578125,1730.5462623924607,1667.0982399331383,1730.5462623924607,1241
2024-11-27,1694.9493408203125,1696.6969884263112,1662.763048657785,1696.6969884263112,1433
2024-11-28,1690.3343505859375,1713.825070347391,1662.847839054237,1662.847839054237,3427
2024-11-29,1696.900634765625,1713.6470262599044,1688.2983683488585,1696.6970394055497,2293
2024-12-02,1719.254638671875,1730.715835731859,1696.7903859021187,1697.5454285296946,1110
2024-12-03,1701.736083984375,1732.3275795884538,1696.7054355386704,1729.7825341727998,4293
2024-12-04,1701.031982421875,1728.934175931478,1679.7299648401993,1728.934175931478,4954
2024-12-05,1703.18701171875,1713.647112210386,1696.69712450588,1701.0321732320117,4208
2024-12-06,1699.3779296875,1733.167615536278,1649.5713153325692,1684.056704992814,2550
2024-12-09,1723.0721435546875,1739.1144428506357,1671.3313762932628,1672.9432591714408,6105
2024-12-10,1706.3258056640625,1747.5979826156238,1705.1805558531087,1745.9012855451233,2345
2024-12-11,1707.980224609375,1730.6225983302677,1699.2421928782437,1730.6225983302677,366
2024-12-12,1703.475341796875,1726.3892436794558,1700.9387879986775,1726.3892436794558,3083
2024-12-13,1721.570556640625,1730.6309643135073,1681.3249529431373,1717.9057366347315,3289
2024-12-16,1727.7889404296875,1744.2044626913414,1696.6969481433282,1721.2990538914066,5237
2024-12-17,1709.3460693359375,1745.0360485938252,1705.282446491961,1745.0360485938252,1239
2024-12-18,1746.385009765625,1751.8398331906808,1705.223119730742,1729.65549691588,12141
2024-12-19,1904.847900390625,1916.4192829288263,1722.147474256537,1722.1559660262853,62247
2024-12-20,1890.4173583984375,1908.767036023996,1748.4461619191259,1748.4461619191259,1160
2024-12-23,1899.681396484375,1908.68225824684,1866.3667337181982,1908.68225824684,3033
2024-12-24,1865.9425048828125,1907.9357551631942,1768.8066027191016,1883.3421407078824,4222
2024-12-26,1836.9627685546875,1866.3579572806905,1823.9490297526293,1866.3579572806905,2001
2024-12-27,1827.614013671875,1864.652830873974,1806.9821222459639,1864.652830873974,2014
2024-12-30,1824.2293701171875,1861.3616020344064,1804.437332533886,1827.6142724845367,1521
2024-12-31,1806.6431884765625,1900.6315520987307,1802.7407022275538,1840.0510555801131,3293
2025-01-01,1806.6431884765625,1806.6431884765625,1806.6431884765625,1806.6431884765625,0
2025-01-02,1727.653076171875,1839.109199976488,1696.739309265127,1830.8208192928782,7192
2025-01-03,1765.1927490234375,1781.531950338337,1743.35626568823,1756.3530234327984,2102
2025-01-06,1766.753662109375,1781.5318265072715,1747.597886954752,1747.877908233286,1600
2025-01-07,1765.0399169921875,1780.674921076197,1746.3253003060088,1780.674921076197,278
2025-01-08,1769.85009765625,1795.8688802131865,1764.5649030016623,1765.4132515127208,2126
2025-01-09,1755.9794921875,1781.7524272948522,1739.1738658260026,1769.8500729965792,239
2025-01-10,1735.17822265625,1768.7218547708123,1696.8667721515915,1767.330654244041,636
2025-01-13,1739.8016357421875,1776.399298874691,1719.6278835727303,1776.399298874691,1459
2025-01-14,1743.322021484375,1773.7269031654553,1739.1142464948803,1739.9031525263326,778
2025-01-15,1708.3787841796875,1772.200025592836,1654.2795834878077,1772.200025592836,3268
2025-01-16,1721.7911376953125,1730.5969994023835,1712.8156477089126,1730.5969994023835,195
2025-01-17,1737.8504638671875,1747.589488469311,1702.2113336651294,1729.7826610232737,707
2025-01-20,1752.153564453125,1753.536273031988,1732.3275614568552,1747.597833790951,1514
2025-01-21,1746.927734375,1760.3316825036136,1739.1144775923337,1756.8278953921629,433
2025-01-22,1732.336181640625,1751.8397059662202,1700.9812532622846,1751.8397059662202,681
2025-01-23,1739.1993408203125,1747.5129904182772,1734.957494766722,1747.5129904182772,197
2025-01-24,1747.7335205078125,1768.7216535044308,1698.4106312795332,1739.1143745596773,545
2025-01-27,1738.503662109375,1748.4377900381903,1733.557724011216,1734.0328488854695,278
2025-01-28,1710.508056640625,1751.5850227691737,1696.6969188670882,1739.1143418387653,1025
2025-01-29,1744.263916015625,1760.3230947379395,1698.478469878646,1744.1959818600487,536
2025-01-30,1783.720703125,1802.7406107265906,1718.7541069797987,1718.7541069797987,7552
2025-01-31,1810.90185546875,1815.4658711870113,1781.5319296694972,1783.7462104847057,607
2025-02-03,1781.2178955078125,1843.461325552169,1764.607372401081,1843.461325552169,587
2025-02-04,1750.82177734375,1815.4574036023848,1724.6926006039043,1815.4574036023848,3338
2025-02-06,1752.8662109375,1779.8352442741489,1743.3562569034204,1779.8352442741489,1025
2025-02-07,1754.99560546875,1804.3949254716665,1748.446379449664,1804.3949254716665,619
2025-02-10,1762.121826171875,1771.1821306242969,1751.924660109227,1771.1821306242969,600
2025-02-11,1772.3951416015625,1781.5318716267839,1751.8481655360938,1751.9076079243887,854
2025-02-12,1794.2315673828125,1801.8921790431561,1778.9867699875228,1778.9867699875228,1474
2025-02-13,1792.4078369140625,1801.035475368722,1781.5319505377272,1801.035475368722,1347
2025-02-14,1785.1629638671875,1798.4904868389262,1781.9561814004219,1792.5605385856186,330
2025-02-17,1786.6219482421875,1794.2485930034493,1781.5318572215544,1781.5318572215544,895
2025-02-18,1798.6429443359375,1823.9492459653238,1781.5318216405487,1806.9822762354138,6000
2025-02-19,1797.77783203125,1823.9494688848138,1790.1511864901952,1798.643164162541,405
2025-02-20,1806.1339111328125,1819.707486791866,1797.7775957711765,1797.7775957711765,1035
2025-02-21,1798.8466796875,1823.9154208377413,1790.1003635194393,1823.9154208377413,1205
2025-02-24,1791.8817138671875,1806.9738672721674,1785.773645907778,1798.4818902485413,483
2025-02-25,1802.2401123046875,1820.5560325058095,1739.1145697282896,1739.1230614986496,734
2025-02-26,1805.2515869140625,1818.8591295855817,1745.0782876018272,1818.8591295855817,1585
2025-02-27,1822.736328125,1831.5845456354227,1790.0324496316769,1818.8253501223944,1779
2025-02-28,1797.93896484375,1938.4763012513683,1794.3419755278317,1938.4763012513683,3286
2025-03-03,1790.447998046875,1815.4657869856833,1782.380195540617,1798.4903252442152,679
2025-03-04,1790.447998046875,1790.447998046875,1790.447998046875,1790.447998046875,0
2025-03-05,1798.5072021484375,1802.7404526207624,1781.5317414134595,1781.5317414134595,9292
2025-03-06,1789.625,1823.9406529506487,1781.6251322089845,1823.9406529506487,14127
2025-03-07,1815.160400390625,1823.949382499816,1794.2826585602804,1823.0925421796621,1424
2025-03-10,1800.795654296875,1847.1017355296835,1796.479269698848,1847.1017355296835,3519
2025-03-11,1790.2894287109375,1812.018038749728,1778.7818812976725,1800.7954401295535,849
2025-03-12,1782.4853515625,1811.1460993949172,1771.4440074822226,1811.1460993949172,967
2025-03-13,1769.708740234375,1810.274107293457,1767.5591895039502,1810.274107293457,2163
2025-03-14,1785.2564697265625,1801.477474950326,1769.7088457159625,1795.6157916011846,725
2025-03-17,1778.2724609375,1806.8383665045271,1761.0846954941403,1803.3852592584603,2245
2025-03-18,1772.4713134765625,1795.6071747963815,1743.819205918382,1774.033895129839,1477
2025-03-19,1765.1162109375,1808.5562531053522,1753.3151791555993,1808.5562531053522,2888
2025-03-20,1772.9029541015625,1799.9322024095825,1765.4960767883294,1769.7434367568849,6412
2025-03-21,1771.0555419921875,1790.436063789896,1761.0846529080943,1790.436063789896,1727
2025-03-24,1762.146484375,1788.623116369047,1761.170977376461,1769.7174387665984,900
2025-03-25,1778.350341796875,1788.7096641762741,1761.1711111082757,1780.068254327687,432
2025-03-26,1786.49951171875,1787.8462741254393,1770.6239439121987,1782.6666132636562,826
2025-03-27,1782.10546875,1786.1196213907551,1770.5806396676844,1786.1196213907551,868
2025-03-28,1782.10546875,1782.10546875,1782.10546875,1782.10546875,0
2025-03-31,1782.10546875,1782.10546875,1782.10546875,1782.10546875,0
2025-04-03,1752.529541015625,1786.991588250331,1749.8706864516655,1786.9829470520335,15772
2025-04-04,1743.1370849609375,1769.7174109178877,1741.8335285839216,1769.7174109178877,6042
2025-04-07,1724.1796875,1742.8523699681293,1572.8904196395044,1580.659911284266,2959
2025-04-08,1724.300537109375,1769.7175189375246,1717.920908627158,1724.1796657063273,2178
2025-04-09,1710.39306640625,1768.8282218283648,1684.253019873639,1709.2880468220426,6725
2025-04-10,1723.6702880859375,1778.350211189475,1597.0620828643343,1730.869987104319,6303
2025-04-11,1742.9818115234375,1749.862102441527,1710.2032161784875,1749.862102441527,1378
2025-04-14,1726.130859375,1760.2216568439069,1717.9210873562406,1752.4521644890294,8712
2025-04-15,1727.3565673828125,1735.1864419249862,1717.0576283526357,1726.5536735572002,3103
2025-04-16,1735.1605224609375,1735.186446057416,1726.5623188678971,1726.5623188678971,1436
2025-04-17,1715.62451171875,1742.9558851197298,1711.0146430447273,1742.2394033020437,6386
2025-04-18,1706.5428466796875,1736.9129717479364,1700.6553451011105,1726.5536498488432,5988
2025-04-21,1691.8067626953125,1725.6903781747314,1688.5694745921833,1721.365352838513,5563
2025-04-22,1696.7359619140625,1708.4161221462803,1683.389736494171,1708.4161221462803,1844
2025-04-23,1712.0506591796875,1724.3696370671908,1687.7926000281582,1696.7447770214967,2195
2025-04-24,1701.6824951171875,1722.2371657075792,1692.0224785899022,1707.5701017343213,16278
2025-04-25,1700.19775390625,1748.1268992641567,1674.7570116037675,1723.135077763804,7524
2025-04-28,1689.3895263671875,1736.9043161385594,1672.1844784022542,1726.5536355240306,80691
2025-04-29,1690.6412353515625,1725.6902508867768,1683.4759960596268,1710.0649625376318,140336
2025-04-30,1693.852783203125,1703.2538808257384,1679.1597942295034,1700.5691024449186,7108
2025-05-02,1700.9832763671875,1717.0574855156194,1693.7490128615611,1693.8526018581385,3916
2025-05-05,1722.6861572265625,1726.5536204755524,1695.4842965055325,1704.971700219608,5985
2025-05-06,1721.51220703125,1734.3145648863374,1709.2881772269725,1709.2881772269725,8261
2025-05-07,1709.41650390625,1721.370465472028,1645.874548447129,1682.4094055539367,19858
2025-05-08,1679.4697265625,1726.6834015517063,1539.8474027171371,1721.2820032983172,21571
2025-05-09,1677.2027587890625,1708.0882573672081,1646.9902326091276,1682.4093773964207,8325
2025-05-12,1726.1610107421875,1792.2088347166834,1684.508059362133,1792.2088347166834,80720
2025-05-13,1713.88818359375,1743.4188739081053,1709.0711237010723,1743.4188739081053,5090
2025-05-14,1709.6910400390625,1724.9123657568637,1708.9737504675293,1713.4011436034555,5872
2025-05-15,1716.25244140625,1726.683406078059,1700.1190459845504,1713.4012260313048,9107
2025-05-16,1705.5557861328125,1726.2405535315145,1685.1631877633413,1726.2405535315145,31477
2025-05-19,1701.3409423828125,1725.346255183403,1691.2641912027013,1725.346255183403,3822
2025-05-20,1704.2806396484375,1708.9737195238047,1695.691540356521,1704.5374630346798,11619
2025-05-21,1703.2978515625,1711.6302359511637,1695.6916201999372,1711.6302359511637,1526
2025-05-22,1693.9029541015625,1711.5417279671049,1688.6343992971733,1706.3085188075606,3521
2025-05-23,1690.0067138671875,1701.80134939456,1683.2948249664362,1693.1147524121945,1850
2025-05-26,1681.9578857421875,1691.7513318062192,1680.638531158973,1691.7513318062192,3071
2025-05-27,1669.8533935546875,1687.72240127074,1667.3563911819535,1687.72240127074,6416
2025-05-28,1669.8533935546875,1669.8533935546875,1669.8533935546875,1669.8533935546875,0
2025-05-29,1671.429443359375,1699.2334940092358,1664.699827377469,1669.8532654533992,833
2025-05-30,1692.9024658203125,1704.546532583104,1662.1498072308648,1695.6740185319832,2932
2025-06-02,1679.4609375,1692.1498084539999,1670.02170422147,1683.29502138726,1548
2025-06-03,1679.15087890625,1691.2465479116822,1673.811524627443,1691.2465479116822,1559
2025-06-04,1676.0606689453125,1682.4095903647496,1673.8204899028378,1673.8204899028378,1392
2025-06-05,1677.388671875,1682.4093745527473,1673.5545883708905,1682.4093745527473,1140
2025-06-06,1677.388671875,1677.388671875,1677.388671875,1677.388671875,0
2025-06-09,1677.388671875,1677.388671875,1677.388671875,1677.388671875,0
2025-06-10,1669.516845703125,1673.5546803073821,1664.6998936390892,1668.5339773538233,2177
2025-06-11,1655.154296875,1677.9819613195627,1638.1354239795203,1638.1354239795203,3102
2025-06-12,1640.48193359375,1673.5545373567174,1633.8053904271396,1646.9901796208965,3615
2025-06-13,1651.71875,1661.9815255979456,1629.2807507951939,1638.1355374842983,2888
2025-06-16,1651.71875,1651.71875,1651.71875,1651.71875,0
2025-06-17,1652.7635498046875,1664.6997841540112,1639.9949093561486,1640.1277527655677,828
2025-06-18,1552.022705078125,1662.9111792153324,1492.0315264907379,1647.0080172371174,130322
2025-06-19,1546.9931640625,1581.4648960588797,1515.9394748335958,1581.4648960588797,44695
2025-06-20,1556.5208740234375,1579.685025439562,1523.0232560884986,1549.587615206321,4802
2025-06-23,1526.8131103515625,1554.8916029777595,1514.2569758818167,1523.032099326092,4366
2025-06-24,1546.4619140625,1575.2665612736407,1536.3054996120104,1536.3054996120104,4688
2025-06-25,1548.63134765625,1575.0451366716054,1540.7328392458712,1547.373929070207,4456
2025-06-26,1536.5091552734375,1569.9537023696935,1531.878119063491,1569.9537023696935,3457
2025-06-27,1548.2593994140625,1549.5876173718098,1531.878044601846,1531.93122520367,2293
2025-06-30,1536.79248046875,1549.5698765766665,1536.3054239856922,1549.5698765766665,128361
2025-07-01,1569.484375,1576.1520554234091,1532.4093868738635,1536.3055146964127,330837
2025-07-02,1629.1390380859375,1637.2500529293816,1569.4843446995299,1569.4843446995299,56021
2025-07-03,1674.980224609375,1683.2948819471571,1624.879882448591,1629.2806853144498,18947
2025-07-04,1682.9495849609375,1686.8279858198557,1651.4265662465584,1674.9714135778445,9211
2025-07-07,1707.928955078125,1709.8593461774597,1674.440198664721,1674.440198664721,6121
2025-07-08,1789.7117919921875,1793.5813293833858,1685.2517931160908,1711.6302367862504,143425
2025-07-09,1757.338623046875,1792.0317238967511,1744.392929588479,1788.6491349441428,3859
2025-07-10,1759.826904296875,1767.1851757689394,1731.1551009055365,1767.1851757689394,5600
2025-07-11,1824.3516845703125,1828.4956640732514,1753.2477065676942,1770.9572793613072,99611
2025-07-14,1811.7159423828125,1850.6415499822103,1802.9319550964494,1850.6415499822103,12498
2025-07-15,1776.92529296875,1841.57409332344,1770.9571759331072,1837.3680700305988,9064
2025-07-16,1778.784912109375,1791.3233201370626,1758.560609882455,1758.560609882455,16278
2025-07-17,1827.7430419921875,1841.7956927030675,1770.9573968298726,1787.7814920997564,53972
2025-07-18,1853.6431884765625,1859.505160893647,1817.0021857875063,1841.795587932755,22746
2025-07-21,1886.0516357421875,1888.7257983301542,1832.9406481685041,1859.5050053883374,9849
2025-07-22,1870.9632568359375,1888.7171474790487,1860.461600827888,1888.7171474790487,25432
2025-07-23,1862.896728515625,1885.8482673144963,1779.8121926527233,1885.8482673144963,2893
2025-07-24,1869.26318359375,1877.2147646892965,1851.553610341964,1872.566001710703,1825
2025-07-25,1888.6727294921875,1889.611388719676,1877.196961083161,1877.2146879501934,20468
2025-07-28,1879.1893310546875,1888.7259533739639,1859.5051580334384,1863.0470726201686,8786
2025-07-29,1877.347412109375,1892.2678133478826,1872.7872836830938,1877.2146767887277,55454
2025-07-30,1873.34521484375,1892.2679985967536,1869.245552193611,1892.2679985967536,16374
2025-07-31,1871.5211181640625,1881.4029817948067,1868.3598989417228,1870.5647320709468,1964
2025-08-01,1886.1314697265625,1908.2063907838456,1862.1615033960218,1872.7783832060777,6478
2025-08-04,1879.7294921875,1894.9242273252696,1862.1615187219822,1894.9242273252696,1820
2025-08-05,1874.66455078125,1886.9548899388403,1869.2630448677985,1886.9548899388403,2491
2025-08-06,1876.860595703125,1883.413051110347,1859.4962646020272,1869.4667626500798,25869
2025-08-07,1881.6865234375,1882.0406284390929,1859.5052391344184,1872.78741941395,5926
2025-08-08,1877.6219482421875,1903.7790211025301,1872.7872695962099,1903.7790211025301,3198
2025-08-11,1889.39013671875,1899.3517718859841,1868.5813877027497,1881.6421982553456,4886
2025-08-12,1911.9964599609375,1912.6339786787385,1869.2543861151248,1873.0088071297228,30125
2025-08-13,1917.2205810546875,1934.7708282286999,1908.206469031052,1908.206469031052,28009
2025-08-15,1930.1309814453125,1934.762017563905,1917.061307716354,1934.762017563905,2054
2025-08-18,1938.9769287109375,1979.0448387573674,1917.0613315032217,1930.3435116291103,42097
2025-08-19,1974.1656494140625,1992.3268239094848,1952.489150864431,1956.0222017849119,37226
2025-08-20,1983.3480224609375,1992.326679577135,1966.6478023736965,1992.326679577135,4161
2025-08-21,2030.0660400390625,2072.0199120990715,1965.7624807093753,1979.7796760448814,209994
2025-08-22,2046.4559326171875,2080.8745875406757,2036.6006601461931,2036.6006601461931,10313
2025-08-25,2052.203125,2073.7909906402333,2045.455673944893,2073.569620978551,6130
2025-08-26,2077.846435546875,2151.712990938442,2036.6007733162207,2045.455559287161,93643
2025-08-27,2090.33154296875,2123.3776645677654,2059.9509367613978,2123.3776645677654,3164
2025-08-28,2100.66552734375,2114.5231828357832,2090.6152574017106,2093.935802600887,55740
2025-08-29,1998.9326171875,2095.042505339285,1908.2065084556887,2095.042505339285,15910
2025-09-01,1964.7620849609375,2021.5122723899703,1948.070726198688,2000.7478416106305,7832
2025-09-02,2011.34716796875,2018.0059851792491,1962.2208263085636,1979.0449218409924,7796
2025-09-03,2004.599853515625,2035.7154791162209,2001.1818107014612,2026.8606923432055,32806
2025-09-04,1999.3663330078125,2014.4637861579145,1983.472035601639,2003.8380431100486,30243
2025-09-05,2028.0382080078125,2036.6007166253498,1988.3421344270535,2005.6089665897468,5084
2025-09-08,2019.626220703125,2036.6007762559032,1993.2123249356687,1993.2123249356687,8993
2025-09-09,2013.5697021484375,2032.1647548649003,2000.2963850709389,2032.1647548649003,6078
2025-09-10,2015.43798828125,2027.7460547172739,2000.2962172953369,2001.4030655784795,2005
2025-09-11,2016.2791748046875,2026.8606012868083,2010.036507173899,2026.8606012868083,2525
2025-09-12,2017.421630859375,2036.601021787102,2005.609267107733,2026.860756030729,6237
2025-09-15,2017.820068359375,2025.9752927064758,2001.1818887747531,2018.8914630116979,1775
2025-09-16,2015.0216064453125,2036.5742338619336,2014.4638586822414,2034.6528144362846,3130
2025-09-17,1989.5111083984375,2032.164543807253,1979.930169320247,2014.4638350642047,7012
2025-09-18,1990.47607421875,2000.9602184168693,1974.6172306979172,2000.9602184168693,10064
2025-09-19,1976.62744140625,1992.3269605609657,1973.9089614226289,1987.8995673152747,4462
2025-09-22,1978.522216796875,1983.0293808237043,1956.9077613844102,1976.627387659019,6950
2025-09-23,1978.522216796875,1978.522216796875,1978.522216796875,1978.522216796875,0
2025-09-24,1976.1580810546875,1987.1467930943656,1957.7932628043538,1987.1467930943656,5485
2025-09-25,1974.8387451171875,1984.313323368541,1948.9384947888934,1978.8765796159846,5378
2025-09-26,1963.71728515625,1987.0142825720652,1957.7934842989466,1974.8389499582659,9566
2025-09-29,1992.7962646484375,1999.3753103964548,1964.8770972571458,1964.8770972571458,8122
2025-09-30,1998.75537109375,2018.8911451839913,1983.4720022860265,1992.7961175956707,13316
2025-10-01,2002.1873779296875,2022.9694052676869,1991.2756142272353,2001.2365199828057,24585
2025-10-02,2000.4942626953125,2014.819920617107,1992.1814945427577,2010.2922354022373,4480
2025-10-03,1996.2381591796875,2005.7644259680715,1989.4647602039968,2001.2367410336062,7153
2025-10-06,1973.989013671875,2008.4447395434624,1970.4575079256092,1987.6536461165308,8686
2025-10-07,1973.989013671875,1973.989013671875,1973.989013671875,1973.989013671875,0
2025-10-08,1947.7738037109375,1964.9246211993463,1937.8491536981808,1956.8744946530906,177571
2025-10-09,1943.155517578125,1956.865249026588,1942.3766585664187,1947.7736231402964,47949
2025-10-10,1908.3466796875,1946.8591941385794,1865.4061866600432,1901.6276660126653,3856
2025-10-13,1845.2669677734375,1901.627578200395,1834.617844492381,1901.627578200395,8987
2025-10-14,1905.9561767578125,1909.7775163350627,1856.35083380127,1892.526992419919,2908
2025-10-15,1910.103515625,1941.4712182574438,1901.627592509623,1941.4712182574438,2027
2025-10-16,1902.8138427734375,1910.5652918851595,1856.3506902432284,1910.5652918851595,6470
2025-10-17,1908.3919677734375,1911.5885398004702,1883.5168937872943,1910.6739386194872,1890
2025-10-20,1907.7310791015625,1910.6922028842562,1900.722231312796,1908.3921034490504,2640
2025-10-21,1917.2662353515625,1936.0379986342784,1811.979436514121,1936.0379986342784,2387
2025-10-22,1883.5712890625,1933.3214372988687,1878.989218920446,1919.738382704263,156579
2025-10-23,1884.014892578125,1901.618477332479,1874.4614338085032,1900.722004620313,1328
2025-10-24,1879.94921875,1887.0484874209255,1874.4616114085165,1874.4616114085165,1025
2025-10-27,1874.8236083984375,1896.1943687990529,1847.2953736151233,1874.4614820506397,2175
2025-10-28,1892.164794921875,1936.038016324023,1875.3761043469767,1923.360498911237,92606
2025-10-29,1881.470458984375,1924.2208258691617,1874.4616113676136,1924.2208258691617,13637
2025-10-30,1883.3177490234375,1915.2016710930393,1880.8003296599195,1881.705866650608,6316
2025-10-31,1882.7923583984375,1892.5722015503495,1872.6503889024511,1884.422369103482,22786
2025-11-03,1880.5557861328125,1897.0546433030636,1874.4615399717338,1897.0546433030636,15382
2025-11-04,1870.069580078125,1883.516892477397,1867.3169334026354,1874.4796512276446,11437
2025-11-05,1858.835205078125,1875.5197101416938,1854.146406936152,1875.5011226895479,31301
2025-11-06,1855.353515625,1870.8030889823901,1843.0048734049703,1861.574192028698,4619
2025-11-07,1855.994140625,1856.9319003017026,1843.00491104944,1843.00491104944,15960
2025-11-10,1858.816650390625,1869.466127276818,1847.4985919060023,1856.9318373745398,17652
2025-11-11,1850.2840576171875,1879.2150884407035,1844.861848187588,1879.2150884407035,5550
2025-11-12,1855.3070068359375,1865.2880153801568,1847.6471630694434,1857.8602880914355,3560
2025-11-13,1858.9281005859375,1865.241600961976,1847.647216770692,1847.647216770692,7267
2025-11-14,1869.986083984375,1873.6441852261748,1858.788730833896,1864.3130576007757,2604
2025-11-17,1883.773681640625,1887.5710752368518,1858.9742816884743,1858.9742816884743,5321
2025-11-18,1877.63671875,1882.9289292810715,1858.788814803109,1882.9289292810715,2472
2025-11-19,1878.5743408203125,1883.857257237968,1867.1448715157978,1870.8587350096134,4958
2025-11-20,1875.4825439453125,1893.049159700523,1870.8588018643827,1877.3580632108099,2234
2025-11-21,1869.2154541015625,1884.78584594825,1866.216527268957,1879.9671621532743,3326
2025-11-24,1874.2105712890625,1885.6956901498954,1870.8588229289558,1876.4296184314737,1939
2025-11-25,1873.0220947265625,1884.692974692762,1870.8588099564763,1884.692974692762,1266
2025-11-26,1874.62841796875,1875.5011215140864,1862.5025988897314,1875.5011215140864,1580
2025-11-27,1874.5540771484375,1875.5011305068524,1870.858800975895,1875.0368975537567,1293
2025-11-28,1875.6683349609375,1884.776526714038,1870.8588316193147,1870.8588316193147,5374
2025-12-01,1876.5782470703125,1888.4625430743906,1870.85886515729,1888.4625430743906,2720
2025-12-02,1883.39306640625,1888.4996288244085,1878.2865039880917,1884.785765247566,4829
2025-12-03,1815.2530517578125,1887.5712782777453,1801.326062493589,1887.4784543502763,155357
2025-12-04,1843.404296875,1856.4398824212108,1827.2303783828727,1847.647336618455,2953
2025-12-05,1846.7001953125,1869.9304316189473,1838.3625891785084,1855.0749763528584,290047
2025-12-08,1840.3121337890625,1852.2428972626371,1838.3716719023262,1843.0047074146214,31770
2025-12-09,1838.5760498046875,1847.647179973128,1821.7894267803251,1840.3215702670313,39036
2025-12-10,1841.91845703125,1851.3517022660642,1839.2909393481907,1851.3517022660642,1122
2025-12-11,1826.5430908203125,1849.494740184558,1819.7931257351447,1843.0047727470726,53434
2025-12-12,1835.595703125,1838.362513420189,1824.4262309559488,1824.4262309559488,12658
2025-12-15,1832.7359619140625,1849.9404625958362,1827.2209287570045,1849.9218751433543,4884
2025-12-16,1838.80810546875,1856.003311864849,1837.4339940873117,1838.35316625025,2330
2025-12-17,1823.6370849609375,1846.718734375228,1814.2224268321747,1846.718734375228,20363
2025-12-18,1822.931396484375,1829.0778362533867,1796.5815295179207,1824.435506719749,12450
2025-12-19,1826.0882568359375,1831.751876365595,1819.7932306023972,1824.4355602723012,1430
2025-12-22,1837.0718994140625,1838.3624806146647,1821.6500944272586,1821.6500944272586,5630
2025-12-23,1841.25,1843.0976380766108,1826.6173683278778,1832.6988653168846,7783
2025-12-24,1854.2022705078125,1856.9319060073412,1833.7202571822495,1843.004916712286,5679
2025-12-26,1847.9443359375,1884.7859154240239,1838.3719107412976,1857.860402346538,10020
2025-12-29,1845.5767822265625,1856.931902677334,1835.6700097240525,1855.9569680931768,1850
2025-12-30,1857.5167236328125,1858.7608361944815,1839.07740460251,1839.07740460251,2106
2025-12-31,1860.1165771484375,1871.7780504760954,1853.0323774580345,1856.9318890898721,22871
2026-01-01,1860.1165771484375,1860.1165771484375,1860.1165771484375,1860.1165771484375,0
2026-01-02,1900.8389892578125,1925.4526293413546,1894.070436576553,1903.1043916522033,40218
2026-01-05,1951.9417724609375,1960.8270278459274,1901.0339150349826,1901.0339150349826,58268
2026-01-06,2025.8009033203125,2042.6248128562445,1949.778230453688,1949.778230453688,56535
2026-01-07,2042.3743896484375,2060.2659466704786,2026.8876410445748,2042.6250935894786,17110
2026-01-08,2046.5059814453125,2054.6951144625896,2026.896898766829,2027.7696023435587,24577
2026-01-09,2060.275146484375,2089.0482959468327,2042.6157067552047,2046.3388641185866,12624
2026-01-12,1993.3883056640625,2061.1941941251007,1952.5636892995885,2042.6620519632363,41641
2026-01-13,1988.216796875,2010.0264519008072,1985.0693971968487,1985.0693971968487,5518
2026-01-14,1958.153076171875,2004.5113128551245,1940.4936374709355,1988.2166917602533,36417
2026-01-15,1947.6707763671875,1967.372795787537,1931.2090939075465,1958.1346053129882,5726
2026-01-16,1957.4195556640625,1970.204548649672,1951.8208793449323,1961.8018873081671,7295
2026-01-19,2008.801025390625,2037.9826450806777,1959.0723375165626,1970.1953408348852,27062
2026-01-20,2020.52734375,2024.055559326274,1996.2015837392153,2014.7709007972544,6679
2026-01-21,1965.1446533203125,2019.4134428043315,1949.7784965007338,2019.4134428043315,17736
2026-01-22,1971.2816162109375,1991.55009973063,1950.8925409265441,1991.55009973063,71514
2026-01-23,1972.9715576171875,2004.4650501258602,1971.1425068956144,1990.603116952436,11406
2026-01-26,1970.82666015625,1991.0951435029401,1963.705399164709,1963.705399164709,6357
2026-01-27,1949.7225341796875,1988.7738624639796,1940.4936379783928,1968.3476136431543,15275
2026-01-28,1946.937255859375,1967.372799657442,1940.4937568299044,1967.372799657442,8621
2026-01-29,1935.1737060546875,1964.5409746766807,1912.6584072056544,1940.7259141934621,8184
2026-01-30,2013.3505859375,2042.6251453352058,1921.9245685653982,1944.207751969055,22373
2026-02-02,1963.3896484375,2013.3504536808348,1952.656754743741,2013.3504536808348,69409
2026-02-03,1992.63623046875,2000.8439503651086,1957.224641915378,1966.2585966987047,27063
2026-02-04,1991.5035400390625,1998.0492697947657,1975.7753825147622,1992.4877682691163,8194
2026-02-06,1975.134765625,1997.1300674749025,1963.7052964711386,1986.9169430015302,11956
2026-02-09,2004.363037109375,2035.1973549274608,1963.7054770399543,1975.134947244791,11940
2026-02-10,1987.51123046875,2018.57789123553,1968.3477932008,2018.57789123553,4878
2026-02-11,2041.1580810546875,2051.909789501693,1996.2018314156742,1996.2018314156742,59801
2026-02-12,2042.235107421875,2062.1134808402476,2011.0571498022084,2011.0571498022084,38211
2026-02-13,2035.35498046875,2059.3373267426414,2015.6994302787532,2042.606353411111,6623
2026-02-16,2005.2822265625,2042.6251000541574,1993.193581699897,2035.355139093471,12298
2026-02-17,1949.0262451171875,2010.1286393607468,1903.3550626741483,2006.4147758238216,23439
2026-02-18,1997.4088134765625,2000.844092104554,1926.5668172236424,1963.7054546640982,6483
2026-02-19,1963.751953125,2000.8441224968242,1958.1346887915556,2000.8441224968242,4717
2026-02-20,1946.9556884765625,1980.37116493788,1909.8542298374646,1963.705248471676,21645
2026-02-23,1909.93798828125,1978.5608209317027,1903.3550834866217,1949.7783782058075,7162
2026-02-24,1917.616455078125,1966.490800931237,1884.785800703688,1912.6397780539887,17603
2026-02-25,1910.300048828125,1948.7570348165102,1904.3765450448902,1948.7570348165102,2815
2026-02-26,1907.1712646484375,1930.1877448072676,1893.1420446097316,1930.0950342193657,9757
2026-02-27,1913.94873046875,1928.4235948568935,1902.3336134711951,1908.0066396240377,8462
2026-03-02,1736.3240966796875,1949.7784346448618,1722.5549878691347,1866.2165017315106,19367
2026-03-03,1838.51123046875,1909.9567557794162,1723.2328624204304,1723.2328624204304,23520
2026-03-04,1831.4918212890625,1854.9448791132584,1806.7946508870086,1847.6471507015144,13144
2026-03-05,1816.0250244140625,1875.5917970233152,1804.8741036008162,1834.7240412633744,18485
2026-03-06,1787.572509765625,1843.2796487096375,1784.3403303909176,1825.2175995474493,6940
2026-03-09,1682.0140380859375,1759.6238245878792,1617.0287010394286,1759.6238245878792,5345
2026-03-10,1759.5574951171875,1842.329167815035,1739.6606692990267,1768.075140822884,5818
2026-03-11,1762.7230224609375,1796.6606177819676,1739.6606269426306,1796.6606177819676,4596
2026-03-12,1730.220703125,1777.5908786427042,1727.302307248156,1777.5908786427042,14266
2026-03-13,1702.67138671875,1730.1447384678681,1696.8915725249483,1730.1447384678681,5959
2026-03-16,1628.531494140625,1706.3884616439766,1611.3250375969585,1702.671449271357,12702
2026-03-17,1652.3638916015625,1687.3661918371947,1628.436386976723,1662.6306713500187,2693
2026-03-18,1684.9136962890625,1711.141662952717,1655.0447261520462,1655.0447261520462,16963
2026-03-19,1693.535888671875,1711.1416535858446,1665.5112094902222,1667.4124779942065,10725
2026-03-20,1693.535888671875,1693.535888671875,1693.535888671875,1693.535888671875,0
2026-03-23,1693.535888671875,1693.535888671875,1693.535888671875,1693.535888671875,0
2026-03-24,1708.2325439453125,1747.2370925720747,1697.8326616184795,1711.1320246395576,3964
2026-03-25,1747.3038330078125,1758.6733816273172,1706.3884973086672,1708.2326720724989,6764
2026-03-26,1705.456787109375,1754.870734288964,1692.7277812381706,1744.4137580824752,8803
2026-03-27,1711.4268798828125,1721.5986198996504,1687.3948182878248,1696.882129497999,10077
2026-03-30,1707.2249755859375,1744.413781367658,1659.8168520114634,1701.6447573957562,12013
2026-03-31,1720.50537109375,1762.8561732736175,1673.1162770243752,1692.1194463645406,20107
2026-04-01,1745.5166015625,1768.1796893900428,1701.6448081034678,1711.1511505195433,5436
2026-04-02,1726.4088134765625,1736.8086959987804,1692.128888274674,1736.8086959987804,2681
2026-04-03,1708.679443359375,1725.401066380846,1682.679621297961,1692.2048784682795,5762
2026-04-06,1702.3482666015625,1718.271390133924,1696.882119717319,1711.141633328389,2443
2026-04-07,1709.145263671875,1721.6080641981353,1696.8915748205063,1721.6080641981353,2804
2026-04-08,1852.9285888671875,1853.73660469116,1806.204896878566,1853.73660469116,13433
2026-04-09,1829.3243408203125,1858.4898489466113,1816.6619444178896,1853.7366779774384,4481
2026-04-10,1846.32177734375,1854.6778894603235,1816.7285287653663,1816.7285287653663,6011
2026-04-13,1831.32080078125,1841.3784689700735,1758.6828081370868,1806.214518745504,5667
2026-04-14,1878.966552734375,1901.2683938602067,1825.2176581057986,1852.7860498167715,34456
2026-04-15,1896.71484375,1919.3304687251448,1883.2063687689508,1899.3671503283008,14985
2026-04-16,1893.967529296875,1901.268451208973,1863.2430821847936,1896.9905971937528,18148
2026-04-17,1900.2132568359375,1907.9228864628055,1873.985291103351,1893.9960718804296,12580
2026-04-20,1910.2138671875,1910.7747088633942,1867.9961706052584,1872.7493415228291,9475
2026-04-21,1921.8211669921875,1944.0469999265147,1883.3014494339038,1883.3014494339038,16164
2026-04-22,1918.8074951171875,1922.1822928403035,1903.2741652628747,1904.1202435999642,7656
2026-04-23,1903.5499267578125,1920.2810653060924,1899.3671131096894,1920.2810653060924,5286
2026-04-24,1910.147216796875,1914.5296263634746,1782.5436116506414,1893.1879358194974,2065
2026-04-27,1964.970458984375,1974.4672856099583,1914.577329426315,1914.577329426315,21582
2026-04-28,1982.300537109375,1995.3622423083136,1949.275512832416,1958.3065381296158,7066
2026-04-29,1982.300537109375,1982.300537109375,1982.300537109375,1982.300537109375,0
2026-04-30,2036.743408203125,2119.9143899401543,1901.7723751631586,1969.7046619326509,16171
2026-05-04,2025.5162353515625,2061.450254384293,2002.0356171239669,2034.3571797935845,13174
2026-05-05,1987.880859375,2043.8636074145259,1978.2698451300598,2043.8636074145259,23278
2026-05-06,1983.6883544921875,2020.0786598080936,1973.51661488901,1996.3223202447732,63172
2026-05-07,1980.0830078125,2007.3578621687616,1973.2618557186577,2007.3578621687616,7501
2026-05-08,1956.5013427734375,1987.8785945778604,1949.8750332109307,1987.8785945778604,7602
2026-05-11,1951.44384765625,1978.1340549177125,1948.9005467169582,1968.292130947082,4812
2026-05-12,1951.8824462890625,1973.2618284597274,1944.0283198899535,1951.4438722896455,6929
2026-05-13,1952.895751953125,1968.3895349541926,1944.0282783334724,1967.4150846893638,4438
2026-05-14,1952.486572265625,1962.4356714728085,1950.1673758614827,1962.4356714728085,465
2026-05-15,1952.486572265625,1952.486572265625,1952.486572265625,1952.486572265625,0
2026-05-18,1942.615478515625,1952.7789287168619,1934.2838807183468,1952.7789287168619,3704
2026-05-19,1913.0894775390625,1952.4572919278894,1912.8361109547382,1952.359870691945,12989
2026-05-20,1924.295654296875,1931.3604186942175,1912.8458637218714,1931.3604186942175,2586
2026-05-21,1948.1112060546875,1958.6450707207828,1905.0600591230002,1930.3860124865028,11227
2026-05-22,1959.9703369140625,1987.8786077201512,1931.4774197195231,1958.6450987830901,6153
2026-05-25,1974.1583251953125,1997.6230447718674,1939.2047989211915,1970.338437331081,13992
2026-05-26,1974.1583251953125,1974.1583251953125,1974.1583251953125,1974.1583251953125,0
2026-05-27,1974.1583251953125,1974.1583251953125,1974.1583251953125,1974.1583251953125,0
2026-05-28,1974.1583251953125,1974.1583251953125,1974.1583251953125,1974.1583251953125,0
2026-05-29,2008.4005126953125,2098.9658628858074,1958.7522005101298,1968.38952786877,13208
2026-06-01,1989.8177490234375,2045.3711698757209,1980.0830000893116,2009.2189687582043,6904
2026-06-02,1990.9578857421875,2046.345606861499,1983.0063380776908,2002.495343857324,15088
2026-06-03,1990.9578857421875,1990.9578857421875,1990.9578857421875,1990.9578857421875,0
2026-06-04,1983.04541015625,1996.6486985101358,1978.621367654871,1978.621367654871,2959
2026-06-05,1980.862548828125,1992.7020244019907,1973.2617891707398,1992.7020244019907,5501
2026-06-08,1959.14208984375,1983.0063682681184,1822.222068138271,1979.1085670528494,6411
2026-06-09,1969.0133056640625,1992.7509011463303,1964.784224588575,1968.3896431861062,5475
2026-06-10,1970.611328125,1982.665273253092,1958.6450502151388,1982.665273253092,3116
2026-06-11,1956.7935791015625,1970.4456370099472,1945.4899796691318,1970.4456370099472,6673
2026-06-12,1961.052001953125,1972.2776886431996,1949.8848393787998,1963.5173898048022,5418
2026-06-15,1963.419921875,2017.1121093033644,1960.6135002692156,1973.261846057639,9329
2026-06-16,1993.9688720703125,2029.7799196200176,1963.5270550434955,1963.5270550434955,8991
2026-06-17,2028.415771484375,2046.345561240754,1974.333662700135,1997.623047877879,22439
2026-06-18,2006.8121337890625,2027.8310935726415,2004.9315113050025,2027.8213395534326,10471
2026-06-19,2011.275146484375,2046.3358487801004,1973.261831270548,2025.8821467710961,14658
2026-06-22,2005.4771728515625,2044.7863443498434,1979.108491539671,2011.2751043574729,19977
2026-06-23,1988.87255859375,2014.1887582060228,1983.9710450653452,2012.2398576175312,2335
2026-06-24,2017.4434814453125,2089.2214035355423,1983.0160768709968,1989.8274748225642,16131
2026-06-25,2017.4434814453125,2017.4434814453125,2017.4434814453125,2017.4434814453125,0
2026-06-26,2017.4434814453125,2017.4434814453125,2017.4434814453125,2017.4434814453125,0
2026-06-29,2025.911376953125,2046.3455706026523,1996.6973768393245,2018.0865127229013,14798
2026-06-30,2005.837646484375,2031.728857336726,1990.9286283985305,2026.9541460705732,33213
2026-07-01,1992.156494140625,1999.5720467650285,1986.904192667589,1996.6486958194655,10653
2026-07-02,1989.5838623046875,2004.43447507902,1909.922551789978,2004.43447507902,302690
2026-07-03,1997.6328125,2031.728818016204,1987.8785557568615,1994.6997076638704,56691
2026-07-06,2000.57568359375,2017.1120762696999,1992.7508193099209,2002.4855680749326,17249
2026-07-07,1995.3624267578125,2019.7918432456938,1992.7801096930796,2007.3676020196017,7968
2026-07-08,1978.377685546875,1997.6230786213982,1957.6706170489704,1995.430565486326,30235
2026-07-09,1973.98291015625,1997.6133295595569,1957.6706219069492,1981.0574287390882,11205
2026-07-10,1962.143310546875,1998.4804806853153,1953.772815928679,1993.5790861686567,23242
2026-07-13,1919.822998046875,1976.1851689678356,1914.7948012927993,1948.9005611122639,45311
2026-07-14,1888.767333984375,1929.2167759660333,1886.535804704634,1919.8230606808297,19257
2026-07-15,1890.63818359375,1916.733991246426,1888.4846864894112,1888.8744904007524,9794
2026-07-16,1899.7200927734375,1909.922558709625,1890.6771655797704,1905.0015371895122,6308
2026-07-17,1899.8953857421875,1906.0247159658663,1895.305763064218,1899.7298053262707,2968
2026-07-20,1887.607666015625,1906.0345546285364,1875.8168410904898,1906.0345546285364,12494
2026-07-21,1880.8936767578125,1900.1780862721885,1868.1186475904337,1890.4335832656645,10146
2026-07-22,1872.961669921875,1890.4336164579852,1868.0310131687565,1880.6988672996606,8623
2026-07-23,1853.4239501953125,1880.6890501386656,1843.65993930692,1880.6695421007325,5688
2026-07-24,1846.5540771484375,1861.200093870015,1831.9665845422137,1851.4653447799735,6971
2026-07-27,1864.279296875,1875.7972466351841,1851.4554981184688,1851.4554981184688,9717
2026-07-28,1867.4073486328125,1884.567404435509,1852.43005202338,1864.1234558236329,5110
2026-07-29,1888.504150390625,1899.2035954311657,1856.3277831176863,1870.9445373154635,74310
2026-07-30,1882.95947265625,1892.3824497160297,1869.9700932054898,1881.7706718592565,43766
2026-07-31,1876.4404296875,1883.6123693909346,1864.1233640169985,1876.7814634912543,5961
2026-08-03,1890.423828125,1891.3008571853575,1880.689079143374,1880.689079143374,26083
2026-08-04,1881.7122802734375,1892.382463369425,1880.6988139072716,1890.4238087702129,5790
2026-08-05,1879.6561279296875,1890.4336054782357,1875.816850796703,1885.5613539177248,11555
2026-08-06,1879.480712890625,1894.3313254941236,1878.252896033911,1885.5612730612804,7670
2026-08-07,1879.500244140625,1890.433547760251,1878.7401443720435,1884.5868460661472,8381
2026-08-10,1880.5330810546875,1890.4237751133753,1879.7145761319844,1889.4688328783136,5613
2026-08-11,1875.7486572265625,1884.586869056664,1873.867915820044,1880.5331225262266,9643
2026-08-12,1890.5699462890625,1914.7947655371552,1880.8059356279848,1884.5770533852597,25865
2026-08-13,1909.357421875,1924.5393145056412,1880.8936481390465,1891.4080047875693,616975
2026-08-14,1909.357421875,1909.357421875,1909.357421875,1909.357421875,0
2026-08-17,1918.507568359375,1931.3605108276709,1914.6974343479549,1929.4018561920975,440888
2026-08-18,1918.507568359375,1918.507568359375,1918.507568359375,1918.507568359375,0
2026-08-19,1913.0115966796875,1927.452897473057,1909.9225464733283,1919.6670492614576,283109
2026-08-20,1913.869140625,1931.3604757587839,1909.9225693679196,1918.5075335238669,93481
2026-08-21,1907.4473876953125,1923.5648332276514,1900.1780267446404,1923.5648332276514,108986
2026-08-24,1900.3826904296875,1924.5393515446804,1894.3313921027134,1906.999246062248,56183
2026-08-25,1895.2960205078125,1912.504845576758,1891.4079734479071,1900.372868348379,47076
2026-08-26,1895.2960205078125,1895.2960205078125,1895.2960205078125,1895.2960205078125,0
2026-08-27,1895.1790771484375,1912.7484439285302,1890.4335091284256,1895.296006421872,27748
2026-08-28,1899.281494140625,1935.2582410207942,1890.4335284895974,1890.4725445649578,44292
2026-08-31,1879.607421875,1905.0503045065373,1878.7401468483909,1902.1269536556322,35455
2026-09-01,1880.3675537109375,1900.1780854925498,1873.86792738573,1889.3519569309178,15224
2026-09-02,1869.171142578125,1880.6500767936802,1841.7110805829627,1875.8265953536873,10798
2026-09-03,1860.02099609375,1875.8070431176438,1853.4044405993857,1875.8070431176438,129643
2026-09-04,1850.3934326171875,1870.8471346785202,1841.711047230978,1870.8471346785202,93201
2026-09-07,1838.3590087890625,1859.2511660530452,1823.440117650294,1850.4032001817727,6976
2026-09-08,1808.092529296875,1850.4811172917089,1802.7232986347467,1847.5577663955135,36575
2026-09-09,1823.7713623046875,1831.9665224482155,1802.733014111276,1817.3497682797458,19862
2026-09-10,1799.7999267578125,1830.0176396853465,1792.9885287651957,1830.0176396853465,32400
2026-09-11,1786.3621826171875,1812.4774973640883,1773.5092406868764,1799.3224187541878,18109
2026-09-14,1760.5198974609375,1805.6563824316536,1753.0360669155666,1786.1673766849547,14619
2026-09-15,1778.362060546875,1783.2440661128412,1761.806159307113,1776.422913947382,3522
2026-09-16,1769.44580078125,1779.34624914313,1764.242269481729,1777.2804192636288,5497
2026-09-17,1776.4033203125,1788.1162314987453,1773.4994775627883,1775.4483780875826,3767
2026-09-18,1792.550048828125,1805.656357430731,1778.3717497631324,1780.1062997989204,82280
2026-09-21,1794.800048828125,1808.989990234375,1784.0,1808.989990234375,9588
2026-09-22,1788.1800537109375,1799.800048828125,1783.199951171875,1799.75,6078
2026-09-23,1785.1700439453125,1799.800048828125,1783.52001953125,1795.0,9953
2026-09-24,1777.989990234375,1793.989990234375,1773.0,1786.0,14616
2026-09-25,1795.5400390625,1802.0,1765.0,1778.0,34248
