Date,Close,High,Low,Open,Volume
2021-09-29,9.983214378356934,10.10019397754134,9.814877775784746,10.028864927102191,1246000
2021-09-30,9.986068725585938,10.057397787911551,9.943270852832523,9.983216041986765,1800000
2021-10-01,10.105899810791016,10.142991223483978,9.95753633680913,10.057396576680588,1097000
2021-10-04,10.051690101623535,10.182935299018624,9.757814749109537,9.757814749109537,1831500
2021-10-05,9.95182991027832,10.071662198465745,9.914738497479599,10.068809515201993,1371500
2021-10-06,9.866236686706543,10.040278689175526,9.843410863723312,9.98606899218307,1337500
2021-10-07,9.860527992248535,10.000332316896957,9.820582811096946,9.871939812754093,911500
2021-10-08,9.692191123962402,9.957535262296243,9.560944852071941,9.957535262296243,1901000
2021-10-11,9.355517387390137,9.732134641170992,9.33839802552926,9.732134641170992,1701500
2021-10-12,9.090173721313477,9.41543399424419,8.773472585545722,9.41543399424419,15661000
2021-10-13,8.974783897399902,9.211974541325292,8.814519899232046,9.183126972746386,1573000
2021-10-14,9.179920196533203,9.195946960681022,8.917087378094365,8.974782506309435,1134500
2021-10-15,9.247231483459473,9.295310553706937,9.167099495927516,9.231204719137953,792500
2021-10-18,9.147869110107422,9.260053417300458,9.102994775871585,9.135047697080433,1125500
2021-10-19,9.147869110107422,9.147869110107422,9.147869110107422,9.147869110107422,0
2021-10-20,9.045299530029297,9.359417420427826,8.97478359331379,9.231205737150738,1714500
2021-10-21,8.705541610717773,9.070943384596022,8.654257172677273,9.070943384596022,2280500
2021-10-22,8.535659790039062,8.734387405510857,8.493991421872943,8.715155898000232,1196000
2021-10-25,8.535659790039062,8.734387405510857,8.606176336509023,8.734387405510857,686000
2021-10-26,8.753620147705078,8.766441562093,8.657461985230404,8.7311832838849,543500
2021-10-27,8.872215270996094,8.894652133515505,8.811314778901512,8.811314778901512,1386500
2021-10-28,8.891446113586426,8.952346601115805,8.862598546407174,8.926704387107424,1238000
2021-10-29,8.974783897399902,9.022862974578532,8.833751407831771,8.910678053589304,897000
2021-11-01,9.202359199523926,9.260054341184425,9.054916603154812,9.054916603154812,1074500
2021-11-02,9.0997896194458,9.263258970924056,9.086968817500116,9.263258970924056,671000
2021-11-03,9.131843566894531,9.211975574969799,9.054916912505318,9.054916912505318,476500
2021-11-04,9.154278755187988,9.228000653751357,9.077352114884059,9.228000653751357,1340000
2021-11-05,9.13504695892334,9.215178949791088,9.102994040304527,9.215178949791088,1029000
2021-11-08,9.173511505126953,9.211974522246743,9.135047876648528,9.151074031888669,613500
2021-11-09,9.122227668762207,9.19915493588407,9.080559292816687,9.19915493588407,758000
2021-11-10,9.170306205749512,9.253643558477451,9.102995008355984,9.102995008355984,706000
2021-11-11,9.163895606994629,9.195948529399573,9.119021882442896,9.119021882442896,282000
2021-11-12,9.13504695892334,9.167099877542153,9.090173239672144,9.141457664918818,497000
2021-11-15,9.077352523803711,9.17351128703436,9.05812101570103,9.135047659470377,476000
2021-11-16,9.75687313079834,9.75687313079834,9.199154447599781,9.253644235626238,5521500
2021-11-17,9.897904396057129,10.112658181055089,9.846619964836002,9.90110974942828,3784500
2021-11-18,10.029321670532227,10.128685181898776,9.878673115401144,10.019705610196628,1766500
2021-11-19,9.968421936035156,10.106249087869214,9.856237002354503,10.09342767311316,1175000
2021-11-22,9.869057655334473,9.936368243532051,9.711998393489477,9.776104239604114,1075500
2021-11-23,9.711997985839844,9.936367826464759,9.683150417434966,9.933162473157703,1377500
2021-11-24,9.981242179870605,10.417160475399,9.84662038927264,9.952394609645422,3223500
2021-11-25,9.917136192321777,10.096631695732157,9.776103705391453,10.096631695732157,873500
2021-11-26,10.026114463806152,10.096630392490024,9.904313500837551,9.98124013522683,1111500
2021-11-29,10.3562593460083,10.609475517814289,9.978035625105942,10.09663124523827,2369500
2021-11-30,10.590245246887207,10.87230900209442,10.388312267702398,10.676787952252123,7229500
2021-12-01,10.615885734558105,10.785766385473362,10.577422721567748,10.67358086540221,1535500
2021-12-02,10.06457805633545,10.657554918429561,9.971625263675156,10.657554918429561,4036000
2021-12-03,10.070989608764648,10.321001664492268,9.843414414828233,9.936367826658797,1941500
2021-12-06,9.942778587341309,10.160737722541615,9.776103882616528,10.096631878767889,1067000
2021-12-07,10.03893756866455,10.096632710542181,9.878673557386104,9.952394855848105,1327000
2021-12-08,10.083809852600098,10.369079556202044,10.000473116661349,10.054962897149668,1774500
2021-12-09,9.978036880493164,10.144711595729857,9.945984567943448,10.144711595729857,689500
2021-12-10,9.920341491699219,10.032525798622162,9.824182728304184,9.978036016105895,829500
2021-12-13,9.833799362182617,9.904315303702377,9.71840908391514,9.872262380699338,903000
2021-12-14,9.90752124786377,9.936368819150644,9.69917815295977,9.731231077873929,545500
2021-12-15,10.205611228942871,10.279332519761018,9.93957302225939,9.93957302225939,1360000
2021-12-16,10.029321670532227,10.19279041672679,9.987652687103292,10.11265841467278,542500
2021-12-17,10.019704818725586,10.09663146125785,9.936367469809314,10.07098924708043,1360500
2021-12-20,10.192790031433105,10.234459013286926,9.968420800978363,10.019705231445654,1039000
2021-12-21,10.195996284484863,10.391517963635392,10.176764774202237,10.250486073084545,1088500
2021-12-22,10.192790031433105,10.272922030458078,10.128684799028308,10.19599538475714,405000
2021-12-23,10.157533645629883,10.32100301757195,10.096633147527847,10.32100301757195,556500
2021-12-24,10.141505241394043,10.237664003629838,10.128684439911105,10.237664003629838,377500
2021-12-27,10.042141914367676,10.157532186541724,10.013294346324162,10.141505420207205,453000
2021-12-28,10.022910118103027,10.064578486658135,10.000473257238077,10.032525566268802,269000
2021-12-29,10.40754508972168,10.772946832991598,10.016500518220788,10.022911225278532,1914000
2021-12-30,10.394723892211914,10.631913944704245,10.260101486628738,10.321002593587684,1098000
2021-12-31,10.369078636169434,10.571011585915425,10.22484142628084,10.413953576004054,1947500
2022-01-03,10.288947105407715,10.362669612761222,10.253689445262557,10.359463648415169,1264500
2022-01-04,10.40754508972168,10.481266386809702,10.288948843229454,10.288948843229454,869000
2022-01-05,10.276126861572266,10.433184877614334,10.250484037808667,10.407543276567871,1881000
2022-01-06,10.391517639160156,10.561398318227138,10.240870303851306,10.346643912782314,1630000
2022-01-07,10.478059768676758,10.519728750595597,10.304975579777869,10.391517062868676,972500
2022-01-10,10.538960456848145,10.654350726729112,10.417159480560764,10.510112889377902,1588000
2022-01-11,10.571013450622559,10.641530002941723,10.519729018767885,10.542165881284474,687000
2022-01-12,10.606270790100098,10.715250351006523,10.545370914750142,10.577423223309657,1297000
2022-01-13,10.67999267578125,10.689608124343897,10.5774238153888,10.609476125742466,479500
2022-01-14,10.587039947509766,10.69922548642545,10.564603084270097,10.689608814524632,806000
2022-01-17,10.529343605041504,10.647939837447433,10.50049603806671,10.580628032694781,601500
2022-01-18,10.542165756225586,10.753714187956232,10.497292031724735,10.532550307466058,1414000
2022-01-19,10.788972854614258,10.901157169931157,10.516524533006166,10.516524533006166,3160000
2022-01-20,11.452465057373047,11.506955452063629,10.821024519110095,10.872308949145033,4778000
2022-01-21,11.474902153015137,11.763377842040676,11.426823686655737,11.503749721917691,4508500
2022-01-24,11.330666542053223,11.503751989587911,11.266561907604103,11.490930573611077,2114500
2022-01-25,11.128731727600098,11.747350819631702,10.942824914455299,11.539007145964902,7713500
2022-01-26,11.010137557983398,11.21207056321631,10.86590091982017,11.21207056321631,3481000
2022-01-27,11.1030912399292,11.151170935578957,10.869105914716446,10.869105914716446,1777000
2022-01-28,11.260149002075195,11.327459588740895,11.128732570753803,11.183221743944905,1818000
2022-01-31,11.474902153015137,11.506955686638689,11.266559686689835,11.266559686689835,1769500
2022-02-01,11.564651489257812,11.603114509099901,11.510161090323942,11.539008660884848,1978000
2022-02-02,11.468491554260254,11.603113951312,11.455671363407424,11.55503426178267,2976500
2022-02-03,11.250533103942871,11.539008813363917,11.202454634184278,11.458876807715557,3888000
2022-02-04,11.301817893981934,11.430029596137278,11.205659728724132,11.28258699456082,3457000
2022-02-07,11.334357261657715,11.42474288465405,11.276510518107068,11.388588497538,1628417
2022-02-08,11.182509422302246,11.352434145813572,11.171662899257344,11.352434145813572,1293954
2022-02-09,11.211431503295898,11.290970594371066,11.135507229898577,11.171661612964563,1699760
2022-02-10,11.381355285644531,11.46089505986652,11.171660708346696,11.21143059545769,2433980
2022-02-11,11.32712459564209,11.475356940587524,11.31627807421164,11.388586837906354,1155717
2022-02-14,11.31989574432373,11.388589014000647,11.280126537321399,11.316280236489408,841656
2022-02-15,11.359664916992188,11.439204015515646,11.269279295656982,11.319895022936675,634574
2022-02-16,11.294586181640625,11.388587302443037,11.251201473324132,11.359663933702873,438016
2022-02-17,11.168046951293945,11.352433698262665,11.102969194765272,11.280125616243348,1170948
2022-02-18,11.243971824645996,11.276510704629903,11.139124169233945,11.204201929201759,554669
2022-02-21,11.207817077636719,11.330741578171352,11.153585842597925,11.24397146419177,780402
2022-02-22,10.546194076538086,11.215047796579901,10.412423056694703,11.18973993353623,2301996
2022-02-23,10.632963180541992,10.68357890183249,10.48473083425912,10.488346341435225,1963812
2022-02-24,10.25696086883545,11.027046078435525,10.195498617208207,10.557041111583143,2069351
2022-02-25,10.372654914855957,10.499194932613843,10.24249938920926,10.24249938920926,1215065
2022-02-28,10.5028076171875,10.53896199914294,10.394345160908662,10.448576389048082,1042034
2022-03-01,10.719733238220215,10.755887620239356,10.50280763569285,10.661886502824581,1035111
2022-03-02,10.607657432556152,10.665504179719827,10.538964161703932,10.629349790345625,705571
2022-03-03,10.481117248535156,10.748658622326603,10.448578367572503,10.748658622326603,1650846
2022-03-04,10.43773078918457,10.571501108929445,10.303959779852203,10.571501108929445,1037177
2022-03-07,10.17018985748291,10.408808533360812,10.126805145205159,10.256960661213549,1197757
2022-03-08,9.942418098449707,10.231651803660498,9.870109327353235,10.228036985734466,1617986
2022-03-09,9.935187339782715,10.047266006832995,9.906263968515319,10.021957453584903,1340366
2022-03-10,10.032803535461426,10.061726905457633,9.942417918024836,10.029188028013458,930702
2022-03-11,9.964110374450684,10.087034870581473,9.906263633870022,10.087034870581473,1079804
2022-03-14,9.808648109436035,10.036420279611677,9.765263393889564,9.960495993023924,885821
2022-03-15,9.935187339782715,9.978572741477592,9.81587834710626,9.927956324568974,443341
2022-03-16,10.050880432128906,10.087034817197363,9.993033691854391,10.00026470678559,449222
2022-03-17,10.032803535461426,10.119573645450046,9.978572302916978,10.09065027545384,189700
2022-03-18,9.942418098449707,10.018341687472208,9.870109327353235,10.018341687472208,2378653
2022-03-21,9.982189178466797,10.050881760630192,9.960496130805865,9.960496130805865,852297
2022-03-22,9.942418098449707,10.087034951055102,9.90626371290147,10.032803717526521,664347
2022-03-23,9.942418098449707,9.942418098449707,9.942418098449707,9.942418098449707,0
2022-03-24,10.025572776794434,10.05088063998948,9.942418172128553,10.029188284334804,483068
2022-03-25,10.134035110473633,10.195497354488733,9.996648593457527,10.018340947348888,846306
2022-03-28,10.17380428314209,10.195497326561526,10.054495302685172,10.054495302685172,442961
2022-03-29,10.553426742553711,10.683581585652222,10.209961060004167,10.209961060004167,1498139
2022-03-30,10.719733238220215,10.846273230493468,10.372652825846416,10.50280763569285,2168774
2022-03-31,11.30904769897461,11.493434424943418,10.690809771951253,10.690809771951253,3124851
2022-04-01,11.070429801940918,11.251201021707777,11.027044405778382,11.243970007416108,2052172
2022-04-04,10.763118743896484,10.846273340673989,10.60403987514877,10.842657833476599,651525
2022-04-05,10.763118743896484,10.95112098063583,10.665502118329421,10.6727331327242,867550
2022-04-06,10.835426330566406,10.933042951732421,10.763118258641082,10.763118258641082,644120
2022-04-07,10.835426330566406,10.929427444698037,10.810118470913169,10.878811725391564,620211
2022-04-08,10.795659065246582,10.918583568074563,10.665503547055172,10.759504678017015,1162748
2022-04-11,11.269278526306152,11.392203018097014,10.972813818900258,10.972813818900258,3703194
2022-04-12,11.236740112304688,11.312664390754321,11.081276737487027,11.280125512788413,1899198
2022-04-13,11.222277641296387,11.352432450460213,11.027044393169431,11.211431119871285,1986454
2022-04-14,11.301816940307617,11.384971537354225,11.24397020413715,11.298201433098527,847111
2022-04-15,11.3488187789917,11.431974077526235,11.28735652681622,11.352434286718209,587683
2022-04-18,11.330740928649902,11.442818899917013,11.25120183445833,11.352433283504418,878929
2022-04-19,11.359664916992188,11.551282682474348,11.31627951533276,11.406665136667966,977129
2022-04-20,11.186123847961426,11.38858743143578,11.117430587830167,11.38858743143578,1804137
2022-04-21,11.09935474395752,11.207817215367985,10.936660347254245,11.1897403666621,678565
2022-04-22,10.434115409851074,10.74504145038055,10.412422366177214,10.74504145038055,2375476
2022-04-25,10.495577812194824,10.5353470136864,10.311191075720206,10.5353470136864,944198
2022-04-26,10.397961616516113,10.535347452973497,10.365422738746922,10.535347452973497,643910
2022-04-27,10.307576179504395,10.481116404267915,10.27503730116279,10.481116404267915,616395
2022-04-28,10.235267639160156,10.30757641257374,9.978572803758313,10.285884056384694,948266
2022-04-29,10.235267639160156,10.235267639160156,10.235267639160156,10.235267639160156,0
2022-05-02,10.235267639160156,10.235267639160156,10.235267639160156,10.235267639160156,0
2022-05-03,10.235267639160156,10.235267639160156,10.235267639160156,10.235267639160156,0
2022-05-04,10.235267639160156,10.235267639160156,10.235267639160156,10.235267639160156,0
2022-05-05,10.235267639160156,10.235267639160156,10.235267639160156,10.235267639160156,0
2022-05-06,10.166574478149414,10.264190420178728,10.06895784653257,10.231651542973113,636407
2022-05-09,9.9496488571167,10.195497845005162,9.852032225527893,10.15934346038847,1694384
2022-05-10,9.924341201782227,10.105112439049025,9.870109278932151,9.942418049673888,876478
2022-05-11,9.92795467376709,9.949647715801232,9.761645489030036,9.906262321320398,895045
2022-05-12,9.830339431762695,9.90626301543971,9.703799436046838,9.90626301543971,1029870
2022-05-13,9.877340316772461,9.938802565168851,9.7688778499965,9.870109301764051,348775
2022-05-16,9.747185707092285,9.906264604062628,9.689338960846271,9.87734123093962,1586806
2022-05-17,9.76164722442627,9.87010969552931,9.74357037577162,9.87010969552931,1150119
2022-05-18,9.891800880432129,9.906262218717657,9.761645387925144,9.833954148115122,391414
2022-05-19,9.855648040771484,9.938802645275786,9.779723761746325,9.931571630209094,299077
2022-05-20,9.873724937438965,9.924341353567337,9.765262469255054,9.902648308260511,259922
2022-05-23,9.790568351745605,9.870107433016011,9.725490608166448,9.768876000415025,635023
2022-05-24,9.732722282409668,9.805031044536081,9.707414422541662,9.754414635212607,810308
2022-05-25,9.76164722442627,9.779724073080917,9.689338450632526,9.758031716777824,711998
2022-05-26,9.848417282104492,9.877340653536717,9.725492781120648,9.76164716780782,697816
2022-05-27,9.946032524108887,10.300343946849669,9.906262635372942,9.938801509868265,3106435
2022-05-30,9.953264236450195,10.105112098216168,9.92434086704656,9.942417714328512,944225
2022-05-31,9.942418098449707,10.087034951055102,9.913494727928628,10.050880565506866,706975
2022-06-01,9.739954948425293,9.964110907776341,9.725492917712282,9.949649566650908,1201843
2022-06-02,9.707415580749512,9.797801199397854,9.627875795002941,9.797801199397854,584175
2022-06-03,9.486873626708984,9.689337201814173,9.439873412512016,9.689337201814173,885901
2022-06-06,9.635106086730957,9.725491698594452,9.410950155478488,9.508566092204568,1018957
2022-06-07,9.53387451171875,9.707414718610023,9.50856596149139,9.671260336444137,692846
2022-06-08,9.573643684387207,9.617029080781021,9.472412242114105,9.537489302323607,1138684
2022-06-09,9.743569374084473,9.794185096784002,9.508566228208082,9.580874994568125,862967
2022-06-10,9.833954811096191,9.852031657568661,9.635106051961577,9.689337280966475,595518
2022-06-13,9.729107856750488,9.90987909257207,9.6965689791356,9.902648077638196,475970
2022-06-14,9.754415512084961,9.779723374228015,9.617029679199444,9.711030802579018,651128
2022-06-15,9.786954879760742,9.866494667155917,9.761647016348663,9.797801402474875,293273
2022-06-16,9.902647972106934,9.94241786423187,9.580875396441622,9.80503202989009,1130409
2022-06-17,10.036418914794922,10.191882285135378,9.902647899277834,9.902647899277834,2235406
2022-06-20,9.946032524108887,10.191881491590236,9.797800180113509,10.123188235479278,1221114
2022-06-21,10.45942497253418,10.517271719232086,9.942419070532472,9.949650086266615,2466947
2022-06-22,10.52450180053711,10.575117527006903,10.412423135371775,10.48834741466402,1493297
2022-06-23,10.907735824584961,11.135507266347465,10.683579200512138,10.683579200512138,5947835
2022-06-24,10.444961547851562,10.987275242997958,10.195497744587238,10.987275242997958,3300602
2022-06-27,10.607657432556152,10.647427329826536,10.50280977232973,10.50280977232973,515523
2022-06-28,10.549808502197266,10.683578818735247,10.448576370816173,10.607655237390038,906466
2022-06-29,10.097881317138672,10.614887160581546,9.942417944401301,10.55704042043567,3435333
2022-06-30,9.953264236450195,10.1774201769315,9.758030975785008,10.126804452872015,2667537
2022-07-01,10.050880432128906,10.159343587334277,9.909879088908216,10.043650106785245,1019824
2022-07-04,9.996649742126465,10.032804129158063,9.946034014034772,9.946034014034772,562556
2022-07-05,9.953264236450195,10.000264453135784,9.913494344924874,10.000264453135784,473319
2022-07-06,10.007495880126953,10.137651392598634,9.902648230727532,9.956880153982432,913259
2022-07-07,9.891800880432129,10.029186697288155,9.852030993368896,10.007494345066139,1104032
2022-07-08,9.891800880432129,9.891800880432129,9.891800880432129,9.891800880432129,0
2022-07-11,9.891800880432129,9.891800880432129,9.891800880432129,9.891800880432129,0
2022-07-12,9.891800880432129,9.891800880432129,9.891800880432129,9.891800880432129,0
2022-07-13,10.076189994812012,10.108728186090207,9.888187725273506,9.891803233101662,748264
2022-07-14,10.15211296081543,10.209959703303118,10.090650710723814,10.105112741139518,1014895
2022-07-15,10.079802513122559,10.195496668462571,10.061725667694015,10.152111274011636,556490
2022-07-18,9.942418098449707,10.007495854519021,9.768877875323232,9.902648205387893,940243
2022-07-19,9.982189178466797,10.050881760630192,9.906264890828794,9.938803772732562,983060
2022-07-20,9.935187339782715,10.029188468798644,9.873725089641052,9.996649589924377,454647
2022-07-21,9.72187614440918,9.993032978689875,9.671260422678113,9.93518624254366,1014811
2022-07-22,9.797800064086914,9.902647010984426,9.62064435481442,9.725491301711934,615424
2022-07-25,9.714646339416504,9.833955325300787,9.638722063169674,9.833955325300787,393448
2022-07-26,9.76164722442627,9.85203284687466,9.671261601977877,9.718261822232508,641434
2022-07-27,9.758031845092773,9.79780174016105,9.678492744543801,9.76164735278876,399477
2022-07-28,9.692953109741211,9.870108831480996,9.656798726009363,9.797800753604815,1409849
2022-07-29,9.649567604064941,9.761645563749429,9.551950982926458,9.656797928544215,1253502
2022-08-01,9.591721534729004,9.689337473037863,9.562798166047212,9.598951859708825,880414
2022-08-02,9.606184005737305,9.638722885535339,9.504952548221272,9.548337261560262,476860
2022-08-03,9.837570190429688,9.888186604700197,9.606183232350313,9.642337616947097,1158936
2022-08-04,9.768878936767578,9.993034910264877,9.72187802357169,9.920726820899267,1937221
2022-08-05,10.014726638793945,10.097881240927615,9.768877650235678,9.815877867654155,2337176
2022-08-08,10.014726638793945,10.014726638793945,10.014726638793945,10.014726638793945,0
2022-08-09,10.014726638793945,10.014726638793945,10.014726638793945,10.014726638793945,0
2022-08-10,10.285883903503418,10.358191986254702,10.087035124365377,10.1231895105348,3014449
2022-08-11,10.264190673828125,10.354576292835663,10.220805962873532,10.296729551837842,1262236
2022-08-12,10.611270904541016,10.665502133403535,10.249728459340895,10.264189798563406,2216437
2022-08-15,11.001738548278809,11.207817665996995,10.607657162275132,10.611272670079192,4428293
2022-08-16,11.34520149230957,11.40666373484762,11.102968029316962,11.13912241132537,4723019
2022-08-17,11.399434089660645,11.529588907227248,11.345202168621412,11.388587567535295,2091829
2022-08-18,11.341588020324707,11.569359481702191,11.258432724963425,11.442819474453561,2202757
2022-08-19,11.32351016998291,11.406664773462516,11.207816688691713,11.384972418117302,1243414
2022-08-22,11.243971824645996,11.388588685914698,11.117431812440538,11.243971824645996,1796062
2022-08-23,11.222277641296387,11.446433567381991,11.207815612729584,11.298201222509663,1349041
2022-08-24,11.460895538330078,11.529588104914607,11.262046784061118,11.262046784061118,1778926
2022-08-25,11.294586181640625,11.652513128395478,11.117430461908679,11.424741685765119,4083940
2022-08-26,11.222277641296387,11.38858683228974,11.204200105587885,11.28373919394286,1274000
2022-08-29,11.09574031829834,11.222280340341799,10.755890150704156,11.222280340341799,1223518
2022-08-30,11.045121192932129,11.370509938444673,11.027044346886976,11.258431286284809,3819399
2022-08-31,10.958352088928223,11.178893216624534,10.871581978749559,10.976429626207654,1718928
2022-09-01,10.965582847595215,11.113815201884965,10.936659478211546,10.969198354966615,11655951
2022-09-02,11.12466049194336,11.280123843758346,10.91858142170952,10.983658478424855,6134301
2022-09-05,10.990890502929688,11.182508252485434,10.965582641393317,11.092122638662678,952191
2022-09-06,11.066815376281738,11.099354254186581,10.922197834665754,11.027045483378588,1014232
2022-09-07,11.113816261291504,11.276510660575429,10.990891757296446,11.008969295876652,3616795
2022-09-08,11.19335651397705,11.276511820826757,11.11743291289109,11.189741695476663,1233673
2022-09-09,11.3488187789917,11.750131171995577,11.14997068114681,11.171663037918277,12805621
2022-09-12,11.424741744995117,11.460896128504636,11.345201963356672,11.388587361485598,985013
2022-09-13,11.56935977935791,11.641668553813929,11.460897307261462,11.497051004901891,2451497
2022-09-14,11.86220932006836,11.945363925351254,11.587436261661729,11.659745033830585,6192675
2022-09-15,11.634437561035156,12.104442527148896,11.587436650671233,11.967055993333286,6141955
2022-09-16,11.370511054992676,11.75013037591809,10.810119807927135,11.605512835005989,16976774
2022-09-19,11.276509284973145,11.475357357985171,11.243970409085723,11.475357357985171,1971080
2022-09-20,11.055967330932617,11.276508430890818,11.02704396451084,11.276508430890818,2539906
2022-09-21,11.01619815826416,11.128276813809489,10.958351421667375,11.063199062741232,1129000
2022-09-22,10.998122215270996,11.027045585945713,10.878813225039348,11.023430078412929,1791607
2022-09-23,10.87158203125,11.13550787051641,10.828197320744925,11.027045404666184,2279961
2022-09-26,11.09935474395752,11.121047100322098,10.918583498548358,10.940275854912937,1254898
2022-09-27,11.027044296264648,11.280124277259809,10.849888585403024,11.117429905250424,2133429
2022-09-28,10.972814559936523,11.099354567630202,10.954737021930246,11.034276809982735,1922780
2022-09-29,10.904119491577148,11.027043971342719,10.878811632140845,10.983658576889448,1199477
2022-09-30,10.679965019226074,10.954736692790197,10.629348603916858,10.954736692790197,4437390
2022-10-03,11.005353927612305,11.153586297910357,10.71973502071417,10.802889630474034,2754360
2022-10-04,10.896889686584473,11.03066070220217,10.864350809531183,11.005352839957949,2075512
2022-10-05,10.933043479919434,11.063198981095406,10.896889097416386,10.896889097416386,1582631
2022-10-06,11.012584686279297,11.04512356782698,10.922199057444091,10.969199970607466,1313914
2022-10-07,11.34520149230957,11.381355874317977,10.965582205189989,10.969197712349578,8481104
2022-10-10,11.312664031982422,11.460896387087136,11.28012515504846,11.388587618436656,1054487
2022-10-11,11.370511054992676,11.475358013607655,11.312664314462852,11.352433517584894,1642294
2022-10-12,11.298203468322754,11.453666858380894,11.254818063585844,11.453666858380894,882105
2022-10-13,11.316279411315918,11.388588183554463,11.280125714784205,11.388588183554463,1113732
2022-10-14,11.439203262329102,11.457280799158411,11.316278770239881,11.370510691140288,1794723
2022-10-17,11.442818641662598,11.554896610400206,11.388587410956498,11.435587627011781,2195375
2022-10-18,11.301816940307617,11.551281421034929,11.287354911471256,11.44281827352469,3251595
2022-10-19,11.459362983703613,11.567157378218646,11.301817816811965,11.463509013197378,2563470
2022-10-20,11.442779541015625,11.563011232024227,11.401320037270697,11.504968401245886,1201415
2022-10-21,11.446927070617676,11.496677849012151,11.305965213876053,11.484240549800715,967967
2022-10-24,11.513260841369629,11.59203303124156,11.44277991990181,11.56715764448065,1637641
2022-10-25,11.600324630737305,11.720557111736815,11.525697682637507,11.54228180033713,2555786
2022-10-26,11.032332420349121,11.355714818819346,10.98672688588823,11.355714818819346,2918160
2022-10-27,11.019892692565918,11.123541043997415,10.986725251738804,11.090373603170303,842348
2022-10-28,10.783576011657715,11.019894157819566,10.75870062542338,11.019894157819566,1459404
2022-10-31,10.82503604888916,10.970143134712627,10.77943051290218,10.80015987065573,586027
2022-11-01,11.131834030151367,11.173293532335997,10.8416183056332,10.887223837113714,1309194
2022-11-02,11.330840110778809,11.417905155347947,11.111105275222728,11.111105275222728,1610363
2022-11-03,11.148417472839355,11.359860224489514,11.111103999561431,11.355714195150384,1562031
2022-11-04,11.094520568847656,11.235482401958048,11.011601564391814,11.028185681592674,1304242
2022-11-07,11.252065658569336,11.314255306912466,11.069645115137114,11.189876801000432,1518524
2022-11-08,11.32254695892334,11.442779439641031,10.862348764677018,11.243774772357527,2616456
2022-11-09,11.32254695892334,11.32254695892334,11.32254695892334,11.32254695892334,0
2022-11-10,11.612763404846191,11.650076881099775,11.330839713496589,11.330839713496589,3127155
2022-11-11,11.612763404846191,11.712265744597644,11.504969005755209,11.670806238674297,1359756
2022-11-14,11.546427726745605,11.608616586015842,11.442779364370464,11.608616586015842,695263
2022-11-15,11.59617805480957,11.753724002434177,11.550573314833368,11.650075644019017,1091053
2022-11-16,11.670804977416992,11.70811844963813,11.54642726386268,11.608616120639837,1384991
2022-11-17,11.674951553344727,11.886394308907716,11.625200781902997,11.66665949451302,3030343
2022-11-18,11.625201225280762,11.70811944443751,11.546428244923709,11.670805969045974,756086
2022-11-21,11.612763404846191,11.654222910769539,11.587888017601903,11.616909434515957,341154
2022-11-22,11.575450897216797,11.712266724670469,11.554721537907659,11.650077855968684,720195
2022-11-23,11.567157745361328,11.666660084047047,11.525698239882038,11.608617250840618,523717
2022-11-24,11.575450897216797,11.629347705885177,11.567158837183394,11.567158837183394,527730
2022-11-25,11.538137435913086,11.691537383673834,11.525699345843499,11.68739135365064,1121993
2022-11-28,11.364006996154785,11.426195858755582,11.198169765627895,11.364006996154785,1289598
2022-11-29,11.446927070617676,11.480094519805448,11.31840251308749,11.339132663063825,343272
2022-11-30,11.645930290222168,11.753724684118627,11.484239094764611,11.484239094764611,1523992
2022-12-01,11.604470252990723,11.737140026835648,11.58788692664722,11.728848759051012,559685
2022-12-02,11.500822067260742,11.625200575202076,11.442779238019332,11.608616457833534,635442
2022-12-05,11.247920989990234,11.608617672763222,11.235483691436412,11.442780435592898,1082268
2022-12-06,11.239628791809082,11.301817651758775,11.194023258817987,11.272796236500534,592959
2022-12-07,11.38059139251709,11.422050108080546,11.235483515722061,11.239629545433269,428266
2022-12-08,11.310110092163086,11.455217173349359,11.297672003443855,11.39717434087485,325694
2022-12-09,11.285234451293945,11.359861405608987,11.256213033676834,11.359861405608987,371641
2022-12-12,11.26865005493164,11.339130972796214,11.152563604691684,11.27694211368612,818081
2022-12-13,11.239628791809082,11.276942265933748,11.194023258817987,11.276942265933748,331997
2022-12-14,11.247920989990234,11.276943198422574,11.206462273778396,11.243775750988508,316441
2022-12-15,11.090374946594238,11.276942318080295,11.073790828784695,11.276942318080295,648506
2022-12-16,11.579595565795898,11.7122653476346,11.13183465670314,11.13183465670314,2551713
2022-12-19,11.446927070617676,11.650077795739573,11.26035967470248,11.650077795739573,1185920
2022-12-20,11.123541831970215,11.459362292980455,10.974287942288234,11.459362292980455,1199717
2022-12-21,11.028186798095703,11.235483539447975,11.00745664949589,11.06964630452102,449877
2022-12-22,11.098669052124023,11.152565863395237,10.995020669024116,11.032334150202034,498292
2022-12-23,11.156710624694824,11.442780350931038,10.986727359006109,10.986727359006109,843804
2022-12-26,11.252065658569336,11.310109277637975,11.111103826333565,11.131833972706017,485639
2022-12-27,11.272796630859375,11.480093365126432,11.152564145412825,11.35156882052337,777680
2022-12-28,10.924538612365723,11.272797206995302,10.862349747062082,11.272797206995302,1736769
2022-12-29,11.011602401733398,11.111104740182201,10.854057230216366,10.98672701481477,636788
2022-12-30,11.04891586303711,11.194023736292051,10.965997643158781,11.01160238732086,748888
2023-01-02,11.210606575012207,11.384735054111763,11.111103457277887,11.127687573825007,1020052
2023-01-03,11.202317237854004,11.397175909969894,11.189879147422372,11.247921987887873,399581
2023-01-04,11.202317237854004,11.32669497907276,11.19402517756625,11.206463267997883,613140
2023-01-05,11.235482215881348,11.318400428189705,11.19402271434006,11.247919512801781,247220
2023-01-06,11.289380073547363,11.322547519737421,11.223045181167246,11.223045181167246,554112
2023-01-09,11.243775367736816,11.314256289978605,11.177439684355459,11.314256289978605,456980
2023-01-10,11.289380073547363,11.380591143650744,11.276942775460025,11.380591143650744,426707
2023-01-11,11.305964469909668,11.35986127475284,11.25621290401463,11.272797022904413,322617
2023-01-12,11.368152618408203,11.442779567164758,11.25621219527337,11.25621219527337,981491
2023-01-13,11.260358810424805,11.301818316420928,11.177439798432559,11.177439798432559,352959
2023-01-16,11.189878463745117,11.297672868576752,11.152564985504384,11.260359390336019,288320
2023-01-17,11.00745677947998,11.285234447803198,10.986727421409691,11.276943179039675,627805
2023-01-18,11.08622932434082,11.185731662530033,11.019894432214679,11.152564216466962,370440
2023-01-19,11.102812767028809,11.272796016603445,11.08208262026712,11.127688152368593,542989
2023-01-20,11.123541831970215,11.206460835298921,11.032331560928016,11.194022747567349,1087930
2023-01-23,11.165002822875977,11.223045658483567,11.007456853692045,11.223045658483567,747337
2023-01-24,11.169148445129395,11.231337308264694,11.119396880156575,11.194023832228654,768491
2023-01-25,11.148417472839355,11.231336478073462,11.115250028900562,11.19402300479554,1003075
2023-01-26,11.405465126037598,11.442778597253115,11.152562885748914,11.156708914858882,1928944
2023-01-27,11.529844284057617,11.712265633932125,11.405466558237084,11.484239539669712,2593404
2023-01-30,11.409611701965332,11.600324305518793,11.401319643347989,11.525697359511183,573228
2023-01-31,11.538137435913086,11.58788900541706,11.405467638268314,11.504969986501893,550464
2023-02-01,11.542283058166504,11.691536970631162,11.513261639803785,11.52569893865961,456229
2023-02-02,11.49667739868164,11.60447180201313,11.484240099957379,11.571304354124544,336471
2023-02-03,11.546427726745605,11.612762615403756,11.463508720535794,11.488384106089038,1112757
2023-02-06,11.608616828918457,11.670805689489953,11.525697820973619,11.546427968346961,1055245
2023-02-07,11.616909980773926,11.79518531108529,11.567158413171597,11.654223458782088,1504276
2023-02-08,11.621054649353027,11.708118893990507,11.587887205094809,11.621054649353027,684436
2023-02-09,11.621054649353027,11.670805420353231,11.587887205094809,11.666659390974173,492221
2023-02-10,11.504968643188477,11.608617009343327,11.455217079493465,11.46350913857168,643665
2023-02-13,11.803475379943848,11.878102328372615,11.504968377003044,11.504968377003044,2369406
2023-02-14,11.911270141601562,11.998335181053106,11.741286883044193,11.869810636661509,1600217
2023-02-15,11.853225708007812,11.940289944924372,11.815912237679521,11.882247120313332,567611
2023-02-16,11.762017250061035,11.93614654143436,11.737141072168917,11.799329935350613,502293
2023-02-17,11.749578475952148,11.81591336491429,11.691535645803839,11.695680884436502,379951
2023-02-20,11.608616828918457,11.911269863600864,11.592032711019783,11.762016756384128,881063
2023-02-21,11.583740234375,11.7164100006266,11.546426763769965,11.546426763769965,565282
2023-02-22,11.73299503326416,11.919562413436362,11.451072134344598,11.492530849250155,1927937
2023-02-23,11.985897064208984,12.388052442402842,11.81591380605055,11.894686786174354,9688154
2023-02-24,11.894688606262207,11.981752868057434,11.861521155467683,11.981752868057434,1482951
2023-02-27,11.96931266784668,11.998334081412636,11.873955577991692,11.894685723948955,1146856
2023-02-28,11.873955726623535,12.019063587043917,11.824204957251773,11.977604085384632,984795
2023-03-01,11.998336791992188,12.068817722621015,11.815915420227979,11.861520960862629,1400308
2023-03-02,11.956875801086426,12.056378139517987,11.923708354942573,11.994189276845049,1315088
2023-03-03,12.101984977722168,12.106131007783407,11.820061259752991,11.820061259752991,2089182
2023-03-06,12.014918327331543,12.122712722240001,11.981750882034653,12.064669890664014,4385968
2023-03-07,12.15638256072998,12.307276222715613,12.014919078070573,12.260121728495811,1977904
2023-03-08,12.014918327331543,12.231828627430364,12.0007726095275,12.231828627430364,1570720
2023-03-09,11.94418716430664,12.095080818432727,11.920610368123361,11.981910577838162,1449799
2023-03-10,12.005487442016602,12.024349598587753,11.930040614526254,11.95833384938298,841888
2023-03-13,12.000772476196289,12.118658253371509,11.958333524461441,11.977194781122982,621142
2023-03-14,12.005487442016602,12.043211755158906,11.948902771097405,12.000772802270943,466978
2023-03-15,11.972478866577148,12.019633355847601,11.948902071640461,11.977194405443901,599147
2023-03-16,11.977195739746094,12.024350234269724,11.953618942182866,12.014919155485563,402617
2023-03-17,11.892317771911621,12.019634636689922,11.878172053201036,12.019634636689922,847535
2023-03-20,11.925325393676758,11.977194522925661,11.887601082372706,11.934755572105686,438818
2023-03-21,11.901748657226562,11.944187611462958,11.878171860160634,11.882887399453251,473782
2023-03-22,11.746138572692871,11.930040094255991,11.717846238467104,11.887601143218797,1374849
2023-03-23,11.746138572692871,11.746138572692871,11.746138572692871,11.746138572692871,0
2023-03-24,11.496220588684082,11.71784642527759,11.458497175982629,11.70841534725295,633814
2023-03-27,11.4019136428833,11.496221734336629,11.31703573099727,11.45849831787586,570855
2023-03-28,11.39248275756836,11.434921714232752,11.364190419591166,11.364190419591166,500606
2023-03-29,11.373620986938477,11.434921199696943,11.364189908238044,11.411344402343033,410050
2023-03-30,11.340612411499023,11.41134460360258,11.293458815959564,11.373621187532702,813652
2023-03-31,11.359474182128906,11.434921011697613,11.312319688799176,11.359474182128906,646678
2023-04-03,11.364189147949219,11.392481482760527,11.312319117964233,11.392481482760527,282787
2023-04-04,11.359474182128906,11.401913136185948,11.317035228071864,11.373620799946972,689259
2023-04-05,11.32646656036377,11.36418997599324,11.269880987220978,11.36418997599324,1396169
2023-04-06,11.416057586669922,11.453781896661535,11.34532630422975,11.383049714824311,499799
2023-04-07,11.449068069458008,11.5433761603442,11.416059293280792,11.491507025145811,316286
2023-04-10,11.463213920593262,11.533945214422735,11.387767087255531,11.449068201465685,288966
2023-04-11,11.430204391479492,11.510366752739996,11.411343135569586,11.482074419176602,275853
2023-04-12,11.425488471984863,11.543374240534597,11.411342755373001,11.482074036623432,290624
2023-04-13,11.47264289855957,11.552805256724973,11.444350566088556,11.463211821270221,201272
2023-04-14,11.47264289855957,11.47264289855957,11.47264289855957,11.47264289855957,0
2023-04-17,11.599960327148438,11.647114816569598,11.482074553294078,11.524513503833415,381786
2023-04-18,11.873455047607422,11.906462919718955,11.599960093744215,11.599960093744215,897208
2023-04-19,11.920609474182129,11.944186268597356,11.835731575252023,11.849877292142336,453944
2023-04-20,11.94418716430664,12.165812106379688,11.816870306363835,11.972479499606,924200
2023-04-21,11.94418716430664,11.94418716430664,11.94418716430664,11.94418716430664,0
2023-04-24,11.94418716430664,11.94418716430664,11.94418716430664,11.94418716430664,0
2023-04-25,11.94418716430664,11.94418716430664,11.94418716430664,11.94418716430664,0
2023-04-26,11.416057586669922,12.005486439333103,11.222724994948162,12.000771799981205,3701679
2023-04-27,11.354759216308594,11.5386607602453,11.293459001462091,11.3311824181516,1579876
2023-04-28,11.39248275756836,11.434921714232752,11.317035923364372,11.317035923364372,918500
2023-05-01,11.39248275756836,11.39248275756836,11.39248275756836,11.39248275756836,0
2023-05-02,11.335897445678711,11.401913197054464,11.317035288487263,11.335897445678711,917923
2023-05-03,11.298171997070312,11.364188641215799,11.269879663520571,11.364188641215799,948549
2023-05-04,11.269881248474121,11.34061254199439,11.260450169498833,11.312320204465722,741234
2023-05-05,11.20858097076416,11.26988118496369,11.17557309393386,11.26988118496369,1300149
2023-05-08,11.133133888244629,11.302888808046232,11.104840652113388,11.199149640423187,1034690
2023-05-09,10.93508529663086,11.128417905505646,10.89264634352204,11.128417905505646,1100081
2023-05-10,10.850207328796387,10.953946491697085,10.760613883920207,10.845491789655838,501662
2023-05-11,10.840775489807129,10.920937850777134,10.803052078726953,10.869067823267994,667603
2023-05-12,10.859639167785645,10.916223842641687,10.78419233504613,10.850208088843909,272936
2023-05-15,10.774760246276855,10.920938358584975,10.751182551132253,10.897361562837478,689199
2023-05-16,10.807769775390625,10.840777654251422,10.755899737525233,10.779477436280978,463940
2023-05-17,10.807769775390625,10.86906999336107,10.774761896529828,10.807769775390625,428814
2023-05-18,10.755898475646973,10.864354078404931,10.732321679054495,10.80776850742699,552638
2023-05-19,10.70403003692627,10.817200286818878,10.656875541288384,10.817200286818878,576600
2023-05-22,10.680451393127441,10.774760376047496,10.656874597095985,10.704029088556014,552994
2023-05-23,10.70874309539795,10.76532866168541,10.61915055625531,10.70402845598797,471902
2023-05-24,10.647442817687988,10.74175179439689,10.633296201362535,10.70402838359274,228524
2023-05-25,10.463542938232422,10.70403005697868,10.326794990566095,10.70403005697868,635267
2023-05-26,10.421103477478027,10.515411564967323,10.279639997148351,10.515411564967323,960932
2023-05-29,10.336224555969238,10.491833739500555,10.260777733614484,10.373947967146616,919250
2023-05-30,10.373950004577637,10.425820042407643,10.303218707153148,10.326795506495563,345962
2023-05-31,10.40695571899414,10.468256823570705,10.373947847020785,10.439963590967496,639747
2023-06-01,10.3975248336792,10.468257017097796,10.373948038804382,10.373948038804382,287470
2023-06-02,10.326793670654297,10.444679445203768,10.312647953322495,10.444679445203768,360634
2023-06-05,10.430533409118652,10.444679126018167,10.260777611148022,10.373947843329423,355071
2023-06-06,10.713459014892578,10.765329044216124,10.421102793643913,10.444679589119835,638735
2023-06-07,10.784192085266113,10.826630140726612,10.64272860260816,10.713459894238552,478707
2023-06-08,10.661590576171875,10.840776571838216,10.64744395833092,10.656875036891556,359347
2023-06-09,10.647442817687988,10.727605178071437,10.609719406883839,10.661589434013441,244340
2023-06-12,10.463542938232422,10.647444482227773,10.42110398201854,10.633297863690746,609270
2023-06-13,10.33150863647461,10.529556762707866,10.29850076533524,10.510695507512668,514467
2023-06-14,10.35980224609375,10.425818895907874,10.27963987798864,10.331509910114637,185455
2023-06-15,10.303216934204102,10.378663758393843,10.256062444236242,10.326793729489488,524125
2023-06-16,10.161752700805664,10.421101926444361,10.048582473024004,10.421101926444361,806523
2023-06-19,10.043869018554688,10.303218298008622,10.020292220148516,10.303218298008622,702761
2023-06-20,9.874112129211426,10.180614944570662,9.855249974716935,10.180614944570662,379406
2023-06-21,9.558178901672363,9.859966199406632,9.525171028407314,9.831673865093316,542313
2023-06-22,9.694927215576172,9.779805129136017,9.56289570505838,9.572325884811644,421110
2023-06-23,9.53931713104248,9.760942973737313,9.501593717302507,9.694926325144513,346031
2023-06-26,9.784520149230957,9.869398058284458,9.64305756707323,9.690211161527698,1158956
2023-06-27,9.808095932006836,9.86939703749273,9.671348903317734,9.808095932006836,395668
2023-06-28,9.808095932006836,9.808095932006836,9.808095932006836,9.808095932006836,0
2023-06-29,9.808095932006836,9.808095932006836,9.808095932006836,9.808095932006836,0
2023-06-30,9.808095932006836,9.808095932006836,9.808095932006836,9.808095932006836,0
2023-07-03,10.444680213928223,10.529558121754357,10.185331850590279,10.373948923872161,1903781
2023-07-04,9.878829002380371,10.487119176650022,9.66191869337615,10.468257919004566,1770113
2023-07-05,10.61915111541748,10.61915111541748,9.836389620172392,9.836389620172392,2283738
2023-07-06,11.1095552444458,11.312318922449467,10.75118237857373,11.175571890394005,5655849
2023-07-07,10.911507606506348,11.128417911331326,10.845491856923461,11.081263419030492,955415
2023-07-10,10.963376998901367,11.081262773083102,10.892645714271742,11.076547234188183,1252879
2023-07-11,11.015249252319336,11.095411630930803,10.939802413555281,10.986956013234868,976909
2023-07-12,11.189717292785645,11.364188631554368,10.845491053465723,11.010531314593528,2856063
2023-07-13,11.019964218139648,11.331182636679408,10.986955440927188,11.269881521253483,1285450
2023-07-14,11.255735397338867,11.317035611164581,10.991670585512388,11.03410954100603,1858641
2023-07-17,11.32646656036377,11.50093702037613,11.29345868411263,11.331182099742101,2299141
2023-07-18,11.298171997070312,11.434919924788687,11.269879663520571,11.340610947093458,887022
2023-07-19,11.147279739379883,11.317035560595919,10.449396095665124,11.312320021184677,833575
2023-07-20,11.071831703186035,11.175571760154048,11.03410829139687,11.175571760154048,1064704
2023-07-21,11.118986129760742,11.317034265380789,11.052970384353086,11.081262718185357,688462
2023-07-24,11.062400817871094,11.175571954604802,10.98695399298002,11.175571954604802,395065
2023-07-25,11.090692520141602,11.19914720352042,11.043538036247384,11.081261443483363,370790
2023-07-26,11.128417015075684,11.16614042599877,11.081262526572559,11.128417015075684,714215
2023-07-27,11.128417015075684,11.128417015075684,11.128417015075684,11.128417015075684,0
2023-07-28,11.128417015075684,11.128417015075684,11.128417015075684,11.128417015075684,0
2023-07-31,11.24158763885498,11.307603385417309,11.218010843481888,11.232156560946907,894291
2023-08-01,11.26045036315918,11.397198312461098,11.222726946006444,11.269881442296665,1027228
2023-08-02,11.321749687194824,11.444350998396503,11.269879659541058,11.317034148372022,1544042
2023-08-03,11.453783988952637,11.708416832131075,11.340612837098643,11.340612837098643,3351012
2023-08-04,12.010202407836914,12.236543778900392,11.48207464061533,11.48207464061533,8430844
2023-08-07,12.057356834411621,12.236543714756026,11.783861874399127,12.095080246158272,4690693
2023-08-08,11.727276802062988,12.118657522711652,11.552805466628188,12.118657522711652,2723584
2023-08-09,12.321420669555664,12.411014109385512,11.599960310233158,11.599960310233158,6020698
2023-08-10,11.939471244812012,12.566623536916369,11.906463371448167,12.495892251222829,3224732
2023-08-11,11.901748657226562,12.208251516069407,11.552806844147323,12.038496598520982,2692856
2023-08-14,11.901748657226562,11.901748657226562,11.901748657226562,11.901748657226562,0
2023-08-15,11.80272388458252,12.038495429944076,11.750853856795914,11.953617529710385,673604
2023-08-16,11.60467529296875,11.83573129038565,11.576382061074982,11.788576803293072,565496
2023-08-17,11.595245361328125,11.689554344831393,11.458497425188098,11.656545571027264,818852
2023-08-18,11.755569458007812,11.930039898838775,11.581098117779774,11.599960273219379,1320860
2023-08-21,11.49150562286377,11.812154172025446,11.458496850714539,11.670691603259915,1193306
2023-08-22,11.32646656036377,11.642400503534521,11.302888863472118,11.54809151476226,1779401
2023-08-23,11.298171997070312,11.524513363659446,11.269879663520571,11.368904180040268,1250073
2023-08-24,11.317034721374512,11.45849729563285,11.284026847340709,11.345327056346758,1674235
2023-08-25,11.279311180114746,11.406628035138842,11.246303306456003,11.364189083464144,754563
2023-08-28,11.812155723571777,11.901749175236638,11.368905803539722,11.383051522636093,5874600
2023-08-29,11.991341590881348,12.212966531749567,11.812154703032899,11.906463686047568,6530081
2023-08-30,11.170856475830078,12.161097182108724,11.090694111526638,12.024349249133461,6332339
2023-08-31,11.104839324951172,11.317034073589806,10.869067781751385,11.180286146823338,1756014
2023-09-01,11.279311180114746,11.340611388424254,11.085978577773163,11.085978577773163,1097348
2023-09-04,11.321749687194824,11.477358870759057,11.137848170090841,11.317034148372022,3500885
2023-09-05,11.232155799865723,11.434919464164746,11.218010083359207,11.401911593120166,708874
2023-09-06,12.076218605041504,12.076218605041504,10.444679075362409,11.31231841727557,14231585
2023-09-07,12.245975494384766,12.722234192083297,12.16581312151675,12.722234192083297,10981843
2023-09-08,12.208251953125,12.321422202007831,12.123374041613578,12.255406448342145,1817960
2023-09-11,12.189391136169434,12.260122431858404,12.156383258141064,12.208252395301123,1120073
2023-09-12,12.005487442016602,12.212966667313626,11.977195106557003,12.165812175282875,2755330
2023-09-13,12.066787719726562,12.099795592053756,11.977194280983419,12.005486614492861,1546969
2023-09-14,12.071503639221191,12.118658129488665,11.906463372983584,11.906463372983584,669671
2023-09-15,12.269551277160645,12.297843610405499,12.071503145652546,12.071503145652546,3896336
2023-09-18,12.311990737915039,12.33556753336514,12.250689630709424,12.269551786587181,1044878
2023-09-19,12.363860130310059,12.373291208449189,12.260120968970957,12.326136717150648,897127
2023-09-20,12.477030754089355,12.495892910948585,12.373291589555018,12.378007128769825,905075
2023-09-21,12.561907768249512,12.613777796528282,12.382721787809245,12.382721787809245,649774
2023-09-22,12.627923965454102,12.670362914468987,12.495891579697007,12.590200555151652,1291836
2023-09-25,12.717517852783203,12.7316644704222,12.52890078124897,12.52890078124897,1494029
2023-09-26,12.580770492553711,12.783534176559183,12.547762618301121,12.684509654404296,2012645
2023-09-27,12.627923965454102,12.679793092496814,12.590200555151652,12.61377734931679,636555
2023-09-28,12.627923965454102,12.627923965454102,12.627923965454102,12.627923965454102,0
2023-09-29,12.627923965454102,12.627923965454102,12.627923965454102,12.627923965454102,0
2023-10-02,12.736380577087402,12.759957374805685,12.594917092586156,12.68451054283056,1590237
2023-10-03,12.835403442382812,12.858981138094133,12.731664279444379,12.778818771469895,1293045
2023-10-04,12.759957313537598,12.863697381553163,12.684510481924736,12.73166497653207,1687247
2023-10-05,12.689224243164062,12.87312575702535,12.665647448862838,12.849548962724127,1946471
2023-10-06,12.722232818603516,12.750526052606327,12.656217071391158,12.731663896604452,1201440
2023-10-09,12.712801933288574,12.745810706792163,12.675078520110159,12.745810706792163,796687
2023-10-10,12.821256637573242,12.840117893146418,12.693939789715362,12.74109427774388,1924395
2023-10-11,12.920281410217285,12.96272036330441,12.73166434060625,12.84483458237287,2166100
2023-10-12,12.896705627441406,13.085322711877314,12.811827714595946,12.967436921680221,2736298
2023-10-13,12.731664657592773,12.873127238473831,12.684510164166703,12.741095736157419,6966481
2023-10-16,13.258291244506836,13.310375410504554,12.905276586923522,12.992084266123381,4144109
2023-10-17,13.246718406677246,13.316164338013037,13.194634234126813,13.310377085084584,1642812
2023-10-18,13.125189781188965,13.240931531644367,13.021021433115136,13.240931531644367,1923778
2023-10-19,13.240931510925293,13.28144228251724,13.107828001397309,13.194634590054443,1598188
2023-10-20,13.287226676940918,13.397182263414381,13.165697689632495,13.310375686221864,3140408
2023-10-23,13.293014526367188,13.39718286519953,13.24671760953121,13.287227273786995,2240368
2023-10-24,13.125189781188965,13.31616471805576,13.021021433115136,13.31616471805576,1480484
2023-10-25,12.9689359664917,13.136762978062714,12.95157420894125,13.130975725545898,1784097
2023-10-26,12.940001487731934,13.119401909958823,12.72587754857937,12.957362142389162,3943256
2023-10-27,12.702728271484375,13.165697409186313,12.685366514893493,12.963147997514655,4353472
2023-10-30,13.032593727111816,13.055741631751438,12.673791822851124,12.673791822851124,2528034
2023-10-31,13.31037712097168,13.374035799550652,12.934214510053174,13.02102109660273,3791021
2023-11-01,13.362460136413574,13.426118809479421,13.281440809824709,13.339311126642162,1996067
2023-11-02,13.443479537963867,13.5129254638598,13.258291873982108,13.37403471587348,2017804
2023-11-03,13.553436279296875,13.628668360256416,13.402971013572154,13.48399034749868,2387245
2023-11-06,13.651815414428711,13.831215815456375,13.426118100109862,13.553434335709255,2040812
2023-11-07,13.871726989746094,14.062701915879572,13.686539316380973,13.703901074686053,4537747
2023-11-08,14.456225395202637,14.641413057314212,13.77913231572873,13.860152745756695,7852576
2023-11-09,14.456225395202637,14.456225395202637,14.456225395202637,14.456225395202637,0
2023-11-10,15.318506240844727,15.393739418967062,14.496735156788276,14.612477998297004,9883289
2023-11-13,15.665733337402344,15.827773091400447,15.335867680875415,15.480545677864805,6168255
2023-11-14,15.949302673339844,16.059258264214435,15.625224257073505,15.625224257073505,4530073
2023-11-15,16.522228240966797,16.776861846715214,15.914581042677712,15.914581042677712,9141175
2023-11-16,16.504865646362305,16.724775709248576,16.099766825912543,16.649543638836438,5241854
2023-11-17,16.27338218688965,16.637970267067466,16.209723512650047,16.626395761968343,3091717
2023-11-20,16.05925941467285,16.31968027913575,16.030324253646146,16.30810577320281,2333136
2023-11-21,16.07662010192871,16.26180776928882,15.920367593666532,16.047683839025215,1868804
2023-11-22,16.111343383789062,16.313892819831064,16.007175039321428,16.192362716683615,1444082
2023-11-23,16.389123916625977,16.49329225484441,16.001386826482676,16.175001091448582,3917387
2023-11-24,16.649545669555664,17.06621794133206,16.493293153712408,16.499080406573892,5463976
2023-11-27,16.8463077545166,17.07200509578546,16.49329305864019,16.782649077212827,4447267
2023-11-28,16.672691345214844,17.129874325818335,16.620607180239624,16.782646927252024,3822814
2023-11-29,16.643756866455078,16.86366693568049,16.504866122132896,16.753712452970543,2502250
2023-11-30,16.522228240966797,16.927327109029928,16.493293080593265,16.78264909955104,1482553
2023-12-01,16.782649993896484,16.840521421533126,16.499081212663192,16.522229121434442,1724491
2023-12-04,16.869455337524414,17.239831784760682,16.67269316037547,16.817371166878775,3975404
2023-12-05,17.147235870361328,17.401869456398046,16.782647800372494,16.869454378578833,4868205
2023-12-06,17.158811569213867,17.419232425761024,17.083579490547802,17.27455441741385,2774659
2023-12-07,17.33242416381836,17.506037315507808,17.199319570130584,17.36135932116477,2801222
2023-12-08,18.258363723754883,18.634527418445305,17.251404945036203,17.355573284870133,11557784
2023-12-11,18.512996673583984,19.039625606981204,18.11368508611368,18.11368508611368,6201751
2023-12-12,18.431978225708008,18.703972480216333,18.293087472099145,18.536145463060464,2946953
2023-12-13,17.6275691986084,18.547721482192298,17.338213162357,18.460914892078012,2982128
2023-12-14,17.859054565429688,17.94007390079612,17.072005808822112,17.511827107878954,2233026
2023-12-15,18.345170974731445,18.48984897578199,17.731735455537134,17.79539412921715,2963330
2023-12-18,17.743310928344727,18.518785144578395,17.650717090926282,18.518785144578395,1434448
2023-12-19,16.59745979309082,17.679650579521144,16.41227213576406,17.627566412922306,4327625
2023-12-20,16.944686889648438,17.36135911094105,16.724775722778777,16.77685988841604,2780391
2023-12-21,16.886816024780273,17.26876584942282,16.713201765702873,17.129875104444213,929033
2023-12-22,16.684267044067383,16.92153887758639,16.63797012786381,16.904177120082966,508633
2023-12-25,16.684267044067383,16.684267044067383,16.684267044067383,16.684267044067383,0
2023-12-26,15.926153182983398,16.6669037750628,15.683094119005984,16.6669037750628,2469811
2023-12-27,16.001388549804688,16.250234917058922,15.631013177410853,15.92615646621432,1632119
2023-12-28,16.435420989990234,16.66690557501435,16.05347114874905,16.05347114874905,1070692
2023-12-29,16.452781677246094,16.637969333215615,16.20393535060999,16.49329133901374,881869
2024-01-01,17.63335418701172,17.68543835515188,16.580098526942734,16.580098526942734,2474738
2024-01-02,17.326637268066406,18.17155624258649,17.245616838979647,17.795393670316514,2359976
2024-01-03,17.228256225585938,17.529186725620182,17.18774656285162,17.361359718514557,823738
2024-01-04,17.072002410888672,17.315061472416254,17.014130995514403,17.228254901257568,1049799
2024-01-05,17.08357810974121,17.349785093756733,16.904176599151082,17.187746443940508,756443
2024-01-08,17.08357810974121,17.187746443940508,17.014132185673176,17.100938762904082,632931
2024-01-09,16.950475692749023,17.216682693647652,16.840520099253443,17.07200468781868,547740
2024-01-10,16.938901901245117,17.072005407303966,16.846308061916734,16.950476407112575,1171660
2024-01-11,17.054643630981445,17.303489987847936,16.927327377987126,17.014133964292597,679864
2024-01-12,17.01413345336914,17.506038899402736,16.96783653514278,17.303489468235302,886346
2024-01-15,17.222469329833984,17.621780920693567,17.043068918093525,17.043068918093525,1743037
2024-01-16,17.3439998626709,17.62178248750979,17.251406022326485,17.251406022326485,1860411
2024-01-17,17.303489685058594,17.45395494713109,17.251405513425592,17.36136110951811,491427
2024-01-18,17.072002410888672,17.297699716662343,16.898389268571304,17.251402805124012,476158
2024-01-19,17.077791213989258,17.361359960893857,16.927325961871514,17.014132540914872,310361
2024-01-22,17.50025177001953,17.59284560712501,17.04885598627612,17.077792250250088,907151
2024-01-23,17.48288917541504,17.708587608394218,17.303488762579736,17.621781028235556,1523125
2024-01-24,17.34978485107422,17.56390876880052,17.24561651833199,17.471314940541983,612912
2024-01-25,17.164596557617188,17.372933215370733,17.08357723684879,17.245615878385582,599046
2024-01-26,17.193532943725586,17.39029511149848,16.869454533666623,16.869454533666623,633610
2024-01-29,17.12987518310547,17.34399800200368,17.083578267900002,17.19353275163453,262869
2024-01-30,16.938901901245117,17.30349000562493,16.892604981580927,17.135664085769342,582813
2024-01-31,17.008344650268555,17.12987473941353,16.927325326708903,16.938899831161855,862756
2024-02-01,16.950475692749023,17.08357919319834,16.794223181540396,17.07200468781868,186941
2024-02-02,17.30927848815918,17.367149917801846,16.81158573856025,16.81158573856025,704862
2024-02-06,17.268768310546875,17.355574900554384,16.805799094636374,17.309277978963333,318850
2024-02-07,17.274555206298828,17.33242663304166,17.10672817912518,17.274555206298828,333839
2024-02-08,17.274555206298828,17.274555206298828,17.274555206298828,17.274555206298828,0
2024-02-09,17.04885482788086,17.361359834732703,16.950474848470684,17.361359834732703,572028
2024-02-12,16.464357376098633,17.072004554305934,16.412273206103084,17.025707636954955,708288
2024-02-13,15.995598793029785,16.296529287901453,15.850920797857503,16.27338138265275,9808921
2024-02-14,16.51643943786621,16.5800970012198,16.209721709688232,16.209721709688232,2270142
2024-02-15,16.539588928222656,16.782648012556734,16.43542059153583,16.522227170839674,4863790
2024-02-16,16.40648651123047,16.61482209448988,16.273383007296978,16.383337499865192,725496
2024-02-19,16.12291717529297,16.40648593166677,16.0708330053666,16.348614509103516,846614
2024-02-20,16.319679260253906,16.377549578694314,16.175001256541748,16.175001256541748,629704
2024-02-21,16.487503051757812,16.63796828873871,16.31967716299805,16.31967716299805,431185
2024-02-22,16.580097198486328,16.863665922414707,16.49329062647649,16.69005277839503,518108
2024-02-23,16.86366844177246,16.962049532429432,16.533802756571323,16.666906260458518,452088
2024-02-26,16.840518951416016,17.361359516139085,16.771073027677033,16.898390370564247,1424067
2024-02-27,18.10211181640625,18.10211181640625,17.76645889946381,18.10211181640625,6434782
2024-02-28,18.22364044189453,18.512996437041423,18.14262111647117,18.512996437041423,6266829
2024-02-29,18.200490951538086,18.287297521762767,18.084748122034892,18.287297521762767,1801967
2024-03-01,18.229427337646484,18.333595670470487,18.171555918988094,18.223640085400096,2449970
2024-03-04,18.385679244995117,18.547717887455523,18.304658819959446,18.403039897369894,1786986
2024-03-05,18.414615631103516,18.43197738844307,18.258363126464154,18.374105967783432,1382394
2024-03-06,18.52457046508789,18.692397477781373,18.40304147283859,18.420403230505162,2856538
2024-03-07,18.478273391723633,18.576653367039658,18.374105060441387,18.518783053043286,3894549
2024-03-08,18.653425216674805,18.86225698784263,18.525430970202585,18.59279643070845,2044269
2024-03-11,18.687105178833008,18.761207305449304,18.53216553671633,18.660159768629264,833807
2024-03-12,18.458065032958984,18.740998931864535,18.390699574193043,18.7275255831335,513362
2024-03-13,18.202077865600586,18.525430526415505,18.188604516844315,18.498483828902966,762598
2024-03-14,18.296388626098633,18.383964107593744,18.188604406480998,18.21555110383003,1821190
2024-03-15,18.37049102783203,18.52543068518928,18.323335591670197,18.37049102783203,1801101
2024-03-18,18.30986213684082,18.444591770110783,18.168394544284705,18.424383031809384,725606
2024-03-19,18.303123474121094,18.38396227321272,18.195339265258337,18.242494696024654,238387
2024-03-20,18.262704849243164,18.390697795138664,18.18860272328009,18.32333362777856,489061
2024-03-21,18.25596809387207,18.330068934614566,18.22228472545355,18.25596809387207,451859
2024-03-22,18.161657333374023,18.255969487255108,18.094293161173677,18.222286116265714,391640
2024-03-26,18.047138214111328,18.188604521419972,18.02019151659201,18.17513117266031,431317
2024-03-27,18.363754272460938,18.525430603541498,17.98650949993963,18.053873674222917,389522
2024-03-28,18.303123474121094,18.525428565511668,18.242494696024654,18.35701557855247,600144
2024-03-29,18.316598892211914,18.518693985454917,18.269443456114498,18.49174857263751,406418
2024-04-01,18.343544006347656,18.51869368392135,18.19534102604188,18.357017354981615,295264
2024-04-02,18.343544006347656,18.404172790311215,18.1886043517249,18.309861919652015,477637
2024-04-03,18.444589614868164,18.653422642101837,18.26270456696244,18.383962122158998,561204
2024-04-04,18.48501205444336,18.52543081645572,18.357017809033398,18.357017809033398,363646
2024-04-08,18.464801788330078,18.559112660082587,18.323335480701314,18.4850118115153,394312
2024-04-09,18.80162811279297,18.855520223964458,18.491748794779213,18.491748794779213,1095307
2024-04-15,19.63695526123047,19.89294373709498,18.720789428102183,18.8016269474042,1668055
2024-04-16,19.25971031188965,19.872733514110042,19.23276361580167,19.535907522345465,996438
2024-04-17,19.199081420898438,19.27318354982785,18.996986340949917,19.266446875844338,843130
2024-04-18,19.33381462097168,19.643693951584638,19.172136995994368,19.199083695120365,1029393
2024-04-19,18.96330451965332,19.40117808522645,18.868993645960757,19.40117808522645,1979315
2024-04-22,18.700578689575195,18.88920170220405,18.592794478041323,18.868991680708017,2439268
2024-04-23,18.350278854370117,18.848781140210296,18.289650076440584,18.72752358435123,1475991
2024-04-24,18.303123474121094,18.491746482075477,18.154920508157083,18.491746482075477,2931085
2024-04-25,18.195341110229492,18.36375411426543,18.188604435881345,18.36375411426543,980419
2024-04-26,18.20881462097168,18.316598841722747,18.107765789739453,18.20881462097168,1187043
2024-04-29,18.080821990966797,18.336809216878763,18.053875290929025,18.26270836155364,1958340
2024-04-30,18.48501205444336,18.74773593485762,18.094293928619138,18.094293928619138,2093913
2024-05-02,18.505220413208008,18.559112523081513,18.222286515149804,18.485011675061227,1234555
2024-05-03,19.158662796020508,19.239500314610204,18.48501081162348,18.48501081162348,2681321
2024-05-06,20.593542098999023,20.593542098999023,19.131717160428398,19.199082619580214,7753162
2024-05-07,22.136205673217773,22.136205673217773,21.058362189846584,22.136205673217773,6103484
2024-05-08,22.338300704956055,22.796384280540387,21.26045722444396,22.796384280540387,19153892
2024-05-09,22.44608497619629,22.601024631562638,21.90042591790554,22.365247453783088,5108525
2024-05-10,22.16315269470215,22.567342882598464,22.089050560639496,22.297881044148557,3602625
2024-05-13,22.01494789123535,22.567342333824293,21.900425713256507,22.082312064320448,3100234
2024-05-14,21.9610538482666,22.284409064903663,21.287403143088994,22.230515672204685,2489638
2024-05-15,21.604019165039062,21.99473855366087,21.556863731209315,21.99473855366087,570346
2024-05-16,21.556865692138672,21.89369171857834,21.3547705902306,21.678123267239243,1061690
2024-05-17,21.624229431152344,21.752224963263046,21.563600644831116,21.725278264947256,427400
2024-05-20,21.644439697265625,21.880216871726,21.354769128769473,21.604019651738792,1075113
2024-05-21,21.4558162689209,21.873481070611387,21.422132898282594,21.556863811057386,1287675
2024-05-22,21.826326370239258,22.09578563506756,21.46255366445362,21.502972425688938,3123401
2024-05-23,21.940845489501953,22.062103055388654,21.55686405412021,21.812852534300855,1009125
2024-05-24,22.1092586517334,22.24398956701338,21.67812177866023,21.893690215196813,1685863
2024-05-27,21.920637130737305,22.297880613547868,21.79264160354501,22.230516440125548,1031598
2024-05-28,21.920637130737305,21.920637130737305,21.920637130737305,21.920637130737305,0
2024-05-29,21.590547561645508,21.92737358466581,21.5568654732992,21.920638194907994,446677
2024-05-30,22.217042922973633,22.567342275625414,21.395187935496054,21.395187935496054,1692514
2024-05-31,22.190093994140625,22.82332846284559,22.06883643927279,22.29787820182557,2026699
2024-06-03,21.590547561645508,22.16315334264719,21.48950001171728,22.156415383110755,2449026
2024-06-04,21.20656394958496,21.664647500002417,21.152671842764626,21.64443876300053,1220098
2024-06-05,21.233509063720703,21.354766616256082,21.051622734917636,21.20656236987325,729281
2024-06-06,21.253721237182617,21.422134246304157,21.085308228061077,21.23351249841718,843901
2024-06-07,21.226774215698242,21.287402997179825,20.377972559845254,21.08530663061148,737041
2024-06-10,21.10551643371582,21.314348187269047,21.051624326834688,21.051624326834688,352166
2024-06-11,20.93036651611328,21.354767977030942,20.883211083764465,21.118989530397705,421353
2024-06-12,20.93036651611328,21.05162407637547,20.782163545175695,21.05162407637547,742021
2024-06-13,21.267192840576172,21.74548513047404,21.05162441217774,21.05162441217774,1445410
2024-06-14,21.94758415222168,22.23051676850901,21.226775407996374,21.550128070801264,2564468
2024-06-20,21.90042495727539,22.089049261003808,21.57033692286285,22.001473783193415,1110561
2024-06-21,22.23051643371582,22.567342440287273,21.89369042714437,21.89369042714437,4293361
2024-06-24,21.87347984313965,22.45955632557602,21.792639758144215,22.230514557645513,1773841
2024-06-25,22.062103271484375,22.36524718917039,21.826326096494405,21.900425658792344,1855394
2024-06-26,22.00147247314453,22.23051423777945,21.90042365324333,22.062101251129604,1250548
2024-06-27,21.792640686035156,22.230515504180367,21.651174385937185,22.230515504180367,545401
2024-06-28,22.30461883544922,22.365247620154754,21.657913511775853,21.833061906603774,1489027
2024-07-01,22.25072479248047,22.365246969047355,22.109258488878822,22.203569357946584,346911
2024-07-02,22.365245819091797,22.39892790348724,22.2305149117317,22.2305149117317,668401
2024-07-03,22.37198257446289,22.567342273578014,22.331565098631124,22.398929271536385,315094
2024-07-04,22.55386734008789,22.58754942417354,22.169885927999218,22.33829891820577,920733
2024-07-05,22.76943588256836,22.789647188949434,22.39892781610721,22.56734080720576,1366930
2024-07-08,22.94458770751953,23.072580660516035,22.574077057148372,22.7829100991959,481744
2024-07-09,23.018686294555664,23.234257286465354,22.843537915240763,23.03889760085306,1334293
2024-07-10,22.978269577026367,23.12647383578141,22.83006531827132,23.005216273123352,970351
2024-07-11,23.133209228515625,23.234258054005856,22.587550196469465,22.904167451212366,615150
2024-07-12,23.112998962402344,23.30835607176705,22.937848019109307,23.173627739730208,740733
2024-07-15,22.9041690826416,23.25446844757308,22.76943816231741,23.173630923289988,823466
2024-07-16,22.9041690826416,22.9041690826416,22.9041690826416,22.9041690826416,0
2024-07-17,22.9041690826416,22.9041690826416,22.9041690826416,22.9041690826416,0
2024-07-18,22.897432327270508,23.038898628772568,22.782910152403314,22.904167716484622,374404
2024-07-19,22.601024627685547,23.072581552942257,22.567342540834034,23.072581552942257,598468
2024-07-22,22.17662239074707,22.499977609006134,22.028420699638282,22.398928782077874,771299
2024-07-23,21.853269577026367,22.217042267483393,21.725276624359665,22.16315144469998,469200
2024-07-24,21.42213249206543,21.95431817405616,21.354768321844634,21.833060611836032,669219
2024-07-25,20.600278854370117,21.43560721042374,20.553123418245285,21.428870535993155,725092
2024-07-26,20.479021072387695,20.54638653110688,20.041147518046877,20.54638653110688,784139
2024-07-29,21.395187377929688,21.556863701504266,20.216296394253675,20.216296394253675,1273267
2024-07-30,21.10551643371582,21.388450316064045,20.984258872010983,21.260456080387918,233231
2024-07-31,21.017942428588867,21.556863502187888,20.937103625104417,21.08530659912185,459757
2024-08-01,21.199827194213867,21.55686320358332,20.89668457634698,20.89668457634698,378194
2024-08-02,21.624229431152344,21.70506952609971,21.220039235529878,21.35477015733023,561737
2024-08-05,21.570337295532227,21.71180359843885,21.462553078587405,21.71180359843885,1147325
2024-08-06,21.69159507751465,21.9812656452811,21.55686416254306,21.55686416254306,696953
2024-08-07,22.048629760742188,22.15641397848446,21.55686410668192,21.57707284445283,740767
2024-08-08,21.758960723876953,21.853271599811336,21.28740505931572,21.772434073264527,829630
2024-08-09,20.93036651611328,21.220037068986475,19.81884102185849,20.889947757655605,6782463
2024-08-12,20.519439697265625,20.708062723447668,20.209560388062176,20.55312306884594,1379922
2024-08-13,20.263450622558594,20.479019041167337,20.007463446682998,20.479019041167337,1883093
2024-08-15,19.62348175048828,20.404919234899207,19.54264423185593,20.404919234899207,1629003
2024-08-16,18.949831008911133,19.53590883944579,18.52543079602618,19.50222675195418,2832373
2024-08-19,19.63695526123047,19.704320717241615,18.794890273314163,19.0171953787285,2038468
2024-08-20,19.663902282714844,19.872734043401948,19.4415971736249,19.771686500159106,615540
2024-08-21,20.539649963378906,20.714799643002387,19.60327406547767,19.60327406547767,1140783
2024-08-22,20.70806312561035,20.768691910743126,19.88620811642838,20.74848188740244,1116104
2024-08-23,20.95731544494629,21.08530840784973,20.344292189307946,20.61375274922217,1333881
2024-08-26,21.253721237182617,21.415398856641872,21.118991600818962,21.220039149314026,908383
2024-08-27,21.226774215698242,21.287402997179825,21.017942459977892,21.017942459977892,550829
2024-08-28,20.990997314453125,21.42213420582502,20.883213091610152,21.152673648717585,431102
2024-08-29,21.112253189086914,21.20656405527022,21.01794232290361,21.20656405527022,256228
2024-08-30,21.36150360107422,21.69159420092625,20.970785505313174,21.166145195638286,693674
2024-09-02,21.772432327270508,21.954318674748816,21.422132980621,21.422132980621,3145416
2024-09-03,21.577072143554688,22.924376106457203,21.051624420351786,22.09578447764556,5861333
2024-09-04,21.246984481811523,21.55686378192995,21.19982776298162,21.55686378192995,1508532
2024-09-05,21.334558486938477,21.52318150592271,21.065097949024707,21.226774271772967,553105
2024-09-06,21.30087661743164,21.422132897054954,21.220037812793556,21.287403269177094,588049
2024-09-09,21.253721237182617,21.388452158435566,21.152673688687553,21.220039149314026,414497
2024-09-10,21.428869247436523,21.489498028776808,21.15267203683708,21.220037492202863,764208
2024-09-11,21.233509063720703,21.489496230826106,21.193089022949522,21.422130781096552,513597
2024-09-12,21.36150360107422,21.388450296935275,21.159408521673022,21.287402757234677,515200
2024-09-13,21.368240356445312,21.55686337352375,21.22003738331244,21.395187052409025,529073
2024-09-16,21.435606002807617,21.509708132480107,21.23351092083253,21.348031809922198,525179
2024-09-17,21.435606002807617,21.435606002807617,21.435606002807617,21.435606002807617,0
2024-09-18,21.3817138671875,21.48949808208445,21.22003754484207,21.48949808208445,617450
2024-09-19,21.47602653503418,22.39219500826887,21.273931436376486,21.422134423066176,1003105
2024-09-20,21.462554931640625,21.543392458884057,21.253721869001552,21.253721869001552,365492
2024-09-23,21.058361053466797,21.75895844467347,20.88321138444283,21.462552498530624,1372759
2024-09-24,20.660905838012695,21.051623926696617,20.573331647828866,21.051623926696617,676902
2024-09-25,20.647432327270508,20.8158453173541,20.546384790198182,20.559858137778264,402140
2024-09-26,20.519439697265625,20.748481484454803,20.4116554779871,20.721536072079793,564855
2024-09-27,20.229768753051758,20.761953131512417,20.20282205799596,20.761953131512417,921941
2024-09-30,19.832317352294922,20.209562152709818,19.744741863428473,20.209562152709818,1101233
2024-10-01,19.65716552734375,19.993991526688532,19.603273418844154,19.872733961342135,3342337
2024-10-02,19.360759735107422,19.56959151053957,19.232765486021577,19.502227333547424,3339090
2024-10-03,19.226028442382812,19.488752307742374,19.192345071894916,19.266447202079082,1057163
2024-10-04,19.131717681884766,19.27318527844837,18.93635925839797,18.93635925839797,800898
2024-10-07,19.502225875854492,19.535907961833,19.03066896282008,19.131716505644818,3091841
2024-10-08,19.131717681884766,19.758214284760797,19.030670132847508,19.758214284760797,2070188
2024-10-09,19.131717681884766,19.131717681884766,19.131717681884766,19.131717681884766,0
2024-10-10,19.852523803710938,20.202823149018887,19.623482022924136,19.879470500221952,858125
2024-10-11,19.589797973632812,19.87273183419316,19.131714457974244,19.852521813835608,1026608
2024-10-14,19.569589614868164,19.97378106211431,19.495488770376955,19.535907529634812,1642415
2024-10-15,20.256715774536133,20.68111726119997,19.670639244233637,19.670639244233637,5203915
2024-10-16,20.435428619384766,20.971567671480333,19.736117649974847,20.225636365985423,2483176
2024-10-17,20.147933959960938,20.621912049750854,19.82158865719363,20.53644020220613,970631
2024-10-18,20.147933959960938,20.303335567638793,20.00807147562728,20.124623051894094,497546
2024-10-21,20.419889450073242,20.70738325099888,20.264486354089716,20.264486354089716,837446
2024-10-22,20.505359649658203,20.707383079954557,20.210095548168912,20.419889281403638,1011426
2024-10-23,20.29556655883789,20.61414155596297,20.26448534837023,20.590830648112224,533206
2024-10-24,19.899290084838867,20.280026022152505,19.821588540440768,20.202324477754402,1308167
2024-10-25,20.280027389526367,20.583061802873893,20.015843009980497,20.15570550292052,2790379
2024-10-28,21.39892578125,22.168168007878535,20.43542894014511,20.66853358829647,4732040
2024-10-29,21.282371520996094,21.67864806676916,21.17359024718793,21.67087776406376,818781
2024-10-30,21.445545196533203,21.57763738019939,20.987107705105483,21.282371801635577,1625670
2024-10-31,22.820858001708984,23.23267368226069,21.36784396031286,21.445545507484386,5951459
2024-11-01,22.906328201293945,23.232673511387116,22.52559225319087,22.84416726042066,1993229
2024-11-04,22.541133880615234,23.116122980263448,22.416811993233665,22.80531826180952,2815099
2024-11-05,22.67322540283203,22.929639473251957,22.455661365310917,22.533362913142298,1575653
2024-11-06,22.680994033813477,22.921867480503586,22.494511221985622,22.649912824158676,2012197
2024-11-07,22.70430564880371,23.108352521083695,22.68876652451124,22.84416814167246,1701253
2024-11-08,23.279293060302734,23.504627389629064,22.56444300542007,22.8363961862847,4107461
2024-11-11,23.20159339904785,23.621179372509225,23.154971582637035,23.310374673272335,1803873
2024-11-12,23.10835075378418,23.287063266767063,22.952949148507894,23.1549710871637,741643
2024-11-13,22.74315643310547,23.193823627835123,22.68876579474678,23.1549721132691,790336
2024-11-14,22.820858001708984,23.030650252428227,22.72761584869641,22.743156454537463,610416
2024-11-15,22.750926971435547,22.999570739095976,22.72761606245472,22.782006701376222,660531
2024-11-18,22.99180030822754,23.294834713124065,22.766465968767434,22.766465968767434,736143
2024-11-19,23.473546981811523,23.559018831310603,22.991800060351,22.991800060351,1687864
2024-11-20,25.439390182495117,25.820124642054434,23.318144962142966,23.318144962142966,12599340
2024-11-21,26.130931854248047,26.573828753127884,24.864400617838015,25.260675698495096,8107324
2024-11-22,26.970102310180664,28.353186531980157,26.029917926308094,26.177549229572158,11046814
2024-11-25,26.54274559020996,27.117736116428027,26.037686304152643,26.519436164845484,2998048
2024-11-26,25.524858474731445,26.67483953965045,25.26844590073693,26.418424001588583,3175770
2024-11-27,26.30187225341797,26.768081537424994,25.835665933478438,25.835665933478438,1975675
2024-11-28,26.65152931213379,26.768082377811613,26.28633543687394,26.426194965992707,2294397
2024-11-29,28.23663330078125,28.749461412825717,26.418424000974984,26.42619282149152,10509577
2024-12-02,27.9569091796875,28.59405918767072,27.58394353823884,28.213324725471384,3417499
2024-12-03,27.405231475830078,27.995759676922717,27.11773767819731,27.94914082350888,3411814
2024-12-04,28.065690994262695,28.329875365877125,27.040034719540195,27.428540974028035,2256762
2024-12-05,28.213327407836914,28.322108693093327,27.89475237355697,27.972452444720773,1416285
2024-12-06,29.627485275268555,30.18693221854462,27.90251670367152,28.267713500305874,14917277
2024-12-09,30.249099731445312,30.45889348203368,28.555212083643873,29.378846478835133,4089993
2024-12-10,29.487625122070312,30.691993910557162,29.021415841190986,30.536590816930723,3038675
2024-12-11,29.487625122070312,30.303487658524794,29.254521963664388,29.448775089680574,1724480
2024-12-12,29.22344207763672,29.759579662695117,28.749463954407826,29.627488953765155,2301396
2024-12-13,28.82716178894043,29.371071117123105,28.562977427484128,29.21566802848986,2292461
2024-12-16,29.137968063354492,29.5031648782501,28.329874371021287,28.827161885051755,4013340
2024-12-17,29.083580017089844,29.526476933974042,28.741695561760814,28.90486748607233,2177751
2024-12-18,28.77277183532715,29.526474906440505,28.454196829899306,29.106887446393845,2517172
2024-12-19,28.796085357666016,29.036957344367213,28.174472963948894,28.772772966257705,5993466
2024-12-20,29.075809478759766,29.1379719082499,28.283259251235012,28.640684328599946,2182697
2024-12-23,28.99810791015625,29.285601721548883,28.7883141675505,29.285601721548883,763593
2024-12-24,29.44877815246582,29.72073137154566,29.060271860027314,29.12243132550223,4911093
2024-12-26,29.14573860168457,29.534244865425897,29.06026971347823,29.308913485147276,665599
2024-12-27,28.881553649902344,29.169050413487025,28.757231766538094,29.169050413487025,431457
2024-12-30,29.207901000976562,29.371072920228357,28.757232312680106,28.904866589775352,1077938
2024-12-31,29.215669631958008,29.60417589283015,28.842703977208856,29.137969565410597,1768870
2025-01-01,29.215669631958008,29.215669631958008,29.215669631958008,29.215669631958008,0
2025-01-02,29.487625122070312,29.72072828047624,29.060268837648202,29.060268837648202,3372101
2025-01-03,29.339990615844727,29.52647491952615,29.14573749137416,29.52647491952615,355473
2025-01-06,29.17681884765625,29.5420156719773,29.0602687508352,29.17681884765625,487065
2025-01-07,28.928176879882812,29.29337372687273,28.75723317038665,29.23898308549989,353543
2025-01-08,28.858243942260742,29.083578279937107,28.671762601062525,28.935946971149562,336036
2025-01-09,28.757230758666992,28.9437150592113,28.360955695603018,28.9437150592113,352569
2025-01-10,28.811622619628906,28.827160260007506,28.376494587347587,28.757229022034924,956573
2025-01-13,28.726154327392578,28.866016820622946,28.671763687143834,28.8116261803742,147954
2025-01-14,28.63290786743164,28.82716098176718,28.55520780732434,28.82716098176718,387909
2025-01-15,28.345417022705078,29.114660739301875,28.244404562854115,28.74946389804134,916516
2025-01-16,28.38426399230957,28.55520768066816,28.05014840000902,28.360954567194227,1436007
2025-01-17,28.656221389770508,28.827162121578933,28.16670269235078,28.16670269235078,400863
2025-01-20,28.640682220458984,28.85047595844433,28.57075097446387,28.702841681305998,276345
2025-01-21,28.42312240600586,28.73392566838804,28.399810012378005,28.73392566838804,216733
2025-01-22,28.10453987121582,28.55520853064224,28.05014923494951,28.55520853064224,252810
2025-01-23,28.158933639526367,28.27548373333484,28.01907115570228,28.01907115570228,106073
2025-01-24,28.306564331054688,28.53966747769164,28.01129876447864,28.24440191111559,82323
2025-01-27,28.555212020874023,28.749465163873165,28.205555770662016,28.205555770662016,571268
2025-01-28,28.213327407836914,28.56298069214175,28.050152515884577,28.56298069214175,313448
2025-01-29,28.38426399230957,28.749460794142095,28.06568900477501,28.360954567194227,1925438
2025-01-30,28.368722915649414,28.67176025744445,28.205551014421708,28.205551014421708,1368491
2025-01-31,28.353187561035156,28.671762568953866,28.143393829371497,28.3609563818816,2184725
2025-02-03,28.42312240600586,28.50082248058444,28.182247432303694,28.46197244329515,183419
2025-02-04,28.40757942199707,28.438657670788114,28.205554502483476,28.423120028426393,113663
2025-02-06,28.1123104095459,28.36095415404502,28.011297962072117,28.29102291565044,322549
2025-02-07,27.9335994720459,28.267715078241384,27.785965202662947,28.236633867416828,322568
2025-02-10,28.03461456298828,28.127855240167627,27.778198995660464,27.972452135490258,239250
2025-02-11,28.298791885375977,28.438654362903968,28.026838714664468,28.151160587570764,5055166
2025-02-12,28.430889129638672,29.052498572596143,28.197785959038075,28.36872670330911,7892465
2025-02-13,28.57075309753418,28.749465636342226,28.205556234192464,28.69507499253403,4696436
2025-02-14,28.20555305480957,28.827162459739842,28.081231173823518,28.547440450571806,735485
2025-02-17,27.879207611083984,28.32210447165238,27.832585796894104,28.050148334978992,587956
2025-02-18,27.964679718017578,28.073460988082893,27.599482913597754,27.886976693637134,645888
2025-02-19,27.9335994720459,28.089002562101285,27.66941510817196,27.824818198227348,802969
2025-02-20,28.1822452545166,28.360957783491582,27.97245151248485,27.98022033371523,6583508
2025-02-21,28.166704177856445,28.360957310117524,28.08123232541076,28.360957310117524,514537
2025-02-24,28.213327407836914,28.36095872867523,27.910290016535555,28.306568086047022,1039470
2025-02-25,29.510934829711914,30.02376296871541,28.205553573327116,28.306566029756326,11727143
2025-02-26,29.52647590637207,29.899441562132875,29.339991596457892,29.899441562132875,4922979
2025-02-27,29.30113983154297,29.526474161520213,29.223439769376444,29.526474161520213,1919681
2025-02-28,29.363304138183594,29.5264760576523,29.130200972647224,29.5264760576523,730530
2025-03-03,29.293373107910156,29.371073175638813,29.17682004224958,29.371073175638813,581897
2025-03-04,29.293373107910156,29.293373107910156,29.293373107910156,29.293373107910156,0
2025-03-05,28.904865264892578,29.13796841943457,28.842702842845423,29.060268355943048,2017966
2025-03-06,28.7183837890625,29.12243067992996,28.66399314645224,29.05249943027852,2682450
2025-03-07,29.308910369873047,29.51093230135569,28.749460461048425,28.749460461048425,2944035
2025-03-10,29.5471248626709,29.997079575446655,29.441250393891682,29.997079575446655,1075454
2025-03-11,29.203039169311523,29.555947349568964,28.982472398046085,29.114813807038082,546373
2025-03-12,29.035409927368164,29.30891393810305,28.89424732695897,29.20303946360975,586926
2025-03-13,29.026588439941406,29.282443336724604,28.850134349842005,29.026588439941406,707332
2025-03-14,28.814842224121094,29.105991971210432,28.76190498858255,29.105991971210432,431478
2025-03-17,28.638389587402344,28.938360539473198,28.594276905011736,28.867780920764606,519718
2025-03-18,28.567808151245117,28.876600273916345,28.497225171444995,28.673679255363577,497813
2025-03-19,28.664859771728516,28.761906326357032,28.497226867517067,28.585455597518333,992558
2025-03-20,28.71779441833496,28.86778158058958,28.417823459407735,28.761907101733847,747888
2025-03-21,29.11481285095215,29.33537961497451,28.50604979385984,28.717792002595544,938616
2025-03-24,29.11481285095215,29.98825871733667,28.956004511609507,29.11481285095215,687631
2025-03-25,29.5471248626709,29.63535022107189,28.8854245779184,29.06187529472038,604800
2025-03-26,29.794158935546875,29.900030040083642,29.64417178566987,29.64417178566987,746775
2025-03-27,29.838272094726562,30.173534524325117,29.802980604120023,29.838272094726562,596882
2025-03-28,29.838272094726562,29.838272094726562,29.838272094726562,29.838272094726562,0
2025-03-31,29.838272094726562,29.838272094726562,29.838272094726562,29.838272094726562,0
2025-04-03,30.261760711669922,30.473506295509875,29.600060389845147,29.979435510271234,5728910
2025-04-04,30.147064208984375,30.605843489901925,30.005901612208344,30.429392768118223,716868
2025-04-07,29.150104522705078,30.014725839194412,28.241367160670798,30.014725839194412,1140657
2025-04-08,29.16775131225586,29.538301875913632,29.114814075055378,29.247155485265647,964782
2025-04-09,28.956005096435547,29.317734462114824,28.69132564737931,29.317734462114824,480267
2025-04-10,29.75004768371582,30.526440308359312,29.361848005812178,29.361848005812178,986469
2025-04-11,29.30891227722168,29.75004579919994,29.229508108642328,29.741221244034634,560919
2025-04-14,29.255977630615234,29.58241552338914,29.11481502571987,29.58241552338914,956394
2025-04-15,29.11481285095215,29.317733869982916,29.035408681280828,29.291266935286384,640464
2025-04-16,28.70014762878418,29.238331097204117,28.550163837562565,29.238331097204117,1286595
2025-04-17,28.567808151245117,29.017762867934866,28.50604972671087,28.99129593330068,327067
2025-04-18,28.664859771728516,28.920714674777393,28.585455597518333,28.673680961937684,269197
2025-04-21,29.09716796875,29.167750950809314,28.49722608357315,28.717792854135762,565678
2025-04-22,29.13245964050293,29.370672158058124,29.114813894878637,29.22950955864562,836758
2025-04-23,29.07952308654785,29.24715599112449,28.982473166125992,29.15010607070263,452045
2025-04-24,27.89728546142578,28.938359189272244,27.879639716176463,28.8589550184412,1990309
2025-04-25,27.34145736694336,28.23254734443707,26.873855195746376,28.18843466232777,1493244
2025-04-28,27.217939376831055,27.570845867375283,27.156180951334676,27.2620520571025,780205
2025-04-29,27.25322914123535,27.350279057027564,27.085599610237196,27.138535163037094,411702
2025-04-30,26.856210708618164,27.350279808164842,26.46801271757888,27.350279808164842,612261
2025-05-02,27.059131622314453,27.306167012449173,26.909146150231035,26.909146150231035,290229
2025-05-05,27.235586166381836,27.46497413193811,27.067954945899068,27.2620531024432,387588
2025-05-06,27.270875930786133,27.456152896867383,27.173826011277338,27.244407311977113,460797
2025-05-07,25.771020889282227,26.82091919748717,25.585745608135376,26.556239743622832,1112085
2025-05-08,24.70347785949707,27.3502790587289,23.19480198367455,26.018055586513974,1034468
2025-05-09,25.691617965698242,25.868070371032427,24.015309176882642,24.015309176882642,767305
2025-05-12,28.144319534301758,28.259013514350617,27.350279498327843,28.259013514350617,1912894
2025-05-13,27.773767471313477,28.15314258764798,27.35910254658021,28.144319714850557,322935
2025-05-14,27.456151962280273,27.791412708494438,27.42086047173621,27.773766963222407,307979
2025-05-15,27.367923736572266,27.553199005553097,27.270873824558983,27.45615077633063,445059
2025-05-16,27.394392013549805,27.526733421070766,27.297343779569573,27.429683504299636,453054
2025-05-19,27.473796844482422,27.64142806398647,27.270875816172275,27.553201017784815,195577
2025-05-20,27.844348907470703,28.029625871543438,27.57084658057288,27.80023622605816,674207
2025-05-21,28.285484313964844,28.320772439968348,28.020803175447277,28.214901330794074,872602
2025-05-22,28.285484313964844,28.532518023898774,28.135497157517896,28.40900116893181,497152
2025-05-23,28.206077575683594,28.382529979718715,27.87963970268363,27.985510808546525,470403
2025-05-26,28.364887237548828,28.541337956537976,28.232545832725236,28.241367022442002,458942
2025-05-27,28.3295955657959,28.453112414528686,27.844347677734074,27.844347677734074,545695
2025-05-28,28.3295955657959,28.3295955657959,28.3295955657959,28.3295955657959,0
2025-05-29,28.417821884155273,28.6560344000031,28.329596522248,28.444292185192914,303720
2025-05-30,28.664859771728516,28.744263945938698,28.364888820888044,28.364888820888044,306784
2025-06-02,28.52369499206543,28.717791452088797,28.45311201345209,28.682499962782128,341162
2025-06-03,28.55016326904297,28.76190548367846,28.250192326991176,28.250192326991176,506093
2025-06-04,29.785335540771484,30.12942253369066,28.550163631498606,28.550163631498606,3373089
2025-06-05,29.811805725097656,29.997081005924013,29.503010224805212,29.90003108770587,1519229
2025-06-06,29.811805725097656,29.811805725097656,29.811805725097656,29.811805725097656,0
2025-06-09,29.811805725097656,29.811805725097656,29.811805725097656,29.811805725097656,0
2025-06-10,29.758867263793945,29.98825858206825,29.511833566189345,29.820625688195094,634106
2025-06-11,29.829452514648438,29.997082055703153,29.652998417674965,29.776515275881806,468036
2025-06-12,29.600059509277344,29.997080363677668,29.5559468289177,29.811805086818108,686232
2025-06-13,29.30008888244629,29.54712595313322,28.461934484377302,29.467721781409175,529294
2025-06-16,29.30008888244629,29.30008888244629,29.30008888244629,29.30008888244629,0
2025-06-17,29.053054809570312,29.29126732172702,29.017763319121517,29.158925915334926,568659
2025-06-18,28.929536819458008,29.264795868775153,28.673678572151523,28.903066519872816,318417
2025-06-19,28.841310501098633,29.079523023733564,28.682502152675344,28.982473103521343,176041
2025-06-20,28.876602172851562,29.070702014484244,28.682502331218878,28.8236649345203,148660
2025-06-23,27.879640579223633,28.664859439216794,27.614959440663004,28.020803180006258,467794
2025-06-24,29.044231414794922,29.18539738223119,28.497226753307004,29.070701716480176,874292
2025-06-25,29.000118255615234,29.24715532898223,28.85013446605478,29.203039282093297,300874
2025-06-26,29.07952308654785,29.291268673430263,28.858956309437055,29.20303994323679,756694
2025-06-27,29.088348388671875,29.247156741512715,28.956006972777168,29.19421950203843,220222
2025-06-30,29.09716796875,29.32655929486094,29.070701033268673,29.32655929486094,509491
2025-07-01,29.211864471435547,29.264798343919672,29.11481455110542,29.150106043149453,272829
2025-07-02,29.229509353637695,29.335380461059057,29.07070100971474,29.282443224557465,582879
2025-07-03,28.973649978637695,29.229508230188635,28.89424580972815,29.229508230188635,806395
2025-07-04,29.123634338378906,29.158925828722875,28.85895489196268,29.114813148583796,369871
2025-07-07,29.06187629699707,29.379492983125203,28.956005190148296,29.114813533212363,526282
2025-07-08,29.176570892333984,29.33537922959033,28.982471065558077,29.31773348483055,829830
2025-07-09,29.635351181030273,29.970613611861012,29.176571898204468,29.203038833465754,708526
2025-07-10,29.908855438232422,30.12059765327297,29.60005994005737,29.94414356368463,817048
2025-07-11,29.979434967041016,29.997080712506424,29.776513942561525,29.900030795237576,507188
2025-07-14,29.979434967041016,30.200001736985914,29.776513942561525,29.776513942561525,551552
2025-07-15,30.014726638793945,30.244114600062577,29.908855530945488,30.244114600062577,657874
2025-07-16,29.970613479614258,29.997080414758756,29.794159392293437,29.979434669468496,285650
2025-07-17,30.014726638793945,30.085306255498974,29.908855530945488,29.99708089322223,545473
2025-07-18,29.88238525390625,30.04119359859798,29.750047210384366,29.99708091742402,266528
2025-07-21,29.741222381591797,30.067663623560406,29.317734588164697,30.067663623560406,307144
2025-07-22,29.652997970581055,29.802981763118844,29.511835368247056,29.741223334946586,167623
2025-07-23,29.670642852783203,29.935322303756227,29.53830144450578,29.55594718998156,162249
2025-07-24,29.855918884277344,29.997081486059052,29.67064360048546,29.67064360048546,230636
2025-07-25,29.820627212524414,29.96178981345447,29.767693340664323,29.78533572089643,274249
2025-07-28,29.785335540771484,29.99708112367699,29.57359332344784,29.820627032186046,213997
2025-07-29,29.776514053344727,29.98825963413563,29.750047117839053,29.785335243319345,323478
2025-07-30,29.785335540771484,29.882385459370596,29.57359332344784,29.608884814862403,221027
2025-07-31,29.600059509277344,29.88238470227718,29.56476801875692,29.88238470227718,400376
2025-08-01,29.811805725097656,29.9088556433158,29.564768651747332,29.608884698633286,287387
2025-08-04,29.98826026916504,30.02354839539259,29.66181901830046,29.997081459326452,592068
2025-08-05,30.244115829467773,30.341165751266313,29.820628015277578,30.005903302939167,489608
2025-08-06,30.46468162536621,30.702894144197955,30.041193824859285,30.041193824859285,649248
2025-08-07,30.402921676635742,30.773475587023707,29.855917049053385,30.5264385249045,1071893
2025-08-08,30.314697265625,30.791122294338187,30.01472632520357,30.42939292785191,1060419
2025-08-11,30.394102096557617,30.5264401414615,30.04119391231684,30.438214778192243,506964
2025-08-12,30.93228530883789,31.320481615847378,30.358810355554425,30.429393338055338,2053078
2025-08-13,31.346946716308594,31.408705139590367,30.967571621531054,30.967571621531054,1667528
2025-08-15,31.567514419555664,31.708677014933702,31.108735143181615,31.108735143181615,600684
2025-08-18,31.699857711791992,31.84984150586547,31.46164518686768,31.629274727111326,609997
2025-08-19,32.26450729370117,33.155598941581985,31.629273910307475,31.682211147450904,5011778
2025-08-20,31.964536666870117,32.58212431071567,31.920423984934413,32.46742864521732,883462
2025-08-21,31.329303741455078,32.19392847500231,31.108736962925715,31.98218288675806,1411012
2025-08-22,31.39106559753418,31.585162074426144,30.89699480104692,31.33812835897349,458574
2025-08-25,31.505756378173828,31.84101880837339,31.14402701276281,31.39106408186965,417500
2025-08-26,31.638097763061523,32.158635470537426,31.338126823743515,31.76161461473686,896021
2025-08-27,31.399885177612305,31.858664458199012,31.232255645805957,31.673389181110664,493248
2025-08-28,31.496936798095703,31.611632465843734,31.152853160433583,31.152853160433583,144749
2025-08-29,31.4704647064209,31.743968709165436,31.1528513889656,31.408706280894997,261948
2025-09-01,31.567514419555664,31.867485355431707,31.32048071903954,31.849839610311736,423278
2025-09-02,31.426353454589844,31.75279470787263,31.320482343959117,31.320482343959117,364148
2025-09-03,31.585159301757812,31.76161338255501,31.320479863352855,31.496933944150047,691204
2025-09-04,31.55869483947754,31.788082806573914,31.496936411198444,31.7527946801158,556590
2025-09-05,32.53800964355469,32.732106105345856,31.36459285528304,31.57633842746995,3480178
2025-09-08,32.46742630004883,32.91738437380483,32.42331362129944,32.652701570145226,2961312
2025-09-09,32.149810791015625,32.71446454240948,32.10569811067064,32.46742747443036,1429250
2025-09-10,32.28215408325195,32.39684975131378,31.98218312757009,32.149812668905085,1367414
2025-09-11,32.220394134521484,32.50271933060376,32.123344217321616,32.19392719913309,2252736
2025-09-12,32.326263427734375,32.55565474016803,32.07922973641963,32.22039232653972,1708741
2025-09-15,31.761615753173828,33.09383759974258,31.232256836853697,32.71446584124836,4582326
2025-09-16,31.52340316772461,31.805728371271513,31.338127883943557,31.761615689263916,1854127
2025-09-17,31.188140869140625,31.4969363757707,30.96757409251139,31.144028186931163,2050247
2025-09-18,31.232255935668945,31.364593978139503,31.099914527616576,31.188139889263613,1823570
2025-09-19,31.196962356567383,31.276366522967418,31.05579976803194,31.23225384509664,595593
2025-09-22,31.002864837646484,31.311660336837612,30.799943811905827,31.311660336837612,1363085
2025-09-23,31.002864837646484,31.002864837646484,31.002864837646484,31.002864837646484,0
2025-09-24,31.179317474365234,31.34694700114154,31.05580062667936,31.05580062667936,598033
2025-09-25,31.13520622253418,31.311660312566353,30.985219068053187,31.311660312566353,473007
2025-09-26,31.020511627197266,32.105699774722176,30.65878224468896,31.232257215642544,4361098
2025-09-29,30.91463851928711,31.23225519865225,30.879347029228374,31.029330813605394,965107
2025-09-30,31.002864837646484,31.10873594551512,30.879347984202766,31.08226900994342,1044829
2025-10-01,31.144025802612305,31.179317291910802,30.8352336852046,31.020508955649223,805603
2025-10-02,31.06462287902832,31.232255777121257,30.967572962360155,31.011689008541538,972647
2025-10-03,31.073448181152344,31.232256527592245,30.923461024811598,31.232256527592245,488797
2025-10-06,31.17049789428711,31.23225632131898,30.88816932925046,30.985219247609642,762802
2025-10-07,31.17049789428711,31.17049789428711,31.17049789428711,31.17049789428711,0
2025-10-08,31.04697608947754,31.34694701928039,31.011687965533785,31.276367405811197,575530
2025-10-09,30.94993019104004,31.196963891737944,30.879347210508207,31.09991397629755,660240
2025-10-10,30.8264102935791,31.091093107726177,30.791122168530375,30.949930510785904,646646
2025-10-13,30.773475646972656,30.879346750611877,30.5264385843722,30.720538412362192,976375
2025-10-14,31.249897003173828,31.320479981992733,30.526438298188417,30.835233782148617,682644
2025-10-15,31.505756378173828,31.66456472060616,31.18813969330917,31.346948035741498,1815083
2025-10-16,31.268585205078125,31.780874801771148,31.116796097051058,31.780874801771148,1044855
2025-10-17,31.031414031982422,31.30653291707144,30.92705834322881,31.268584735899626,428000
2025-10-20,31.00295639038086,31.287560526760338,30.974497062424295,31.116797321145064,363616
2025-10-21,30.471691131591797,31.192692100604155,30.281955653481752,31.192692100604155,1072680
2025-10-22,30.348363876342773,30.59502163221942,30.215548857589553,30.585536396138977,890044
2025-10-23,30.253496170043945,30.58553734617862,30.15862933054144,30.348364819015426,871401
2025-10-24,28.517406463623047,30.168114434386883,28.432024860870694,30.168114434386883,2167102
2025-10-27,28.081012725830078,28.55535415089657,27.673078810757865,28.460485503989485,1292562
2025-10-28,27.796405792236328,28.46048448739646,27.74897237521155,28.261261964529744,1835342
2025-10-29,27.682565689086914,28.223314620879496,27.521289533160274,28.223314620879496,460354
2025-10-30,27.426420211791992,27.777433651746723,27.037460399919087,27.69205205309473,818778
2025-10-31,27.397960662841797,27.606672053622923,27.322066105140202,27.322066105140202,705142
2025-11-03,28.972774505615234,30.139653952599943,27.32206478857723,27.597183677906532,7745088
2025-11-04,28.55535316467285,29.31429869477976,28.204339726080356,29.29532460415987,1717299
2025-11-05,28.754575729370117,28.934825971582075,28.365615918444064,28.726116402867984,1394503
2025-11-06,28.678682327270508,29.02969578045871,28.479459795884278,28.83995848530796,501454
2025-11-07,28.507919311523438,28.896879140625405,28.413052472791414,28.68816956215841,506121
2025-11-10,28.602787017822266,28.764063171612356,28.469972000395924,28.507918372745348,299823
2025-11-11,28.887393951416016,28.963288508206727,28.479460030115096,28.72611779205214,842124
2025-11-12,28.49843406677246,28.934827315111,28.45099883795156,28.74509001876531,555798
2025-11-13,28.612274169921875,28.934826478704288,28.46048506102061,28.555353706451125,484838
2025-11-14,28.593299865722656,28.75457601891123,28.46997189421087,28.46997189421087,199422
2025-11-17,28.536380767822266,28.697656928726097,28.365617561045386,28.555354859568357,578220
2025-11-18,28.6691951751709,28.735604494855473,28.53638015473964,28.55535424607809,339859
2025-11-19,28.469972610473633,28.697656277855888,28.42253738218424,28.669195140882252,498469
2025-11-20,28.375102996826172,28.650221883126477,28.223313890408377,28.479458686039237,3718084
2025-11-21,28.48894691467285,28.602787844480183,28.413052358311646,28.413052358311646,290862
2025-11-24,28.441511154174805,28.726117092308932,28.36561659923282,28.726117092308932,171930
2025-11-25,28.261262893676758,28.555354069730754,28.08101264601253,28.318183357871643,437897
2025-11-26,28.166393280029297,28.46048444598654,28.08101168193383,28.090498727218755,469432
2025-11-27,28.365615844726562,28.43202335235079,28.16639332185389,28.16639332185389,288229
2025-11-28,28.469972610473633,28.52689307495196,28.34664282639016,28.4415114735,334600
2025-12-01,28.403564453125,28.46048491630632,28.270747626410053,28.36561627135819,525647
2025-12-02,28.422536849975586,28.50791844982879,28.318182968630822,28.403564568484025,648520
2025-12-03,28.441511154174805,28.574327982424965,28.318183180944924,28.469972290828892,451863
2025-12-04,29.314298629760742,30.215548028048996,28.28023421636558,28.4415103673392,2073803
2025-12-05,28.99174690246582,29.836075855225168,28.469972067516,29.836075855225168,411869
2025-12-08,29.304813385009766,29.68428798200599,28.745090344856212,29.247892919247924,1476331
2025-12-09,29.399681091308594,29.788640912232342,28.9917471792498,29.36173471850743,2505090
2025-12-10,30.262983322143555,30.927060248337593,29.560958212440095,29.741208465171884,3714137
2025-12-11,33.28927993774414,33.28927993774414,30.595020613388968,30.595020613388968,16176064
2025-12-12,34.541542053222656,36.50531524214265,33.46952943091931,33.46952943091931,11318831
2025-12-15,34.494110107421875,34.86409585171613,33.20390081115822,34.62692513163643,4745336
2025-12-16,37.292724609375,37.94731448136082,34.181042361025625,34.181042361025625,15652426
2025-12-17,37.909366607666016,38.93394584411329,36.818383478787474,37.842959096296795,9881052
2025-12-18,36.91324996948242,38.06115536252124,36.77094609278528,38.03269603475698,5047876
2025-12-19,36.26814651489258,37.35913328790697,36.05943512066143,36.76146205284199,2127351
2025-12-22,36.097381591796875,36.334552303463,35.8127774615851,36.334552303463,1450098
2025-12-23,36.106868743896484,36.1922503408268,35.81277577248369,36.097379889272176,1493422
2025-12-24,35.822261810302734,36.315577312620036,35.57560586861297,36.315577312620036,1028366
2025-12-26,35.79380416870117,35.936108046449846,35.452277757254706,35.936108046449846,2005552
2025-12-29,35.78431701660156,36.04994704731114,34.86409352601801,36.040461811473406,1926595
2025-12-30,35.79380416870117,36.04994897728602,35.54714821539981,35.81277826033019,3301586
2025-12-31,35.594581604003906,36.030974854277474,35.385870215204406,35.82226346547797,991454
2026-01-01,35.594581604003906,35.594581604003906,35.594581604003906,35.594581604003906,0
2026-01-02,35.39535903930664,36.04994891414048,35.253055161807225,35.253055161807225,1031595
2026-01-05,35.28151321411133,35.812776902771375,34.968449761444695,35.44279117737544,3486987
2026-01-06,35.09178161621094,35.490226692043876,34.911529551387254,35.29100415412741,1493744
2026-01-07,35.177162170410156,35.575607234344616,34.81666167046618,35.09178056829021,3629610
2026-01-08,34.75025177001953,35.215104312641614,34.55102563281527,35.17715975126059,2110973
2026-01-09,34.52256774902344,34.91152756619233,34.465649095105626,34.75025322150812,1878672
2026-01-12,34.50359344482422,34.80717166030234,34.218989320180704,34.43718593637199,1119107
2026-01-13,34.266422271728516,34.70281911711329,34.1051479302346,34.5794893378347,1580931
2026-01-14,33.70669937133789,34.30437056008434,33.67824004485303,34.26642237881268,1102823
2026-01-15,33.64029312133789,33.78259699695823,33.25133329610522,33.77310814181667,1003222
2026-01-16,33.22287368774414,33.83003012990831,33.16595141418955,33.260821870113865,1276401
2026-01-19,33.924896240234375,34.20001512811514,33.20389888534242,33.393636174189076,1437353
2026-01-20,33.716190338134766,34.24745043346551,33.6687569180428,34.01027971406772,1217532
2026-01-21,33.4126091003418,33.70669844981248,33.20389772799152,33.687724359695395,1686652
2026-01-22,33.36517333984375,33.40312152152722,33.09954330593508,33.22287308693745,1275438
2026-01-23,33.1849250793457,33.44106987864617,32.82442458933714,33.33671418793807,925046
2026-01-26,33.17544174194336,33.29876791171276,32.833915323330835,32.8434005598754,585070
2026-01-27,33.080570220947266,33.232359333358666,32.938269963714156,33.17544067804058,349499
2026-01-28,32.90980529785156,33.17543894489777,32.833912555079586,33.15646485447034,371305
2026-01-29,32.80545425415039,34.0766857820771,32.72955789006877,32.966728599417095,2413335
2026-01-30,33.15646743774414,33.91541301928316,32.729559417210325,33.19441562155559,2548833
2026-02-02,33.071083068847656,33.20389808214621,32.881345784590714,32.881345784590714,917744
2026-02-03,33.21338653564453,33.3746645095162,33.09006036502637,33.20390129903469,975308
2026-02-04,33.080570220947266,33.346203881870636,32.985703382791854,33.20390000569962,846368
2026-02-06,32.70109939575195,33.194414918031455,32.25521729276245,33.194414918031455,1078463
2026-02-09,31.961124420166016,32.7580181715518,31.704979612334377,32.70109951577005,1411811
2026-02-10,31.6765193939209,32.14137557705157,31.6290859757903,32.05599397684136,550397
2026-02-11,31.24012565612793,31.856770938756135,31.202177474656523,31.619600232966484,845126
2026-02-12,30.46220588684082,31.477296213313267,30.319902016463736,31.477296213313267,1483273
2026-02-13,30.357851028442383,30.452717865331124,30.139654408447996,30.357851028442383,768340
2026-02-16,30.073246002197266,30.822706295661686,29.98786440396793,30.357850123315803,757865
2026-02-17,29.817102432250977,30.632970266857015,29.219431220096197,30.348364324579375,1178371
2026-02-18,29.8740234375,30.3958001030496,29.693773185076033,29.703260230937186,616061
2026-02-19,28.545866012573242,30.338875951661244,28.365615771296337,30.338875951661244,1026049
2026-02-20,28.536380767822266,28.93482764714532,27.492829244883882,28.545867813695313,975712
2026-02-23,27.654104232788086,28.460485003103123,27.49282807872508,28.460485003103123,1434955
2026-02-24,27.492828369140625,27.938710463626002,26.895158973928403,27.521289505853176,1591714
2026-02-25,27.141817092895508,27.986144255820715,26.999513216900922,27.521289873453526,1635513
2026-02-26,27.654104232788086,27.93871016850046,26.582093427170854,27.14181644365606,1265056
2026-02-27,28.65970802307129,30.16811389896651,27.037461218506017,27.635130617696134,1544067
2026-03-02,25.98442268371582,27.065922363206553,25.804174245024814,25.804174245024814,1583727
2026-03-03,26.971054077148438,27.037461588025042,26.088778725287323,26.088778725287323,1366555
2026-03-04,26.591581344604492,27.046948685313527,26.525172024132413,26.933105945401785,858748
2026-03-05,27.568723678588867,27.692053464915624,26.762342877691147,27.511803213075197,513631
2026-03-06,27.88178825378418,28.033577364326096,27.511802523021874,27.530776614206843,422773
2026-03-09,26.49671173095703,27.378987052356806,25.529054810101222,27.378987052356806,990140
2026-03-10,27.758460998535156,28.555354754241925,27.492829143476577,27.492829143476577,834007
2026-03-11,27.729999542236328,27.9956313942412,27.42642131678445,27.84384228151526,1132932
2026-03-12,29.1200008392334,29.299999237060547,28.75,29.200000762939453,491276
2026-03-13,27.3799991607666,27.90999984741211,26.260000228881836,27.90999984741211,573163
2026-03-16,26.809999465942383,27.3799991607666,26.770000457763672,27.3799991607666,450247
2026-03-17,26.899999618530273,27.270000457763672,26.399999618530273,27.270000457763672,391576
2026-03-18,27.040000915527344,27.190000534057617,26.510000228881836,26.799999237060547,1206124
2026-03-19,26.90999984741211,26.989999771118164,26.700000762939453,26.989999771118164,502329
2026-03-20,26.90999984741211,26.90999984741211,26.90999984741211,26.90999984741211,0
2026-03-23,26.90999984741211,26.90999984741211,26.90999984741211,26.90999984741211,0
2026-03-24,27.09000015258789,27.5,27.030000686645508,27.030000686645508,376968
2026-03-25,27.34000015258789,27.43000030517578,27.010000228881836,27.059999465942383,979792
2026-03-26,26.700000762939453,27.34000015258789,26.549999237060547,27.34000015258789,679086
2026-03-27,26.68000030517578,26.899999618530273,26.600000381469727,26.700000762939453,387126
2026-03-30,25.09000015258789,26.950000762939453,24.010000228881836,26.700000762939453,2220971
2026-03-31,25.989999771118164,26.18000030517578,25.049999237060547,25.049999237060547,1035319
2026-04-01,26.510000228881836,27.0,26.209999084472656,26.229999542236328,1233756
2026-04-02,26.290000915527344,26.399999618530273,25.889999389648438,26.020000457763672,556664
2026-04-03,26.260000228881836,26.329999923706055,25.520000457763672,26.0,253623
2026-04-06,26.18000030517578,26.34000015258789,25.8799991607666,26.309999465942383,610233
2026-04-07,26.43000030517578,26.549999237060547,25.950000762939453,26.020000457763672,536930
2026-04-08,28.639999389648438,28.799999237060547,27.5,28.0,2513153
2026-04-09,27.739999771118164,28.5,27.5,28.5,1289064
2026-04-10,28.649999618530273,28.75,27.5,27.75,1346380
2026-04-13,28.170000076293945,28.329999923706055,27.770000457763672,28.0,1131346
2026-04-14,28.440000534057617,28.489999771118164,28.200000762939453,28.200000762939453,902597
2026-04-15,28.829999923706055,29.5,28.489999771118164,28.489999771118164,2138537
2026-04-16,29.059999465942383,29.200000762939453,28.799999237060547,29.0,686959
2026-04-17,29.020000457763672,29.5,28.940000534057617,29.459999084472656,1710919
2026-04-20,28.139999389648438,28.829999923706055,27.799999237060547,28.520000457763672,1764454
2026-04-21,27.969999313354492,28.5,27.799999237060547,28.100000381469727,1148411
2026-04-22,28.040000915527344,28.25,27.8799991607666,28.049999237060547,774428
2026-04-23,27.84000015258789,28.25,27.6200008392334,28.25,319971
2026-04-24,27.809999465942383,27.940000534057617,27.100000381469727,27.850000381469727,633735
2026-04-27,27.8700008392334,28.149999618530273,27.829999923706055,28.0,581626
2026-04-28,27.700000762939453,28.100000381469727,27.5,27.790000915527344,3459218
2026-04-29,27.700000762939453,27.700000762939453,27.700000762939453,27.700000762939453,0
2026-04-30,27.309999465942383,27.5,27.100000381469727,27.389999389648438,5129781
2026-05-04,27.329999923706055,28.25,27.200000762939453,27.309999465942383,797988
2026-05-05,26.989999771118164,27.5,26.700000762939453,27.31999969482422,994642
2026-05-06,27.280000686645508,27.5,27.0,27.049999237060547,1092077
2026-05-07,27.329999923706055,27.510000228881836,27.200000762939453,27.280000686645508,1815290
2026-05-08,27.399999618530273,27.600000381469727,27.100000381469727,27.200000762939453,1557763
2026-05-11,27.420000076293945,27.520000457763672,27.219999313354492,27.299999237060547,493716
2026-05-12,27.15999984741211,27.5,27.040000915527344,27.420000076293945,428036
2026-05-13,27.100000381469727,27.34000015258789,27.020000457763672,27.020000457763672,346712
2026-05-14,26.950000762939453,27.219999313354492,26.899999618530273,27.100000381469727,411125
2026-05-15,27.06999969482422,27.200000762939453,26.719999313354492,27.200000762939453,485058
2026-05-18,26.860000610351562,27.149999618530273,26.700000762939453,27.06999969482422,1002916
2026-05-19,26.950000762939453,27.170000076293945,26.889999389648438,26.889999389648438,342278
2026-05-20,27.09000015258789,27.25,26.969999313354492,27.09000015258789,348283
2026-05-21,27.1299991607666,27.399999618530273,27.0,27.25,442438
2026-05-22,27.100000381469727,27.209999084472656,27.020000457763672,27.1299991607666,207112
2026-05-25,27.389999389648438,27.989999771118164,27.200000762939453,27.440000534057617,661741
2026-05-26,27.389999389648438,27.389999389648438,27.389999389648438,27.389999389648438,0
2026-05-27,27.389999389648438,27.389999389648438,27.389999389648438,27.389999389648438,0
2026-05-28,27.389999389648438,27.389999389648438,27.389999389648438,27.389999389648438,0
2026-05-29,27.360000610351562,27.5,27.0,27.389999389648438,636973
2026-06-01,27.700000762939453,27.8799991607666,27.0,27.420000076293945,1100004
2026-06-02,27.889999389648438,28.100000381469727,27.700000762939453,27.700000762939453,1147964
2026-06-03,27.889999389648438,27.889999389648438,27.889999389648438,27.889999389648438,0
2026-06-04,27.799999237060547,27.969999313354492,27.56999969482422,27.889999389648438,942964
2026-06-05,27.65999984741211,27.84000015258789,27.5,27.799999237060547,659073
2026-06-08,27.40999984741211,27.549999237060547,27.34000015258789,27.5,418207
2026-06-09,27.43000030517578,27.59000015258789,27.399999618530273,27.40999984741211,414349
2026-06-10,27.610000610351562,27.729999542236328,27.299999237060547,27.690000534057617,393377
2026-06-11,27.469999313354492,27.600000381469727,27.31999969482422,27.5,315738
2026-06-12,27.469999313354492,27.469999313354492,27.469999313354492,27.469999313354492,0
2026-06-15,27.799999237060547,28.0,27.510000228881836,27.899999618530273,1279079
2026-06-16,28.3799991607666,28.479999542236328,27.75,27.799999237060547,1904666
2026-06-17,28.200000762939453,28.600000381469727,28.06999969482422,28.479999542236328,1111013
2026-06-18,28.110000610351562,28.479999542236328,28.049999237060547,28.200000762939453,919721
2026-06-19,28.15999984741211,28.649999618530273,27.899999618530273,28.1200008392334,2232548
2026-06-22,28.3799991607666,28.950000762939453,28.15999984741211,28.15999984741211,1977801
2026-06-23,28.260000228881836,28.649999618530273,28.15999984741211,28.5,703829
2026-06-24,28.280000686645508,28.610000610351562,28.049999237060547,28.059999465942383,1144184
2026-06-25,28.280000686645508,28.280000686645508,28.280000686645508,28.280000686645508,0
2026-06-26,28.280000686645508,28.280000686645508,28.280000686645508,28.280000686645508,0
2026-06-29,28.030000686645508,28.440000534057617,27.899999618530273,28.270000457763672,924516
2026-06-30,28.31999969482422,28.450000762939453,28.079999923706055,28.149999618530273,713485
2026-07-01,28.360000610351562,28.600000381469727,28.18000030517578,28.350000381469727,807153
2026-07-02,28.329999923706055,28.540000915527344,28.260000228881836,28.5,452851
2026-07-03,28.489999771118164,28.540000915527344,28.299999237060547,28.440000534057617,763334
2026-07-06,28.209999084472656,28.600000381469727,28.15999984741211,28.549999237060547,2705042
2026-07-07,27.920000076293945,28.3799991607666,27.899999618530273,28.25,1808618
2026-07-08,27.540000915527344,28.09000015258789,27.459999084472656,27.799999237060547,1470479
2026-07-09,28.020000457763672,28.25,27.5,27.520000457763672,6503436
2026-07-10,28.030000686645508,28.43000030517578,28.010000228881836,28.100000381469727,668315
2026-07-13,27.84000015258789,28.049999237060547,27.719999313354492,28.049999237060547,485142
2026-07-14,27.579999923706055,27.93000030517578,27.5,27.520000457763672,1663938
2026-07-15,27.700000762939453,28.0,27.520000457763672,27.520000457763672,480943
2026-07-16,27.93000030517578,28.0,27.709999084472656,27.709999084472656,670066
2026-07-17,27.790000915527344,27.93000030517578,27.600000381469727,27.93000030517578,395726
2026-07-20,27.790000915527344,27.860000610351562,27.530000686645508,27.700000762939453,479204
2026-07-21,27.75,28.010000228881836,27.700000762939453,27.809999465942383,635777
2026-07-22,27.729999542236328,27.899999618530273,27.700000762939453,27.75,441505
2026-07-23,27.559999465942383,27.889999389648438,27.459999084472656,27.6200008392334,378787
2026-07-24,27.40999984741211,27.84000015258789,27.360000610351562,27.559999465942383,525165
2026-07-27,27.75,27.950000762939453,27.700000762939453,27.700000762939453,398979
2026-07-28,27.719999313354492,27.920000076293945,27.610000610351562,27.8799991607666,369559
2026-07-29,27.600000381469727,27.780000686645508,27.559999465942383,27.6200008392334,271390
2026-07-30,27.3799991607666,27.649999618530273,27.010000228881836,27.600000381469727,753503
2026-07-31,27.510000228881836,27.639999389648438,27.299999237060547,27.389999389648438,308239
2026-08-03,27.700000762939453,27.75,27.450000762939453,27.540000915527344,711571
2026-08-04,29.110000610351562,29.25,27.520000457763672,27.520000457763672,3760614
2026-08-05,28.530000686645508,29.549999237060547,28.0,29.299999237060547,2794849
2026-08-06,28.850000381469727,29.059999465942383,28.25,28.25,1868231
2026-08-07,29.09000015258789,29.299999237060547,28.75,28.969999313354492,2184547
2026-08-10,28.829999923706055,29.25,28.75,29.100000381469727,610087
2026-08-11,28.309999465942383,29.100000381469727,28.200000762939453,28.520000457763672,1076314
2026-08-12,28.229999542236328,28.729999542236328,27.989999771118164,28.18000030517578,670876
2026-08-13,28.229999542236328,28.350000381469727,28.020000457763672,28.239999771118164,493881
2026-08-14,28.229999542236328,28.229999542236328,28.229999542236328,28.229999542236328,0
2026-08-17,28.079999923706055,28.3799991607666,28.020000457763672,28.3799991607666,385899
2026-08-18,28.079999923706055,28.079999923706055,28.079999923706055,28.079999923706055,0
2026-08-19,28.040000915527344,28.1200008392334,27.899999618530273,27.940000534057617,448550
2026-08-20,27.920000076293945,28.25,27.899999618530273,28.079999923706055,560426
2026-08-21,27.93000030517578,28.040000915527344,27.850000381469727,27.940000534057617,359687
2026-08-24,28.0,28.190000534057617,27.920000076293945,28.190000534057617,569389
2026-08-25,27.90999984741211,28.100000381469727,27.600000381469727,28.040000915527344,418074
2026-08-26,27.90999984741211,27.90999984741211,27.90999984741211,27.90999984741211,0
2026-08-27,27.729999542236328,28.190000534057617,27.600000381469727,27.940000534057617,585912
2026-08-28,27.5,27.989999771118164,27.399999618530273,27.639999389648438,420186
2026-08-31,27.469999313354492,27.719999313354492,27.399999618530273,27.520000457763672,322541
2026-09-01,27.3799991607666,27.639999389648438,27.329999923706055,27.450000762939453,171276
2026-09-02,27.18000030517578,27.5,27.010000228881836,27.290000915527344,387837
2026-09-03,27.059999465942383,27.5,27.0,27.059999465942383,202297
2026-09-04,27.0,27.229999542236328,26.950000762939453,27.170000076293945,1640316
2026-09-07,26.90999984741211,27.229999542236328,26.899999618530273,27.049999237060547,406935
2026-09-08,26.90999984741211,27.0,26.700000762939453,27.0,311321
2026-09-09,26.549999237060547,27.0,26.5,26.989999771118164,321424
2026-09-10,26.469999313354492,26.829999923706055,26.399999618530273,26.559999465942383,371930
2026-09-11,26.0,26.5,25.920000076293945,26.5,5888567
2026-09-14,25.760000228881836,26.020000457763672,25.739999771118164,26.010000228881836,474681
2026-09-15,25.940000534057617,26.0,25.799999237060547,25.850000381469727,288041
2026-09-16,25.989999771118164,26.010000228881836,25.799999237060547,26.0,463893
2026-09-17,26.260000228881836,26.450000762939453,25.799999237060547,26.0,491050
2026-09-18,26.510000228881836,26.790000915527344,26.0,26.299999237060547,695556
2026-09-21,26.6200008392334,26.799999237060547,26.350000381469727,26.350000381469727,330334
2026-09-22,26.579999923706055,26.75,26.479999542236328,26.75,483397
2026-09-23,26.65999984741211,26.979999542236328,26.5,26.979999542236328,361413
2026-09-24,26.440000534057617,26.649999618530273,26.399999618530273,26.520000457763672,790569
2026-09-25,26.530000686645508,26.600000381469727,26.299999237060547,26.299999237060547,867058
2026-09-28,26.6200008392334,26.719999313354492,26.440000534057617,26.530000686645508,449185
