Date,Close,High,Low,Open,Volume
2021-10-11,7.013128757476807,7.057861760570307,6.963425789378481,6.963425789378481,188000
2021-10-12,7.162238597869873,7.251704603908025,6.96342577779304,6.96342577779304,533500
2021-10-13,7.157268524169922,7.281526661561811,7.132417275897286,7.231823691009361,451500
2021-10-14,7.390873908996582,7.539983767736365,7.182120201562321,7.182120201562321,4828000
2021-10-15,7.53998327255249,7.853113813139221,7.306377858335632,7.306377858335632,8723000
2021-10-18,7.500220775604248,7.579745902676431,7.385903049932625,7.455487773124359,2272500
2021-10-19,7.500220775604248,7.500220775604248,7.500220775604248,7.500220775604248,0
2021-10-20,7.6443610191345215,7.674182708029582,7.554895004434945,7.564835883404764,1106500
2021-10-21,7.5698041915893555,7.728854902234343,7.46542782930106,7.644359345518689,2772500
2021-10-22,7.495250701904297,7.654300963799188,7.475369419167436,7.569805393665734,971500
2021-10-25,7.495250701904297,7.71891525119578,7.515131984641158,7.654300963799188,1548500
2021-10-26,7.699033737182617,7.748737179535281,7.644360329800411,7.704004176219314,8005500
2021-10-27,7.787085056304932,7.924666068075901,7.732052966494489,7.869633978265458,2428000
2021-10-28,7.737556457519531,7.897150412750543,7.704536783237635,7.886143679713271,708000
2021-10-29,7.610982418060303,7.770576389360201,7.572459898211007,7.759570180044675,1680000
2021-11-01,7.754065036773682,7.814600486217341,7.704535794124391,7.759568402585791,906500
2021-11-02,7.644001007080078,7.814601163400233,7.632994274502058,7.759569074999817,1498000
2021-11-03,7.605478286743164,7.732053092547516,7.5944720785336095,7.627491227992193,756500
2021-11-04,7.671517372131348,7.732053356253226,7.605478546131974,7.6109819128394065,1521500
2021-11-05,7.737556457519531,7.842117797224021,7.605478285221863,7.605478285221863,2249000
2021-11-08,7.765072822570801,7.847621752048962,7.655008108096543,7.759569980469556,2701500
2021-11-09,7.880640983581543,8.018222009271613,7.704537438643843,7.814602154229906,7271500
2021-11-10,7.759568691253662,7.880639594645005,7.721045653965625,7.880639594645005,1472500
2021-11-11,7.814600944519043,7.842117250363487,7.704536245971146,7.759568857660035,2177500
2021-11-12,7.847621440887451,7.996208668328664,7.732053364064314,7.737556730777306,4517500
2021-11-15,7.7045369148254395,7.9246663310313386,7.649504298359002,7.875137606007456,1897000
2021-11-16,7.820105075836182,7.952182727017203,7.704536999845305,7.732053308382168,3342500
2021-11-17,7.765072822570801,7.858627961081409,7.710040727748651,7.820105442222908,1342000
2021-11-18,7.787085056304932,7.8421176709452824,7.732052966494489,7.8421176709452824,1508000
2021-11-19,7.787085056304932,7.990705415576286,7.759569273814665,7.820104730055124,4765000
2021-11-22,7.737556457519531,7.952182503447147,7.704536783237635,7.759569398764157,2915500
2021-11-23,7.638497829437256,7.842117663690328,7.621988254992388,7.666014136731976,2070500
2021-11-24,7.599975109100342,7.704536444203666,7.500916615443585,7.577962168824383,5673000
2021-11-25,7.269781112670898,7.759569732464572,7.236761436968991,7.759569732464572,4732500
2021-11-26,7.132199764251709,7.5174264972703675,6.989115384183948,7.319310026674178,4743500
2021-11-29,7.258774757385254,7.330316954442209,7.110187521059246,7.110187521059246,576500
2021-11-30,7.264278411865234,7.335820611753019,7.236762100396088,7.29179472333438,416000
2021-12-01,7.220251560211182,7.3468263661512365,7.181729044191561,7.291793750554705,241000
2021-12-02,7.11018705368042,7.209245554606255,7.049651594686816,7.209245554606255,2035000
2021-12-03,7.148709297180176,7.20374191221714,7.09918004861289,7.126696356131372,3732500
2021-12-06,7.148709297180176,7.291793676412352,7.071664265924322,7.154212663649854,394000
2021-12-07,7.236761093139648,7.280786975430497,7.148709328557952,7.154212695051786,964500
2021-12-08,7.280787467956543,7.297297568554913,7.209245798016745,7.29179420168879,507000
2021-12-09,7.258774757385254,7.275284858511451,7.209246028496563,7.220252237750727,414500
2021-12-10,7.291794300079346,7.374342704865242,7.209245895293449,7.209245895293449,2180000
2021-12-13,7.286290168762207,7.291793535125252,7.15421252502855,7.291793535125252,1516500
2021-12-14,7.368839740753174,7.40185889218887,7.181729466517731,7.181729466517731,709500
2021-12-15,7.63299560546875,7.7320541166242025,7.297298075751923,7.3853498524101076,2633000
2021-12-16,7.418368816375732,7.594472890014871,7.374342929173441,7.4568918613002175,462000
2021-12-17,7.324813365936279,7.5669557179866915,7.291793691878085,7.429374704932388,981500
2021-12-20,7.4238715171813965,7.484407500273844,7.264277559189362,7.3468264839072654,335000
2021-12-21,7.379846096038818,7.583465950031952,7.335820210031112,7.583465950031952,248000
2021-12-22,7.335819721221924,7.423871487370166,7.330316354630177,7.3523292961672375,82000
2021-12-23,7.335819721221924,7.335819721221923,7.335819721221923,7.335819721221923,0
2021-12-24,7.3908514976501465,7.3908514976501465,7.231257558433786,7.247767131503101,177500
2021-12-27,7.330316543579102,7.418368311996998,7.291794026103756,7.401858736626127,211000
2021-12-28,7.236761093139648,7.291793708418167,7.225754884981894,7.264277400778908,339500
2021-12-29,7.5944719314575195,7.649504021099369,7.203741838231788,7.236760987050916,2867500
2021-12-30,7.473401069641113,7.671517552291868,7.434878551444287,7.5394398971913645,154000
2021-12-31,7.517426490783691,7.566955739597479,7.429374726150252,7.429374726150252,631500
2022-01-03,7.72654914855957,7.765071661658787,7.566955205224396,7.566955205224396,3010000
2022-01-04,7.781583309173584,7.803596253159832,7.699034375602665,7.803596253159832,783000
2022-01-05,7.968691349029541,8.007214386305176,7.759568688755504,7.814600774416615,3398500
2022-01-06,7.776080131530762,7.95218368771371,7.759570554346109,7.95218368771371,212000
2022-01-07,7.847621440887451,7.996208668328664,7.809098398726448,7.809098398726448,874500
2022-01-10,7.924666404724121,7.946679346549414,7.798092120436176,7.946679346549414,220000
2022-01-11,7.919163703918457,7.979699163808571,7.842118143742907,7.946679488067638,303500
2022-01-12,7.924666404724121,8.007215330191414,7.869634312575857,7.924666404724121,1087500
2022-01-13,8.067750930786133,8.095267239758801,7.875137817637329,7.875137817637329,1030500
2022-01-14,8.315397262573242,8.342913573533654,8.067751513589508,8.067751513589508,6776500
2022-01-17,8.221840858459473,8.254860531510671,8.177814977611142,8.254860531510671,318500
2022-01-18,8.260364532470703,8.309893783437898,8.122783513041798,8.22184149014625,786000
2022-01-19,8.260364532470703,8.364925876311498,8.172312764008993,8.309893783437898,2770500
2022-01-20,8.095267295837402,8.260364625987162,7.990705950812856,8.260364625987162,980000
2022-01-21,8.19432544708252,8.227344596796879,8.117279889699146,8.172312505662973,68500
2022-01-24,8.304389953613281,8.331906260930623,8.095266752763354,8.17231230828593,673000
2022-01-25,8.315397262573242,8.337410206375575,8.254861798324324,8.337410206375575,1280000
2022-01-26,8.38693904876709,8.40344914942955,8.254861392447125,8.364926106047095,2118000
2022-01-27,8.29338264465332,8.337408523370838,8.265866864077275,8.337408523370838,119000
2022-01-28,8.282378196716309,8.474991325812512,8.227345574214546,8.474991325812512,281500
2022-01-31,8.254859924316406,8.29338243601766,8.155801437279054,8.172311535005186,373500
2022-02-01,8.210835456848145,8.337409745507397,8.172312938530972,8.337409745507397,795000
2022-02-02,8.370429992675781,8.392442936762615,8.17231349589428,8.177816338293498,2192500
2022-02-03,8.326403617858887,8.419958755967523,8.260364789458077,8.375932870366983,1443500
2022-02-04,8.39244270324707,8.419959013797481,8.287881352951475,8.348416816298402,358500
2022-02-07,8.315397262573242,8.414455772098728,8.298887685928989,8.392442828296396,79500
2022-02-08,8.425461769104004,8.458480919503012,8.337409476770137,8.419958402427524,541000
2022-02-09,8.51351261138916,8.568544697683457,8.35391866892491,8.35391866892491,2977500
2022-02-10,8.568544387817383,8.777667567764848,8.530021876321486,8.612570265192653,4959500
2022-02-11,8.524519920349121,8.750152710423226,8.502506978020671,8.750152710423226,713000
2022-02-14,8.447474479675293,8.612571276809598,8.392441864077245,8.530022878242447,441500
2022-02-15,8.430963516235352,8.585054614189268,8.392441004161805,8.530022004230032,711000
2022-02-16,8.35391902923584,8.53002255270087,8.287880207936453,8.4749899392031,578000
2022-02-17,8.111776351928711,8.530022754902461,8.089763410973772,8.35391922726295,2404000
2022-02-18,8.150299072265625,8.221840733938228,8.095266459623739,8.095266459623739,121500
2022-02-21,8.0347318649292,8.144796577154953,8.029228498110426,8.089763958627103,111000
2022-02-22,8.106273651123047,8.155802903546194,7.990706095242308,7.990706095242308,463500
2022-02-23,8.144796371459961,8.249357714226267,8.00721535344486,8.00721535344486,78000
2022-02-24,7.913659572601318,8.062246787005343,7.891646632510726,7.897149998740846,699000
2022-02-25,8.117280006408691,8.254861023466466,7.886143855765235,7.886143855765235,1898000
2022-02-28,8.117280006408691,8.199828406711385,8.034731606105998,8.040234447917562,227000
2022-03-01,8.117280006408691,8.227344715088925,8.106273273125703,8.227344715088925,492500
2022-03-02,8.062248229980469,8.117280852471593,7.990706555503987,7.990706555503987,75000
2022-03-03,8.007214546203613,8.14479555034859,7.996207813953673,8.062246632963676,121000
2022-03-04,7.985202789306641,8.199828851672223,7.847621764783081,8.199828851672223,107000
2022-03-07,7.710040092468262,7.985202118396495,7.5669557130264025,7.930169503278883,425500
2022-03-08,7.952183246612549,7.979699556947326,7.732053813594264,7.814602219768629,391500
2022-03-09,7.875138759613037,7.9521838041562365,7.787086455402231,7.9521838041562365,185000
2022-03-10,8.331905364990234,8.42546048491115,7.9246652151104255,7.9246652151104255,3309500
2022-03-11,8.337409019470215,8.364925326513431,8.144795919827514,8.254860623170472,255000
2022-03-14,8.298887252807617,8.331906929202798,8.144796654233325,8.144796654233325,75000
2022-03-15,8.304389953613281,8.331906260930623,8.16680894185648,8.16680894185648,455000
2022-03-16,8.51901626586914,8.530022999076635,8.304390216622235,8.33740936658487,1637500
2022-03-17,8.425461769104004,8.53002311180744,8.392442093875061,8.519016378454483,184000
2022-03-18,8.375932693481445,8.530023289829202,8.254861248221808,8.364925959898777,1790500
2022-03-21,8.370429992675781,8.39794630399182,8.309894527644484,8.342913681359743,1482000
2022-03-22,8.227344512939453,8.58505546339851,8.199828205238,8.315396277720168,3287000
2022-03-23,8.227344512939453,8.227344512939453,8.227344512939453,8.227344512939453,0
2022-03-24,8.359421730041504,8.39244140255046,8.155801903254293,8.282376702237087,2176000
2022-03-25,8.249358177185059,8.36492625979669,8.205332290935862,8.320900373547493,307500
2022-03-28,8.19432544708252,8.337409303894612,8.161305772538238,8.331906462162166,286500
2022-03-29,8.199828147888184,8.337409160603286,8.177815206846963,8.25486076290619,523000
2022-03-30,8.183319091796875,8.254861285921118,8.133789840108557,8.199828667416332,572000
2022-03-31,8.276874542236328,8.331907162828086,8.20533234539903,8.20533234539903,361500
2022-04-01,8.282378196716309,8.375933340071317,8.177816318928956,8.337410294388087,370500
2022-04-04,7.957685947418213,8.227344611496946,7.869634181582701,7.97969888887709,392000
2022-04-05,8.238350868225098,8.353918935408492,7.990705159926365,7.990705159926365,263500
2022-04-06,8.084259033203125,8.337408084931445,8.012717377671724,8.243852966369033,513000
2022-04-07,7.996208667755127,8.16680936203607,7.979699092447274,8.16680936203607,206000
2022-04-08,8.067750930786133,8.11728018197095,7.9796991619375435,7.9796991619375435,608000
2022-04-11,8.491500854492188,8.535526739590932,8.199828709675563,8.282377637858172,2292000
2022-04-12,8.546533584594727,8.667605040042961,8.26036531015252,8.574049896037051,1216500
2022-04-13,8.667604446411133,8.860218088485583,8.474990804336683,8.530023423452226,2789000
2022-04-14,8.772165298461914,8.799681606468637,8.640087649825556,8.667603957832279,460500
2022-04-15,8.810688972473145,8.860218225476936,8.69512089040762,8.860218225476936,3698500
2022-04-18,9.471076011657715,9.471076011657715,8.871223787229146,8.871223787229146,9666000
2022-04-19,9.68570327758789,9.971872029232442,9.520605436411511,9.740735891313351,9920000
2022-04-20,10.412131309509277,10.412131309509277,9.663690248257073,9.713219497878754,9556500
2022-04-21,10.885411262512207,11.144063216069325,10.412132192506478,10.456158079274923,19980500
2022-04-22,10.461660385131836,11.50177251056822,10.269046756435513,10.89641584166256,19593500
2022-04-25,11.243121147155762,11.243121147155762,10.31857652276999,10.511190161127006,9810500
2022-04-26,12.085115432739258,12.08511543273926,11.556804857381389,11.63935325357358,17917000
2022-04-27,11.76042652130127,12.354776509460264,11.446740901454644,12.354776509460264,6403000
2022-04-28,12.624435424804688,12.640944476384442,11.287147664527502,11.556806353482912,12146500
2022-04-29,12.624435424804688,12.624435424804688,12.624435424804688,12.624435424804688,0
2022-05-02,12.624435424804688,12.624435424804688,12.624435424804688,12.624435424804688,0
2022-05-03,12.624435424804688,12.624435424804688,12.624435424804688,12.624435424804688,0
2022-05-04,12.624435424804688,12.624435424804688,12.624435424804688,12.624435424804688,0
2022-05-05,12.624435424804688,12.624435424804688,12.624435424804688,12.624435424804688,0
2022-05-06,13.570991516113281,13.570991516113281,12.795034659448545,12.899596526914392,6668500
2022-05-09,13.868167877197266,14.583588794417947,12.684970210752393,14.033264688968213,27005500
2022-05-10,13.741592407226562,14.13782643124259,13.317843647718195,14.13782643124259,12421000
2022-05-11,13.400390625,13.758101042164311,13.114221871404629,13.620520031742668,11273000
2022-05-12,13.631526947021484,13.857159723161427,13.04268038247774,13.290325574756793,3751496
2022-05-13,14.22037410736084,14.649627261486174,13.488443133437555,13.675553401928608,11699839
2022-05-16,14.858749389648438,15.28249916119751,13.548978609003825,13.895682299578631,18143611
2022-05-17,14.528556823730469,15.299010395886633,14.319434116156929,14.990829176956163,11484953
2022-05-18,14.170845031738281,14.864253497114563,13.983734760938654,14.528555473092903,4027163
2022-05-19,14.214871406555176,14.550569442160262,13.928702623733134,14.038767863175432,3713862
2022-05-20,13.857160568237305,14.30842614803752,13.785617849687581,14.033264106729108,1706229
2022-05-23,13.587504386901855,13.741594486526417,13.389387344915898,13.510458287429493,2124721
2022-05-24,13.471932411193848,13.725082018497002,13.37287391484304,13.488442510472256,2029789
2022-05-25,13.719578742980957,13.85715975556655,13.279318872911164,13.482939233388166,1990088
2022-05-26,14.19285774230957,14.264399406903662,13.725082090241044,13.725082090241044,1947230
2022-05-27,14.913782119750977,15.254982446483453,14.390973846959808,14.473522245384773,5290624
2022-05-30,15.299007415771484,15.849331438636067,15.051362235278285,15.133910628776018,3551021
2022-05-31,14.924789428710938,15.249479668423842,14.754188209101594,15.139415482829941,1057571
2022-06-01,14.693652153015137,15.040355833183,14.655128588854444,15.040355833183,413539
2022-06-02,14.231380462646484,14.748684320934323,14.033263466058045,14.539561640937514,565020
2022-06-03,13.416900634765625,14.578084781725684,13.31784318188637,14.578084781725684,1870951
2022-06-06,13.350861549377441,13.593004424745672,12.987647761155007,13.152744555925269,961513
2022-06-07,13.554482460021973,14.275407804800796,13.433411532872679,13.433411532872679,2279226
2022-06-08,13.026169776916504,13.758100691730156,12.822549424828594,13.593003903293308,3320182
2022-06-09,12.690471649169922,13.235292304808489,12.629936720538817,13.015162906014083,1720603
2022-06-10,13.372875213623047,13.593005693408381,12.519873278264592,12.657454303300467,7330874
2022-06-13,13.086706161499023,13.427906481420619,12.932615051097773,13.427906481420619,2188178
2022-06-14,12.987649917602539,13.180263576588974,12.822552045759881,13.14174000506369,909791
2022-06-15,12.938117980957031,13.207776627815763,12.932614614736268,13.042679839831978,706372
2022-06-16,12.690471649169922,13.042679736900741,12.60241988965216,12.833556020801227,1251438
2022-06-17,12.817049026489258,13.031675093510676,12.67946799898118,12.767519772613554,1003396
2022-06-20,12.657453536987305,12.965634720504845,12.602420920372781,12.965634720504845,855892
2022-06-21,13.604009628295898,13.604009628295898,12.64094257688799,12.740001070121227,5284544
2022-06-22,14.203865051269531,14.446007954700725,13.482940757720678,13.840651220952708,6772033
2022-06-23,14.330437660217285,14.578082833815113,14.225875804879673,14.352450074695879,2855796
2022-06-24,13.257306098937988,14.418490149713996,13.257306098937988,14.418490149713996,3116136
2022-06-27,13.361869812011719,13.537973359837254,13.15274606172394,13.262811303944872,1265367
2022-06-28,13.224287986755371,13.482939925822157,13.180262102453366,13.482939925822157,531560
2022-06-29,13.064693450927734,13.328848755745073,12.932615798519066,13.235293620748115,400992
2022-06-30,12.99865436553955,13.202273673765832,12.795034007653458,12.888589137007639,622990
2022-07-01,13.317842483520508,13.47743591284039,12.927111860623176,13.152744638059447,571706
2022-07-04,13.548979759216309,13.785618239722425,13.207778356489957,13.262810976240647,1664339
2022-07-05,13.846153259277344,13.97823090765759,13.378377598559897,13.548978812836745,3229245
2022-07-06,13.884676933288574,14.198361505555747,13.763606007926136,13.763606007926136,3212579
2022-07-07,13.769107818603516,14.434999407320324,13.703068471541279,13.895682096674673,7320260
2022-07-08,13.769107818603516,13.769107818603516,13.769107818603516,13.769107818603516,0
2022-07-11,13.769107818603516,13.769107818603516,13.769107818603516,13.769107818603516,0
2022-07-12,13.769107818603516,13.769107818603516,13.769107818603516,13.769107818603516,0
2022-07-13,13.692061424255371,13.961721123044079,13.488442120671802,13.961721123044079,2266228
2022-07-14,13.961721420288086,14.099302430915182,13.537971655638273,13.752597696325404,3855083
2022-07-15,13.78011417388916,14.0387660893393,13.703068096150565,13.868165934453453,1641966
2022-07-18,13.730587005615234,13.81313541243125,13.350863074669634,13.587502610626169,1103375
2022-07-19,13.312339782714844,14.088296651169593,13.136236245144953,13.75810199339611,4008294
2022-07-20,13.2352933883667,13.427907021703275,13.152744988268127,13.372874405084275,1031992
2022-07-21,13.026169776916504,13.317841889458705,12.960130431745895,13.246299178052231,1104426
2022-07-22,13.27381706237793,13.427907130568572,12.877583059236583,12.932615676301754,1917652
2022-07-25,14.19285774230957,14.264399406903662,13.097711959959799,13.207777189738213,7995902
2022-07-26,14.858749389648438,15.238473279066426,14.363457953258788,14.407483835389872,11112776
2022-07-27,15.684236526489258,15.865843433756948,14.534059097240588,14.968815631109848,10211033
2022-07-28,16.63629722595215,16.85642665515838,15.436590524703295,15.821817813059136,16952144
2022-07-29,16.218050003051758,17.14259461076528,16.09697908524541,16.68032230690852,9967880
2022-08-01,15.926382064819336,16.30610499330496,15.821820176703259,16.124498055871815,2727538
2022-08-02,15.898862838745117,16.399657683429957,15.52464228454987,15.68423677664016,4308238
2022-08-03,15.887856483459473,16.34462542304341,15.684236114162111,15.997920668499775,3837381
2022-08-04,15.755778312683105,16.163019064995588,15.612694972276989,15.959398688839347,3551665
2022-08-05,16.933473587036133,16.933473587036133,15.601689161852304,15.695244305137697,1983341
2022-08-08,16.933473587036133,16.933473587036133,16.933473587036133,16.933473587036133,0
2022-08-09,16.933473587036133,16.933473587036133,16.933473587036133,16.933473587036133,0
2022-08-10,17.90754508972168,18.19921616442123,17.670905580290842,18.19921616442123,17939548
2022-08-11,18.04512596130371,18.21572507189635,17.74795047280606,17.94056304906215,6258928
2022-08-12,19.332883834838867,19.393419814258984,18.10566149521507,18.10566149521507,20714916
2022-08-15,19.58751106262207,20.245808884518638,19.332884757170163,19.873187565296753,5513549
2022-08-16,18.97268295288086,19.62477261934706,18.89815916413483,19.581300211822832,3333584
2022-08-17,19.953922271728516,20.171284304584667,18.72426793903273,18.904369262866958,6681406
2022-08-18,19.233516693115234,20.18370379029043,19.096888970813254,20.059495908536523,5540444
2022-08-19,18.836055755615234,19.252150672367122,18.736689911423827,18.941632113135395,2178828
2022-08-22,18.81742286682129,19.034786079610054,18.351645061360024,18.7118465168687,3456607
2022-08-23,18.7863712310791,19.252149030196765,18.649743503103565,18.941630497451655,3699473
2022-08-24,18.46343231201172,18.972682533820446,18.382698011897702,18.873316694664314,2778245
2022-08-25,18.326805114746094,18.600061772676106,17.947972101561366,18.600061772676106,2632241
2022-08-26,17.867238998413086,18.44480373448485,17.70576919809474,18.258491879717056,2118235
2022-08-29,17.656084060668945,17.823764353582153,17.295882608041055,17.823764353582153,1211325
2022-08-30,17.84860610961914,18.258490500805035,17.656084940312862,18.003865384599685,2284231
2022-08-31,18.047338485717773,18.28333325609784,17.792713359725916,17.848606795629912,1724742
2022-09-01,17.923128128051758,18.320591427426375,17.885865055334836,18.252276978646087,1443114
2022-09-02,17.693347930908203,18.084601991440234,17.63745449368934,17.885869112142984,653508
2022-09-05,17.705766677856445,17.879657480647904,17.562928438706773,17.879657480647904,646592
2022-09-06,18.003864288330078,18.12186166179993,17.58155889657203,17.63745232692437,2673012
2022-09-07,17.87965965270996,18.35164683206138,17.854817598778663,18.19638754859374,2591440
2022-09-08,18.69942855834961,18.879528711969854,17.79271372313649,18.00386644430115,6734169
2022-09-09,18.475852966308594,18.879526827825302,18.444801586397393,18.78637150355748,2404913
2022-09-12,18.56279754638672,18.848475213053813,18.38890792579598,18.569008059198417,3489988
2022-09-13,18.494483947753906,18.817422316516904,18.44480103067235,18.562797218407177,1203065
2022-09-14,18.239858627319336,18.53795612617515,18.121861256488597,18.39511788937351,1426539
2022-09-15,17.72439956665039,18.506905277503858,17.606402184888502,18.370277540671438,3751238
2022-09-16,18.27712059020996,18.382696936202144,17.35177552688278,17.792711264269204,3978942
2022-09-19,17.99765396118164,18.438590895782752,17.94797104308207,18.277121115825597,1618594
2022-09-20,17.96039390563965,18.19017816568522,17.885868928601152,18.003866315356138,1511354
2022-09-21,17.730609893798828,18.227440317097017,17.54429922539597,18.13428498289559,2198454
2022-09-22,17.587770462036133,17.941761419099286,17.34556637236856,17.941761419099286,1518703
2022-09-23,17.221357345581055,17.68713513939288,17.140623049182043,17.68713513939288,909958
2022-09-26,17.59398078918457,17.78650195625608,17.109571430435917,17.22756880972102,1851105
2022-09-27,18.065967559814453,18.165333391294702,17.451141033330117,17.63124115868776,3028814
2022-09-28,18.0349178314209,18.53174703426958,18.010075779011338,18.246069354230897,2153969
2022-09-29,17.873449325561523,18.128074458340226,17.823766401715297,18.022498097100204,1219066
2022-09-30,17.730609893798828,17.910711233184685,17.699558510576466,17.774083488658214,502374
2022-10-03,18.090810775756836,18.227439700193475,17.575350013784618,17.612613093831502,1354594
2022-10-04,17.941761016845703,18.32680453096067,17.854816203947003,18.10323080118203,1971402
2022-10-05,17.941761016845703,18.22743869206666,17.842395177951694,18.041126855739712,1021366
2022-10-06,18.600061416625977,18.786372070787024,18.010075704225574,18.010075704225574,3926616
2022-10-07,18.842266082763672,19.22109910033411,18.20259743063453,18.687006804681925,8727886
2022-10-10,20.214757919311523,20.252020999628993,19.314254799923614,19.37635874925175,11569528
2022-10-11,21.164945602416992,21.612090705505263,20.35138614481359,20.49422439418178,12636664
2022-10-12,19.98497200012207,21.23325539959962,19.699294347717007,21.21462504662882,5606444
2022-10-13,19.599929809570312,20.028445724175747,19.345304702878412,19.93528921504058,3082843
2022-10-14,19.929080963134766,20.41348915103875,19.38256764276324,19.568879486563013,6505261
2022-10-17,19.823505401611328,20.680536126933685,19.618563194390703,19.873188325042562,5776947
2022-10-18,19.941503524780273,20.171286609928092,19.748981152912844,19.93529182652104,2174702
2022-10-19,19.922874450683594,20.27686546404812,19.873190337686307,19.929083780273807,1444834
2022-10-20,19.724136352539062,20.171282590826053,19.68687446214868,19.966341601411887,1144837
2022-10-21,19.36393928527832,19.798664596591898,18.941633817205286,19.668247358558144,1782368
2022-10-24,18.891948699951172,19.7179279986552,18.786372345175426,19.71171748548789,2396531
2022-10-25,18.419958114624023,19.05341616605903,18.264698857970394,18.941629311742954,2427980
2022-10-26,17.17167854309082,18.320597613379114,17.09715474156214,18.320597613379114,5534578
2022-10-27,17.91071128845215,18.258491756659996,17.17167675704292,17.17167675704292,6420425
2022-10-28,17.488405227661133,18.010076503916633,17.35798800086441,17.9479725549273,1509761
2022-10-31,17.507036209106445,17.72439943136636,17.451142775252915,17.500825695952244,544904
2022-11-01,17.935550689697266,18.227438880940436,17.51945579081666,17.69334660295016,3155576
2022-11-02,17.885868072509766,18.10323129522263,17.544298140056878,18.10323129522263,1805371
2022-11-03,17.96039390563965,18.38269934494438,17.854817545813464,17.885868928601152,3400835
2022-11-04,17.656084060668945,17.92934070269037,17.519455147391128,17.544297198726806,1270072
2022-11-07,18.022497177124023,18.258490757213487,17.71197862280225,17.71197862280225,2702950
2022-11-08,17.829973220825195,18.10322985578061,17.79271132931942,18.016285047422414,957273
2022-11-09,17.829973220825195,17.829973220825195,17.829973220825195,17.829973220825195,0
2022-11-10,17.842395782470703,18.152914335668736,17.761661479834295,17.823765427380756,2075012
2022-11-11,17.774084091186523,17.99144615018016,17.70576962434031,17.89208029905896,783218
2022-11-14,19.10310173034668,19.10310173034668,17.64366427847636,17.736819608482065,10227268
2022-11-15,19.308042526245117,20.16507434286332,19.19625566455281,19.550246603555642,17834060
2022-11-16,19.432252883911133,19.67445699201196,18.96026451039423,19.314255494398317,5777786
2022-11-17,19.190048217773438,19.71793004647573,19.07205082440836,19.44467336140612,3423647
2022-11-18,18.966472625732422,19.245938595618323,18.848475251140133,19.127941221026035,1709863
2022-11-21,19.152786254882812,19.55646017504721,19.00994799128431,19.127944199717305,2275531
2022-11-22,19.258359909057617,19.469512610100605,19.00373480212946,19.127941506867902,3000663
2022-11-23,18.991313934326172,19.339094368835667,18.960262554016733,19.339094368835667,1014258
2022-11-24,18.935422897338867,19.09068218759373,18.879529458084367,18.885739971838685,1181645
2022-11-25,19.134151458740234,19.587509412118287,18.978892193968978,19.065838187724125,7912313
2022-11-28,18.593849182128906,18.910578212507282,18.357854445203465,18.600059694630538,3107685
2022-11-29,18.61869239807129,18.842266138217973,18.506905527997947,18.631113424642614,943589
2022-11-30,18.20259666442871,18.755320476617126,18.134283390431584,18.62490207256036,1522724
2022-12-01,18.047338485717773,18.370278074377705,18.01007658995988,18.308174125091668,1113217
2022-12-02,17.761661529541016,18.196386794514293,17.699557581820756,18.196386794514293,2176299
2022-12-05,17.376617431640625,17.82997422142775,17.264830566315748,17.823764892940137,2379302
2022-12-06,17.233781814575195,17.46356609329801,17.0474711336368,17.295885769732802,1023991
2022-12-07,17.41387939453125,17.699555868035425,17.27725048586911,17.27725048586911,1398097
2022-12-08,17.153045654296875,17.513247133968328,17.09715221912938,17.401460263633343,732272
2022-12-09,17.221357345581055,17.593979817537353,17.05367705552059,17.153044074638565,851379
2022-12-12,15.991705894470215,17.42009080152179,15.935812458717088,17.42009080152179,3980781
2022-12-13,15.414140701293945,16.153175185263102,15.339616912300405,15.8799185283735,1961214
2022-12-14,15.482455253601074,15.743290885696114,15.370668384912591,15.463823713974902,1152756
2022-12-15,14.768261909484863,15.525926706321016,14.625422483540717,15.519716193494384,1836304
2022-12-16,14.488795280456543,14.904890178658803,14.408060979850543,14.904890178658803,865830
2022-12-19,14.457743644714355,14.563319995665653,13.867757945068709,14.314904216109028,2683231
2022-12-20,13.824286460876465,14.842786960653928,13.538608769149675,14.377009119726287,3344919
2022-12-21,14.855206489562988,14.855206489562988,13.824285067017133,13.824285067017133,2415610
2022-12-22,15.966864585876465,15.966864585876465,15.966864585876465,15.966864585876465,768059
2022-12-23,15.960653305053711,16.69968657161225,15.650134767480946,16.016546736579546,4504939
2022-12-26,17.153045654296875,17.153045654296875,15.966863673713435,15.966863673713435,4321080
2022-12-27,16.463695526123047,17.699559352825318,16.14696642713889,17.687138325131574,3629114
2022-12-28,16.053810119628906,16.73695120260905,15.718449499343729,16.395380068851814,1425546
2022-12-29,16.289804458618164,16.693478376606034,15.91097259566186,15.966864850414117,1630225
2022-12-30,16.084861755371094,16.457484277813357,15.9854959073244,16.30222499217361,997672
2023-01-02,16.227699279785156,16.364328203069483,15.873708314065379,15.873708314065379,666937
2023-01-03,16.432641983032227,17.252411994221088,15.960654803985449,16.227699776368592,5420765
2023-01-04,16.15938377380371,16.575478630484668,16.0910693215842,16.457481263342093,742830
2023-01-05,15.997917175292969,16.333276621365393,15.960655277848113,16.178017333388407,486655
2023-01-06,16.184228897094727,16.58169350558694,16.091073555171427,16.14075648316615,2974420
2023-01-09,15.432771682739258,15.842656060984545,15.215408467722098,15.842656060984545,2547533
2023-01-10,15.650136947631836,15.898551575388739,15.556980425755414,15.712239716170277,1330575
2023-01-11,15.594240188598633,15.743288933523095,15.401717856603842,15.681184993671037,839504
2023-01-12,16.761791229248047,16.761791229248047,15.594241999490281,15.594241999490281,4309235
2023-01-13,17.109569549560547,17.569137990037575,16.159383660266286,16.76178914754264,5866426
2023-01-16,17.407670974731445,18.13428445563083,16.830106261127533,18.128073942260066,7656818
2023-01-17,16.63137435913086,17.606402439744905,16.52579800224393,17.51324710944098,3162478
2023-01-18,16.69968605041504,16.823893935381303,16.246329283996282,16.370537168962546,1962873
2023-01-19,16.233909606933594,16.985365122778234,15.594242144470723,16.892209793583415,2147898
2023-01-20,15.867497444152832,16.252540967662558,15.805394681729494,16.252540967662558,1262446
2023-01-23,15.333407402038574,15.960655059009452,14.948363851939908,15.960655059009452,2537052
2023-01-24,15.84886646270752,16.084860030376074,15.246459740927458,15.370667629932518,2285314
2023-01-25,16.358118057250977,16.457483903034856,15.805395392011354,15.991706056722549,2821363
2023-01-26,16.600322723388672,16.892210941782775,16.358118614112172,16.631375291587172,2838465
2023-01-27,15.755711555480957,16.923260768005143,15.687397096265574,16.643793602609705,5393473
2023-01-30,15.0477294921875,15.712239036910008,14.966995185857149,15.61287319010296,2693649
2023-01-31,15.12225341796875,15.401719398479324,14.998045525830106,15.20919823174525,1419230
2023-02-01,15.227832794189453,15.619085718395494,15.060152461872086,15.215411765602726,3305545
2023-02-02,15.153305053710938,15.240251053484668,15.060149725306616,15.184357619535222,1013961
2023-02-03,15.420352935791016,15.575612228815306,15.153306762263735,15.165727789993934,3805565
2023-02-06,15.563189506530762,15.737080322216736,15.463823664577141,15.68118688805104,2148402
2023-02-07,15.538348197937012,15.824024689323746,15.401719280722281,15.594241630518631,2247587
2023-02-08,16.302223205566406,16.69968655419403,15.61908218671202,15.650134751157438,13157316
2023-02-09,16.40780258178711,16.892212015669788,16.302226212269133,16.45127499549432,4955223
2023-02-10,16.227699279785156,16.76800209056512,16.022757079392953,16.209068924453142,7030486
2023-02-13,15.966864585876465,16.476116044776866,15.898551304740232,16.333276599780685,2183762
2023-02-14,15.84886646270752,16.146963974878606,15.805394056916013,16.053808650391918,2321227
2023-02-15,15.724658966064453,15.96065372415577,15.637714152311991,15.942022184979852,1436977
2023-02-16,15.867497444152832,16.134543586896537,15.681186787814289,15.867497444152832,2865157
2023-02-17,15.867497444152832,16.047598771876455,15.774342115983561,15.898550009898766,1326478
2023-02-20,15.55076789855957,15.985493111600597,15.48866395825824,15.929599683782815,1225066
2023-02-21,15.575611114501953,15.712238856156295,15.532138705090768,15.63150455075471,595414
2023-02-22,15.519715309143066,15.743289020025259,15.476242906368006,15.65013370200239,702648
2023-02-23,15.289933204650879,15.52592677036538,15.190566183549068,15.52592677036538,2042213
2023-02-24,15.1470947265625,15.389300004829298,15.09741180516777,15.33961708343457,1403407
2023-02-27,15.165725708007812,15.33340600574276,15.09120073639198,15.147094168970295,419954
2023-02-28,15.022887229919434,15.277512336821948,14.93594123362364,15.215408392191872,745960
2023-03-01,15.097412109375,15.339617392522145,14.904890933157983,15.140884518404555,1663600
2023-03-02,15.029098510742188,15.302353985821659,14.99804594457342,15.184357787983183,957422
2023-03-03,15.339616775512695,15.563189325033917,14.960783767148518,15.022887713778847,2093950
2023-03-06,15.67497730255127,15.86749848466357,15.339617862243854,15.432773196521783,2251111
2023-03-07,15.681187629699707,15.83644691316208,15.594242810011762,15.774342962870264,1712155
2023-03-08,15.619084358215332,15.799185703435391,15.588032973987092,15.774343648425296,407607
2023-03-09,15.69981861114502,15.799184454260207,15.606662096757034,15.706029124406506,781048
2023-03-10,15.910971641540527,16.047599382417932,15.674976871029912,15.77434271612881,1384446
2023-03-13,15.917181015014648,16.11591389030389,15.836446709845825,15.960654608834812,1047040
2023-03-14,15.320985794067383,16.02275721830217,14.966994825278682,15.848867582846278,3180247
2023-03-15,15.116043090820312,15.370668206755337,14.873839001158768,15.029098275974478,1634884
2023-03-16,15.153305053710938,15.246460382115258,15.091201106596634,15.122253672420918,694602
2023-03-17,15.519715309143066,15.718446970134288,15.07256907191282,15.153303364990204,2152767
2023-03-20,15.786762237548828,15.898549098759199,15.414139761692324,15.414139761692324,2629319
2023-03-21,15.792975425720215,15.929603176714604,15.681188545572805,15.867499222795555,665090
2023-03-22,15.494876861572266,15.898550759015823,15.432772911688414,15.805395426457206,957666
2023-03-23,15.494876861572266,15.494876861572266,15.494876861572266,15.494876861572266,0
2023-03-24,15.476245880126953,15.519718291255234,15.352037975873838,15.49487742112523,248921
2023-03-27,15.544560432434082,15.606663200371916,15.339618218449873,15.339618218449873,214525
2023-03-28,15.519715309143066,15.594240274281843,15.488663931313491,15.544557359034037,170760
2023-03-29,15.619084358215332,15.650136926977954,15.43277368377713,15.619084358215334,618820
2023-03-30,15.63150405883789,15.768131796192616,15.48245529503248,15.48245529503248,356267
2023-03-31,15.743289947509766,15.973072999867775,15.662554465141879,15.817813732504826,1007805
2023-04-03,15.917181015014648,16.016548044926424,15.836446709845825,15.923391528417529,563795
2023-04-04,15.407929420471191,16.016546651112108,15.22161877273541,15.960653219884533,2287810
2023-04-05,15.556538581848145,15.806469215260833,15.367400876469324,15.806469215260833,1561280
2023-04-06,15.718656539916992,15.941568244123841,15.678126202137383,15.779450758191155,840641
2023-04-07,15.81998062133789,16.002363285541943,15.678127008602964,15.928058950852444,446292
2023-04-10,16.177989959716797,16.346862500889642,15.678126104057359,15.819979708608075,1784498
2023-04-11,16.319839477539062,16.535996087033087,16.191496007503854,16.475201879563514,1705337
2023-04-12,16.46169662475586,16.52924461356306,16.306332900671524,16.407657460672922,929702
2023-04-13,16.610301971435547,16.718380286376878,16.30633090541609,16.481958489294538,1729471
2023-04-14,16.610301971435547,16.610301971435547,16.610301971435547,16.610301971435547,0
2023-04-17,17.089900970458984,17.393872065604352,16.95480370803514,17.29254879668765,3665733
2023-04-18,16.7589111328125,17.18447067095815,16.718382082454198,17.18447067095815,1778688
2023-04-19,16.914274215698242,17.022352538168274,16.718381450974285,16.887253990883117,1692828
2023-04-20,17.049373626708984,17.22500124499085,16.758912615258033,16.914276350765903,2174353
2023-04-21,17.049373626708984,17.049373626708984,17.049373626708984,17.049373626708984,0
2023-04-24,17.049373626708984,17.049373626708984,17.049373626708984,17.049373626708984,0
2023-04-25,17.049373626708984,17.049373626708984,17.049373626708984,17.049373626708984,0
2023-04-26,17.501949310302734,17.832939322138902,16.887253389979108,17.157449186539736,4112585
2023-04-27,17.765466690063477,17.933824709398504,17.50194881898913,17.721546114107383,3511138
2023-04-28,18.241260528564453,18.59261673549536,17.648346754847868,17.860623939639908,3078563
2023-05-01,18.241260528564453,18.241260528564453,18.241260528564453,18.241260528564453,0
2023-05-02,18.512100219726562,18.797576990206682,18.007024752121616,18.153422487372577,3857792
2023-05-03,18.373022079467773,18.63653857422192,18.285182317105953,18.556020304569714,988142
2023-05-04,18.24858283996582,18.44622125392549,18.22662255080398,18.263223032740378,482406
2023-05-05,18.226621627807617,18.556018967726384,18.153422063807273,18.204662735923403,467757
2023-05-08,18.03630256652832,18.44621954934251,18.00702357985045,18.233940962224573,346915
2023-05-09,17.545869827270508,18.036305140565048,17.458031458535615,17.867947103685083,807012
2023-05-10,17.721546173095703,17.772786845215037,17.421429217224524,17.47998858919535,238650
2023-05-11,17.999706268310547,18.043625453203465,17.721548172935396,17.816708035730052,652718
2023-05-12,18.226621627807617,18.592618051643775,17.794745735987703,18.007024331972143,1636529
2023-05-15,19.14893341064453,19.339251724813145,18.446220924020984,18.47549991288083,7386847
2023-05-16,19.741846084594727,20.16640186933336,19.229451942277354,19.405130053600352,8177517
2023-05-17,19.7784481048584,20.049284690689515,19.610090076242773,19.946806133474027,3554236
2023-05-18,19.536890029907227,19.983404729813174,19.405131090334276,19.910206559975396,1097490
2023-05-19,19.946805953979492,20.049284510272813,19.500289850988974,19.727208648732205,2284388
2023-05-22,19.7784481048584,20.093205269066694,19.683288247873477,20.05660478708571,635557
2023-05-23,19.529571533203125,19.83700861866456,19.507611242753843,19.83700861866456,469811
2023-05-24,19.551528930664062,19.661328978338723,19.492969556781528,19.50760974929356,393784
2023-05-25,19.71988868713379,19.829687340507608,19.39781142722704,19.434410512963105,1172118
2023-05-26,20.012683868408203,20.115162416731806,19.6906066357498,19.89556512856251,2780148
2023-05-29,20.027326583862305,20.495801602284356,19.983406003760972,19.983406003760972,1410043
2023-05-30,20.254243850708008,20.510441648126957,20.056605430170617,20.115164807052178,1647317
2023-05-31,19.866287231445312,20.24692388165675,19.80772785419476,20.21764489111431,564886
2023-06-01,19.69792938232422,19.946807087029956,19.046456129741035,19.873607515734324,199123
2023-06-02,20.693439483642578,20.861797514469064,19.661329613041044,19.837007740359855,2242533
2023-06-05,21.2351131439209,21.579149287247482,20.788597050281574,20.788597050281574,3743512
2023-06-06,21.820707321166992,21.945146166381473,21.264392565864924,21.44007208536294,2909266
2023-06-07,21.645029067993164,22.069584879207756,21.462030849432296,21.959786227304356,855494
2023-06-08,21.21315574645996,21.732871476534257,21.125317372695655,21.593792422547363,469027
2023-06-09,21.608428955078125,21.74018788956216,21.044794133636646,21.227792343494357,1167588
2023-06-12,21.022836685180664,21.608431873515208,20.97159740288661,21.608431873515208,480092
2023-06-13,21.249752044677734,21.337590401131873,20.84715515640551,21.191192674986475,1606067
2023-06-14,20.87643814086914,21.330272963490042,20.854477850936252,20.97159660491363,322238
2023-06-15,20.466520309448242,20.861797135866258,20.422601127457003,20.861797135866258,293986
2023-06-16,20.07856559753418,20.854477685521264,19.98340573807881,20.854477685521264,239752
2023-06-19,19.544212341308594,20.26888519493027,19.471012767008617,20.078566860216636,321710
2023-06-20,19.471012115478516,19.873607666408287,19.324612971777306,19.331933068578937,121287
2023-06-21,19.390491485595703,19.98340533547868,19.288012927784376,19.288012927784376,543644
2023-06-22,18.255903244018555,19.705248845150606,18.04362463370681,19.705248845150606,1128566
2023-06-23,18.438901901245117,18.54870055915163,17.86062682881676,18.292502759925974,193554
2023-06-26,19.822368621826172,19.822368621826172,18.48282160676655,18.48282160676655,661934
2023-06-27,20.14444351196289,20.700758243980637,19.76380689592461,20.34940061585615,2126235
2023-06-28,20.14444351196289,20.14444351196289,20.14444351196289,20.14444351196289,0
2023-06-29,20.14444351196289,20.14444351196289,20.14444351196289,20.14444351196289,0
2023-06-30,20.14444351196289,20.14444351196289,20.14444351196289,20.14444351196289,0
2023-07-03,21.630390167236328,21.65235045739476,20.569001273894497,21.183875436673716,3026477
2023-07-04,20.75931739807129,21.630387872805475,20.649517355091792,21.630387872805475,1426028
2023-07-05,20.561681747436523,21.000877789626095,20.27620494828788,20.715399594311723,922821
2023-07-06,20.825197219848633,20.927675772463825,20.495799877634703,20.730037367135466,880637
2023-07-07,20.6348819732666,20.927678878600176,20.49580291967099,20.715400249629724,505588
2023-07-10,20.66415786743164,20.847156080347965,19.844326655419223,20.766637816057365,650178
2023-07-11,21.47667121887207,22.135464531883695,20.569000214874734,20.781277424147476,6056765
2023-07-12,21.19851303100586,21.7255487955753,21.044795197116848,21.425431827935753,1113238
2023-07-13,20.92035675048828,21.476671514697664,20.71539823856936,21.088714780190088,816502
2023-07-14,20.788599014282227,21.00819773184274,20.71539944176206,20.92035796558539,203674
2023-07-17,20.671480178833008,20.934998080446483,20.569001615390306,20.788598935957726,220427
2023-07-18,20.437240600585938,20.678798187281004,20.320121855289273,20.671478091179267,189847
2023-07-19,20.444561004638672,21.05943512479063,20.210323510517085,20.48116008953307,709013
2023-07-20,20.488481521606445,20.6787998470305,20.349402476841618,20.35672257353089,385029
2023-07-21,20.451881408691406,20.78859746251802,20.34940145634649,20.53239967590416,403385
2023-07-24,20.210325241088867,20.466521649618464,20.144445765705335,20.466521649618464,419488
2023-07-25,20.37868309020996,20.78859873620775,20.239604043898574,20.4226022746683,1388808
2023-07-26,20.371362686157227,20.642200677924006,20.312803309040856,20.60560019462272,474506
2023-07-27,20.371362686157227,20.371362686157227,20.371362686157227,20.371362686157227,0
2023-07-28,20.371362686157227,20.371362686157227,20.371362686157227,20.371362686157227,0
2023-07-31,20.407960891723633,20.569000218961452,20.349401517136865,20.45920156613197,501539
2023-08-01,20.45920181274414,20.781277678770795,20.129804454119565,20.5323999847357,1397630
2023-08-02,20.93499755859375,21.139954680370128,20.364042584718817,20.576321199319413,2666613
2023-08-03,21.08139419555664,21.66698933197886,20.93499645857529,20.93499645857529,3411411
2023-08-04,20.927677154541016,21.344912884789462,20.85447758519649,20.85447758519649,776048
2023-08-07,20.788599014282227,21.22047495636894,20.71539944176206,21.22047495636894,714756
2023-08-08,20.510440826416016,20.89107745897952,20.31280241379662,20.715397939207424,613979
2023-08-09,20.488481521606445,20.751999417757553,20.276204302280252,20.49580161829572,1041996
2023-08-10,21.35955238342285,21.871946559843614,20.598279120856304,20.598279120856304,5288026
2023-08-11,19.756488800048828,21.63039028970884,19.756488800048828,21.52059163062637,4697898
2023-08-14,19.756488800048828,19.756488800048828,19.756488800048828,19.756488800048828,0
2023-08-15,18.556020736694336,19.17821499576345,18.48282116571579,18.68045958850816,3975042
2023-08-16,18.329103469848633,18.848817775239386,18.226623511192518,18.49014141035724,1253657
2023-08-17,18.16806411743164,18.56334096583621,18.10950473946419,18.394981532534803,732781
2023-08-18,18.197345733642578,18.373023879411157,18.080226969796858,18.299824302966133,939484
2023-08-21,17.933826446533203,18.556020704523615,17.904546059726272,18.219303237072346,1125084
2023-08-22,17.919185638427734,18.21930261207509,17.75814770501094,18.21930261207509,538014
2023-08-23,18.03630256652832,18.299820427456655,17.933824018907522,18.11682222318209,539662
2023-08-24,17.904544830322266,18.255902467051257,17.81670646826421,18.175382805026715,512616
2023-08-25,17.582469940185547,17.933826200045452,17.5678297469833,17.933826200045452,985292
2023-08-28,16.989553451538086,17.57514857176039,16.872434706726736,17.57514857176039,867731
2023-08-29,16.821197509765625,17.113994407988443,16.79191851802621,16.90903727731534,720360
2023-08-30,16.923677444458008,17.597111007386534,16.835837677047444,16.909037250528623,1475596
2023-08-31,16.54303741455078,17.10667220070105,16.213640098965442,17.10667220070105,829517
2023-09-01,16.67479705810547,16.77727560684471,16.477158660252208,16.689435853521424,659143
2023-09-04,17.20915412902832,17.37019207266674,16.718718805032086,16.718718805032086,1328441
2023-09-05,17.479990005493164,17.889907038667598,17.311631971956704,17.311631971956704,1557083
2023-09-06,17.641029357910156,17.75082801485136,17.348232474011724,17.5751498845123,376375
2023-09-07,17.4873104095459,17.787427395010063,17.428751031800832,17.73618811400384,278976
2023-09-08,17.472673416137695,17.70691095130097,17.370193447379386,17.494632312455604,320137
2023-09-11,17.443389892578125,17.69958767420103,17.39215061548666,17.567828735299788,123222
2023-09-12,17.4873104095459,17.516590796501276,17.34823276000493,17.38483184753346,189242
2023-09-13,17.582469940185547,17.750827973514376,17.487310080536613,17.509270370339983,352195
2023-09-14,17.728866577148438,17.780107250158068,17.553188458183584,17.58978893890475,440265
2023-09-15,17.911865234375,18.182703213734378,17.750827303723725,17.750827303723725,765380
2023-09-18,18.131465911865234,18.24126457637523,18.02166724735524,18.043626142557777,347783
2023-09-19,18.138784408569336,18.197343784218916,17.941145992189888,18.18270359126511,223918
2023-09-20,18.26322364807129,18.394981198984663,18.080225420720538,18.080225420720538,471511
2023-09-21,18.717058181762695,18.885416213252526,17.977745187112895,17.977745187112895,1218445
2023-09-22,20.12248420715332,20.12248420715332,18.79025738208796,18.878097142452607,1917557
2023-09-25,20.503122329711914,20.788599128324353,19.771129392826087,20.488482135894422,3279987
2023-09-26,20.656837463378906,21.11799373490486,20.063923653296797,20.503119636980617,2548836
2023-09-27,20.869117736816406,21.19851370396354,20.53240027696715,20.53240027696715,1459849
2023-09-28,20.869117736816406,20.869117736816406,20.869117736816406,20.869117736816406,0
2023-09-29,20.869117736816406,20.869117736816406,20.869117736816406,20.869117736816406,0
2023-10-02,20.671480178833008,20.971597168485815,20.569001615390306,20.569001615390306,277196
2023-10-03,20.6129207611084,21.00819761277763,20.569001576311496,20.7153993243564,773322
2023-10-04,20.6202392578125,20.83983656092204,20.568999980164648,20.612919161553435,614415
2023-10-05,20.627559661865234,20.788597593470783,20.569000287084524,20.773957400734197,146429
2023-10-06,20.39332389831543,20.891079324395733,20.276205138786622,20.75200027389312,529232
2023-10-09,20.07856559753418,20.459202243024322,20.05660530777548,20.393322769913887,384641
2023-10-10,20.11516571044922,20.29084384898382,19.94680766887428,20.195685380839727,480744
2023-10-11,20.334762573242188,20.71539780721477,20.1151638730091,20.1151638730091,656892
2023-10-12,19.793088912963867,20.422601864784664,19.763808526468836,20.27620412080652,759495
2023-10-13,19.544212341308594,19.785769959182485,19.36121410364153,19.763809668042768,636668
2023-10-16,19.580812454223633,19.98340803967592,19.485653979974014,19.617411545204448,255052
2023-10-17,19.002534866333008,19.602770212452825,18.84881702868576,19.58813001948671,1680533
2023-10-18,18.577980041503906,19.017176080921846,18.409622001846174,19.017176080921846,572667
2023-10-19,18.914697647094727,18.995217317122176,18.482821701582317,18.482821701582317,486931
2023-10-20,18.96593475341797,19.105013786736116,18.88541509262869,19.01717402986003,455016
2023-10-23,18.900056838989258,19.031815787055383,18.812218471055633,19.031815787055383,157512
2023-10-24,18.70973777770996,18.92201638483756,18.563340038189963,18.92201638483756,180651
2023-10-25,18.89273452758789,18.995214473051426,18.59261757935898,18.900054623418537,220701
2023-10-26,18.86345863342285,19.017176482574587,18.775618865217755,19.00985638554368,144145
2023-10-27,18.599939346313477,18.95861569724756,18.490140691319883,18.819536656300663,173011
2023-10-30,18.753658294677734,18.84881675524571,18.512100698903737,18.658498437944132,184987
2023-10-31,18.665817260742188,18.812216385959317,18.592617698133623,18.812216385959317,110345
2023-11-01,18.62190055847168,18.848817976190684,18.5706612766802,18.68045993711419,337246
2023-11-02,18.739017486572266,18.943974593731564,18.636537536827035,18.651177729100006,370064
2023-11-03,18.9439754486084,19.141613864715538,18.775617418368526,18.775617418368526,460884
2023-11-06,19.785768508911133,20.20300423682267,18.84149700160341,18.94397556041238,1974164
2023-11-07,19.80040740966797,20.45188204082178,19.54421101130116,19.976086934499005,1400919
2023-11-08,19.866287231445312,20.05660555655103,19.675968906339595,19.763808670298268,236845
2023-11-09,19.866287231445312,19.866287231445312,19.866287231445312,19.866287231445312,0
2023-11-10,19.690608978271484,20.05660543287194,19.58081032112448,19.837008118577938,897343
2023-11-13,19.492971420288086,19.837008996382504,19.441732137763147,19.705250043509384,539239
2023-11-14,20.049283981323242,20.31280185760023,19.478330444277205,19.49296924038603,1822899
2023-11-15,19.92484474182129,20.239601888613713,19.910205946004506,20.020004593540907,403899
2023-11-16,20.305482864379883,20.49580118578779,19.946806511168475,19.99804579074644,960176
2023-11-17,20.290843963623047,20.722719913522774,20.020007355414183,20.495802491154258,1622023
2023-11-20,20.349401473999023,20.62755954982072,20.122484072477043,20.122484072477043,391803
2023-11-21,20.37868309020996,20.620240698979373,20.27620452775194,20.27620452775194,511091
2023-11-22,20.539722442626953,21.117997561771112,20.473842963327854,20.473842963327854,1998387
2023-11-23,20.788599014282227,20.854478489933808,20.459203032190043,20.53972130541308,713912
2023-11-24,20.66415786743164,20.788596708061363,20.45920076251132,20.788596708061363,542916
2023-11-27,20.627559661865234,20.854477064619783,20.473840430462356,20.788597593470783,896716
2023-11-28,20.42992401123047,20.67880173674652,20.349404336455915,20.503123588646805,368865
2023-11-29,20.07856559753418,20.56900089948649,19.844328091437372,20.495801329789824,709992
2023-11-30,20.276203155517578,20.495800459113262,19.99072498544446,20.239602674141224,249695
2023-12-01,20.349401473999023,20.56168007902956,20.129804168805574,20.422601041118714,269019
2023-12-04,20.71539878845215,20.86179792887544,20.16640410611332,20.239603676324965,1135466
2023-12-05,20.8398380279541,20.971596977561312,20.459202768846907,20.459202768846907,923412
2023-12-06,20.927677154541016,21.11799547637052,20.861797681747507,20.89839676833694,773720
2023-12-07,20.532400131225586,21.11799528449551,20.42260147628924,21.015515329878024,976700
2023-12-08,20.503122329711914,20.788599128324353,20.437242853698933,20.664160273207134,355662
2023-12-11,20.364042282104492,20.71539853949906,20.290842712772545,20.517761517318153,296012
2023-12-12,20.751998901367188,21.066756070345143,20.386002453005034,20.49580110828055,1729797
2023-12-13,20.847156524658203,21.535230210814685,20.568999849409956,21.022834645262193,2194538
2023-12-14,20.510440826416016,20.861797073628964,20.422601066529968,20.861797073628964,556207
2023-12-15,20.656837463378906,21.22779238178443,20.488479445085865,20.510439732927995,676252
2023-12-18,20.605600357055664,21.21315442298949,20.495801698617637,21.21315442298949,573960
2023-12-19,19.690608978271484,20.861797912226084,19.2514129535178,20.495801457625625,1868226
2023-12-20,19.017175674438477,19.96144720881196,18.775618067346652,19.727209698439975,722961
2023-12-21,19.024494171142578,19.397810695463058,18.88541513749403,19.031814267246773,499400
2023-12-22,19.12697410583496,19.32461252642716,19.031815641938167,19.251412956263493,368373
2023-12-25,19.12697410583496,19.12697410583496,19.12697410583496,19.12697410583496,0
2023-12-26,17.933826446533203,19.126974285601896,17.75814831418868,19.126974285601896,439901
2023-12-27,18.731698989868164,18.81221865807922,17.933826593016228,17.933826593016228,225951
2023-12-28,19.17821502685547,19.544211486175872,18.84881765500083,19.04645607811361,508492
2023-12-29,19.756488800048828,19.829688371492377,18.70241860129258,19.288013776675253,298282
2024-01-01,20.224964141845703,20.49580214160121,19.03181627434398,19.03181627434398,533216
2024-01-02,20.444561004638672,20.847156523139446,20.17372302945709,20.400641823532272,1041397
2024-01-03,20.35672378540039,20.905718504287304,20.312804598815852,20.46652244994462,550475
2024-01-04,20.16640281677246,20.532399248264994,20.129803732089442,20.386001513367333,150103
2024-01-05,20.159086227416992,20.49580230948469,20.129805839672464,20.239604501382985,166656
2024-01-08,20.261564254760742,20.495801765840987,20.09320621819253,20.203004876990683,621162
2024-01-09,20.18104362487793,20.634879828089026,20.137124442685124,20.31280256762198,644605
2024-01-10,19.815046310424805,20.3494007581187,19.73452664980922,20.203003025195127,408730
2024-01-11,19.829689025878906,20.056606448293124,19.73452916101228,20.012687262443926,220468
2024-01-12,18.34374237060547,20.181044786008282,18.34374237060547,19.844328709547526,2021342
2024-01-15,17.201831817626953,17.933824660930227,17.143272446009313,17.560508143305693,3638368
2024-01-16,16.323440551757812,17.31163121210315,16.09652315146582,17.31163121210315,3474476
2024-01-17,16.33076286315918,17.004196455256764,16.250244585391485,16.250244585391485,3103286
2024-01-18,16.382001876831055,16.58696040883055,16.1258054570389,16.58696040883055,1110811
2024-01-19,15.76712703704834,16.59427836305973,15.371850218415316,16.433240434819755,7608746
2024-01-22,15.379170417785645,16.030643627496172,15.225451188564318,15.781765939168768,1405484
2024-01-23,15.576809883117676,15.66464825190679,15.298651790898848,15.37917145909362,992404
2024-01-24,15.525568008422852,15.737846609595485,15.371850176814196,15.628047958994216,950248
2024-01-25,15.415769577026367,16.228282116127357,15.298650828564229,15.657327170250227,3762084
2024-01-26,15.18885326385498,15.57681001851527,15.079054603831338,15.371851495949619,2509421
2024-01-29,15.042452812194824,15.357209967424835,15.005853727423442,15.327930978840847,636271
2024-01-30,14.49345874786377,15.393811068888343,14.369019899993098,15.115652987217127,1174414
2024-01-31,14.55933952331543,14.786258346087587,14.493460045241678,14.500780142379403,733058
2024-02-01,14.544699668884277,14.66913851885658,14.295821968939677,14.295821968939677,332849
2024-02-02,14.74233627319336,14.961934976632058,14.361701033664417,14.566658148141778,775160
2024-02-06,15.057093620300293,15.11565299602853,14.713057462417602,14.939974868843818,567445
2024-02-07,15.218133926391602,15.3645316770157,15.079054876557832,15.291332103620782,691170
2024-02-08,15.218133926391602,15.218133926391602,15.218133926391602,15.218133926391602,0
2024-02-09,14.947296142578125,15.005855522918495,14.456860808665379,14.63985904674975,349856
2024-02-12,13.8566255569458,15.11565281838967,13.82734517134296,14.859455029027345,1287335
2024-02-13,14.171381950378418,14.493457797493887,13.190511424695954,13.863944899102338,824162
2024-02-14,14.369019508361816,14.822855704745916,14.229941867482449,14.229941867482449,951505
2024-02-15,14.134783744812012,14.632539183750175,14.061584169174203,14.442220845558184,389118
2024-02-16,13.798066139221191,14.222621955989583,13.688267485881466,14.127462099240363,560202
2024-02-19,13.805386543273926,13.89322490943707,13.219791385468447,13.79806644673272,582740
2024-02-20,13.929826736450195,14.16406426371137,13.834666868396722,13.834666868396722,680006
2024-02-21,13.512588500976562,14.56665868640111,13.395469746614467,14.12746265946041,4470730
2024-02-22,13.644347190856934,13.724866856521537,13.468669062633337,13.622388297432519,1001772
2024-02-23,13.541869163513184,13.761466483374141,13.475989688321755,13.688268307530961,1594502
2024-02-26,13.915184020996094,13.995703679966866,13.629707260885954,13.68826663209228,1325273
2024-02-27,13.849305152893066,14.09086274408795,13.724866309176576,14.017663177872556,857003
2024-02-28,13.761466026306152,13.981064735039153,13.724866939600151,13.83466559588382,623571
2024-02-29,14.200662612915039,14.347061757898318,13.761466574130921,13.761466574130921,3538444
2024-03-01,14.142102241516113,14.273861183519717,14.039623684920253,14.090862963218182,647412
2024-03-04,14.164063453674316,14.632538481404769,14.14210316318731,14.266542016948923,527940
2024-03-05,14.061583518981934,14.310461226943183,14.003024140412565,14.273862138899469,360268
2024-03-06,13.89322566986084,14.090864098793828,13.834666290491702,14.061583711026392,554470
2024-03-07,13.820025444030762,13.973744680219758,13.76146606742678,13.944464293834931,297422
2024-03-08,14.068902015686035,14.200660951522838,13.776105156140675,13.776105156140675,626287
2024-03-11,14.112823486328125,14.20066185167687,14.054264110707082,14.090863196908117,1000142
2024-03-12,13.966424942016602,14.281182122902127,13.94446465166446,14.06890350466186,568357
2024-03-13,13.849305152893066,14.186021202852045,13.79806587539197,13.944463611657161,550319
2024-03-14,13.922505378723145,14.017663841995615,13.856625905624638,13.856625905624638,547116
2024-03-15,13.878584861755371,14.046944291635608,13.827345581595779,14.00302371192824,210509
2024-03-18,13.849305152893066,14.120143129040349,13.761465394201473,14.120143129040349,512509
2024-03-19,13.8566255569458,13.915184931985848,13.798066181905751,13.86394565334651,835039
2024-03-20,13.922505378723145,14.061583025339399,13.885904895798605,13.907865185553328,659428
2024-03-21,13.812705993652344,14.061582283582513,13.79074570505604,14.017663102555494,512979
2024-03-22,13.812705993652344,13.95178363293217,13.688267150604464,13.798065801254808,359128
2024-03-26,13.89322566986084,13.907865863744558,13.761466717238847,13.871266775200997,753615
2024-03-27,14.295822143554688,14.603259223937552,13.834665824897547,13.900545298991423,42831026
2024-03-28,14.317780494689941,14.559338091821505,14.098183186812387,14.449539437882727,27228578
2024-03-29,14.281180381774902,14.427578111110284,14.200660723132847,14.288500477666503,8262696
2024-04-01,14.28850269317627,14.464180833317894,14.207983022049202,14.354382170250098,7227869
2024-04-02,14.259221076965332,14.34706083755364,14.171382712542652,14.34706083755364,4834207
2024-04-03,14.37633991241455,14.486139962843911,14.164062700326772,14.266541258150827,7455686
2024-04-04,14.646282196044922,14.71569597426382,14.507454639607122,14.684846223426103,8344785
2024-04-08,14.67713451385498,14.761972438293762,14.515168528894876,14.73112268515257,3370774
2024-04-09,14.623144149780273,14.723409152442184,14.530593423857102,14.692557929756283,4168521
2024-04-15,14.492030143737793,14.692557196925256,14.453466117303902,14.576868059757969,2005239
2024-04-16,14.407191276550293,14.65399517036462,14.353203108661813,14.561442974650625,2309876
2024-04-17,14.183524131774902,14.468892049459438,14.114110353718319,14.422616687777458,2805697
2024-04-18,14.1449613571167,14.384052438359852,14.01384660848648,14.19123671808407,2079752
2024-04-19,14.106398582458496,14.260650273643737,13.821030673611677,14.15267394270735,3918031
2024-04-22,14.052409172058105,14.453466223514562,13.959858450071048,14.129535754425454,6885915
2024-04-23,14.07554817199707,14.19123731481373,14.036985614747271,14.083260977660483,1754978
2024-04-24,14.052409172058105,14.222087947479714,14.036985032438396,14.036985032438396,3962528
2024-04-25,14.175811767578125,14.299215187683387,14.090973847031547,14.090973847031547,2405911
2024-04-26,14.036985397338867,14.222088317192055,13.882732228594257,14.175811483928326,5804066
2024-04-29,14.235247611999512,14.465231317469962,14.108359737404205,14.465231317469962,4256173
2024-04-30,14.021122932434082,14.314550557958889,13.99733089011206,14.274898666711545,1428660
2024-05-02,13.727694511413574,14.116288813903722,13.442197551748574,14.021123664889645,2701257
2024-05-03,13.672181129455566,13.822861045396225,13.56908530020528,13.56908530020528,1097394
2024-05-06,13.814929962158203,13.838722004810853,13.656319369719299,13.664250050603515,1124337
2024-05-07,14.290760040283203,14.607979708396927,13.878373715424015,13.902165757766054,4314010
2024-05-08,14.282830238342285,14.607980607243583,14.179732894472437,14.473162050921866,2267741
2024-05-09,14.266968727111816,14.47316190007974,14.148011534567221,14.38592591965641,2935200
2024-05-10,14.473161697387695,14.600049569341275,14.195593910255711,14.274899208382385,2281185
2024-05-13,14.607980728149414,14.830035267641529,14.512814064760564,14.663493984866742,3934386
2024-05-14,14.615910530090332,14.853824905313697,14.592118487518912,14.663493102610463,1828313
2024-05-15,14.496953964233398,14.774520243024197,14.465231239444295,14.62384183814427,1495238
2024-05-16,14.330411911010742,14.528674392375303,14.282829339017603,14.512813030836693,1170021
2024-05-17,14.417648315429688,14.552466867270114,14.274899082584207,14.473161569842322,921980
2024-05-20,14.322482109069824,14.552467327623512,14.243176809133285,14.37006619660542,569715
2024-05-21,14.354204177856445,14.489022727798172,14.314550773389634,14.489022727798172,579025
2024-05-22,14.27489948272705,14.504884700452141,14.235247589213031,14.354204782377867,696517
2024-05-23,14.203524589538574,14.2748992065813,14.116288610347963,14.2748992065813,820273
2024-05-24,14.409717559814453,14.473161494903641,14.274899008672085,14.346273624725264,1081397
2024-05-27,14.251107215881348,14.433509856008746,14.187663279678741,14.3542045575998,1032498
2024-05-28,14.251107215881348,14.251107215881346,14.251107215881346,14.251107215881346,0
2024-05-29,14.148011207580566,14.274899078378557,14.1162884835697,14.274899078378557,2167171
2024-05-30,14.132150650024414,14.219386633397322,13.838722999334703,14.148012012932728,4689004
2024-05-31,14.124218940734863,14.473161336210742,14.029053795455896,14.17180302599706,7167745
2024-06-03,14.052845001220703,14.25903817607059,14.0369851513267,14.132150301181857,743545
2024-06-04,13.775278091430664,14.195593590578069,13.743555367845273,14.076636402378288,1421228
2024-06-05,13.807000160217285,13.957680081364144,13.703904327404892,13.957680081364144,663242
2024-06-06,13.88630485534668,13.918026066895548,13.680111686099437,13.799068876497492,1385445
2024-06-07,14.140080451965332,14.25903764113291,13.569085036387328,13.878374030747572,1515042
2024-06-10,14.092498779296875,14.19559461313027,13.957680219593005,14.140081355479763,364947
2024-06-11,13.941818237304688,14.195593982503423,13.878374301005003,14.195593982503423,1038329
2024-06-12,13.878374099731445,13.98940060849002,13.569085103833848,13.878374099731445,467835
2024-06-13,14.330411911010742,14.63177172975358,13.886304376288482,13.886304376288482,5880539
2024-06-14,14.19559383392334,14.790381297740987,13.925956729316185,14.370065791388404,16684305
2024-06-20,14.140080451965332,14.32248157619713,14.092497878822847,14.227316429912161,906289
2024-06-21,14.465230941772461,14.901409322910139,14.092498008907384,14.155941944557242,9695440
2024-06-24,14.449369430541992,14.615910705292862,14.314550879599944,14.592118662436244,3025391
2024-06-25,14.370065689086914,14.790381192447244,14.314550922256045,14.512813408783817,3173114
2024-06-26,13.902166366577148,14.631772391501359,13.561154641187617,14.433509901170027,16471247
2024-06-27,14.044913291931152,14.266967813044328,13.902165577596977,14.021122762520127,2591375
2024-06-28,14.021122932434082,14.21145473314218,13.99733089011206,14.044913462133412,1182804
2024-07-01,13.933887481689453,14.029054141941533,13.814930290841415,13.95767952490816,1370795
2024-07-02,14.084567070007324,14.155941685384501,13.886304585653543,13.957679201030722,1140730
2024-07-03,14.148011207580566,14.354204375782986,14.03698469878801,14.1162884835697,3251533
2024-07-04,14.013193130493164,14.338343499505704,13.965610555487686,14.266968880686095,1297874
2024-07-05,14.084567070007324,14.259037511694475,13.918025796586337,14.029053816407899,1050603
2024-07-08,14.362135887145996,14.46523172089642,13.918026801053713,14.100429449416497,2571711
2024-07-09,14.512813568115234,14.560397654492675,14.274899186719017,14.43350978273166,2292333
2024-07-10,14.140080451965332,14.552466786194143,14.036984624719492,14.433509597026566,2637156
2024-07-11,14.060774803161621,14.227316073927344,14.03698427349701,14.140080098163265,778928
2024-07-12,13.997331619262695,14.425579327631263,13.57701610470403,14.425579327631263,684549
2024-07-15,14.148011207580566,14.298691121386707,14.076636591178856,14.259037716373125,1082699
2024-07-16,14.148011207580566,14.148011207580566,14.148011207580566,14.148011207580566,0
2024-07-17,14.148011207580566,14.148011207580566,14.148011207580566,14.148011207580566,0
2024-07-18,14.17180347442627,14.25110726046053,14.036984920496161,14.076636813513293,964116
2024-07-19,13.949748992919922,14.187663377158652,13.87837437512375,14.11628875936248,1242265
2024-07-22,13.624598503112793,13.957679545553622,13.489779949919534,13.83872235452963,657495
2024-07-23,13.910097122192383,14.01319295216273,13.561154713806314,13.672181224947114,767905
2024-07-24,13.925957679748535,14.0687069228269,13.775279267719457,13.918026998174977,723555
2024-07-25,14.060774803161621,14.116288055875966,13.902165725781021,14.03698427349701,1049250
2024-07-26,13.783207893371582,14.036985155853674,13.719763955906755,14.036985155853674,484031
2024-07-29,14.029054641723633,14.27489971325079,13.783208057573674,13.799069420284537,821561
2024-07-30,13.695972442626953,14.029053468588199,13.6880417619347,13.957678854980598,1074890
2024-07-31,13.513572692871094,13.75941776873293,13.48184996689004,13.680112466403129,1009756
2024-08-01,13.60080623626709,13.640459641038369,13.481849047198704,13.616667598175601,522902
2024-08-02,13.6801118850708,13.743555821714043,13.489780075141068,13.592875904952802,338378
2024-08-05,13.378753662109375,13.680111985215165,13.283587000136464,13.680111985215165,1060052
2024-08-06,13.624598503112793,13.695973120251738,13.434266694949853,13.521501161635314,389290
2024-08-07,13.505640983581543,13.672180744439718,13.481848940906355,13.561154237200935,812834
2024-08-08,13.569085121154785,13.735624884505237,13.521501035092308,13.537362397113135,325053
2024-08-09,13.664250373840332,13.711834460271264,13.529431820864856,13.600806437888505,529313
2024-08-12,13.450126647949219,13.680111863304274,13.402544073698186,13.680111863304274,460130
2024-08-13,13.743556022644043,13.79113859766644,13.497710953635078,13.592876103679869,1413348
2024-08-15,13.751486778259277,13.870443972769747,13.561154964517964,13.680112159028434,393333
2024-08-16,14.068706512451172,14.179733025996725,13.561155007531157,13.703904246445612,1478399
2024-08-19,13.537363052368164,14.155942587517092,13.442197900882366,14.03698539184844,2198114
2024-08-20,13.878374099731445,13.957679397111601,13.521501017832113,13.680111612592425,539156
2024-08-21,13.577016830444336,14.393857372286096,13.505642208567679,13.957680472037945,5318730
2024-08-22,13.648388862609863,13.799068776083047,13.600806289321444,13.600806289321444,1180586
2024-08-23,13.640460014343262,13.735625163153308,13.608737289658068,13.703903951090881,617474
2024-08-26,13.664250373840332,13.72769430979216,13.521501139793033,13.608737118960326,1060243
2024-08-27,13.616668701171875,13.759417944666199,13.561155442618048,13.735625899876196,1242438
2024-08-28,13.513572692871094,13.680112466403129,13.48184996689004,13.640460571549644,627704
2024-08-29,13.489779472351074,13.5611540869632,13.481848791547206,13.537362044551593,717634
2024-08-30,13.362892150878906,13.6087372153558,13.101185724146017,13.6087372153558,1081041
2024-09-02,13.093255043029785,13.48184934256547,12.89499255269794,13.48184934256547,1225668
2024-09-03,13.08532428741455,13.236004202743391,12.84740990541975,13.20428147841195,602373
2024-09-04,13.291518211364746,13.362892832534865,12.982229194709454,13.085325029386938,718700
2024-09-05,13.220142364501953,13.378752955201866,13.085323816193835,13.291516979054643,202212
2024-09-06,13.188420295715332,13.315309682145065,13.085324465480715,13.315309682145065,473190
2024-09-09,13.148768424987793,13.188420318387093,13.077393806770834,13.093255169179663,289616
2024-09-10,13.10118579864502,13.20428162864972,12.998088456017552,13.109116479818116,252744
2024-09-11,12.918785095214844,13.243935470911827,12.887062369477178,13.188420700870912,807183
2024-09-12,13.037741661071777,13.0853242347547,12.918784470553101,12.934644320032247,212844
2024-09-13,13.013949394226074,13.394613002391822,12.950505459531783,13.394613002391822,634268
2024-09-16,12.926713943481445,13.212212417549631,12.831548793873903,13.212212417549631,437593
2024-09-17,12.926713943481445,12.926713943481445,12.926713943481445,12.926713943481445,0
2024-09-18,12.60949420928955,13.069463130976601,12.577772240770146,13.069463130976601,1313285
2024-09-19,12.57777214050293,12.823617961802022,12.538120247403311,12.688799407591452,710171
2024-09-20,12.427093505859375,12.680869262723796,12.331927597035216,12.680869262723796,352580
2024-09-23,12.45881462097168,12.59363317163714,12.450883940035745,12.538119917708313,225375
2024-09-24,12.633286476135254,12.712591776990733,12.316066029024732,12.546050493931943,516295
2024-09-25,12.60949420928955,12.672938146328358,12.45088436669253,12.60949420928955,457438
2024-09-26,12.617424964904785,12.720522308590068,12.45881512137241,12.688799583572202,1091865
2024-09-27,12.60949420928955,12.768104808197958,12.474675654004237,12.60949420928955,2010253
2024-09-30,12.665007591247559,12.752242811257428,12.419161780221415,12.744312130444346,1171269
2024-10-01,12.863269805908203,12.926713742199606,12.546050124451192,12.665008072231105,6207342
2024-10-02,12.926713943481445,12.982228712145755,12.688799556839811,12.704660919315328,1094438
2024-10-03,13.069462776184082,13.236004051779144,12.78396582357113,12.918784375196566,1026795
2024-10-04,12.89499282836914,13.077393960344375,12.744312908961305,13.006019341289234,226417
2024-10-07,12.990157127380371,13.077393103313575,12.807756007358847,12.942574555336211,1270693
2024-10-08,13.2042818069458,13.323239000902959,12.894992800132634,13.06946325042828,2694799
2024-10-09,13.2042818069458,13.2042818069458,13.2042818069458,13.2042818069458,0
2024-10-10,13.093255043029785,13.22807359696035,13.029811106628504,13.188420191320326,756037
2024-10-11,13.243934631347656,13.283586523383294,13.085324037959664,13.188419864825953,628158
2024-10-14,13.513572692871094,13.545293906229317,13.212212846542414,13.220143528037676,3629526
2024-10-15,13.632529258728027,13.688042514001204,13.497710704797699,13.497710704797699,639209
2024-10-16,13.688042640686035,13.719763852868823,13.521501360702379,13.640460066100465,705635
2024-10-17,13.6801118850708,13.775278546347048,13.608737267269305,13.775278546347048,297700
2024-10-18,13.838722229003906,13.957679418948883,13.521501038986981,13.680111633995443,413875
2024-10-21,13.902166366577148,13.965610302978265,13.759417131518948,13.878374323193196,1231134
2024-10-22,14.044913291931152,14.108358737354353,13.799068241406953,13.799068241406953,2060051
2024-10-23,14.044913291931152,14.148010628121177,13.973540191075402,14.116287905409578,885629
2024-10-24,14.092498779296875,14.377995749017026,13.918026812254912,14.044914690491163,3705361
2024-10-25,13.109116554260254,14.314551359583362,12.942575273925064,14.116288866998426,11269176
2024-10-28,13.275655746459961,13.291517108208618,12.863269416731178,13.10911598596721,1300423
2024-10-29,13.347030639648438,13.47391851103461,13.093254896876093,13.299448066034309,937196
2024-10-30,13.418405532836914,13.48978015103999,13.093255166633018,13.442197576445531,2388608
2024-10-31,13.513572692871094,13.561155269219842,13.275656785881688,13.370823451202016,598419
2024-11-01,13.751486778259277,13.83872276012426,13.450126938701768,13.45805762001884,886597
2024-11-04,13.624598503112793,13.854582204076145,13.489779949919534,13.783207586937198,647009
2024-11-05,13.656320571899414,13.783208451971525,13.569086099739117,13.62459935819281,198346
2024-11-06,13.656320571899414,13.973541784702538,13.62459935819281,13.680112616646504,640285
2024-11-07,13.799068450927734,13.870443065489889,13.577015439065649,13.577015439065649,331092
2024-11-08,13.727694511413574,13.902166472310665,13.600806637646292,13.783207767108912,1258267
2024-11-11,13.751486778259277,13.965610635951801,13.680112159028434,13.799069353538906,961880
2024-11-12,13.727694511413574,13.902166472310665,13.664250574529932,13.799069129485517,325829
2024-11-13,13.695972442626953,13.89423492206525,13.640459190403858,13.783206904996383,1056155
2024-11-14,13.6801118850708,13.791138396040786,13.632529310744058,13.767347865188798,986542
2024-11-15,13.743556022644043,14.029054498023994,13.632529510050857,13.640460191325053,4897121
2024-11-18,14.393856048583984,14.671423828953595,13.57701558186132,13.57701558186132,9347416
2024-11-19,15.837207794189453,15.837207794189453,14.274899854642264,14.496954396925359,34686933
2024-11-20,15.829276084899902,16.971268422651733,15.480335200199589,16.416134371925207,40852960
2024-11-21,15.440681457519531,15.979955647222946,15.36930684343392,15.940303756118801,7665524
2024-11-22,14.48109245300293,15.583431413507384,14.274899281861314,15.416891647944592,9427225
2024-11-25,15.480335235595703,15.623084467218922,14.124219047797856,14.51281333798177,16550508
2024-11-26,14.457300186157227,15.583431172599882,14.282829742175846,15.543779280256802,5682250
2024-11-27,14.948991775512695,15.186906154118587,14.512813397904921,15.052087602875854,3705631
2024-11-28,14.869686126708984,15.297933813217096,14.290760043205228,15.067948608398437,3558271
2024-11-29,15.052087783813477,15.13932376290822,14.512813572360054,14.869686657181509,8246041
2024-12-02,15.218628883361816,15.385168645920091,14.972782311076656,15.083810332071568,10486907
2024-12-03,15.250349998474121,15.448612483673076,15.067948875120535,15.385168548914319,5426915
2024-12-04,15.234489440917969,15.464474661949495,15.210698909516639,15.464474661949495,3468964
2024-12-05,15.726181030273438,15.813417012042718,15.226560208828458,15.385169297127483,10962086
2024-12-06,15.615155220031738,16.178220004664137,15.464475293636266,15.853069619500074,9407463
2024-12-09,16.05133056640625,16.455786216371553,15.305863201021804,15.82134687090993,17917507
2024-12-10,16.27338409423828,16.979198011796306,15.670665996752868,16.463715886187998,25220481
2024-12-11,17.859485626220703,17.899137519535696,16.5747440136698,16.81265991142807,54841208
2024-12-12,18.454273223876953,19.310767133707895,18.041886875130224,18.240149368263523,45989291
2024-12-13,17.63743019104004,18.51771609385339,17.494680962192177,18.240148316940626,12455873
2024-12-16,16.931615829467773,18.04188539756247,16.852310536184728,17.724665737052938,11810097
2024-12-17,16.773006439208984,17.76431889439418,16.265454946193447,16.654049247111313,15046978
2024-12-18,16.50337028503418,17.367794916968553,16.33683050898842,16.7888687726816,7241440
2024-12-19,15.115530967712402,16.5747429334176,14.877616598082875,16.503368320004206,9742887
2024-12-20,15.631013870239258,15.68652863763287,14.711076044434979,14.917269214028732,3792266
2024-12-23,16.30510711669922,16.41613514215201,15.78169425246808,15.821347658923646,4543458
2024-12-24,15.908581733703613,16.4875093526281,15.70238856311202,16.4875093526281,4003167
2024-12-26,15.789624214172363,16.23373175787567,15.63894430175379,15.979956018616637,3570735
2024-12-27,15.868929862976074,16.051330990538123,15.504126095229221,15.813416607859168,3244421
2024-12-30,16.50337028503418,16.73335551399968,15.86100020045034,15.94030550397716,9027873
2024-12-31,16.582674026489258,16.69370053339451,16.08305323279292,16.55888198388554,6139505
2025-01-01,16.582674026489258,16.582674026489258,16.582674026489258,16.582674026489258,0
2025-01-02,17.098155975341797,17.56605555253607,16.773005626799698,17.050573403331967,7275243
2025-01-03,16.852310180664062,17.169529834481448,16.543021207269938,17.12987794498776,6624733
2025-01-06,16.38441276550293,17.090226776574774,16.146498372199986,17.090226776574774,3946044
2025-01-07,16.717493057250977,16.971268801838637,16.059261652493202,16.384412014323985,13190497
2025-01-08,16.701631546020508,16.9791993314199,16.46371716574831,16.9791993314199,6424228
2025-01-09,17.185392379760742,17.447098801274958,16.69370074798899,17.00299125532232,19944268
2025-01-10,16.947479248046875,17.462961448031447,16.77300727911901,17.367794782014172,5802161
2025-01-13,17.04264259338379,17.121947887880864,16.78093618037932,16.78093618037932,3323434
2025-01-14,16.836450576782227,17.129879732573198,16.733354745766515,17.129879732573198,3276840
2025-01-15,16.788867950439453,17.042643699198223,16.61439750132349,16.82058916272291,3333444
2025-01-16,16.74128532409668,16.812659942292914,16.654049343496222,16.79679857988869,1680024
2025-01-17,16.923686981201172,17.328142659374652,16.49543925868002,16.773007058911563,6175852
2025-01-20,18.422550201416016,18.589091479522402,17.034712771894725,17.05850481523071,59473543
2025-01-21,17.788110733032227,18.72390992197094,17.605709606407967,18.6208125807501,23042045
2025-01-22,17.653291702270508,18.09739924152246,17.49468111051203,17.76431820892782,21831273
2025-01-23,18.248079299926758,18.63667358899099,17.534334656489943,17.724666460564915,35630848
2025-01-24,17.946720123291016,18.557368962122986,17.81190156812841,18.359106469979317,10368519
2025-01-27,17.383655548095703,18.041886968188436,17.225044947721855,17.930860455500415,10564832
2025-01-28,17.248836517333984,17.70087474956172,16.955407368496594,17.36779370803243,14546524
2025-01-29,16.89989471435547,17.645362121916904,16.788868200773713,17.645362121916904,10568794
2025-01-30,17.24090576171875,17.447098930595054,16.87610351013795,16.89196335957248,8894953
2025-01-31,17.058504104614258,17.526403682371107,16.987129490202353,17.288487796790527,7777813
2025-02-03,16.733354568481445,17.209184850132733,16.669910631769458,17.169531444298514,3167679
2025-02-04,16.42406463623047,16.96333887372848,16.376482060163827,16.77300705683909,2382713
2025-02-06,16.098913192749023,16.574743459740507,15.884790858332169,16.463716952070826,3542322
2025-02-07,16.28131675720215,16.376481908453833,15.94823570257564,16.257524713077824,1807528
2025-02-10,16.455787658691406,16.852312662515295,16.154429321339304,16.30510773370393,3381687
2025-02-11,16.54302215576172,16.804728574243793,16.416134286959668,16.535091474883753,3014664
2025-02-12,17.098155975341797,17.344002541408408,16.416134067791948,16.638187078919607,9948115
2025-02-13,16.836450576782227,17.597779338014902,16.65404944588062,17.129879732573198,72104503
2025-02-14,16.019609451293945,17.010921879898206,15.908581430706816,16.82058856249819,23438556
2025-02-17,15.995818138122559,16.14649805767813,15.47240527295352,16.098913969846183,5403821
2025-02-18,16.027538299560547,16.233731462107485,15.876859902509961,15.94030383616881,3654690
2025-02-19,15.115530967712402,16.138566084889245,14.830034026681504,16.05926079080518,20531709
2025-02-20,15.099672317504883,15.329656024718307,14.711076496911085,14.742799222111719,20233347
2025-02-21,15.31379508972168,15.432752287300085,14.83796478678522,15.067950013043262,7118205
2025-02-24,15.345518112182617,15.42482341630749,15.075880985731768,15.313795385483523,1576143
2025-02-25,15.163116455078125,15.40896152813121,15.067949790845065,15.401030846726552,1847482
2025-02-26,15.226560592651367,15.30586438248853,15.028298092812795,15.178976503601671,3825437
2025-02-27,15.210698127746582,15.345516678375244,15.139323511965365,15.226559489614123,1534751
2025-02-28,15.155184745788574,15.250349890944344,15.067948768876864,15.067948768876864,2198349
2025-03-03,15.163116455078125,15.226560393692559,15.067949790845065,15.107601685245532,812727
2025-03-04,15.290003776550293,15.345517031742292,15.09174128650872,15.2265598402419,1511230
2025-03-05,15.86099910736084,15.916512362216963,15.202767704910276,15.202767704910276,7033953
2025-03-06,15.86099910736084,15.940304405422195,15.6389445753136,15.876860469497661,1887505
2025-03-07,15.86099910736084,15.972025617073086,15.718249873374953,15.932373724353784,2997876
2025-03-10,15.868929862976074,15.924443118092979,15.860999181870408,15.860999181870408,1193292
2025-03-11,15.86099910736084,15.908581681148553,15.781693809299487,15.84513774522402,5847362
2025-03-12,15.86099910736084,15.900651000080144,15.86099910736084,15.86099910736084,1330355
2025-03-13,15.868929862976074,16.01167909763255,15.710319266108268,15.860999181870408,816046
2025-03-14,15.86099910736084,15.940304405422195,15.757903278717004,15.86892978842925,1690059
2025-03-17,15.86099910736084,15.916512362216963,15.66273661851883,15.86099910736084,3635788
2025-03-18,15.686529159545898,15.860999610719608,15.662737115585614,15.860999610719608,704424
2025-03-19,15.678598403930664,15.813416960487837,15.62308514757585,15.749973022850508,716485
2025-03-20,15.678598403930664,15.860999535560136,15.583431741163276,15.65480636008312,867859
2025-03-21,15.686529159545898,15.749973097483865,15.464474620451618,15.678598478225803,711532
2025-03-24,15.50412654876709,15.670667831612347,15.46447465470159,15.631014424924048,1236952
2025-03-25,15.258280754089355,15.623084515205038,15.147254245873713,15.50412581340516,822727
2025-03-26,15.218628883361816,15.39309932689278,15.115531543339594,15.39309932689278,827915
2025-03-27,15.07588005065918,15.440682309334939,15.052088007110546,15.440682309334939,924515
2025-03-28,15.07588005065918,15.07588005065918,15.07588005065918,15.07588005065918,0
2025-03-31,15.07588005065918,15.07588005065918,15.07588005065918,15.07588005065918,0
2025-04-03,14.972783088684082,15.226560355121785,14.948992557153192,15.075880434060638,1755085
2025-04-04,14.814173698425293,15.186906640203933,14.631772568147838,15.06794944709354,1123869
2025-04-07,13.96561050415039,14.67142449585777,13.331169618377468,14.655563133373322,3515969
2025-04-08,14.370065689086914,14.512813408783817,13.918025949200501,13.997331246336156,1188763
2025-04-09,14.187663078308105,14.457300181497807,13.878374082788103,14.370065715846598,1099743
2025-04-10,14.489023208618164,14.830034935235679,14.330412610732838,14.43350995314513,1184019
2025-04-11,14.31455135345459,14.465231271289007,14.274899460003692,14.433510059052843,586249
2025-04-14,14.259037971496582,14.449369781098994,14.195594034962443,14.35420463260917,590045
2025-04-15,14.211455345153809,14.354204579988004,14.140080727736711,14.274899281455367,584606
2025-04-16,14.19559383392334,14.274899131623574,14.116288536223104,14.203524514955637,236426
2025-04-17,14.282830238342285,14.39385675085801,14.155942363289231,14.195594257009766,882951
2025-04-18,14.132150650024414,14.314551785601566,14.076637392468134,14.314551785601566,370937
2025-04-21,14.132150650024414,14.2748998909536,14.100429436830606,14.132150650024414,412516
2025-04-22,14.298691749572754,14.393856900540781,14.076637209609355,14.187663723279654,1163602
2025-04-23,14.441439628601074,14.62384227635871,14.211455917479524,14.377995689744493,987256
2025-04-24,14.370065689086914,14.473161516527355,14.07663654347181,14.07663654347181,2468644
2025-04-25,14.79038143157959,14.86968672999746,14.140080707274008,14.140080707274008,1426719
2025-04-28,14.758660316467285,14.87761750856198,14.282830035465743,14.790381528468581,1093085
2025-04-29,14.956923484802246,15.04415795622317,14.322482577196183,14.8300356058056,1219424
2025-04-30,14.346274375915527,14.869687245963624,14.274899756125079,14.869687245963624,915885
2025-05-02,14.544536590576172,14.679355146164305,14.35420477903224,14.512813865674127,612453
2025-05-05,14.473161697387695,14.750729484519681,14.274899208382385,14.750729484519681,121113
2025-05-06,14.290760040283203,14.520743732432143,14.251106636379804,14.481091841151438,240016
2025-05-07,14.27489948272705,14.354204782377867,12.934644607758855,12.934644607758855,1460863
2025-05-08,13.251864433288574,14.473162127952852,12.887062168725143,14.473162127952852,1535574
2025-05-09,13.521501541137695,13.640460248123205,11.943333020259326,13.243935258498958,5872100
2025-05-12,14.877617835998535,14.877617835998535,14.274899668481257,14.671424659272404,4219301
2025-05-13,14.584188461303711,14.988644127436439,14.23524756366286,14.877617615698238,3074446
2025-05-14,15.369307518005371,15.718249923003423,14.31455113454052,14.592118922320271,3788041
2025-05-15,15.615155220031738,15.702389693104601,15.075880967772456,15.075880967772456,2011800
2025-05-16,16.638187408447266,17.177461610648223,15.543779154809753,15.583431046832821,28644102
2025-05-19,17.098155975341797,17.27262792708232,16.535091254127863,16.88403364498622,7257543
2025-05-20,16.598535537719727,17.20918435644383,16.455786306057185,17.20918435644383,2250509
2025-05-21,16.574745178222656,16.725425106127492,16.360621308982555,16.360621308982555,886692
2025-05-22,16.28131675720215,16.77300690145573,16.186150093327658,16.57474440495478,1776290
2025-05-23,16.194080352783203,16.431994737336616,16.178218990446904,16.28924701417823,669661
2025-05-26,16.241662979125977,16.455786833482687,16.19408040458763,16.257524341513015,308227
2025-05-27,16.26545524597168,16.60646697886,16.09891396386731,16.30510713986078,318619
2025-05-28,16.26545524597168,16.26545524597168,16.26545524597168,16.26545524597168,0
2025-05-29,16.138566970825195,16.44785597084671,16.098913565295028,16.44785597084671,258086
2025-05-30,16.558881759643555,16.693700307326793,16.05926097271313,16.098912863892973,1846471
2025-06-02,16.297176361083984,16.73335475436925,15.876860842931396,16.73335475436925,463777
2025-06-03,16.209941864013672,16.566813444121788,16.10684452050351,16.29717633241906,576711
2025-06-04,16.18614959716797,16.32889883229256,16.01960983127112,16.257524214730264,351561
2025-06-05,16.320968627929688,16.40820461030367,16.01961029923663,16.1782193886351,1307788
2025-06-06,16.320968627929688,16.320968627929688,16.320968627929688,16.320968627929688,0
2025-06-09,16.320968627929688,16.320968627929688,16.320968627929688,16.320968627929688,0
2025-06-10,16.06719207763672,16.416134477197424,16.02753867278736,16.416134477197424,465870
2025-06-11,16.090984344482422,16.416134705658585,15.987887003062028,16.416134705658585,1412695
2025-06-12,15.979955673217773,16.217871558097723,15.972024992459506,16.035468925902954,765254
2025-06-13,15.599292755126953,15.979956372444141,15.464474201582606,15.979956372444141,624769
2025-06-16,15.599292755126953,15.599292755126953,15.599292755126953,15.599292755126953,0
2025-06-17,15.853067398071289,15.940303371542976,15.464473126659685,15.551709100131374,386285
2025-06-18,15.837207794189453,16.09891423101965,15.702389235057364,15.805486581076336,886396
2025-06-19,15.789624214172363,16.011678742335377,15.742041641216975,15.821346937891102,216621
2025-06-20,15.678598403930664,15.90065142934992,15.504126440960917,15.90065142934992,217717
2025-06-23,15.250349998474121,15.504125737509147,15.067948875120535,15.504125737509147,1510291
2025-06-24,15.95616626739502,16.217872700359667,15.393099994881508,15.393099994881508,1876472
2025-06-25,15.81341552734375,16.21787116036011,15.749971595456241,16.21787116036011,1057236
2025-06-26,15.638944625854492,15.940304456937001,15.47240486074791,15.940304456937001,1385399
2025-06-27,15.789624214172363,16.019609423265063,15.662736344542846,15.702388236568549,621797
2025-06-30,16.075122833251953,16.1385667686828,15.765832324481677,15.789624367501771,1766846
2025-07-01,16.43199348449707,16.81265858843101,16.0196086835545,16.138565866761446,7591006
2025-07-02,16.360618591308594,16.64611703620438,16.21787088148333,16.64611703620438,3852694
2025-07-03,15.900650978088379,16.495438443791777,15.860999085423916,16.265454743616957,4463979
2025-07-04,15.932373046875,16.170287418319685,15.821346541883841,16.098912804361742,883444
2025-07-07,16.598535537719727,17.0981563359159,15.932373465043016,16.01960944275295,10009156
2025-07-08,16.99506187438965,17.526405439033052,16.915756571247393,17.248837634346586,16435056
2025-07-09,16.78093719482422,17.129879604132082,16.63025727743311,17.00299173031518,1889263
2025-07-10,16.654050827026367,16.931618643334723,16.503370896009333,16.717494769672026,2711972
2025-07-11,16.328899383544922,17.04264407064064,16.273386126371882,16.654049757806558,3259992
2025-07-14,16.28131675720215,16.495439103829842,16.257524713077824,16.416135315327704,2073572
2025-07-15,16.376482009887695,16.49543920600051,16.217872919278214,16.297176708271547,2217064
2025-07-16,16.27338409423828,16.574742386669676,15.860997788702583,16.392341275129027,1640795
2025-07-17,16.46371841430664,16.535093036325684,16.26545591150327,16.297177125387925,872271
2025-07-18,16.39234161376953,16.654048022184668,16.336828362381873,16.416133655488235,2384629
2025-07-21,16.34476089477539,16.566813925484077,16.273386274155364,16.336830213303962,516681
2025-07-22,16.376482009887695,16.49543920600051,16.305107389695443,16.416135417007176,621195
2025-07-23,16.400272369384766,16.56681212430977,16.376480327557196,16.56681212430977,522402
2025-07-24,16.38441276550293,16.495439280694594,16.38441276550293,16.41613549134216,210853
2025-07-25,16.376482009887695,16.49543920600051,16.336830115391027,16.40820473558328,759096
2025-07-28,16.447856903076172,16.495439479786494,16.376482281699268,16.376482281699268,699543
2025-07-29,16.455787658691406,16.503370235615876,16.416135763358156,16.455787658691406,1233773
2025-07-30,16.51129913330078,16.852310841765547,16.463716561517206,16.495437771832027,4960393
2025-07-31,16.408205032348633,16.65405011044461,16.26545578938231,16.53509291218029,3298380
2025-08-01,16.558881759643555,16.693700307326793,16.336828748840116,16.336828748840116,2301818
2025-08-04,16.773006439208984,16.81265984499005,16.59060531048437,16.638187884798885,2090145
2025-08-05,16.717493057250977,16.891963503499305,16.69370101396235,16.812659717782726,618954
2025-08-06,16.669910430908203,16.812659664945834,16.654049068765634,16.773006259589412,1432455
2025-08-07,16.796798706054688,16.852311962263677,16.654049468589985,16.80472938731637,1131566
2025-08-08,16.86024284362793,16.97920003871941,16.72542428582484,16.8126602681159,3121847
2025-08-11,17.288488388061523,17.605709579684685,16.891963411155317,16.891963411155317,73285719
2025-08-12,17.383655548095703,17.47882221084457,16.852312003252933,17.431238123158742,4176862
2025-08-13,17.272628784179688,17.605709830021922,17.090226142615943,17.375724614087222,2099587
2025-08-15,17.296419143676758,17.439168377998,17.24883656977726,17.288488462589715,3035361
2025-08-18,17.447099685668945,17.518474305392868,17.272629233356465,17.518474305392868,2989854
2025-08-19,17.296419143676758,17.52640435733271,17.288488462589715,17.447099059085044,1329357
2025-08-20,17.280559539794922,17.407447413745988,17.256767496195557,17.256767496195557,2260265
2025-08-21,17.090225219726562,17.367792995043278,17.04264264792511,17.288487700292404,2874001
2025-08-22,16.979198455810547,17.050573068736,16.677840155498487,16.796797339500017,1934158
2025-08-25,16.96333885192871,17.03471347224836,16.69370173352622,16.72542445927843,450893
2025-08-26,17.1140193939209,17.526405767900407,16.971270148110847,16.971270148110847,2137221
2025-08-27,17.169530868530273,17.248836164916504,17.05057368026229,17.193322911232958,1689953
2025-08-28,17.129878997802734,17.27262822894969,16.733354028004626,17.177461570644144,261517
2025-08-29,17.407447814941406,17.447099709231445,17.12988001704271,17.185393274097887,1122421
2025-09-01,17.447099685668945,17.645362182097,17.185393250888822,17.391586428688736,3821467
2025-09-02,17.37572479248047,17.621569860647686,17.24883691777334,17.447099411081076,1309257
2025-09-03,17.33607292175293,17.52640473406488,17.288488834207854,17.52640473406488,1068239
2025-09-04,17.43916893005371,17.526404912149967,17.30435037255168,17.336073097904062,1617288
2025-09-05,17.542264938354492,17.613638039714136,17.36779298745427,17.613638039714136,573000
2025-09-08,17.296419143676758,17.605709655580373,17.288488462589715,17.566056250145163,2284443
2025-09-09,18.367036819458008,18.55736862696367,17.455029674593177,17.605709589435357,4785183
2025-09-10,20.206912994384766,20.206912994384766,18.398760019963174,18.398760019963174,28098303
2025-09-11,21.222017288208008,22.046788466926717,20.619299132063723,20.619299132063723,29315118
2025-09-12,20.754117965698242,21.60268119935903,20.619299409057188,21.412349386328618,7664766
2025-09-15,20.325870513916016,21.13478186418932,19.87383226306411,20.777910277390728,4546499
2025-09-16,19.929344177246094,20.547923670353104,19.86590024302661,20.539992989497833,4164509
2025-09-17,19.794527053833008,20.119678941830443,19.4535168282281,19.984860382824664,2674876
2025-09-18,19.667638778686523,19.99278914748846,19.604194841179385,19.826249378765766,1648767
2025-09-19,20.547924041748047,21.01582363230735,19.627986222626674,19.826248709723913,5260437
2025-09-22,20.76997947692871,21.055476442206295,20.33380107873392,21.015824548108043,5466880
2025-09-23,20.76997947692871,20.76997947692871,20.76997947692871,20.76997947692871,0
2025-09-24,20.785839080810547,20.857213699440297,20.61929931242299,20.81756180581167,2719887
2025-09-25,20.881004333496094,21.174433469455707,20.71446457635178,20.849283123259276,2176447
2025-09-26,21.594751358032227,21.84852711861043,20.81756271310576,20.81756271310576,10106857
2025-09-29,21.56302833557129,21.88817869061646,21.452000315164184,21.80094271300146,1891628
2025-09-30,21.570959091186523,21.880248085441135,21.412348497268777,21.880248085441135,2162442
2025-10-01,21.53130531311035,21.72956779575892,21.25373753487781,21.570958717213685,5652872
2025-10-02,21.570959091186523,21.610610983354597,21.333043200309902,21.412348497268777,3564052
2025-10-03,22.126094818115234,22.593994441676227,21.412350116748197,21.412350116748197,8427293
2025-10-06,22.046789169311523,22.641576663224132,21.53130697711183,22.205399772737348,3225381
2025-10-07,22.046789169311523,22.046789169311523,22.046789169311523,22.046789169311523,0
2025-10-08,21.420278549194336,22.16574589851983,21.05547479894551,21.793011467545742,1271140
2025-10-09,20.999961853027344,21.80887314733995,20.78583800818765,21.610610664182314,1231130
2025-10-10,20.47654914855957,21.333043020735744,19.905553737983027,20.97617145635892,891391
2025-10-13,19.968997955322266,21.01582364585066,19.42972374805061,20.619298671400646,1075223
2025-10-14,21.705778121948242,21.96748454886058,20.222774027696484,20.222774027696484,6146581
2025-10-15,21.697847366333008,22.276773473481704,21.17443451430504,22.038859090786357,2700806
2025-10-16,21.89611053466797,22.998449528005487,21.808874552418995,21.959554472861,9008294
2025-10-17,21.808874130249023,22.284704413797193,21.610611638155852,22.173676389641532,1841063
2025-10-20,21.467863082885742,22.00713732050701,21.214087326975225,21.96748542587955,3301259
2025-10-21,21.103059768676758,21.88024836088761,21.015823789661525,21.88024836088761,860064
2025-10-22,21.467863082885742,21.80887482212406,20.619299831826385,21.41234982535817,823718
2025-10-23,20.785839080810547,21.808874272755087,20.460688712662932,21.808874272755087,1962251
2025-10-24,21.888179779052734,22.20539946894163,20.54792488757152,20.54792488757152,2465715
2025-10-27,21.911968231201172,22.641574205025467,21.808872409003488,21.888177702106212,6627045
2025-10-28,20.286218643188477,22.205399675661255,20.064164101887652,22.046789072928835,6648863
2025-10-29,19.453516006469727,21.80887383623939,19.429723963195094,19.834179623127355,5695892
2025-10-30,20.34173011779785,21.25373722203241,19.231460533833058,19.509028307979925,6688134
2025-10-31,21.06340789794922,21.49165563054438,20.34173250794436,20.34173250794436,1125456
2025-11-03,21.436141967773438,21.65026431741323,20.643091970613643,21.063407501029722,848419
2025-11-04,21.222017288208008,21.53130629114968,21.055476008654423,21.491654397867894,515853
2025-11-05,21.26959991455078,21.610611643047875,20.85721356787416,21.015824166633713,1213614
2025-11-06,21.317182540893555,21.80887418814391,20.944449599313113,21.404418521685418,1032768
2025-11-07,21.539236068725586,22.443312508703194,21.356834947084963,21.769221275455443,3370489
2025-11-10,21.38855743408203,21.650263867197683,21.24580970816487,21.539237353943406,1210443
2025-11-11,20.516202926635742,21.38855666385838,20.23863514087275,21.38855666385838,1407096
2025-11-12,21.62647247314453,21.808873598392537,20.6113679938388,20.77790926969944,2576359
2025-11-13,22.007137298583984,22.736743352411324,21.689917604011843,21.967485403996026,3249597
2025-11-14,22.046789169311523,22.308495606128158,21.68991758053765,22.205399772737348,2820258
2025-11-17,22.06264877319336,22.91914263563705,21.41234807371498,22.522617671308993,2398551
2025-11-18,21.642333984375,22.530549086346717,21.570959367460144,22.530549086346717,1713200
2025-11-19,22.681228637695312,23.807359615540868,21.49165372501153,21.49165372501153,26845668
2025-11-20,22.522619247436523,22.99844954045322,22.20539955629966,22.831909769839918,1619023
2025-11-21,21.943693161010742,22.443313986360888,21.848526497189244,22.403662092131903,2529938
2025-11-24,21.89611053466797,22.356079464723166,21.729569251522,21.967485154212984,1745387
2025-11-25,21.578887939453125,22.086440924888006,21.396486817989086,21.88817844174291,2856084
2025-11-26,21.56302833557129,21.84852528596295,21.412348423133395,21.80094271300146,2030114
2025-11-27,21.420278549194336,21.927830014629897,21.372695977465423,21.808872828996275,753847
2025-11-28,21.38855743408203,21.610611973213384,21.118920319644957,21.412349478046288,2752927
2025-12-01,21.348905563354492,22.20539948290447,21.15064306797142,21.15064306797142,996964
2025-12-02,20.936519622802734,21.808874922215935,20.6668825027546,21.491655225871906,1366186
2025-12-03,21.03168487548828,21.253737891704173,20.936518216665238,20.936518216665238,698212
2025-12-04,20.857213973999023,21.166504496340277,20.658951478000468,21.166504496340277,281916
2025-12-05,20.865144729614258,21.29339244855425,20.658951551527167,21.29339244855425,1588408
2025-12-08,21.74542999267578,22.110232248702875,21.015823967998838,21.015823967998838,2803716
2025-12-09,23.077754974365234,23.59323716451065,21.745430751290865,21.745430751290865,10333842
2025-12-10,23.25222396850586,23.672540980702784,23.046030802859597,23.379111837730832,7009962
2025-12-11,23.593236923217773,23.91045661293816,23.23636382689309,23.394974428064682,9642767
2025-12-12,23.617029190063477,23.78356896150483,23.19671215182802,23.78356896150483,3103891
2025-12-15,23.109474182128906,23.69633094134735,22.919142382865306,23.632887008259484,657485
2025-12-16,23.17292022705078,23.569445223142413,23.038101667874713,23.569445223142413,3025668
2025-12-17,23.014310836791992,23.394974465058386,21.49165481110362,21.49165481110362,353064
2025-12-18,23.32360076904297,23.58530721291471,23.02224242955724,23.37911402795169,2072297
2025-12-19,23.394973754882812,23.474279053186628,22.998448775986496,23.323599137671657,931104
2025-12-22,23.46634864807129,23.696332351972057,23.32359941197016,23.394974030020727,735674
2025-12-23,23.20464324951172,23.50600158484075,23.101545902140824,23.46634968977369,516061
2025-12-24,23.34739112854004,23.394973702366414,22.998448724360202,23.046031298186577,3207804
2025-12-26,23.276016235351562,23.553584019187507,21.49958453647336,23.47427872200256,1286028
2025-12-29,23.33152961730957,23.775637166304453,22.966725853311,23.31566825526121,891818
2025-12-30,23.3156681060791,23.394973403190736,23.12533630058482,23.33946014899941,609379
2025-12-31,23.141197204589844,23.307736963868155,23.0380998665981,23.0380998665981,146875
2026-01-01,23.141197204589844,23.141197204589844,23.141197204589844,23.141197204589844,0
2026-01-02,23.220502853393555,23.434625188205658,23.117405513833354,23.117405513833354,2284138
2026-01-05,23.29187774658203,23.862873167252015,23.006379279935672,23.157059194290444,4955825
2026-01-06,23.157060623168945,23.498070852832598,22.998450017995705,23.236364413132733,720636
2026-01-07,23.030170440673828,23.394972678413936,22.9191424231081,23.23636208910443,950661
2026-01-08,23.37118148803711,23.783567825173872,23.077753853529494,23.331529595575887,2983264
2026-01-09,23.387042999267578,23.67254146720247,23.117405893467456,23.55358427643718,3808792
2026-01-12,24.39421844482422,25.14761504538263,23.236364645762553,23.379113889323033,44731921
2026-01-13,23.80735969543457,24.790741445038506,23.474278658260435,24.33870321872134,9766809
2026-01-14,25.03658676147461,25.861359438234636,23.910455768281647,23.910455768281647,36186124
2026-01-15,25.702749252319336,26.21030074603169,25.03658716051049,25.203128439774083,18669158
2026-01-16,26.297536849975586,26.487870173635997,25.65516528602295,26.04376110192541,6685787
2026-01-19,26.289608001708984,26.805088672671648,25.575861810843037,26.368911789473827,7763800
2026-01-20,24.870046615600586,26.519588918545903,24.39421634882423,26.32925862698262,8911591
2026-01-21,26.66234016418457,27.082658721529025,24.663855312934423,25.020726905511346,69462739
2026-01-22,26.38477325439453,27.20161376747332,25.69482061737891,26.916115290019796,22776127
2026-01-23,25.80584716796875,26.68613313297055,25.69482065440917,26.678200939004522,8308194
2026-01-26,25.51241683959961,26.083413803016622,25.187267975886773,26.083413803016622,7168175
2026-01-27,25.361736297607422,25.734470731305063,25.274501834237444,25.65516392347291,4361237
2026-01-28,25.290361404418945,26.07548215445364,25.13968300906679,25.63930530454341,7560987
2026-01-29,24.513174057006836,25.425182717920926,24.22767558836432,25.377598631398673,7257141
2026-01-30,24.195955276489258,25.417251469481634,24.10871929391023,24.66385488966673,17949921
2026-02-02,24.243377685546875,25.599717208754512,22.86806975776156,23.484587229465262,7580219
2026-02-03,24.09162139892578,24.556380814226205,23.901924675245624,24.423592926740167,2389494
2026-02-04,23.750165939331055,24.13904629296953,23.664801782766588,24.091620756489693,3288273
2026-02-06,22.906009674072266,23.740681032161017,22.403311646843083,23.740681032161017,6952944
2026-02-09,21.72039794921875,23.03879890221598,21.597095174024368,22.953434746658633,5179445
2026-02-10,22.87755584716797,23.38025386750023,21.483275836723752,21.720398090570814,5155457
2026-02-11,22.792192459106445,23.181072823792174,22.289492612734975,23.000859398247794,3578983
2026-02-12,22.06185531616211,22.858586255525434,21.81524794834972,22.858586255525434,982988
2026-02-13,21.900611877441406,22.43176522842153,21.45482268400621,22.43176522842153,2043571
2026-02-16,22.232582092285156,22.95343393075762,21.76782271138169,22.232582092285156,3798706
2026-02-17,22.56455421447754,22.754250929321593,22.014428856861947,22.289491535669743,3580963
2026-02-18,22.744766235351562,22.92497965546114,22.308462155095913,22.57403792252136,1631747
2026-02-19,21.98597526550293,22.906008942387945,21.578124706862408,22.906008942387945,963646
2026-02-20,21.568639755249023,22.289491616095507,21.255638455982716,22.289491616095507,537418
2026-02-23,19.918270111083984,21.81524821690151,19.633724118851077,21.606581276537327,631503
2026-02-24,20.250240325927734,20.534786299675996,19.064629086811347,19.98466275708996,2157395
2026-02-25,19.880329132080078,20.62963633157146,19.775996569326285,20.487363339380472,833207
2026-02-26,20.468393325805664,20.733970907178133,19.21638808766266,19.728571226403314,1286158
2026-02-27,21.05645751953125,22.00494656439123,19.91826994205956,20.39251446448955,2743022
2026-03-02,18.950809478759766,19.681146431110058,18.950809478759766,19.681146431110058,2161529
2026-03-03,19.794965744018555,20.107967034033358,18.685233568675315,18.780081019086527,2115693
2026-03-04,18.979265213012695,19.813934741667232,18.789566688314334,19.47247992994907,1418219
2026-03-05,19.908784866333008,20.0131192403461,18.96978092751303,18.979266035068697,3794897
2026-03-06,19.3966007232666,19.95620937654123,19.036173891107083,19.91826894827215,344237
2026-03-09,17.708290100097656,19.254326408818464,17.461682737466877,19.254326408818464,2336563
2026-03-10,19.481966018676758,19.481966018676758,18.21099054281862,18.21099054281862,499799
2026-03-11,21.426366806030273,21.426366806030273,20.60118057419957,20.60118057419957,2056735
2026-03-12,21.378942489624023,22.479189562316563,21.056456091514228,22.280005935672673,5317536
2026-03-13,21.141820907592773,21.43585199423296,20.677059700546415,21.43585199423296,2320970
2026-03-16,21.388425827026367,22.76373557498824,20.01311788816366,20.847787396576262,2549030
2026-03-17,21.350488662719727,21.805762971045954,21.19873055994432,21.530702088177758,404023
2026-03-18,21.929067611694336,22.147219658808467,21.341003605235276,21.341003605235276,749409
2026-03-19,22.004945755004883,22.099793208722772,20.392513714411713,21.92906670657104,1012532
2026-03-20,22.004945755004883,22.004945755004883,22.004945755004883,22.004945755004883,0
2026-03-23,22.004945755004883,22.004945755004883,22.004945755004883,22.004945755004883,0
2026-03-24,21.824731826782227,22.64991623308828,21.76782299406092,22.621462721277215,726300
2026-03-25,22.72579574584961,23.24746578530828,22.08082474054855,22.08082474054855,8227292
2026-03-26,22.251550674438477,22.58352218033257,21.900610763798365,22.574037073409976,3203461
2026-03-27,22.839614868164062,22.88703859415173,21.824731935594805,21.824731935594805,6282869
2026-03-30,22.498159408569336,22.76373699141154,21.81524795010273,22.76373699141154,1746212
2026-03-31,22.355886459350586,22.81116076591462,22.194643249638414,22.488674346490278,764888
2026-04-01,23.152616500854492,23.42767918107049,22.431764638918562,22.431764638918562,2580492
2026-04-02,22.649917602539062,22.953435616635296,22.147219566425097,22.76373708396256,787017
2026-04-03,22.384340286254883,22.574036996765177,21.341002046601215,21.341002046601215,403819
2026-04-06,22.593008041381836,22.858585616781593,20.91418205112822,22.393826216656436,1026146
2026-04-07,22.289491653442383,22.574037631761538,22.099793128496806,22.574037631761538,414499
2026-04-08,23.958831787109375,24.176983817735714,22.953433977575646,23.72170954275053,4175080
2026-04-09,22.830129623413086,23.70273956365572,22.782705897711523,23.70273956365572,1077736
2026-04-10,23.44664764404297,23.60789084788769,22.668886946356395,22.85858547173814,3584056
2026-04-13,22.84910011291504,23.664801230334085,22.39382582793198,22.763735958343318,5645035
2026-04-14,23.58892250061035,23.807074538966127,23.237980770521272,23.4371625944724,6209308
2026-04-15,24.176984786987305,24.802987392463063,23.617376123137877,23.721710493750248,13111629
2026-04-16,26.595632553100586,26.595632553100586,24.176984506297657,24.300289089971507,31238568
2026-04-17,28.359821319580078,29.25140150440599,26.699965535551655,26.880178955793955,29770494
2026-04-20,27.534637451171875,29.29882583337868,26.60511681811319,28.359821901938137,14654320
2026-04-21,26.785329818725586,27.970941098639603,26.187782529652587,27.5441221233301,6172953
2026-04-22,26.32056999206543,27.316482727584976,26.17829700257681,26.78532938924783,1714219
2026-04-23,26.386964797973633,26.557693114594766,26.102418809671253,26.27314712629239,1249375
2026-04-24,27.316482543945312,29.023763833628898,25.846325313947606,26.102417778765027,4115920
2026-04-27,26.187782287597656,27.411332176427987,25.760961507134038,27.411332176427987,3178283
2026-04-28,26.187782287597656,26.187782287597656,26.187782287597656,26.187782287597656,0
2026-04-29,26.187782287597656,26.187782287597656,26.187782287597656,26.187782287597656,0
2026-04-30,24.926292419433594,25.324657885352597,24.471016309026687,24.68917016136512,2536013
2026-05-04,24.897836685180664,25.704052711092075,24.660714431036084,25.609203447614398,900584
2026-05-05,24.793502807617188,25.07805060371021,24.57535076364869,24.660714921566672,299678
2026-05-06,26.529237747192383,26.65254233525404,25.19186834805761,25.19186834805761,4264197
2026-05-07,26.34902572631836,26.984513444480694,26.092933255768035,26.984513444480694,1936954
2026-05-08,25.988597869873047,26.54820651667028,25.760960730190998,25.903233716354883,481072
2026-05-11,26.017053604125977,26.225720533208538,25.609203043969845,25.79890156793523,449776
2026-05-12,25.86529541015625,26.2731459687602,25.675596886912814,25.969627969750867,890442
2026-05-13,25.609203338623047,25.98859858181984,25.514354075549043,25.94117485483245,1133988
2026-05-14,25.59971809387207,25.89374917963251,25.466930211741396,25.86529566723263,677212
2026-05-15,25.305686950683594,26.036023918943318,25.13495864027491,25.599718035776768,1376199
2026-05-18,24.679683685302734,25.457444359179597,24.660713471525455,25.457444359179597,656513
2026-05-19,24.87886619567871,25.229807923937383,24.28131891784274,25.087534934843028,531875
2026-05-20,25.163414001464844,25.410021360322645,24.755563439088455,25.134958679985374,837757
2026-05-21,25.628173828125,25.75147660507516,24.99268611053747,25.28671720103342,833108
2026-05-22,25.580747604370117,25.941174436418034,25.466929937796493,25.75147591332974,639651
2026-05-25,26.55769157409668,26.652540834395428,25.51435332900876,25.713536956546054,2688764
2026-05-26,26.55769157409668,26.55769157409668,26.55769157409668,26.55769157409668,0
2026-05-27,26.55769157409668,26.55769157409668,26.55769157409668,26.55769157409668,0
2026-05-28,26.55769157409668,26.55769157409668,26.55769157409668,26.55769157409668,0
2026-05-29,27.506181716918945,28.758186940095236,26.699965684085953,26.699965684085953,15413819
2026-06-01,26.94657325744629,27.60103119614826,26.79481515703703,27.50618193111766,1222607
2026-06-02,27.031936645507812,27.705362970765123,26.605115869570636,26.624086083856557,4877130
2026-06-03,27.031936645507812,27.031936645507812,27.031936645507812,27.031936645507812,0
2026-06-04,26.026538848876953,26.775844223394635,25.89374915775924,26.453357816407518,1722024
2026-06-05,26.60511589050293,27.316482644891767,26.09293276807455,26.09293276807455,2209838
2026-06-08,27.373394012451172,27.506181897873976,26.22572134425654,26.367994337080866,3759977
2026-06-09,27.6863956451416,28.644369794743955,27.496697113083982,27.74330448111918,13722895
2026-06-10,27.288028717041016,27.857122473706674,27.088845088113406,27.648453737773064,1954284
2026-06-11,27.46824073791504,27.601030428906352,26.756873983608685,27.031936663641428,1299551
2026-06-12,27.288028717041016,27.989910353592297,27.088845088113406,27.686394165797058,1508376
2026-06-15,27.21215057373047,27.743303920010227,27.12678641694096,27.553605391789265,1463175
2026-06-16,27.050907135009766,27.506181427908576,26.434389637238557,27.088845754868387,108119661
2026-06-17,26.89914894104004,27.439787388058534,26.84223829780709,27.250088862147138,12578099
2026-06-18,27.23111915588379,27.64845483521704,26.79481507088481,27.031937328149276,7846104
2026-06-19,26.993995666503906,28.407245847301006,26.652540861815947,27.55360431283318,31177846
2026-06-22,27.079360961914062,27.601031011543647,26.79481497782465,27.306999920104687,10743831
2026-06-23,26.766359329223633,27.37339352849401,26.557692397377103,27.37339352849401,4181030
2026-06-24,26.624086380004883,27.060392267938187,26.567177545613312,26.84223841942192,4843195
2026-06-25,26.624086380004883,26.624086380004883,26.624086380004883,26.624086380004883,0
2026-06-26,26.624086380004883,26.624086380004883,26.624086380004883,26.624086380004883,0
2026-06-29,26.121387481689453,26.78532868487648,26.083447053970623,26.624085485269784,6222193
2026-06-30,26.624086380004883,26.889663955664254,26.20675070656851,26.22572092106544,3292980
2026-07-01,26.737905502319336,27.26905883747543,26.633571133072902,26.747390609441666,13241887
2026-07-02,27.003480911254883,27.55360445344194,26.557691736946133,26.937086971368387,12334165
2026-07-03,27.866605758666992,28.08475960150525,27.26905849036013,27.26905849036013,21059671
2026-07-06,28.985824584960938,29.355736541119924,28.264972696745115,28.359821962660224,42069179
2026-07-07,28.966856002807617,29.403160090623416,28.41673062566711,29.403160090623416,16918972
2026-07-08,27.9993953704834,28.966854572791373,27.50618066235394,28.464154757686444,13844647
2026-07-09,28.862520217895508,29.004793204392,27.743302921684503,27.83815218238189,12838937
2026-07-10,29.83946418762207,30.114526876276972,29.11861411266972,29.11861411266972,33037004
2026-07-13,30.00070571899414,31.21477226781006,29.21345993592187,29.403158456052196,42778136
2026-07-14,28.777156829833984,29.782554678138293,28.549519683563155,29.687705414917307,14499201
2026-07-15,29.004793167114258,29.782553847454732,28.587457506041623,28.957369441376102,8456360
2026-07-16,28.862520217895508,29.85843293247015,27.15523895264003,29.118612679048702,70092212
2026-07-17,27.610515594482422,28.928914736341653,27.47772590321011,28.909944522002863,17830259
2026-07-20,28.122699737548828,28.36930710559642,26.889664706410148,27.401847848432624,17575908
2026-07-21,27.8096981048584,28.549520200457636,27.743304162131402,28.388276992792388,11614091
2026-07-22,27.800212860107422,28.03733511673191,27.411332503971195,27.53463709051151,7613648
2026-07-23,27.6200008392334,28.312397384155275,27.316482835598517,27.809697556268574,18450320
2026-07-24,26.809999465942383,28.0,26.3700008392334,28.0,10909925
2026-07-27,27.68000030517578,27.799999237060547,27.049999237060547,27.209999084472656,7755160
2026-07-28,27.700000762939453,28.200000762939453,27.350000381469727,27.899999618530273,6372615
2026-07-29,27.31999969482422,27.549999237060547,27.200000762939453,27.479999542236328,1734267
2026-07-30,27.1299991607666,27.399999618530273,26.90999984741211,27.079999923706055,3822190
2026-07-31,26.969999313354492,27.43000030517578,26.899999618530273,27.260000228881836,2303644
2026-08-03,27.290000915527344,27.469999313354492,26.90999984741211,27.469999313354492,3318573
2026-08-04,26.90999984741211,27.3799991607666,26.850000381469727,27.3799991607666,1882402
2026-08-05,27.1200008392334,27.299999237060547,26.8799991607666,27.25,2401867
2026-08-06,27.200000762939453,27.309999465942383,27.079999923706055,27.239999771118164,3062090
2026-08-07,27.139999389648438,27.5,27.0,27.139999389648438,1976369
2026-08-10,27.75,27.899999618530273,26.799999237060547,27.299999237060547,9148156
2026-08-11,27.989999771118164,28.399999618530273,27.719999313354492,27.84000015258789,15435620
2026-08-12,27.670000076293945,28.139999389648438,27.600000381469727,27.989999771118164,4263992
2026-08-13,27.510000228881836,27.950000762939453,27.40999984741211,27.700000762939453,4109443
2026-08-14,27.510000228881836,27.510000228881836,27.510000228881836,27.510000228881836,0
2026-08-17,27.540000915527344,27.979999542236328,27.350000381469727,27.600000381469727,4741883
2026-08-18,27.540000915527344,27.540000915527344,27.540000915527344,27.540000915527344,0
2026-08-19,27.040000915527344,27.600000381469727,26.969999313354492,27.030000686645508,5599362
2026-08-20,26.979999542236328,27.600000381469727,26.850000381469727,27.540000915527344,4921948
2026-08-21,27.309999465942383,27.649999618530273,27.059999465942383,27.09000015258789,6804208
2026-08-24,27.479999542236328,27.600000381469727,27.059999465942383,27.5,2700263
2026-08-25,28.190000534057617,28.649999618530273,27.709999084472656,28.0,15914541
2026-08-26,28.190000534057617,28.190000534057617,28.190000534057617,28.190000534057617,0
2026-08-27,28.110000610351562,28.5,27.989999771118164,28.479999542236328,2833593
2026-08-28,28.059999465942383,28.350000381469727,27.90999984741211,28.350000381469727,4078511
2026-08-31,27.459999084472656,28.229999542236328,27.299999237060547,28.209999084472656,3920627
2026-09-01,27.510000228881836,28.479999542236328,27.3799991607666,28.0,21084102
2026-09-02,26.860000610351562,27.770000457763672,26.75,27.5,4054545
2026-09-03,26.700000762939453,27.149999618530273,26.639999389648438,27.079999923706055,2617265
2026-09-04,26.709999084472656,27.25,26.540000915527344,27.25,1880142
2026-09-07,26.079999923706055,26.75,25.979999542236328,26.75,1805878
2026-09-08,26.079999923706055,26.5,25.920000076293945,26.079999923706055,2181892
2026-09-09,26.18000030517578,26.389999389648438,26.079999923706055,26.1200008392334,1677135
2026-09-10,25.559999465942383,26.25,25.360000610351562,26.25,6456022
2026-09-11,25.209999084472656,25.5,24.309999465942383,25.200000762939453,7260449
2026-09-14,24.719999313354492,25.299999237060547,24.68000030517578,24.899999618530273,4655884
2026-09-15,24.8799991607666,25.100000381469727,24.68000030517578,25.010000228881836,1311570
2026-09-16,24.56999969482422,24.889999389648438,24.40999984741211,24.610000610351562,2270105
2026-09-17,24.59000015258789,24.770000457763672,24.5,24.559999465942383,1010847
2026-09-18,25.1299991607666,25.200000762939453,24.59000015258789,24.59000015258789,987309
2026-09-21,25.079999923706055,25.450000762939453,24.950000762939453,25.450000762939453,1250244
2026-09-22,25.610000610351562,25.690000534057617,24.520000457763672,25.479999542236328,2557996
2026-09-23,25.700000762939453,25.8799991607666,25.600000381469727,25.649999618530273,2233429
2026-09-24,25.079999923706055,25.84000015258789,25.0,25.600000381469727,1039237
2026-09-25,25.510000228881836,26.100000381469727,24.649999618530273,25.079999923706055,6116338
2026-09-28,25.93000030517578,26.010000228881836,25.549999237060547,25.84000015258789,2320274
2026-09-29,27.350000381469727,27.5,25.719999313354492,26.0,13913007
2026-09-30,26.459999084472656,27.690000534057617,26.350000381469727,27.5,4680675
2026-10-01,26.170000076293945,26.649999618530273,25.989999771118164,26.600000381469727,1498318
2026-10-02,26.25,26.969999313354492,26.0,26.100000381469727,5178571
2026-10-05,25.299999237060547,26.229999542236328,25.100000381469727,26.010000228881836,2022476
2026-10-06,25.719999313354492,25.979999542236328,25.149999618530273,25.149999618530273,2596355
2026-10-07,25.59000015258789,25.989999771118164,25.540000915527344,25.989999771118164,692396
