Date,Close,High,Low,Open,Volume
2021-09-24,702.7368774414062,710.7854326647195,695.2798292070096,707.8860185789637,238840
2021-09-27,700.011962890625,712.6375646073869,692.3900815017201,704.9768570665686,192947
2021-09-28,700.011962890625,700.011962890625,700.011962890625,700.011962890625,0
2021-09-29,689.0929565429688,703.0373433430692,674.9643231061303,703.0373433430692,402667
2021-09-30,701.0010375976562,707.8859318908807,671.5219285403218,689.0930102244156,492634
2021-10-01,690.73193359375,725.7965097676448,688.491912976725,705.8496905135813,160753
2021-10-04,683.022705078125,697.2192276170483,674.9159699881302,687.522159082736,200896
2021-10-05,659.10009765625,685.5827912271515,654.6491168593902,685.5827912271515,1122578
2021-10-06,652.3799438476562,659.3036644728489,645.4368101472463,658.4309046949421,266703
2021-10-07,648.7532958984375,676.7584344687526,644.855055420818,669.1074332155357,924076
2021-10-08,640.4719848632812,653.0975874534159,633.2185962985607,648.7339064682038,578612
2021-10-11,630.978515625,644.7580704631929,623.5699415203771,640.0064835021042,882525
2021-10-12,632.0645751953125,649.7035439269874,617.7032201216283,623.5311673511244,1238174
2021-10-13,621.9506225585938,639.0368535748171,619.2063354316489,631.2791982962153,164529
2021-10-14,653.42724609375,659.4006138478533,615.7832215949736,627.2742233235754,918101
2021-10-15,661.6212768554688,664.2492037715862,642.0428928469279,642.0428928469279,352699
2021-10-18,659.410400390625,666.1886421708665,649.7036248245714,654.3582061204005,202071
2021-10-19,659.410400390625,659.410400390625,659.410400390625,659.410400390625,0
2021-10-20,680.1426391601562,688.249373475731,661.3400108636118,661.3400108636118,343774
2021-10-21,685.3790283203125,698.1791695525377,678.794740643108,686.5426882843701,307469
2021-10-22,687.3475341796875,722.4315167075149,684.6129540879268,687.5220742894336,732945
2021-10-25,687.3475341796875,690.382720991489,675.4298597278809,687.5220742894336,191304
2021-10-26,676.8552856445312,678.7946990704469,673.946165505658,678.7849925335252,240836
2021-10-27,693.3113403320312,702.9211692219054,683.6433905796006,684.6033909774287,297062
2021-10-28,712.0751342773438,715.6436483483345,698.1889252178873,698.1889252178873,750317
2021-10-29,749.3700561523438,756.2743638964579,707.8859704603692,716.6133317400177,828696
2021-11-01,766.3690185546875,793.6468769907138,763.1592912473851,785.4528422677789,991896
2021-11-02,756.46826171875,786.2382727375992,753.0839944086144,778.674571427722,367916
2021-11-03,745.7239990234375,760.2501890532607,742.9215319534868,751.5228271891287,476503
2021-11-04,737.0450439453125,749.583345586083,734.0680370099158,740.3711311189837,634670
2021-11-05,740.9821166992188,760.2501875073984,733.09839509642,736.9772225837025,408144
2021-11-08,749.3118286132812,752.7349221112959,738.9165998696392,750.5433752193171,591594
2021-11-09,744.8997802734375,751.522895394669,725.3408074260806,744.734946662072,1144595
2021-11-10,740.419677734375,751.3677063086762,735.0378163778219,747.644005840766,411958
2021-11-11,733.7965087890625,745.6948302862986,730.18922786556,743.7554166664697,128188
2021-11-12,718.0291748046875,742.7857605754027,714.1891142681852,742.7857605754027,220799
2021-11-15,709.2145385742188,726.3007696065895,704.1138707539237,726.3007696065895,206390
2021-11-16,738.4026489257812,746.635509823958,710.7951232309526,717.3891179939434,460039
2021-11-17,715.0521240234375,741.825715037283,708.8653897958118,741.825715037283,368455
2021-11-18,731.2947387695312,736.9772067113257,709.825414885119,717.5830696926066,699150
2021-11-19,745.045166015625,749.5833869220709,726.3201293126139,738.9166116877335,491952
2021-11-22,711.0472412109375,748.6136744185736,707.8859874683403,748.3324807442855,771181
2021-11-23,697.8883666992188,717.0982581713572,690.4313182123142,712.7345770871502,507054
2021-11-24,670.9983520507812,705.9368579765045,669.0977053777461,705.9368579765045,913166
2021-11-25,660.46728515625,677.8250607439174,647.9096293054532,677.8250607439174,926557
2021-11-26,672.3074951171875,687.5221988960305,650.6733363317863,660.3704054276401,953392
2021-11-29,703.7841796875,712.7345552306043,670.6492530567891,674.9159869938784,783437
2021-11-30,691.4494018554688,721.8982181671444,682.7705144098558,705.9465299323927,8322412
2021-12-01,707.15869140625,713.4617856731552,691.4979027455336,703.1343844690509,2228427
2021-12-02,654.1254272460938,693.3403732413464,654.1254272460938,693.3403732413464,2988066
2021-12-03,628.3118896484375,654.5521559321351,614.7941731273684,634.1883110809131,1516241
2021-12-06,631.8125,638.0671211555602,621.5821043475898,634.9155738246247,286359
2021-12-07,643.48779296875,650.4502810313932,631.7640111406471,632.2488645643928,402869
2021-12-08,630.610107421875,645.8248114279182,629.3397937187972,642.9156906557204,459787
2021-12-09,611.817138671875,635.1579897644971,603.1673701009612,635.1579897644971,715850
2021-12-10,614.9395751953125,618.3723158726418,590.1150462373495,612.8546819540567,785161
2021-12-13,612.4571533203125,628.3700161123375,605.0970525526212,620.602655054489,522438
2021-12-14,621.0099487304688,628.3797564323079,607.6668319553123,618.6729812226417,686619
2021-12-15,665.0733642578125,667.5849308330144,644.8550017860694,651.6429491732911,1379800
2021-12-16,644.4284057617188,662.3098031061472,640.9762516151732,662.3098031061472,749294
2021-12-17,654.144775390625,665.7036629145431,634.1881945318444,642.9155550070533,1022767
2021-12-20,672.724365234375,679.7644458552505,645.834415438488,654.1448095607748,678082
2021-12-21,670.1547241210938,683.5463731745505,665.2188902781189,672.9765449752399,404701
2021-12-22,663.7449340820312,675.8856829360508,657.9461059858113,672.9765623495255,235255
2021-12-23,662.94970703125,673.93650135215,659.65273951157,665.2188469242043,291007
2021-12-24,657.8005981445312,666.0916388104464,655.521810790379,665.2188789973372,134561
2021-12-27,656.026123046875,659.3037370643987,652.2442425078211,657.5582173163975,110570
2021-12-28,657.820068359375,663.2795229690022,654.6103408715203,654.7945875509046,272782
2021-12-29,660.2249145507812,663.2795149387999,653.8636396989336,655.7642865166132,246866
2021-12-30,657.7327880859375,674.9159649921623,650.8187735372561,665.2091899913753,812890
2021-12-31,658.7025146484375,669.0492704355182,651.6430201870302,651.6430201870302,361081
2022-01-03,668.21533203125,669.5825926738506,659.3909640165086,659.4006705549868,157080
2022-01-04,680.0263061523438,681.7038799757137,665.2188643859738,668.1279847841632,490093
2022-01-05,672.7728271484375,677.8250206407904,670.6491669909989,677.8250206407904,198156
2022-01-06,667.4298095703125,677.8153312835074,664.2491429290985,670.8431371822486,772137
2022-01-07,667.73046875,674.9159704974154,656.5109533449895,669.0977293724376,205522
2022-01-10,675.5462646484375,676.8553451515405,664.297630277462,664.297630277462,176422
2022-01-11,669.1268310546875,680.7244868404825,667.1582977841134,676.8553660658592,226747
2022-01-12,664.5012817382812,674.9159231516037,663.2794417179554,671.0370960070543,246499
2022-01-13,659.3424682617188,673.9171312260895,658.9157948865441,662.3097688116403,127106
2022-01-14,654.4745483398438,664.229797147371,654.0672880239619,659.4006758432826,58716
2022-01-17,661.9801025390625,664.1522957647272,646.7945181547544,649.7036389260652,43978
2022-01-18,654.154541015625,668.991043326381,652.1763012500533,657.4709217236277,146842
2022-01-19,640.16162109375,661.3400438477557,635.1579600004105,661.3400438477557,168137
2022-01-20,644.137451171875,653.5726794363375,627.2063490649757,644.8550247371278,474853
2022-01-21,647.4733276367188,653.5824694456295,638.0671585982556,638.0671585982556,91261
2022-01-24,645.068359375,654.4066410323638,641.0731719063075,654.4066410323638,63821
2022-01-25,664.1812744140625,667.1582814058198,649.7035589271792,650.6732657315481,319971
2022-01-26,668.4867553710938,673.9462092543382,656.0066339000861,668.8552486808342,162324
2022-01-27,674.1305541992188,676.855428269359,666.1886521791541,668.1280660137368,304176
2022-01-28,660.1666870117188,677.7184160274157,650.7799320633203,673.946242279607,284802
2022-01-31,662.4261474609375,669.097735412703,660.3703736464504,664.2492010981182,129657
2022-02-01,663.6480102539062,672.0068789629642,656.0067151781317,656.0067151781317,165037
2022-02-02,672.2007446289062,673.9462049772179,663.2794305099526,663.2794305099526,257069
2022-02-03,664.6273803710938,683.4008904503613,660.3800597083183,677.8250761614793,333203
2022-02-04,667.8661499023438,675.6432174300736,660.3800417655295,672.9765237121939,271982
2022-02-07,662.5813598632812,672.9571763571822,661.8443731485731,672.9571763571822,152788
2022-02-08,663.7061767578125,668.1280377461294,660.6904025773209,667.1583308698652,169934
2022-02-09,667.2650146484375,672.4917491529621,664.2589468703285,667.1583610919076,248846
2022-02-10,662.68798828125,671.5220036114334,660.8552281028042,669.0977364503814,174765
2022-02-11,670.9885864257812,672.9764733932327,661.4369395841993,668.1182331861203,151653
2022-02-14,661.6697387695312,676.7389605609341,657.461185375786,669.0782534580326,216344
2022-02-15,660.263671875,666.0916191652905,654.649031669592,654.649031669592,44762
2022-02-16,656.3848266601562,665.9945946636899,654.5617732062417,665.9945946636899,156345
2022-02-17,655.056396484375,663.0855385019427,651.6430094003101,663.0855385019427,25838
2022-02-18,661.0297241210938,663.2309774960117,655.1338902067449,660.2733835941503,35630
2022-02-21,652.7969970703125,664.9280399834626,650.188483115124,664.9280399834626,39623
2022-02-22,641.7811279296875,655.2309577664014,630.3094788426127,655.2309577664014,217890
2022-02-23,645.2041625976562,649.7036167752383,635.1580134145986,647.7642029938196,154698
2022-02-24,615.9384155273438,633.7034528613965,611.0219944907868,630.309478745077,623015
2022-02-25,614.3189697265625,626.430598295012,610.9152893589127,625.4608914865058,256634
2022-02-28,629.3203125,642.9156210429377,603.3031211584403,620.6123642043441,279974
2022-03-01,622.1930541992188,644.8453935869197,620.6124271888252,644.8453935869197,233330
2022-03-02,605.9407348632812,618.6729909639407,597.3491460900087,618.6729909639407,465956
2022-03-03,597.9988403320312,605.0971018989607,594.682459326455,604.1273950048918,172958
2022-03-04,600.5103759765625,607.4243905063365,598.3091225020008,601.2085364945752,124666
2022-03-07,557.765625,596.9611550590769,555.6419648610932,596.9611550590769,1000914
2022-03-08,544.78125,562.4105119261372,542.0660828889598,556.5147373953654,343539
2022-03-09,535.8599853515625,555.6420289032293,528.9750903433012,543.026133227448,834109
2022-03-10,572.447021484375,575.0361220215082,544.0152115191795,544.0152115191795,689365
2022-03-11,557.6590576171875,575.0361885993489,554.1874903617671,569.2179472307214,249060
2022-03-14,553.1983642578125,557.5814583131837,546.9146825889314,557.5814583131837,114283
2022-03-15,565.8141479492188,566.6966141827487,556.1267875709997,556.3692142438729,110835
2022-03-16,568.89794921875,583.7635730583049,566.3088482824752,566.3088482824752,331888
2022-03-17,566.8712158203125,576.9755440703823,565.3390625092989,575.9864241981043,115120
2022-03-18,550.4346923828125,567.2784952769072,548.8540655157768,558.7450870142568,236748
2022-03-21,560.0833129882812,565.2324541229792,547.8843839383642,556.611745806409,189401
2022-03-22,554.66259765625,562.420252260366,552.7425970813177,560.0832848528074,138961
2022-03-23,554.66259765625,554.66259765625,554.66259765625,554.66259765625,0
2022-03-24,567.3560791015625,570.187606425278,548.6310428974596,558.5511246614968,154423
2022-03-25,579.564697265625,581.8144243407038,565.3391138377641,567.278527607362,237374
2022-03-28,598.9976196289062,601.7030803430758,569.2179019522732,578.9149701286321,486774
2022-03-29,610.8086547851562,615.7638425258316,601.2182399464813,604.9515876006977,293816
2022-03-30,612.5541381835938,624.4912274463702,593.5575544620425,608.9565043706169,428413
2022-03-31,617.0728759765625,619.6426225772251,608.0061414020659,608.0061414020659,237486
2022-04-01,624.1421508789062,630.3094724352746,611.9819887161337,617.0729498396495,640614
2022-04-04,579.79736328125,606.0667463781971,577.334329331003,606.0667463781971,773433
2022-04-05,568.2869262695312,583.763467410231,564.9026591591548,577.4603734930109,586557
2022-04-06,566.7257690429688,578.9149912885246,564.3693884923305,572.1270433169673,437823
2022-04-07,559.35595703125,570.1875647763788,548.9703765086473,569.8966645907742,615200
2022-04-08,573.911376953125,580.8544525476535,563.4094343023688,567.2785554931174,355743
2022-04-11,607.2498168945312,614.7941648664697,595.4097337121614,601.2085619427654,1326877
2022-04-12,605.465576171875,610.9153240098918,599.2788416477987,606.066789692353,410932
2022-04-13,593.2084350585938,604.1273432196439,590.5514478663935,603.1576364086975,255441
2022-04-14,593.5672607421875,597.339434688662,587.7878456493746,588.6217793567494,163772
2022-04-15,591.1429443359375,603.157625715244,589.5817306026822,596.3696781589631,134713
2022-04-18,583.9671630859375,591.5211578770376,581.8240897151189,581.9210367222553,135633
2022-04-19,578.6822509765625,592.4908666141097,575.0361438660672,586.1877722884276,183573
2022-04-20,572.6312866210938,588.6023294348981,569.7124596417814,588.6023294348981,111763
2022-04-21,569.03369140625,572.1270587182939,562.4299899264585,569.3148850941773,131919
2022-04-22,566.8809204101562,574.0664217075039,564.5148334667515,574.0664217075039,122829
2022-04-25,568.267578125,583.7634733108421,565.5329979416978,572.1366986527328,248219
2022-04-26,560.5681762695312,570.1876520586536,559.5208762548353,570.1779455199472,162541
2022-04-27,553.8190307617188,566.3088610625153,552.6166036087093,560.9754728162073,147723
2022-04-28,549.6007080078125,556.611668798918,541.1060674950262,552.7328418386468,375946
2022-04-29,549.6007080078125,549.6007080078125,549.6007080078125,549.6007080078125,0
2022-05-02,549.6007080078125,549.6007080078125,549.6007080078125,549.6007080078125,0
2022-05-03,549.6007080078125,549.6007080078125,549.6007080078125,549.6007080078125,0
2022-05-04,549.6007080078125,549.6007080078125,549.6007080078125,549.6007080078125,0
2022-05-05,549.6007080078125,549.6007080078125,549.6007080078125,549.6007080078125,0
2022-05-06,543.443115234375,549.600789458088,541.0964411477729,549.600789458088,172193
2022-05-09,503.16143798828125,543.0357744023582,502.68629115547157,543.0357744023582,749730
2022-05-10,500.14569091796875,507.15665208270025,496.0050239776313,507.15665208270025,407950
2022-05-11,493.9104919433594,502.2596834542225,470.8896603972497,502.2596834542225,858962
2022-05-12,498.9529113769531,504.2475317675464,480.0145685087412,501.33841139196437,386732
2022-05-13,507.4767150878906,510.06581587007315,492.62079867161094,494.9383827127199,347756
2022-05-16,486.95770263671875,507.47670316554695,480.00489149052635,496.58685497662447,470411
2022-05-17,480.7418518066406,489.7019331533566,478.06545157347483,489.6922266155804,371167
2022-05-18,490.2934265136719,492.9989166921165,472.247197701473,482.91397218754327,393915
2022-05-19,486.6667785644531,495.52020695791305,484.85343146566834,484.85343146566834,319048
2022-05-20,487.55889892578125,490.66194298508464,482.0412647682417,490.38074931511983,151704
2022-05-23,464.73199462890625,484.86311773145076,461.58044745614893,484.86311773145076,806613
2022-05-24,453.89068603515625,468.36840200087136,452.8627991559774,464.7320013642186,538131
2022-05-25,455.49072265625,464.48960143349194,440.74148910974463,455.7622394023825,721180
2022-05-26,466.9235534667969,470.40479749708527,448.0045634080613,453.24097446433984,393385
2022-05-27,471.132080078125,487.7625466753742,468.3684096306277,475.15635759628896,711969
2022-05-30,473.83758544921875,481.82796069425575,470.3175447295117,473.2169588394927,129320
2022-05-31,457.9343566894531,479.0351873680075,454.79251594250104,479.0351873680075,319595
2022-06-01,450.1476135253906,460.5719622780525,448.97427650999754,460.5719622780525,269688
2022-06-02,438.3171691894531,453.82277106435936,436.3680491003455,453.82277106435936,501793
2022-06-03,422.95703125,439.2771837993275,420.8527544567508,435.3983565693113,401893
2022-06-06,431.4322814941406,437.33779270476856,417.9339490176304,424.73160355806795,320121
2022-06-07,434.69049072265625,439.85904494472726,429.19226930696897,434.428680519611,304631
2022-06-08,450.9621276855469,461.58042879872494,427.1752214776056,431.52922505744107,1183064
2022-06-09,450.7003479003906,457.7016325308795,448.0045640450558,456.7319256822972,415877
2022-06-10,453.02764892578125,458.67135001777433,448.00457443596565,454.5985693220235,420217
2022-06-13,437.3571472167969,451.9803422304322,430.54981618203044,451.9803422304322,716623
2022-06-14,434.62261962890625,437.91961698224355,429.5801321992579,433.943813000379,441663
2022-06-15,439.93658447265625,445.5705787483281,437.328070750648,438.29777757390445,533921
2022-06-16,444.4651794433594,445.58033649965546,434.4771802599729,436.38750410507765,452041
2022-06-17,449.7403564453125,454.7925209398327,444.0287687900131,446.0457756469171,677307
2022-06-20,439.47113037109375,454.3076324649381,436.37776333435386,451.8833654827346,404493
2022-06-21,450.68096923828125,452.8531031325496,437.4444469390451,440.2469139661189,907649
2022-06-22,445.77423095703125,454.79249242371435,443.6893376477704,452.85307880996714,579775
2022-06-23,447.9075622558594,453.8227796182217,446.559685200535,447.0348320598295,403926
2022-06-24,422.95703125,448.97425187436784,414.31694004396667,447.90756846749275,874681
2022-06-27,433.5365295410156,436.36808659052474,422.79219056326394,424.7218977430596,621735
2022-06-28,446.52093505859375,460.6107750571438,433.4589820011438,434.4286888960009,1000421
2022-06-29,443.65057373046875,450.90396175612887,435.4080658154161,439.18991646958426,899482
2022-06-30,445.13421630859375,451.8833673285479,436.46503517737466,443.64085955538764,1584750
2022-07-01,438.97662353515625,444.610618315832,437.3669065130908,444.12576486074386,159303
2022-07-04,426.9812927246094,444.02872474643016,426.08914947387404,436.85290055602815,436179
2022-07-05,422.1230773925781,430.5498321045961,420.6588106108976,428.1255650319351,146781
2022-07-06,423.87823486328125,430.5013489291406,422.40429116973297,426.57401860379514,324177
2022-07-07,422.2103576660156,426.690398589734,420.8527739911168,426.18616167994435,133871
2022-07-08,422.2103576660156,422.2103576660156,422.2103576660156,422.2103576660156,0
2022-07-11,422.2103576660156,422.2103576660156,422.2103576660156,422.2103576660156,0
2022-07-12,422.2103576660156,422.2103576660156,422.2103576660156,422.2103576660156,0
2022-07-13,431.35467529296875,433.45895213076614,417.08058960059833,421.81276365629617,484102
2022-07-14,442.61297607421875,444.9984465264696,429.5801142583896,437.33776869194963,750348
2022-07-15,437.6092834472656,448.97424832509364,432.10135592652927,444.6105677258217,586724
2022-07-18,422.9085388183594,431.51954022103763,419.883058237549,426.6710060612507,328980
2022-07-19,414.7436218261719,426.65162048033426,410.6708413147346,422.7921766546028,318493
2022-07-20,415.17999267578125,420.36793037644145,412.1254219376877,417.83700963699704,226004
2022-07-21,410.37994384765625,417.895171808622,409.21628381000704,416.97393847939105,223965
2022-07-22,406.26837158203125,414.06482290356814,394.9712927539857,413.08540952011526,560455
2022-07-25,402.2247009277344,405.32774500184235,399.0440637357391,402.42833107425713,150708
2022-07-26,401.856201171875,409.0999121990552,396.61008379833345,404.35803171130004,358293
2022-07-27,403.08770751953125,405.32772781561397,398.549486887969,401.8561905614965,282249
2022-07-28,403.6307678222656,411.0587258085169,402.42834080387394,405.30837131817043,509039
2022-07-29,399.45135498046875,405.33748294762785,397.60891779478254,405.33748294762785,187844
2022-08-01,401.2646789550781,403.30106923973057,396.6198044938792,399.51921847857847,109858
2022-08-02,404.484130859375,408.2465983054959,396.7264757846862,401.2646969010338,254715
2022-08-03,428.17401123046875,434.76803500345244,403.4561952037244,407.2671356965698,1174910
2022-08-04,438.47235107421875,441.1681348823959,428.7073961774684,428.7073961774684,794586
2022-08-05,452.0288391113281,460.5137739906847,441.20690718831344,441.20690718831344,1830646
2022-08-08,452.0288391113281,452.0288391113281,452.0288391113281,452.0288391113281,0
2022-08-09,452.0288391113281,452.0288391113281,452.0288391113281,452.0288391113281,0
2022-08-10,447.510009765625,462.44351909792476,444.12574229088756,456.7319314825503,1213367
2022-08-11,450.41912841796875,453.5028187131657,445.0954472442526,448.0045678144765,572770
2022-08-12,449.2651672363281,450.91368070194255,446.06514650084637,449.9439738617233,504503
2022-08-15,459.6119384765625,465.94412276981416,448.5378736719731,450.91366719659436,2317379
2022-08-16,465.2944030761719,474.62300739555116,458.91374532223955,460.610732230457,2561946
2022-08-17,483.1952209472656,490.11891227261464,463.7138144312815,467.39868852013234,1947928
2022-08-18,485.5128173828125,495.52019915298297,480.00488959046294,487.75283783345293,1220122
2022-08-19,477.9588317871094,483.31160303838766,475.4472649601367,480.1115526220487,330146
2022-08-22,475.6993713378906,478.9285115940606,470.30780383049853,477.871505127026,512742
2022-08-23,502.3760070800781,506.0608810689133,480.96486444484407,481.9442777789363,2185086
2022-08-24,494.1432189941406,511.03552586828647,491.6413882641769,506.1869914672591,1021093
2022-08-25,505.032958984375,510.9384990038245,485.82307105712897,491.64131142907064,1970583
2022-08-26,503.06451416015625,523.6416637214619,501.3481142117058,523.6416637214619,2097136
2022-08-29,496.07293701171875,501.33843806936727,482.1479313512037,501.33843806936727,1300134
2022-08-30,494.44384765625,505.70213015550087,491.6413806113882,503.1809159806957,1033635
2022-08-31,501.0668640136719,503.7626772986815,491.73831902383984,493.5710494681396,572071
2022-09-01,507.51544189453125,513.469455836127,501.0668680163962,503.2584148486335,1142761
2022-09-02,504.9651184082031,510.5021656402355,502.3081311994509,506.1869584674003,391581
2022-09-05,501.4450988769531,508.61124675856587,498.04141833733587,504.1990923941844,485020
2022-09-06,496.7614440917969,500.36872509589915,493.5807772748307,500.36872509589915,201540
2022-09-07,492.8146667480469,504.2475177933138,491.660713330264,504.1505707912967,137412
2022-09-08,498.9820556640625,502.20148947458114,495.03534172368535,495.5299016817825,413770
2022-09-09,498.9529113769531,504.2475317675464,497.94443762045205,500.3687046001037,346278
2022-09-12,496.7614440917969,503.2681390525336,494.55048410641194,500.36872509589915,155566
2022-09-13,497.8475036621094,501.0475243218667,497.003863465979,497.8475036621094,191115
2022-09-14,497.2753601074219,500.12630057216967,494.55048626622687,497.84751318248505,157459
2022-09-15,495.4911193847656,507.4960655489831,494.0656491054868,498.4293300102458,922911
2022-09-16,492.77593994140625,499.5929778710707,491.4474167069052,495.5977608155428,411958
2022-09-19,486.7831115722656,496.1892794566552,484.8534044921798,496.1892794566552,174812
2022-09-20,477.8521728515625,488.7129021472962,476.6109491828878,488.63530902188154,427623
2022-09-21,468.7853698730469,480.96488539818057,466.4289893576392,479.9951785595992,428667
2022-09-22,473.43994140625,474.90417848843134,458.71977031989945,465.45924412943083,512537
2022-09-23,465.119873046875,479.0836454188893,462.598629381334,478.9381953136493,338713
2022-09-26,471.20965576171875,478.0654904862502,455.7622323094069,466.42900795920156,1740483
2022-09-27,478.589111328125,483.5442989643092,471.277513633017,475.1563409057167,1112140
2022-09-28,480.9648742675781,488.24738192658407,479.0836406768179,480.8776042052979,780047
2022-09-29,487.7528381347656,490.66195867953525,477.0957693422196,482.7103802796943,996340
2022-09-30,481.5176086425781,492.5140802582611,476.2326947189734,485.82310922350416,836928
2022-10-03,479.25823974609375,483.77707733723037,477.144256266681,483.77707733723037,170261
2022-10-04,490.603759765625,495.52018039952674,480.32486165084975,481.16853143459,1611597
2022-10-05,501.105712890625,503.1711931814594,492.4171183529789,494.55048522452233,1329524
2022-10-06,497.4983825683594,507.15668413151303,496.6159753740397,504.2281504957938,661341
2022-10-07,496.3541259765625,505.1203136373919,494.6959355760573,495.42321570174784,823970
2022-10-10,499.00146484375,501.8232856836337,495.03533785796134,498.4293117707975,508375
2022-10-11,497.88629150390625,501.4353925620041,494.74445075400104,500.36873869276303,333876
2022-10-12,497.9444580078125,504.2475524129747,496.4898977604674,499.88387167093936,363242
2022-10-13,497.04266357421875,501.4257576201388,495.42324006042594,498.4390438516493,186571
2022-10-14,496.887451171875,501.32872502946674,495.5298971203607,501.32872502946674,206757
2022-10-17,494.957763671875,499.3020608402546,494.2595735839766,499.29235430234803,393801
2022-10-18,494.2498779296875,499.8741657221443,491.631657644138,496.0244284125748,411636
2022-10-19,498.1577453613281,500.2717582542293,495.0353178968034,497.4595848796477,367206
2022-10-20,496.5675048828125,500.3687391976013,496.48991176196097,500.3687391976013,241135
2022-10-21,497.3626708984375,499.3020846134851,492.7080602264604,498.4196182288611,186632
2022-10-24,495.54925537109375,502.30811282193935,495.0450184982257,502.30811282193935,383182
2022-10-25,492.62078857421875,497.9444697350886,490.6716683270785,497.9444697350886,212600
2022-10-26,482.5067138671875,491.5638017466836,479.5200298367937,488.0049646417926,377351
2022-10-27,478.14306640625,484.261944185947,476.1260890702592,478.065502875026,346580
2022-10-28,466.0895690917969,479.995161100074,463.74289519992715,479.90789103894855,225543
2022-10-31,470.5793151855469,473.21691886787886,466.4289712611675,473.21691886787886,121323
2022-11-01,477.45452880859375,479.0351556156633,471.35506479616356,478.7830223797569,442507
2022-11-02,474.7878723144531,478.0461027816754,470.50178452696997,477.0957793968387,160234
2022-11-03,475.0690612792969,479.76243863360537,473.7017711420237,474.1866245413502,351219
2022-11-04,468.5817565917969,473.20724772482856,467.39871302241426,470.4048102488558,246243
2022-11-07,468.97930908203125,474.186629914912,468.3683890570603,469.33809586670225,98708
2022-11-08,474.5357360839844,476.5139463697858,472.2472420929062,474.0412057073627,351961
2022-11-09,474.5357360839844,474.5357360839844,474.5357360839844,474.5357360839844,0
2022-11-10,476.0,478.74428697652223,473.21694605624634,476.99879687864865,467304
2022-11-11,475.7381591796875,478.0654495672768,473.70176899313327,477.09574277302266,153631
2022-11-14,474.2641906738281,475.64118735645746,467.3986795225535,475.12724393406756,134335
2022-11-15,471.03509521484375,478.4533465857619,470.30781508841835,473.41088879840834,418803
2022-11-16,472.2375183105469,475.03998524585785,468.3586910017287,475.03998524585785,80738
2022-11-17,473.0133056640625,475.4278662151208,471.28722868027023,474.17693611102004,255538
2022-11-18,473.1490173339844,475.08843087460014,470.30778359932674,475.08843087460014,193130
2022-11-21,470.9090270996094,473.7017875111326,468.6593001466486,469.3381067664036,132352
2022-11-22,472.76116943359375,476.9891065989067,469.33810550895714,471.27751916808506,360017
2022-11-23,472.3926696777344,475.0593634227615,471.2775127575255,474.18663320664604,50250
2022-11-24,472.412109375,476.1260736700342,470.31753898242766,472.3926962979923,255363
2022-11-25,469.5611267089844,477.09573776777563,468.04838649326643,477.09573776777563,168456
2022-11-28,444.2809143066406,456.73194728004495,441.7014904162643,456.73194728004495,771415
2022-11-29,453.0857849121094,453.8227715322536,444.28086039992723,445.0954105412488,411514
2022-11-30,458.46771240234375,460.61075626648267,448.87729739875766,453.71615473000514,684044
2022-12-01,454.65673828125,462.45318962065494,453.34765771170333,462.45318962065494,136907
2022-12-02,443.9705810546875,457.7016336142887,442.3802772076624,457.7016336142887,278964
2022-12-05,428.6976623535156,447.03482092347963,425.7012719856997,445.9681375579702,309108
2022-12-06,429.9389343261719,432.48926815354366,423.76190624013134,430.54985439500757,199196
2022-12-07,439.8493347167969,441.19724146804367,429.58014253557286,431.529262810099,301492
2022-12-08,438.2395935058594,441.21660052825194,432.4892391991217,432.4892391991217,245334
2022-12-09,439.4129638671875,441.21660435281916,433.47833325372926,438.3074838845588,127260
2022-12-12,439.635986328125,440.24690637362824,437.3377858469303,437.347492385146,207454
2022-12-13,439.5487365722656,443.0978673299926,437.3475125922104,437.3475125922104,179888
2022-12-14,440.02386474609375,441.2166148198937,437.82264085974066,441.2069082816427,192677
2022-12-15,437.1147155761719,442.0893161039522,433.4589316606493,441.19720243643013,425421
2022-12-16,436.872314453125,441.1196351428452,431.62619690295816,441.0226585403243,295909
2022-12-19,428.2807312011719,437.3184061514045,427.6504276668822,435.8250493153624,66256
2022-12-20,409.36175537109375,436.36809802291054,396.2804189690452,432.3729103936866,490607
2022-12-21,417.92425537109375,420.35819936268683,402.47680325865656,411.1556911231436,435092
2022-12-22,425.6237487792969,429.5704332158506,416.9836570899517,421.8224848602795,218019
2022-12-23,416.90606689453125,426.68072870168163,412.13512567339063,426.68072870168163,200230
2022-12-26,422.0745849609375,439.27717386731734,408.77988362361464,426.4673555158866,157423
2022-12-27,421.4151916503906,424.73160211250917,419.1073141957497,424.7122186289441,113322
2022-12-28,418.40911865234375,422.7824763844947,414.06482134861125,422.7824763844947,322464
2022-12-29,433.420166015625,436.3680831299499,415.15089248642363,421.7255037551907,489376
2022-12-30,433.0516357421875,440.24687298685836,428.6200983000157,440.24687298685836,47928
2023-01-02,425.9437255859375,434.8941302910388,423.7618852158331,434.18623365077633,73567
2023-01-03,418.33154296875,426.671028072423,416.9739592525952,426.671028072423,189273
2023-01-04,419.5048522949219,422.7921726123544,415.0442246069808,421.7254891940236,379679
2023-01-05,417.6914978027344,423.27701844374377,416.00421743955576,418.42848444095176,138474
2023-01-06,419.9897155761719,424.7315962319446,415.0345278248226,416.97394150624694,241503
2023-01-09,410.75811767578125,420.7557928499413,409.21628734808303,418.91335576865373,478912
2023-01-10,423.4903869628906,425.94374416903014,413.9678583631296,413.9678583631296,594843
2023-01-11,420.6878967285156,426.651617346408,418.94243628963727,423.7618803690923,443762
2023-01-12,422.4237060546875,433.45897507677387,417.9436650069117,419.8830787656445,343433
2023-01-13,415.2090759277344,423.55826737502366,414.0648289360642,417.95336291179126,137109
2023-01-16,407.5386657714844,416.00421678046405,406.79200218975444,414.0648031824199,81708
2023-01-17,379.86328125,412.1254180264594,378.18567771839804,412.1254180264594,1268802
2023-01-18,387.6015319824219,388.8524621542245,374.3165653704228,378.18568638440786,264057
2023-01-19,380.0863037109375,391.76158293394957,378.28266310311056,388.3676088243733,196907
2023-01-20,372.27044677734375,386.593035621383,369.1674026717133,386.593035621383,265883
2023-01-23,377.37115478515625,380.1057354471685,365.5795148915915,365.5795148915915,79978
2023-01-24,381.88995361328125,384.9833207904647,364.1733907633934,379.9311268631413,345277
2023-01-25,384.799072265625,391.7615602186511,382.0644918964073,383.51905214474385,414048
2023-01-26,392.56640625,399.51921730019495,384.0039078904787,386.91302840480046,1246390
2023-01-27,385.8754577636719,394.1858529591537,384.00393055799475,392.731292616131,164850
2023-01-30,383.1893615722656,392.5761167577133,382.0644980775146,387.8730326267169,132553
2023-01-31,396.3676452636719,397.48280213906537,383.17962717236406,384.95420714714976,550034
2023-02-01,392.7991638183594,400.3822785453601,390.33610011456307,400.3822785453601,181757
2023-02-02,404.14471435546875,405.82231786419567,389.8609513544593,395.15554248425263,508311
2023-02-03,401.0610656738281,406.1132302417015,399.41258173070815,399.41258173070815,124295
2023-02-06,410.5544738769531,413.9678311940062,399.5192056462925,405.3374465052191,355686
2023-02-07,406.9277648925781,418.816349819868,403.9798480132124,412.0284024010918,354070
2023-02-08,408.18841552734375,410.816312880233,403.6889614094543,409.98237916997726,276397
2023-02-09,417.1581726074219,420.8527531652259,410.1859783154161,410.1859783154161,1162792
2023-02-10,401.6622619628906,416.97394125456344,400.6052850583248,416.97394125456344,1153956
2023-02-13,403.32049560546875,407.2768866260123,397.5798178968215,397.5798178968215,158136
2023-02-14,398.9761657714844,404.3677331797664,395.2524952329438,403.3689363654685,300432
2023-02-15,403.7083435058594,406.307150636704,393.22581532824137,405.03683709166046,357696
2023-02-16,397.55072021484375,407.2477887572034,396.61010338251066,400.4889307994545,448344
2023-02-17,398.539794921875,400.9737685003401,393.70096737881033,393.81732746185827,60049
2023-02-20,396.8913269042969,398.42345071398097,391.2864224670351,395.6403967754816,194413
2023-02-21,400.8283386230469,402.20530579940277,394.67069411080524,402.20530579940277,82515
2023-02-22,403.01983642578125,404.3677431074959,399.519209017478,402.4283294714888,570180
2023-02-23,401.44891357421875,403.2913801912451,396.0670526056091,401.45862011213046,859992
2023-02-24,403.1653137207031,407.1798845349033,393.70096576358833,404.17378749838326,393219
2023-02-27,401.3907470703125,405.33746103005547,397.68645982171194,402.42834049634695,719757
2023-02-28,401.1289367675781,405.22110083428163,397.0949527440847,401.4586335434703,446097
2023-03-01,395.56280517578125,400.9737560208287,394.67066191167424,400.9737560208287,682583
2023-03-02,384.7699890136719,399.0343684805778,383.14085901611446,388.86215310137675,368237
2023-03-03,392.4791564941406,394.1858500873137,378.29233998365356,380.12510020720043,324469
2023-03-06,397.8028564453125,398.5495200751472,392.4888521907928,394.5737160243897,225792
2023-03-07,400.7798156738281,404.85259614292653,389.8318470157042,401.0125654332446,271139
2023-03-08,404.3386535644531,406.2101806230666,402.42832994700467,405.1241137205159,355037
2023-03-09,407.5677795410156,409.5556963507101,402.68047829619184,405.33746561054403,583727
2023-03-10,408.56658935546875,411.0393596712256,405.4344550525247,409.7011594333276,323838
2023-03-13,409.08050537109375,412.125398994235,408.43081837305266,410.0890087511722,387649
2023-03-14,402.5350036621094,410.1860050532542,402.04047328287436,410.1860050532542,203183
2023-03-15,411.64056396484375,418.81638884325423,399.51922815904743,404.2514023925271,1225873
2023-03-16,413.35693359375,419.7764178812328,411.2914828349861,413.09512339441216,481208
2023-03-17,407.2962646484375,414.0163556784157,406.423534393134,414.0163556784157,784196
2023-03-20,403.08770751953125,409.2162614762115,402.4283140109663,409.16778797441503,40588
2023-03-21,400.9931640625,406.695045048437,400.02345721708497,406.695045048437,57896
2023-03-22,394.0403747558594,402.4283328841,392.7312646218325,402.4283328841,123447
2023-03-23,394.0403747558594,394.0403747558594,394.0403747558594,394.0403747558594,0
2023-03-24,390.6948547363281,395.64036522020115,388.6584645849566,395.64036522020115,93925
2023-03-27,391.6258239746094,395.54344823216536,378.2923537746258,395.54344823216536,50233
2023-03-28,388.2900390625,397.579817883794,387.0100188879435,397.579817883794,188397
2023-03-29,384.1009216308594,392.23674740080185,383.03423808718503,389.82218661024905,132665
2023-03-30,385.9530029296875,387.8827099418555,384.00388284243695,387.8827099418555,82490
2023-03-31,390.2488098144531,394.5543104053998,383.03418880222375,387.8730162998309,927557
2023-04-03,387.8924255371094,391.76154618933487,387.00998880021353,391.76154618933487,34948
2023-04-04,389.7445983886719,392.7021925062753,384.11057424575205,388.8524550468997,75944
2023-04-05,390.70458984375,392.67309356229663,388.8718296955663,392.634297002291,44633
2023-04-06,397.44403076171875,397.4828273213415,390.69487944947093,390.7045859876527,92124
2023-04-07,392.1300354003906,402.42831674706986,388.8524217242771,402.42831674706986,53116
2023-04-10,387.8342590332031,394.6609738188288,379.15537105543433,394.6609738188288,85550
2023-04-11,387.0099792480469,387.8827094256341,384.10085892735464,387.8827094256341,25660
2023-04-12,386.30206298828125,390.79180985626544,383.0341560625927,390.7821033192311,89374
2023-04-13,390.0257873535156,391.7324808946293,386.30211656726243,388.95910389031957,60563
2023-04-14,390.0257873535156,390.0257873535156,390.0257873535156,390.0257873535156,0
2023-04-17,384.9251708984375,392.8088632418089,384.00393749397455,392.8088632418089,57502
2023-04-18,381.065673828125,387.78573469897356,380.6099104586288,384.92511745903124,101026
2023-04-19,382.7820739746094,385.93362124925676,380.98813996967846,381.06570349701144,37401
2023-04-20,388.52276611328125,389.82216979475777,381.09480778442736,383.0245150258066,210004
2023-04-21,388.52276611328125,388.52276611328125,388.52276611328125,388.52276611328125,0
2023-04-24,388.52276611328125,388.52276611328125,388.52276611328125,388.52276611328125,0
2023-04-25,388.52276611328125,388.52276611328125,388.52276611328125,388.52276611328125,0
2023-04-26,384.9348449707031,394.67071058924466,383.0342277217485,390.79188296674596,168959
2023-04-27,389.8512268066406,391.75184386410604,383.9941894007005,385.9433095544242,199552
2023-04-28,389.0173034667969,392.7312676186195,386.2536330723413,390.79185395136705,119995
2023-05-01,389.0173034667969,389.0173034667969,389.0173034667969,389.0173034667969,0
2023-05-02,418.18609619140625,418.18609619140625,403.3980661231884,403.3980661231884,769270
2023-05-03,444.4165954589844,449.5463524960828,431.519507411783,431.5679809124538,2448615
2023-05-04,442.5548095703125,450.80702419622435,441.32326295172817,444.6008767850597,588714
2023-05-05,441.6044921875,444.6978593967545,436.3971711542152,444.6978593967545,319493
2023-05-08,433.5171203613281,444.10633165589934,432.48923351906734,441.50749493682014,296957
2023-05-09,429.7740783691406,439.6650702672164,426.9134313868875,433.4589524814054,764925
2023-05-10,430.8892517089844,440.0432868889927,419.0103426037026,428.61043465588074,600790
2023-05-11,443.6311950683594,445.09546194017867,430.8892619384869,435.39839305259306,573903
2023-05-12,450.81671142578125,453.79371857598034,440.82874264644465,446.0651537501076,704003
2023-05-15,452.7755126953125,453.8227830197774,447.0348354105072,451.88336941712873,235186
2023-05-16,453.22161865234375,459.98047697373886,452.8531252930113,458.42894000486314,381577
2023-05-17,451.67974853515625,455.66522936561915,447.08331807933394,454.7924991451553,176808
2023-05-18,454.42401123046875,458.6907153759673,452.8530908963033,452.8530908963033,233493
2023-05-19,457.4494934082031,460.35861391660603,448.0045582940483,454.79250614698844,245236
2023-05-22,456.96466064453125,459.34045433768574,453.82281982324105,457.7016473430978,166476
2023-05-23,455.55859375,460.12590477156834,454.7925170450275,456.73193076376964,172517
2023-05-24,454.90887451171875,458.62286833384576,453.33795414348725,456.7319281317273,164001
2023-05-25,463.38409423828125,467.68959495563706,455.76221271543227,456.68344604646046,779713
2023-05-26,491.9322509765625,498.13839821108513,466.43868034711954,470.2690044759699,1641016
2023-05-29,497.8475036621094,508.3590924170657,495.0353302175367,497.4595972607176,1422158
2023-05-30,520.7520141601562,524.6114286513119,498.3323955486237,500.3687563476469,1645312
2023-05-31,500.2232666015625,522.6720043787712,497.4596256888862,520.9750173515674,1234159
2023-06-01,500.9699401855469,508.60152823939995,495.5298990478117,499.39901984829936,674562
2023-06-02,499.9808044433594,505.86693184569504,498.4292972315181,501.3287111055427,397315
2023-06-05,496.4801940917969,502.2111946437358,492.5140966789527,502.2111946437358,256167
2023-06-06,499.3602600097656,504.24756121916226,494.657146282823,495.51049304439834,348203
2023-06-07,499.030517578125,500.95051813677,497.4595972690141,499.37959782765915,184830
2023-06-08,492.572265625,502.30813033690396,490.6813550909838,499.3990098909373,251793
2023-06-09,492.8050231933594,495.5201904820468,486.7928290058464,492.6013634518799,253503
2023-06-12,510.26947021484375,522.2840932783399,491.6413800502817,494.4341405535115,1408856
2023-06-13,495.7723083496094,515.8840179244656,494.60864835163625,512.8682439792584,782207
2023-06-14,496.6354064941406,502.9869747749668,493.87170635088785,498.3323935485864,314140
2023-06-15,496.0050354003906,504.24754332004517,486.6958440666306,495.5201819933521,1049027
2023-06-16,495.7723083496094,502.3081227159271,494.64744490972953,500.3395895013101,391567
2023-06-19,496.1505126953125,501.3384503535691,495.0353557166287,498.42932975190433,722738
2023-06-20,497.1590270996094,499.8741945505335,496.24750025684784,496.4899269790056,272018
2023-06-21,497.22686767578125,500.7566146284811,496.4898810388213,498.4195880988472,948588
2023-06-22,497.61474609375,500.35903307890607,494.2595982382811,499.38932621918264,419280
2023-06-23,497.20745849609375,499.3990053485815,494.2595711113617,499.2050521500398,367898
2023-06-26,509.4064025878906,515.2828236511939,499.39902093020635,499.39902093020635,680316
2023-06-27,506.2742614746094,510.7930692297557,503.27784134834974,508.1263754653859,650584
2023-06-28,506.2742614746094,506.2742614746094,506.2742614746094,506.2742614746094,0
2023-06-29,506.2742614746094,506.2742614746094,506.2742614746094,506.2742614746094,0
2023-06-30,506.2742614746094,506.2742614746094,506.2742614746094,506.2742614746094,0
2023-07-03,544.2479248046875,544.2479248046875,533.823577024464,544.2479248046875,859865
2023-07-04,530.3327026367188,544.9752524717061,529.0720363763398,543.9667786496124,675892
2023-07-05,526.3859252929688,536.2478262487707,520.7325184368714,533.3387060340395,395836
2023-07-06,541.5618286132812,543.0358018722345,525.5810796691984,525.5810796691984,1058917
2023-07-07,539.263671875,543.5206992279701,536.8296981678072,542.9873722880928,309988
2023-07-10,540.4078979492188,547.8649458388918,538.1775840776025,540.1267042755716,395488
2023-07-11,550.3086547851562,555.642042628889,543.5207066204053,546.7207274894029,1221868
2023-07-12,561.120849609375,563.3899303209505,550.7934487704473,554.6722758744645,1069596
2023-07-13,564.2433471679688,571.1573620753569,555.6420517303557,560.4905862131685,948748
2023-07-14,562.1583862304688,570.1875867802216,557.6880521782585,563.3996393185523,269911
2023-07-17,563.7196655273438,566.3087660878338,560.5874723449984,561.4602321316023,357194
2023-07-18,564.7960205078125,567.8117943953157,560.6844732216903,565.3196408630886,505087
2023-07-19,564.0203247070312,564.7573114066953,561.4602843354226,564.7573114066953,685888
2023-07-20,565.6203002929688,570.1876409689908,563.7002996252115,564.5633529463347,268563
2023-07-21,565.3585205078125,567.2785211783673,563.5257603116227,566.7936677414627,597692
2023-07-24,565.2905883789062,567.7633288706492,560.490527903049,567.2784754728091,349531
2023-07-25,565.2517700195312,567.365782947115,563.4966030626048,565.3487762121599,190985
2023-07-26,566.3475952148438,568.238535502565,565.3391213482914,565.3585344258329,563427
2023-07-27,566.3475952148438,566.3475952148438,566.3475952148438,566.3475952148438,0
2023-07-28,566.3475952148438,566.3475952148438,566.3475952148438,566.3475952148438,0
2023-07-31,570.7113037109375,576.1028719539826,566.3088554907013,566.3088554907013,425780
2023-08-01,574.41552734375,583.7635154503357,574.056740549217,581.3295418214389,226478
2023-08-02,574.5803833007812,576.8785836206376,567.7730228066118,573.0967035269425,550226
2023-08-03,581.1744384765625,584.7332461388006,575.0458839188321,576.490737694058,1444559
2023-08-04,585.1890258789062,590.5418271932136,581.8241711650517,581.8435842436794,397121
2023-08-07,589.1842041015625,591.03631812134,581.8241031547235,586.4786841427197,368184
2023-08-08,584.0737915039062,603.5455201074942,583.7634782337299,596.8545196891374,688322
2023-08-09,589.6205444335938,590.939390759445,583.7635362408048,583.7635362408048,355816
2023-08-10,592.6363525390625,599.6570205150347,586.6726318629968,589.5817523515736,325885
2023-08-11,597.0096435546875,602.1879037447607,592.694495780198,595.9139293566691,432893
2023-08-14,597.0096435546875,597.0096435546875,597.0096435546875,597.0096435546875,0
2023-08-15,604.2146606445312,607.5019218488011,594.1878658825256,598.2897068738782,568715
2023-08-16,607.5892333984375,611.3225811289682,601.2182522361065,603.1576659529971,375037
2023-08-17,604.8255004882812,608.9758740263751,600.2582193122555,602.2363998890012,189029
2023-08-18,595.3612060546875,607.9867482978299,594.6726929221749,604.5152405806116,242180
2023-08-21,587.3804931640625,598.2606344617543,586.915052830029,596.3696943254322,1269644
2023-08-22,584.36474609375,590.4060009214829,583.2786791401398,589.4848267489496,266037
2023-08-23,582.6580200195312,587.6423272307657,580.8543795564829,584.3647134760012,1091219
2023-08-24,582.4738159179688,586.09086283246,581.8338354181341,584.7138364467064,98546
2023-08-25,581.9986572265625,585.6932380026597,579.9913569202438,585.6932380026597,246217
2023-08-28,572.34033203125,581.6980265373755,570.1973178339533,574.2700983233086,184495
2023-08-29,567.3463745117188,573.5718757045802,565.2421272910143,573.5718757045802,519740
2023-08-30,562.8953857421875,570.1294197954421,561.4602386141587,570.1294197954421,717026
2023-08-31,543.3073120117188,563.3996069339629,534.3181117360278,563.3996069339629,584526
2023-09-01,538.3812255859375,541.0963927805701,528.9944708923755,538.1872723892767,103922
2023-09-04,543.2781982421875,545.9448917632335,539.1569446187528,542.9388245594444,92751
2023-09-05,538.5557861328125,551.084381854349,536.7327325502295,546.177667642386,170408
2023-09-06,536.742431640625,541.0964057945189,534.4151115971334,538.5557786599144,202435
2023-09-07,522.1580200195312,540.9703566167792,520.732579356929,536.7327424097955,396368
2023-09-08,527.2393188476562,530.8175393974534,518.8900981073245,523.641685221783,101036
2023-09-11,525.3775024414062,530.3715168637916,522.8853484998174,528.490283030144,92726
2023-09-12,515.8064575195312,527.5205329859161,514.5264373592055,527.5205329859161,178908
2023-09-13,528.4417724609375,531.2927130359897,515.8937631525392,515.8937631525392,861488
2023-09-14,512.1985473632812,521.2670100405393,508.1377073286143,508.1377073286143,69164
2023-09-15,530.5892944335938,534.9331981962205,523.2193325422887,525.0740517694152,472615
2023-09-18,526.7529907226562,531.8094687230622,523.3169045281752,529.0762454228156,65193
2023-09-19,524.3321533203125,530.7259596092684,522.2431663557375,530.7259596092684,42243
2023-09-20,523.1314086914062,527.0653435102929,522.2431335018688,526.8701005163889,38215
2023-09-21,536.9635620117188,545.6708512200429,522.291918218717,524.8592116053309,480606
2023-09-22,537.5004272460938,548.5993088527634,536.1045322396914,548.5993088527634,182247
2023-09-25,542.820556640625,544.6849873945098,532.9906637958612,535.9093591517334,185224
2023-09-26,545.8367919921875,547.8672118829342,538.8377745378702,543.1035688199113,96699
2023-09-27,547.2034912109375,551.5278528902172,540.8877341972282,548.501794697431,264545
2023-09-28,547.2034912109375,547.2034912109375,547.2034912109375,547.2034912109375,0
2023-09-29,547.2034912109375,547.2034912109375,547.2034912109375,547.2034912109375,0
2023-10-02,550.9518432617188,553.4605697900358,548.1112572619901,552.5039565632883,355778
2023-10-03,554.319580078125,556.3890247184257,550.6883106609242,551.5765858420795,107305
2023-10-04,556.20361328125,557.7752688953831,551.7718888206543,552.5040054356308,131821
2023-10-05,567.87841796875,571.9977652601382,557.3652049856838,557.3652049856838,543549
2023-10-06,566.3458251953125,570.064974836034,562.8511722280326,570.064974836034,74338
2023-10-09,566.4434814453125,568.0248484194888,557.4823224852511,568.0248484194888,152817
2023-10-10,568.8447875976562,574.9555299272739,566.3653743332843,569.0985975341268,127858
2023-10-11,567.2048950195312,569.0986390145384,564.2178616644995,569.08886792707,94306
2023-10-12,571.1290283203125,576.1659640592108,566.7558115359017,567.1462975347986,252443
2023-10-13,578.3135375976562,579.8363377175608,569.3524377097791,571.1485303743843,230267
2023-10-16,573.6963500976562,582.0326963245873,571.3047572911379,578.3233174715187,147814
2023-10-17,578.3135375976562,580.8124931682638,571.0509386612341,573.7353661506673,355337
2023-10-18,581.7202758789062,583.6433329835462,575.9316815511961,575.9316815511961,584167
2023-10-19,582.0326538085938,585.5858737427359,571.050905623526,584.7170811427214,140611
2023-10-20,590.8180541992188,595.4352501627828,582.0326556237657,582.0326556237657,501836
2023-10-23,592.7606201171875,595.2107798054482,589.6076571101173,593.4927366975139,325149
2023-10-24,594.810546875,595.4059873590611,586.8646277638038,590.0859286094844,179869
2023-10-25,591.979736328125,600.4332166362674,589.6955062718549,592.5263810180302,231056
2023-10-26,594.830078125,598.5785413148216,592.5459077082253,595.3572402056412,133758
2023-10-27,597.9635620117188,599.2618654661327,592.526368906934,594.4786798423769,165113
2023-10-30,617.681884765625,620.3467699992207,601.8095880885813,601.8095880885813,834181
2023-10-31,619.3511352539062,620.9325024298959,607.1687334300435,619.5659204498012,282880
2023-11-01,622.8359985351562,623.8609498837889,612.0494922856363,620.834891696435,144422
2023-11-02,641.3243408203125,644.6530641722203,623.2654655230751,623.2654655230751,1100811
2023-11-03,648.8016967773438,659.588201804207,645.2387058104658,646.2148611899067,571900
2023-11-06,676.4952392578125,680.8683964158514,649.6509655639976,654.0241227220365,2021377
2023-11-07,702.0314331054688,704.1008777861506,680.3803134928196,680.3803134928196,2462291
2023-11-08,701.28955078125,712.5934470761159,695.9988051579049,704.7842038204872,963437
2023-11-09,701.28955078125,701.28955078125,701.28955078125,701.28955078125,0
2023-11-10,703.281005859375,709.5576785112595,697.9511754345999,697.9511754345999,471517
2023-11-13,722.8137817382812,724.795405856975,701.0162739114454,707.6150941426552,3361343
2023-11-14,713.09130859375,724.7954025992516,710.1530712336101,722.3550140383113,676734
2023-11-15,702.8709716796875,717.4742791364175,700.8796359455072,715.5219681727809,322895
2023-11-16,699.9132080078125,712.0956085974681,697.9511260786558,706.7365248684571,1148854
2023-11-17,681.5419921875,704.7647094452044,679.570139066184,704.7647094452044,1488809
2023-11-20,665.474365234375,687.2133638641926,661.8333248578446,680.3802764394065,198775
2023-11-21,674.9431762695312,683.3088358812537,660.9548515612175,667.6903482039679,287561
2023-11-22,699.2006225585938,703.8080474749675,663.8052180168909,678.42800692802,622942
2023-11-23,709.6649780273438,714.5457550426626,701.2700653929146,701.2700653929146,740312
2023-11-24,700.5770263671875,714.5262666787331,698.9273212285816,710.7387786632331,616218
2023-11-27,712.6520385742188,717.4742488339273,698.0487317342588,698.0487317342588,787142
2023-11-28,743.1373291015625,755.5442857858691,713.6183990966497,713.6183990966497,1211459
2023-11-29,738.4517822265625,776.0435358678467,728.2216927941163,751.6396510921282,1012419
2023-11-30,768.2147827148438,771.162791184655,741.8781282282757,741.8781282282757,1703620
2023-12-01,798.963623046875,801.4235536290296,759.4488729882887,771.1627373531466,1087043
2023-12-04,794.9614868164062,810.2090303071274,780.9243665610867,801.4236311833151,901765
2023-12-05,784.2822875976562,795.5666415037693,778.38633050076,795.5666415037693,685811
2023-12-06,789.6121215820312,795.5666456500701,785.6098487210669,785.8050917157134,397787
2023-12-07,778.81591796875,797.4214391201316,772.2854353942515,793.6144088986598,487629
2023-12-08,775.1650390625,781.021971913988,773.1151363964001,780.9243801983839,433520
2023-12-11,768.4880981445312,778.8744057430107,765.3058220557666,778.8744057430107,392034
2023-12-12,788.7140502929688,790.6859033396727,767.3557645820514,768.2343283065709,521519
2023-12-13,788.1771240234375,805.298867781323,781.9004521377499,792.6381612182932,565497
2023-12-14,793.4288940429688,795.5862189957156,777.9958790512544,790.6858996631317,201792
2023-12-15,790.7444458007812,803.3271032832665,783.9796959867803,785.8148729164432,408502
2023-12-18,778.3278198242188,797.4116471299933,776.1900369860089,795.566699013497,334800
2023-12-19,764.3394775390625,778.9818090802873,761.39146905656,777.9958825570769,408098
2023-12-20,749.1992797851562,771.1530054997738,730.2130450785501,771.1530054997738,494419
2023-12-21,754.7828369140625,758.4727328614204,734.0688482777196,752.6158005613321,352825
2023-12-22,746.0463256835938,758.4727651775304,742.9518700890821,757.4966097525914,86342
2023-12-25,746.0463256835938,746.0463256835938,746.0463256835938,746.0463256835938,0
2023-12-26,725.8496704101562,765.3058561588598,712.5934630050608,745.7827475833788,337223
2023-12-27,743.0104370117188,745.7827446335834,714.0576933239087,720.4222457598776,362552
2023-12-28,764.6810913085938,778.8548869946159,740.8043679977153,744.8065813657956,548039
2023-12-29,768.2147827148438,773.0175103371455,754.5779199297934,766.2820140252585,299457
2024-01-01,791.3496704101562,793.6143581389231,771.2701462287014,771.2701462287014,336708
2024-01-02,781.04150390625,798.4658550803367,776.1704976810363,793.6046199425165,367894
2024-01-03,784.2822875976562,792.5112703718559,775.0673783484575,782.876621455243,454598
2024-01-04,775.4481811523438,787.6989207488739,769.6986109640618,787.2694099461203,464841
2024-01-05,770.9187622070312,780.9243555120291,767.7462570127636,777.995889178859,135389
2024-01-08,768.048828125,775.067387836332,766.2624470601121,767.2581446339508,241393
2024-01-09,766.2234497070312,777.0197264374042,763.353550344284,773.1151046965127,84690
2024-01-10,762.1528930664062,772.597708488763,758.4727680349865,770.9675456053172,124079
2024-01-11,771.0162963867188,777.0196757536685,762.377345180421,762.377345180421,271791
2024-01-12,769.26904296875,785.7075265649324,765.3058543206387,771.162786879215,578034
2024-01-15,761.3231811523438,776.1509855858858,758.7656585078053,774.0913117792954,277798
2024-01-16,754.0410766601562,765.305889348004,751.6494838399833,761.4012674635754,122914
2024-01-17,744.77734375,760.2884691631085,741.8781904723811,756.5205231790728,146828
2024-01-18,733.2196044921875,751.0539825727938,727.2357671717596,751.0539825727938,165509
2024-01-19,731.5991821289062,741.8781274136117,727.2357959515009,738.9496611211895,113375
2024-01-22,732.7510375976562,738.9398291544059,727.723813711261,738.9398291544059,56211
2024-01-23,723.6435546875,735.0450430260304,719.4753519118431,735.0450430260304,422233
2024-01-24,732.282470703125,746.6124246487927,722.3745292632155,725.1858615469222,405717
2024-01-25,731.79443359375,743.8109047027594,729.1881152456976,734.2641354605568,244876
2024-01-26,725.9862670898438,742.7468982422399,723.3311529942943,734.1664541262575,334711
2024-01-29,722.8040771484375,730.1642677030262,721.4472067903187,726.0546318598736,340467
2024-01-30,715.7757568359375,727.2358123187698,712.6910722404742,727.2162701441781,283673
2024-01-31,716.46875,748.7111914450157,708.6888200639914,716.4980632602889,125804
2024-02-01,709.7919311523438,728.8659875735719,699.9034714820363,723.3312027450334,341664
2024-02-02,723.7704467773438,728.2119420144211,705.7603673946735,716.4980769954224,251072
2024-02-06,731.6187133789062,733.0927175901842,723.8192411359809,725.3810659700325,213471
2024-02-07,737.3096923828125,739.9257816644516,732.1165385861989,736.9387485702118,155916
2024-02-08,737.3096923828125,737.3096923828125,737.3096923828125,737.3096923828125,0
2024-02-09,729.1978759765625,736.0211928871382,702.8319083272407,728.3095411721836,310675
2024-02-12,704.6572875976562,728.6902285666579,693.4119584236063,727.2357665662928,317638
2024-02-13,705.477294921875,710.5435438622277,681.3564733907891,693.558415965839,499121
2024-02-14,712.9155883789062,724.2877630157375,710.3092105692484,711.6172850174503,123083
2024-02-15,705.99462890625,721.25194272468,702.8416659987778,720.402692284712,142380
2024-02-16,686.6765747070312,707.7127130905202,683.338139694521,707.7127130905202,183662
2024-02-19,693.675537109375,700.879568639772,677.256596332333,687.2133932066845,139861
2024-02-20,683.201416015625,699.854624727438,680.390083702136,695.998798988192,129391
2024-02-21,708.41552734375,710.6411904395857,688.1993854555875,688.1993854555875,182507
2024-02-22,699.2982177734375,712.5934496986923,696.9749631299538,712.5934496986923,152491
2024-02-23,711.1878662109375,723.3312433131796,693.0704220679588,702.8319773083526,413445
2024-02-26,716.1369018554688,741.8781153820107,711.6172975177444,711.6172975177444,352438
2024-02-27,718.7919921875,725.7715270054155,712.5934293395471,715.5218954875178,224226
2024-02-28,742.7371215820312,751.5127490487547,715.5219044078825,715.5219044078825,288583
2024-02-29,734.4398193359375,761.4012272578376,731.1404092514364,736.9973417688043,268473
2024-03-01,729.2564697265625,739.925841799772,726.2792074769695,736.9973754074246,170588
2024-03-04,745.6656494140625,746.7491676927481,730.8670990403422,737.9735395005038,181396
2024-03-05,745.5289306640625,753.5919839630673,737.9930394227351,749.6873622845021,167621
2024-03-06,740.687255859375,749.6873804482228,739.0082375154168,746.758914118347,100091
2024-03-07,734.9376831054688,746.6417772916873,730.183810881739,746.6417772916873,204927
2024-03-08,739.9063110351562,750.6635634811379,734.0689203352609,734.9377130108741,93203
2024-03-11,744.8651733398438,755.5443163180217,737.9832893513567,745.7827618436287,388908
2024-03-12,740.618896484375,750.6537431707194,736.997338445406,750.6537431707194,143115
2024-03-13,736.9485473632812,745.7729709247449,735.0450323754329,745.7729709247449,93099
2024-03-14,746.8564453125,750.6634750647726,693.5876995186825,693.5876995186825,165575
2024-03-15,756.6180419921875,761.2547802358522,742.8640454930356,750.6635177638217,358248
2024-03-18,743.58642578125,760.3177447576463,739.7891667216263,756.2666757442461,83479
2024-03-19,744.708984375,750.5463746475793,740.9702924811218,750.5463746475793,104882
2024-03-20,744.1232299804688,751.4151416086454,739.7890977349915,750.6634829048315,47462
2024-03-21,733.1610107421875,748.8966303222868,727.2552827514329,748.7111584213635,272994
2024-03-22,729.5297241210938,743.8206536674951,727.274807500109,738.8520559796888,47870
2024-03-26,732.9169921875,736.0211591574479,725.2834499389705,731.5308682252759,46839
2024-03-27,742.2490844726562,744.8066069805699,734.1176929067628,734.1176929067628,55438
2024-03-28,751.3566284179688,753.6895946490023,742.8542930500996,742.8542930500996,89014
2024-03-29,746.7393188476562,760.4054940820215,741.8878552377586,751.6396378900847,54348
2024-04-01,738.6080322265625,753.591994291501,735.3574179522618,738.071099074562,74041
2024-04-02,744.015869140625,746.4660286695365,733.6003079509126,741.868315395376,62737
2024-04-03,779.6162719726562,780.8755506124077,738.9594339325403,743.8304400108672,316381
2024-04-04,772.217041015625,785.7953365991636,767.7462325404838,782.1933207409885,110907
2024-04-08,780.5729370117188,781.9004940882975,764.3687212365414,773.1150952783166,116878
2024-04-09,777.5858764648438,791.6620204921138,775.399297926215,780.924311212936,108312
2024-04-15,780.5533447265625,784.8289099726478,770.040132426693,770.7234530951157,138491
2024-04-16,780.9536743164062,792.6382264703809,776.5316615236306,780.9243610545625,256560
2024-04-17,784.9754028320312,789.7097327750923,778.2887024741283,780.9536472782256,134742
2024-04-18,772.890625,786.5568013935012,767.40463609985,786.5568013935012,146719
2024-04-19,769.7181396484375,777.9959190693602,768.2343642504221,777.9959190693602,53963
2024-04-22,787.0350952148438,794.5905287937014,769.6985650538495,769.6985650538495,187168
2024-04-23,806.4898681640625,814.9922035247857,786.7812873786679,786.7812873786679,383432
2024-04-24,839.3960571289062,854.1359799219256,805.3282096406726,805.3282096406726,659963
2024-04-25,827.3014526367188,853.1304857667915,822.898982356115,822.898982356115,232047
2024-04-26,843.1640014648438,845.3505800374849,820.9466949324767,827.2819339729692,221777
2024-04-29,826.4815063476562,849.9385500739448,821.9228771437042,846.8148407626644,128096
2024-04-30,817.6765747070312,837.5413127808116,814.6016614400784,819.9607449226568,252683
2024-05-02,816.7785034179688,834.6128819612015,812.2101032136517,818.1158315735578,447573
2024-05-03,828.5704956054688,831.6844338383606,817.0518733438552,819.7655544821605,256691
2024-05-06,839.4937133789062,844.2768990661256,829.7321585721749,834.6129359755405,274088
2024-05-07,833.3341064453125,849.2551986482739,829.7320906333711,839.4936446408225,182509
2024-05-08,822.0302124023438,838.3124773803771,820.1755528838879,837.5315649736696,54435
2024-05-09,816.1732788085938,827.7797808366936,810.501818306572,827.7797808366936,263201
2024-05-10,841.6704711914062,853.1598395840637,820.9467106295166,823.8751768981118,560989
2024-05-13,846.0534057617188,865.8498664820702,839.4936698698764,843.3982915902014,445005
2024-05-14,858.5969848632812,860.9690352598299,848.2790154657507,849.255170834526,311745
2024-05-15,871.7653198242188,891.2298604521151,859.0167329658941,859.0167329658941,443988
2024-05-16,870.672119140625,880.4922408628433,865.8596797852636,872.6634548663533,221413
2024-05-17,865.5374755859375,881.4683390965946,860.0905116919007,872.6829403680571,139452
2024-05-20,862.99951171875,877.5637340938932,849.8408959702421,868.6807434872652,264729
2024-05-21,861.066650390625,867.68501256928,854.1359709156852,862.9994785876448,193024
2024-05-22,855.0047607421875,863.7999303583579,845.1065307664874,845.1065307664874,274529
2024-05-23,851.6272583007812,858.9972197398762,849.3040036555856,856.07852459296,42404
2024-05-24,869.246826171875,879.515999864013,851.0024796849558,852.1836491468183,241438
2024-05-27,866.7869262695312,876.5875045374602,865.8497956845514,870.5353294498618,109209
2024-05-28,866.7869262695312,866.7869262695312,866.7869262695312,866.7869262695312,0
2024-05-29,865.3422241210938,871.7067764254803,860.149070218345,868.7783102112849,235912
2024-05-30,876.5582275390625,885.8610170102105,860.0514660983685,871.70676384586,598327
2024-05-31,877.417236328125,881.2730619812285,870.7305958310716,876.5582148304281,193496
2024-06-03,879.886962890625,887.3252623032852,863.8975326055087,880.4824033879587,262561
2024-06-04,887.110595703125,897.086875997854,873.6981695122282,880.4922330250972,588112
2024-06-05,888.1159057617188,895.1344651838109,883.4206008629759,891.1127098667077,245445
2024-06-06,893.2407836914062,900.9719179999383,885.3729733237826,888.096425519568,273011
2024-06-07,889.170166015625,895.8665774547907,871.7067324076579,893.17237914101,221783
2024-06-10,880.7557373046875,899.048879666366,877.5636901337717,899.0391085797595,298509
2024-06-11,875.0647583007812,892.2060449206601,868.7783150759163,888.2721100192606,268849
2024-06-12,869.2859497070312,885.2753803638025,866.8260189660514,880.4824238537059,251016
2024-06-13,934.4248046875,939.0517719885985,870.7696863323505,878.247070445439,1082726
2024-06-14,923.87255859375,951.7515556245446,918.5622706078939,951.7515556245446,100018
2024-06-20,928.3726196289062,942.9661553780987,927.3476683324988,927.4941154804711,165345
2024-06-21,895.5444946289062,935.0983315732017,893.1334193239388,935.0885604861696,247404
2024-06-24,878.8814697265625,895.5346780726512,875.6113730459904,883.9184648358606,130452
2024-06-25,882.8251953125,891.6105939006313,868.7685337395709,878.5398588131379,455950
2024-06-26,880.482421875,891.6691844892982,878.5398821128738,882.8349898129007,133057
2024-06-27,881.4487915039062,892.694120872837,878.5398674527646,881.4585625907567,111105
2024-06-28,885.1094360351562,889.668125007322,873.6689224502533,888.301483508465,81042
2024-07-01,877.5538940429688,890.2536847585303,873.6590437049173,884.396752621961,341903
2024-07-02,880.1505737304688,888.1843139126066,878.5398934272656,878.5398934272656,194171
2024-07-03,891.395751953125,895.134443574278,878.6471656415729,887.1690422435134,103739
2024-07-04,904.046875,916.6099911992542,890.2537933692437,891.220177756909,383353
2024-07-05,897.1551513671875,908.8006781492123,890.2537255339223,908.8006781492123,124806
2024-07-08,906.0382080078125,915.6240618950093,894.1584125927187,894.1584125927187,171837
2024-07-09,901.8505249023438,916.3659520474868,898.0630368934092,912.695597929154,92486
2024-07-10,888.74072265625,907.6976444137728,886.5443729399937,898.8439075191098,70321
2024-07-11,884.7775268554688,896.5011630012855,883.9380474920707,896.5011630012855,49481
2024-07-12,881.70263671875,888.203865362694,868.885710928848,880.3165126658773,65700
2024-07-15,902.4360961914062,907.8244928921717,886.349074780744,889.9608615608978,172639
2024-07-16,902.4360961914062,902.4360961914062,902.4360961914062,902.4360961914062,0
2024-07-17,902.4360961914062,902.4360961914062,902.4360961914062,902.4360961914062,0
2024-07-18,905.5110473632812,907.8245309176231,898.189881791365,902.9437538696789,46238
2024-07-19,905.579345703125,914.6575786984741,898.0629374627495,906.8483357640155,120286
2024-07-22,887.979248046875,905.5793581506327,878.4422504963387,899.0391051871665,146243
2024-07-23,886.0074462890625,894.0997528656429,874.6449834718692,892.6940867482604,130416
2024-07-24,890.8491821289062,893.0650739943144,879.5160320198992,887.3155042805155,35821
2024-07-25,881.8392944335938,892.2060603022314,878.4910884684687,880.4921951779132,38839
2024-07-26,879.24267578125,888.2038349107844,869.8520654662198,882.4444941370415,112225
2024-07-29,881.1267700195312,892.2061109128408,874.6353122296557,874.6353122296557,71928
2024-07-30,873.9910278320312,888.0964261142733,872.7512913719264,885.3729739166641,48696
2024-07-31,850.2313842773438,881.4585871246358,841.5435770699149,881.4585871246358,99298
2024-08-01,859.7391357421875,868.5538479949557,831.9382477779181,868.5538479949557,108380
2024-08-02,864.9713134765625,868.7783435329527,851.2270877482388,859.0167891112342,75702
2024-08-05,848.95263671875,878.5399060607828,840.6650864710114,878.5203638862231,77775
2024-08-06,835.0228881835938,858.0406506478216,830.9816498536829,847.3029405714552,75301
2024-08-07,836.0477905273438,843.398269320068,827.7797828511779,827.7797828511779,80785
2024-08-08,849.0795288085938,851.2075405102936,841.4459861466435,841.4459861466435,104008
2024-08-09,858.4896850585938,864.3856424698522,849.2552331437282,859.0167875476792,188461
2024-08-12,840.089111328125,868.7783337496385,837.5511310389784,859.0363216120041,75059
2024-08-13,847.7324829101562,850.2314386013838,830.9035716605048,840.4698836231819,47690
2024-08-15,827.8773803710938,851.8712970596983,823.9727587264622,834.632418713761,52423
2024-08-16,844.1401977539062,855.0048126952536,829.7321337573054,829.7321337573054,53771
2024-08-19,832.6801147460938,849.1478519015066,830.3177757341903,844.374437602498,40874
2024-08-20,829.2636108398438,835.5890791962603,819.0042073557289,835.1497973204421,38419
2024-08-21,829.6051635742188,834.4176024221713,825.0465346564691,831.6843792888245,31554
2024-08-22,841.2604370117188,844.3646038648538,829.7418158358593,836.5358189182703,56525
2024-08-23,829.6930541992188,843.3982543842358,826.8036128049164,835.5890112880854,29739
2024-08-26,819.9315185546875,836.5651852704985,818.0475457654394,829.7320974094793,24791
2024-08-27,814.5919189453125,827.7700169865761,813.1374569164889,827.7700169865761,30752
2024-08-28,810.3065795898438,814.8945219191056,807.2805216597975,810.2089878810542,40694
2024-08-29,809.9064331054688,816.6028453207432,809.2328834489597,810.209038917535,14635
2024-08-30,809.9943237304688,815.0898267436629,808.7545872038968,810.2090493380123,19073
2024-09-02,807.8955078125,819.9607743968954,806.8412432859631,819.9607743968954,19952
2024-09-03,807.7100219726562,810.2089773992742,801.4333499358737,810.2089773992742,13039
2024-09-04,821.8349609375,824.8317651444315,805.42579115973,815.0702112116761,126252
2024-09-05,821.356689453125,824.8513425928444,812.8446426580446,824.8513425928444,52801
2024-09-06,822.586669921875,828.7559795339416,819.0041960919817,824.7732486036606,36093
2024-09-09,833.1681518554688,839.4936195980684,820.9856923033195,827.7797551385605,32658
2024-09-10,855.1707153320312,867.7923977699926,825.29061220856,825.29061220856,179821
2024-09-11,858.0210571289062,866.8259979301737,850.2508982515035,864.0927747175245,289411
2024-09-12,838.0980834960938,863.4082904299134,832.5736977885279,847.0114956412341,274866
2024-09-13,834.21923828125,854.122654091949,832.6324555643828,850.0871252337632,219058
2024-09-16,828.5087280273438,838.4506610644831,823.9051332060477,838.2449448707779,90724
2024-09-17,828.5087280273438,828.5087280273438,828.5087280273438,828.5087280273438,0
2024-09-18,837.9021606445312,842.3882803074141,829.6351912938856,829.6351912938856,128004
2024-09-19,848.7354125976562,865.6807239391447,837.47118034737,839.4203727104832,218039
2024-09-20,872.98779296875,881.7445114515089,843.0543229044723,861.4590771493483,796606
2024-09-23,868.9718627929688,876.6511573364272,862.4484290890773,868.8151693378893,70106
2024-09-24,866.9932861328125,875.6618236392709,857.0611573441537,875.6618236392709,239434
2024-09-25,877.8167724609375,880.569160883915,858.9124631662497,880.520197915162,225962
2024-09-26,872.5568237304688,884.3793772953111,866.9540614618215,881.5486124029175,257603
2024-09-27,877.5032958984375,881.0588801530243,865.0538487322909,871.7536446205577,178960
2024-09-30,865.9158325195312,881.4507241670775,861.9586801012503,881.4507241670775,265961
2024-10-01,871.185546875,881.5486578366,865.8766816972827,867.8356787146973,274590
2024-10-02,876.7588500976562,880.50054138002,853.2508871135552,880.50054138002,320925
2024-10-03,882.43994140625,887.4256149296749,871.753639390078,880.0499627451078,884628
2024-10-04,913.127685546875,924.6465976422402,881.548663006373,887.2689606356616,835312
2024-10-07,906.8098754882812,921.7080688783063,903.2053282590776,913.8720810451221,183827
2024-10-08,886.2894287109375,915.8310764882783,877.630635864703,907.0155901905301,666169
2024-10-09,886.2894287109375,886.2894287109375,886.2894287109375,886.2894287109375,0
2024-10-10,855.8759155273438,870.8818387173795,853.1431364173741,870.7741082377102,398049
2024-10-11,827.7937622070312,858.726341377329,810.0452542840235,858.7165368269772,980211
2024-10-14,827.2648315429688,833.0634457249412,813.6204250792304,828.6458980757881,381088
2024-10-15,826.873046875,834.3955882748172,818.4689329006435,827.6860473796222,231507
2024-10-16,823.3076171875,836.4525296152195,821.9951227250435,829.6351987854255,74381
2024-10-17,823.385986328125,837.4711788914868,820.8197051591414,827.6761943430483,51916
2024-10-18,820.5650634765625,829.6254245977198,815.9222501539466,827.5783062125406,50103
2024-10-21,827.1570434570312,829.4882545960625,820.9176429919307,825.4233718198367,39577
2024-10-22,848.7648315429688,855.1021579001197,822.7787086324175,829.6351978710211,235108
2024-10-23,845.8948364257812,861.9586348987951,833.5531798850848,854.112842758904,210643
2024-10-24,871.7928466796875,873.712685313098,845.8949032573041,845.9341214600107,398823
2024-10-25,890.736328125,902.0201696896892,878.6101322197942,888.395312421242,554860
2024-10-28,897.2793579101562,925.6162412165471,883.5076119380411,896.2410919327135,277842
2024-10-29,899.8945922851562,920.7285434578454,891.3435899432333,891.3435899432333,289848
2024-10-30,882.2636108398438,909.8561249424325,871.7634162579843,902.1180633519363,199515
2024-10-31,865.0930786132812,889.3846292166139,859.9996745068139,886.1522961553046,238326
2024-11-01,903.4991455078125,919.7098927998743,860.9791437900344,868.8053268968409,289426
2024-11-04,939.0158081054688,951.0440783541728,903.0976149321866,903.0976149321866,364382
2024-11-05,966.5299072265625,972.6419680342939,943.2570143172458,953.9335714146431,413402
2024-11-06,981.085205078125,997.1293940200147,965.7854445026861,976.5109641849149,440970
2024-11-07,995.2781982421875,1008.8834466426069,984.3959843454562,999.0884617237466,121116
2024-11-08,981.3888549804688,999.0785942382431,979.4984301842738,999.0785942382431,65897
2024-11-11,973.3569946289062,995.1704446679597,965.7854905931183,989.2640402026724,170978
2024-11-12,969.41943359375,984.3763342895502,967.7444697201286,975.5804573291985,150508
2024-11-13,997.4722290039062,1002.0269207389837,968.7239732266421,973.0043766977269,326372
2024-11-14,1019.961669921875,1025.5349591555484,999.3039598707776,1008.8834841740353,328131
2024-11-15,1023.7130737304688,1026.5046205340022,1005.944956642813,1023.5661250423485,174331
2024-11-18,1036.593505859375,1038.2684100327676,1016.2296937820721,1023.5759325323039,357919
2024-11-19,1024.5848388671875,1037.572998469281,989.4501728693957,989.4501728693957,36753
2024-11-20,1006.8656005859375,1033.370886595754,1001.0670461626709,1019.6579080058578,448085
2024-11-21,1019.8245239257812,1022.3515870798949,989.4894234711259,989.4894234711259,68353
2024-11-22,1005.8372192382812,1028.630168242607,1003.9859527431495,1018.5510905138963,300360
2024-11-25,978.303466796875,1018.658754128443,969.7034419187667,1005.9448836874478,157170
2024-11-26,928.6331176757812,978.2937018502521,906.0360808949667,978.2937018502521,576284
2024-11-27,975.29638671875,1018.6783499256117,940.2205509266072,940.3184768544107,486464
2024-11-28,998.76513671875,1008.8833721321326,974.6009274480311,977.5394227066683,215710
2024-11-29,998.6476440429688,1010.2547366771371,993.2114395407125,998.1089318461401,63387
2024-12-02,1018.7763671875,1032.3914202677565,998.6476849445512,1003.9859637328752,176187
2024-12-03,1036.4954833984375,1040.129504220371,1018.6784626792601,1019.7853007916095,405612
2024-12-04,1045.1444091796875,1050.0222921148406,1023.5758351306048,1036.4953617241226,284601
2024-12-05,1095.9412841796875,1098.0178162126542,1029.903452402887,1045.1445064236277,488098
2024-12-06,1091.8077392578125,1117.6076940893927,1077.448258981886,1097.0480318765979,266819
2024-12-09,1143.2021484375,1193.9793198346642,1080.386901588714,1097.1461074456522,288292
2024-12-10,1177.8861083984375,1257.5192609182436,1133.2797105695058,1170.4908472482878,1022643
2024-12-11,1193.54833984375,1229.270621560502,1180.295696398729,1185.1931889149062,255483
2024-12-12,1199.9639892578125,1234.168120205005,1179.3162037514492,1203.8036664539293,594520
2024-12-13,1231.6312255859375,1244.9425765406497,1190.1396840392824,1199.885646154442,332665
2024-12-16,1213.44189453125,1243.9631014279144,1194.9979807253126,1234.168116377301,559581
2024-12-17,1158.335205078125,1224.353422875758,1150.9106500565924,1199.8855713355963,433497
2024-12-18,1112.4066162109375,1173.439226353061,1089.85866072906,1166.5827367166073,296068
2024-12-19,1061.95263671875,1152.8696263501083,1028.4733285196378,1101.9357091281834,542495
2024-12-20,1084.72607421875,1098.0080116760507,1051.0018883237965,1061.776371801487,281707
2024-12-23,1108.9195556640625,1111.7111022592244,1029.4528437337624,1101.9357271174908,179862
2024-12-24,1092.91455078125,1128.3821493494047,1087.243216821041,1108.7921814787553,143904
2024-12-26,1042.1864013671875,1097.0383172286186,1038.2684073770854,1093.2182491747312,292070
2024-12-27,1049.23876953125,1065.6943925372098,1044.145425041053,1048.0634191312631,171856
2024-12-30,1076.4197998046875,1087.7330550025672,1033.3708897142803,1057.858351555851,192193
2024-12-31,1077.9283447265625,1116.628341823056,1068.8777877319385,1092.1408781865855,363139
2025-01-01,1077.9283447265625,1077.9283447265625,1077.9283447265625,1077.9283447265625,0
2025-01-02,1168.0028076171875,1204.7830199978503,1131.3206407296886,1175.3980682905856,362258
2025-01-03,1124.1605224609375,1194.00861455735,1078.4376016193833,1194.00861455735,487084
2025-01-06,1124.66015625,1142.0756686846976,1101.9358383441133,1135.1408621864207,183759
2025-01-07,1127.3536376953125,1132.202226524702,1075.489245148422,1127.4026604424716,274356
2025-01-08,1111.2802734375,1147.9722492164965,1106.833311957885,1126.43308663151,178703
2025-01-09,1079.6619873046875,1123.4847390515358,1069.553496190715,1113.6897544041815,174588
2025-01-10,1072.296142578125,1101.6418783981846,1056.4870229670212,1077.4483140817854,215238
2025-01-13,1081.3663330078125,1097.0383088485055,1073.5597587384123,1073.5597587384123,103194
2025-01-14,1093.629638671875,1100.9562680150248,1071.6790447247595,1091.6510326536877,150508
2025-01-15,1087.8702392578125,1105.8538175493768,1076.4688622557705,1082.4437792519327,97947
2025-01-16,1076.61572265625,1088.222755131834,1068.65239564202,1088.222755131834,87074
2025-01-17,1105.168212890625,1111.7210005076843,1068.0451955747044,1075.4893603117764,267300
2025-01-20,1109.7325439453125,1121.5257437393925,1106.8332667471734,1121.5257437393925,84935
2025-01-21,1078.89794921875,1115.6487507264508,1075.4893136941553,1108.7922614770343,82978
2025-01-22,1074.940673828125,1096.058716864578,1065.566926687774,1087.2432312061496,150327
2025-01-23,1084.1383056640625,1091.1515485579687,1076.224000653568,1087.2335544714028,50224
2025-01-24,1086.4107666015625,1106.833286063624,1082.9334991589785,1087.2433163987812,117687
2025-01-27,1076.1358642578125,1096.0588304312016,1068.632872207722,1087.243343859369,102444
2025-01-28,1062.5794677734375,1096.0489732276912,1054.9198424187662,1084.3047962465869,355994
2025-01-29,1054.0872802734375,1072.5508021317585,1051.0997621755869,1063.7353160868397,127451
2025-01-30,1090.8870849609375,1096.0588659469065,1048.0634375006166,1048.0634375006166,594472
2025-01-31,1156.630859375,1185.2126753510915,1116.628178121932,1126.4231621405454,1070641
2025-02-03,1174.87890625,1214.5780047298724,1154.0547608938143,1159.726094838846,718482
2025-02-04,1171.2353515625,1193.0193890125563,1160.705742506011,1185.1932054280787,342632
2025-02-06,1170.0501708984375,1175.398194421395,1150.9107320376158,1170.500701944639,483790
2025-02-07,1184.546630859375,1190.0906256065841,1163.7420931919635,1163.7420931919635,83026
2025-02-10,1184.3116455078125,1190.0907107327278,1165.7990994273207,1186.1727166233197,109996
2025-02-11,1193.60693359375,1202.8240471079484,1185.193075733402,1189.385357623148,249830
2025-02-12,1183.322265625,1194.9881258075316,1182.156719845594,1193.606999494655,172098
2025-02-13,1216.68408203125,1224.3731213195995,1186.172679934428,1190.0906739226507,1673924
2025-02-14,1338.3572998046875,1338.3572998046875,1317.4254225942066,1338.3572998046875,536482
2025-02-17,1375.509765625,1411.4573120749205,1332.1179350602997,1338.9744244319338,1017829
2025-02-18,1429.7249755859375,1460.4322289203226,1352.7070055718384,1381.0928522988968,694511
2025-02-19,1373.4234619140625,1443.7807964896767,1363.4619190730189,1437.8058795222191,535671
2025-02-20,1367.3016357421875,1420.2728733823117,1351.707976046614,1371.2979467139562,645471
2025-02-21,1393.356201171875,1504.0297252009386,1376.1953686188374,1504.0297252009386,2132716
2025-02-24,1419.65576171875,1441.8120134048966,1342.9903936128,1372.277423203559,1462920
2025-02-25,1426.424072265625,1449.657747467989,1410.4778083472327,1430.067777907611,421255
2025-02-26,285.99981689453125,289.14402833002345,284.05454045481946,285.62174389778164,1248690
2025-02-27,281.494140625,287.95100497613794,280.7242741791739,287.38485197734366,796900
2025-02-28,278.99249267578125,283.0554621363973,275.45454488646385,283.0554621363973,936540
2025-03-03,1383.757080078125,1404.6008366714186,1380.113374386352,1386.2352399576187,161766
2025-03-04,1383.757080078125,1383.757080078125,1383.757080078125,1383.757080078125,0
2025-03-05,1404.904541015625,1430.0677999106033,1399.7033466248301,1403.621340597188,284831
2025-03-06,1405.5118408203125,1420.2728306644003,1403.3764814720134,1407.637276050469,178135
2025-03-07,1419.2442626953125,1427.991236657083,1404.6008083709596,1410.4679946508322,323720
2025-03-10,1418.793701171875,1433.006233255773,1410.4777688915333,1420.2727533977245,129248
2025-03-11,1408.802978515625,1420.2728680365208,1402.6418945022742,1418.31387097716,131405
2025-03-12,1401.564453125,1414.395859795479,1398.7238835096566,1412.4368627597512,83982
2025-03-13,1441.1654052734375,1453.575693626596,1404.6007713345948,1404.6007713345948,441742
2025-03-14,1434.093505859375,1459.4527358662745,1425.757964225355,1459.4527358662745,420086
2025-03-17,1462.38134765625,1468.2681427707316,1434.965196236906,1439.8528838245443,415549
2025-03-18,1485.7032470703125,1493.7350862644666,1461.9504104526645,1469.2476258339016,524935
2025-03-19,1503.1578369140625,1513.3250351367171,1459.4526228826594,1483.9400829981403,578664
2025-03-20,1517.7230224609375,1537.8125449543866,1508.6234437262694,1516.2537748065224,554306
2025-03-21,1496.468017578125,1528.0176252846834,1488.8867089257812,1519.3000649192018,166226
2025-03-24,1465.7705078125,1510.386713085119,1458.4732916885487,1506.4687190174532,242494
2025-03-25,1467.161376953125,1476.3490774375168,1442.801254646185,1465.3297195863495,153127
2025-03-26,1460.70654296875,1483.9402185524148,1449.6577712591247,1479.0427260819447,212439
2025-03-27,1465.9173583984375,1486.8786491711724,1449.853559882525,1455.5445032774394,265302
2025-03-28,1465.9173583984375,1465.9173583984375,1465.9173583984375,1465.9173583984375,0
2025-03-31,1465.9173583984375,1465.9173583984375,1465.9173583984375,1465.9173583984375,0
2025-04-03,1485.1744384765625,1498.5250081136217,1455.5446081871912,1459.452797724407,292519
2025-04-04,1470.6287841796875,1498.5835883113527,1466.309162586504,1483.9401344813318,311559
2025-04-07,1445.798583984375,1469.2477202063797,1383.051853954272,1459.4527354050038,586054
2025-04-08,1541.8775634765625,1588.550690182196,1463.3707360208111,1469.2575314787862,2063508
2025-04-09,1528.9775390625,1547.6076195373812,1509.4071782956357,1547.6076195373812,605409
2025-04-10,313.7980041503906,318.5329143407358,309.52348932845666,314.0272154012007,3984900
2025-04-11,314.01739501953125,316.18207815895033,309.1297074669857,311.48049769764054,2280510
2025-04-14,330.99017333984375,332.8335782771149,314.4385976464459,316.4759712655175,5140045
2025-04-15,336.20892333984375,342.2367486027512,328.13197705976046,333.0294692546823,5753460
2025-04-16,338.03277587890625,346.9383866782948,334.98849281412146,336.9474898481222,3784775
2025-04-17,340.5324401855469,344.7638807315966,338.31876408756403,339.29826255330215,2238735
2025-04-18,343.1085510253906,351.8358865803961,340.47369756850907,342.589417996261,5546650
2025-04-21,343.1085510253906,343.1085510253906,343.1085510253906,343.1085510253906,0
2025-04-22,343.1085510253906,343.1085510253906,343.1085510253906,343.1085510253906,0
2025-04-23,343.1085510253906,343.1085510253906,343.1085510253906,343.1085510253906,0
2025-04-24,343.1085510253906,343.1085510253906,343.1085510253906,343.1085510253906,0
2025-04-25,343.1085510253906,343.1085510253906,343.1085510253906,343.1085510253906,0
2025-04-28,343.1085510253906,343.1085510253906,343.1085510253906,343.1085510253906,0
2025-04-29,342.0016784667969,356.5178525033796,328.1319769868306,350.6604410784637,7838604
2025-04-30,320.5800476074219,336.8886903910149,318.33698784639745,333.02946420853885,5286939
2025-05-02,329.89508056640625,334.9884846880221,326.1729982488636,329.2094495562914,4552166
2025-05-05,328.14178466796875,333.0294723586413,321.2754909812775,330.0909770143004,3188998
2025-05-06,316.6816711425781,332.35364781061475,313.4395333607319,332.35364781061475,2354625
2025-05-07,298.668701171875,311.91151037019085,289.93156124147646,293.8593598628995,7169114
2025-05-08,281.7821044921875,311.43154144885534,268.80375014159733,299.83425359596646,7396858
2025-05-09,300.77459716796875,302.66502200839386,274.40648565802866,288.9520436649715,3642443
2025-05-12,330.85498046875,330.85498046875,330.85498046875,330.85498046875,876832
2025-05-13,343.9900817871094,347.71216414311675,330.8745824789675,343.8039746801168,6259987
2025-05-14,343.90191650390625,357.46797620139745,335.96797297138727,357.46797620139745,5816281
2025-05-15,340.3659362792969,346.74248130601785,335.9679974236275,343.90194153359045,2643581
2025-05-16,335.35089111328125,341.844970843532,334.4987322150893,341.844970843532,1051595
2025-05-19,331.2174072265625,339.8859748103402,328.2299487995515,337.9269778373699,1389149
2025-05-20,330.25750732421875,338.9064655320274,325.9966830653019,332.0499763449633,1331099
2025-05-21,328.5140075683594,331.1586355132109,326.760696930026,330.0811812133435,1037102
2025-05-22,318.32720947265625,329.9734610415016,316.88734547509017,328.6315528727886,1883910
2025-05-23,318.16070556640625,323.7144452455146,313.48847865486255,320.2568167837659,917946
2025-05-26,316.2604675292969,321.09919231277195,314.4288101919097,314.4288101919097,495875
2025-05-27,317.5827941894531,323.0288031969882,312.94975574549414,318.3468017871456,2294998
2025-05-28,317.5827941894531,317.5827941894531,317.5827941894531,317.5827941894531,0
2025-05-29,326.5451965332031,332.93151563657045,318.09212016609735,319.2871094652465,2756891
2025-05-30,328.7392578125,331.07046885519344,326.66272592664797,328.5629552694189,827975
2025-06-02,324.96820068359375,332.88256515937223,323.2344991311638,329.1604529917999,984536
2025-06-03,332.3046569824219,336.4577208858751,327.15248551930796,328.1319839789466,2955173
2025-06-04,338.5244445800781,340.96341604437293,334.4987203031749,335.96796797654173,3330662
2025-06-05,335.0472412109375,340.37571523065014,333.63676103560647,338.52444879105786,816940
2025-06-06,335.0472412109375,335.0472412109375,335.0472412109375,335.0472412109375,0
2025-06-09,335.0472412109375,335.0472412109375,335.0472412109375,335.0472412109375,0
2025-06-10,328.6021728515625,335.9777954800815,327.9850840038823,335.967990929508,1141529
2025-06-11,344.9107971191406,346.7424544545974,333.1372065121976,337.9269683243958,5565026
2025-06-12,348.7014465332031,366.3324185489269,344.79325730179886,347.72194808788515,9603356
2025-06-13,338.6322326660156,343.8039837038323,334.49874767766016,340.86548811662004,3402914
2025-06-16,338.6322326660156,338.6322326660156,338.6322326660156,338.6322326660156,0
2025-06-17,333.862060546875,344.7736579938138,332.9902925576616,338.63221332834115,2370083
2025-06-18,324.7331237792969,329.6012323291366,321.96115628540787,329.1114830983355,2056615
2025-06-19,321.7162780761719,330.1007824224711,318.3369964646253,324.70373639391784,2994913
2025-06-20,323.1659240722656,326.07503573319747,319.31650224684785,321.1579641590769,761312
2025-06-23,310.1679992675781,320.1882797053327,308.54202816703236,313.6354323348125,1695746
2025-06-24,339.31787109375,340.8165025481805,324.3217221074678,328.62173471308745,4684225
2025-06-25,340.61077880859375,342.3347056327022,337.9269626417232,340.86545796904255,1642530
2025-06-26,334.2832336425781,343.80395988111667,333.4114955559092,340.6205898822174,1506811
2025-06-27,348.5937194824219,357.5169360589494,334.28323151171566,335.5761766463185,6413957
2025-06-30,347.9570007324219,351.63992426788394,345.77273843952463,349.7788832933179,1632314
2025-07-01,342.5893859863281,349.6809451688763,340.84587994838984,349.6809451688763,2143278
2025-07-02,341.6490478515625,346.64449593150187,340.8654610473024,342.82445794987314,989113
2025-07-03,342.4914245605469,348.21169180370964,340.9340256441514,342.7950666824398,1500526
2025-07-04,345.84130859375,347.2322095814723,342.8244664415101,345.75315731798133,962543
2025-07-07,349.27935791015625,350.66045434811093,344.78346349311465,347.7121543704397,1531676
2025-07-08,347.7513427734375,352.2570417418731,344.85203565392504,350.6604544431258,1740065
2025-07-09,345.1948547363281,349.68094445674564,343.06932996071475,349.18139068496436,1014954
2025-07-10,346.13519287109375,346.98735180347154,342.824483080353,346.74247717269986,1390682
2025-07-11,344.7638854980469,352.52149671446807,344.2937154669008,347.17344338733756,1637078
2025-07-14,345.9490661621094,348.50554281441674,343.55908750981786,345.76295906191217,1083505
2025-07-15,342.6971130371094,348.7014432327856,341.84495418045555,346.7424463606913,1176731
2025-07-16,342.4522399902344,343.9019084432882,337.92696197776115,342.8244541803374,867656
2025-07-17,350.95428466796875,351.7379013675637,341.84496098809154,343.7549949331887,2044005
2025-07-18,351.35589599609375,367.1650160186176,347.4477065750861,351.16001423267926,5228348
2025-07-21,350.39599609375,357.5169391619946,348.701452990877,351.15019914952074,987508
2025-07-22,349.7593078613281,353.5989550968195,348.3194438845091,350.66045962510077,1121102
2025-07-23,349.4556579589844,352.619448774357,348.21170566467754,350.6604518367217,771597
2025-07-24,346.242919921875,352.08075258367904,345.76297521574423,349.70054847835553,688855
2025-07-25,351.18939208984375,352.6194514956158,344.79326823478067,345.95887381302265,931294
2025-07-28,361.728759765625,365.5879859874314,354.32375399499296,354.47070267364774,3333943
2025-07-29,354.4609069824219,367.2041914942781,350.4743410818415,362.41442968358126,4317828
2025-07-30,349.1226501464844,357.50715508241467,343.80398035942983,356.5276565628721,1928440
2025-07-31,349.6319885253906,354.92127425024375,345.2732084057693,350.6604499553628,855949
2025-08-01,352.5312805175781,354.6763844523117,347.7219396803213,350.66043494522546,1168697
2025-08-04,364.4811706542969,366.3324371581114,356.0575075101879,357.48756694325954,2876974
2025-08-05,367.2531433105469,370.10348732557867,364.3636109886229,364.4811460173797,3163979
2025-08-06,373.0223693847656,374.6679494449097,367.4686300940276,369.76065280518037,3126789
2025-08-07,374.45245361328125,376.51918089968854,368.48731191392375,373.1986968505711,2162742
2025-08-08,367.0474548339844,378.96793390313724,362.610328173204,372.20940076241413,1639040
2025-08-11,368.17388916015625,374.5602084143381,364.37343031928003,366.33242725648046,1875675
2025-08-12,370.6422119140625,373.43378850818,368.7909753653224,371.20053321127017,1139433
2025-08-13,377.518310546875,379.06590496508835,371.2397218155907,372.3171462107403,1860408
2025-08-15,386.2554016113281,391.55449162662626,375.1478931657232,379.5066730718055,3300897
2025-08-18,402.59344482421875,405.02261175739807,386.5100969081768,386.90189031238754,3728197
2025-08-19,417.24676513671875,421.18433818845887,403.5533658921978,403.5533658921978,3914791
2025-08-20,415.9146423339844,423.58413221868136,414.33766411967946,421.1843489712625,2577062
2025-08-21,411.30120849609375,420.1558830856834,400.614876539751,416.286852150108,3096060
2025-08-22,408.5292053222656,415.7970970617501,406.9816109049639,411.30120270881963,1247451
2025-08-25,405.1009826660156,411.38937628452493,402.57388964985654,409.4401838051635,696364
2025-08-26,406.9228515625,414.3082784830527,402.5738759131069,405.2185337700346,907341
2025-08-27,406.12945556640625,410.8996083345674,405.31645509649496,409.43036062896107,787919
2025-08-28,409.6850280761719,414.8175903488399,406.12944394761746,406.4918535885916,1560131
2025-08-29,418.6572265625,426.0818114111977,410.6547113428612,411.3893351556391,2963919
2025-09-01,436.41552734375,439.99072063995277,419.2351458599155,420.40075141986443,4086384
2025-09-02,431.6845397949219,438.81528701320974,429.0203029280935,438.81528701320974,2089897
2025-09-03,434.0843505859375,440.7743119910452,432.2135049191228,432.2135049191228,2159612
2025-09-04,443.6246337890625,446.65128032528906,434.01575666289176,434.0843287264761,2993412
2025-09-05,456.6225891113281,472.11826206520567,444.7902607580728,445.5738475765163,6159407
2025-09-08,468.7585754394531,471.1387494737524,459.3847681979,459.3847681979,3073083
2025-09-09,471.1485900878906,476.0068943507202,462.8130481629688,468.1023341635897,3637777
2025-09-10,473.3034362792969,476.0362453165928,464.282263950751,465.8494674445806,1838689
2025-09-11,470.7861633300781,477.0059547586587,468.20027299720147,473.5875146321065,1919069
2025-09-12,464.44879150390625,473.0977496335825,461.83351749944956,471.1387527406898,1666181
2025-09-15,466.8191833496094,469.22874127346563,460.3642918655884,464.44881373522446,2177425
2025-09-16,467.7301025390625,471.1387680042179,465.26177713514244,470.0613136998365,1586736
2025-09-17,474.68402099609375,481.5391655802157,471.1675527831033,472.945531490551,2244163
2025-09-18,478.5264587402344,480.0574942464177,474.6840087716937,475.1186311368867,1319613
2025-09-19,482.0231628417969,488.4535723996864,474.6741319597599,480.04761755403274,1361634
2025-09-22,476.50152587890625,485.96440485696047,475.128537554524,483.4850858303771,874264
2025-09-23,476.50152587890625,476.50152587890625,476.50152587890625,476.50152587890625,0
2025-09-24,469.0240783691406,475.1186489381961,467.2164676668748,470.8712385626326,578674
2025-09-25,458.9389343261719,471.7602344686785,454.37542940181027,469.2413960668585,1187814
2025-09-26,464.8063049316406,468.2042453261527,455.11625745574867,459.31429130097257,2136072
2025-09-29,461.38861083984375,468.1844914948929,460.30205489596744,468.1844914948929,847609
2025-09-30,470.0711364746094,472.1553222772606,457.43751595901,461.536766389226,1588041
2025-10-01,473.2122497558594,477.09418902819607,463.80863485359373,473.0344579138659,996089
2025-10-02,466.36700439453125,479.0598591296226,464.3519397007605,473.1431104633651,1566426
2025-10-03,468.32275390625,473.92343797464844,467.22634075769497,469.19199864263334,837163
2025-10-06,464.89520263671875,468.2042471209957,461.2898384082384,466.72258811111914,827392
2025-10-07,464.89520263671875,464.89520263671875,464.89520263671875,464.89520263671875,0
2025-10-08,438.52166748046875,454.3655186292343,434.6199535668136,451.4120881364405,2592217
2025-10-09,445.366943359375,457.82274217727013,439.66747579832264,439.66747579832264,1481644
2025-10-10,442.85797119140625,454.3754035152324,437.58326903749554,444.49767735185776,1114027
2025-10-13,426.1053771972656,444.49769940277855,419.80338276929086,435.607745414723,2567586
2025-10-14,461.4478759765625,466.22869199751057,434.61996711632344,434.61996711632344,1942602
2025-10-15,452.9431457519531,464.26304225367323,448.49816873713735,462.27760954083806,1873814
2025-10-16,449.03155517578125,460.25266790073056,446.5720109792062,452.7455899018771,1593384
2025-10-17,454.26678466796875,457.3387431820034,445.6039991169893,451.4121072012431,986837
2025-10-20,456.79547119140625,461.7837109849156,450.4243255810086,459.31427937537063,666061
2025-10-21,456.7559509277344,459.31427845275266,452.40975733255107,457.34862054172044,718850
2025-10-22,454.2272644042969,458.0795717551307,451.52074681366645,456.64728933823244,861474
2025-10-23,446.25592041015625,454.37541268610687,444.49768632336543,452.3899800409787,635349
2025-10-24,446.7893371582031,449.4365606544277,437.60303332630116,446.25593148094225,510119
2025-10-27,439.7563781738281,446.7893143362236,438.37347240383286,446.7893143362236,388945
2025-10-28,447.1054382324219,459.21551073380215,445.00147761085213,449.4365672768834,1406545
2025-10-29,436.8720703125,452.3998570031901,434.6199499593966,446.97699500105,736919
2025-10-30,440.4774475097656,447.31284746367254,436.5955082569852,436.5955082569852,1121777
2025-10-31,454.24700927734375,456.35096987063525,444.4976979259434,444.4976979259434,754891
2025-11-03,454.2964172363281,459.78843084079534,452.39988045645515,459.31428910971977,709293
2025-11-04,449.1994934082031,456.40033421768294,444.3198941768226,454.37541237249,718536
2025-11-05,436.6152648925781,450.27617780428864,434.62986232340285,450.27617780428864,1120641
2025-11-06,434.28411865234375,439.400773647316,422.7567987826482,438.5216716806475,1702646
2025-11-07,434.4619140625,439.55882449873815,427.26104308139526,434.6199613021231,682624
2025-11-10,436.0226135253906,441.0404852904545,433.632190464747,436.5856210223785,708042
2025-11-11,425.3546447753906,438.561160005071,424.74223056837735,435.607729489894,1365386
2025-11-12,419.15142822265625,428.69331530978604,416.8400439187321,424.7422248461014,1132424
2025-11-13,440.44781494140625,443.5099161598141,419.81326012969737,419.81326012969737,2584227
2025-11-14,437.00048828125,445.3768109479636,436.11149895244137,442.63077412665695,997259
2025-11-17,427.340087890625,442.42336545700414,425.73001364237234,439.6576140850805,1116466
2025-11-18,424.9792785644531,430.66885845075336,419.80335972837196,430.6589710784252,1244144
2025-11-19,422.845703125,429.1872168071959,421.69002600435107,424.97929566823143,911237
2025-11-20,424.5249328613281,427.5969215108571,420.8899367050308,424.74224405243444,644548
2025-11-21,423.18157958984375,429.68111048022547,421.28504280417513,425.73001980914296,838510
2025-11-24,421.7591857910156,425.73002107526827,416.7116517685929,422.776590436068,984016
2025-11-25,425.2657470703125,428.15005639909725,417.8278204092303,422.86546682602864,606817
2025-11-26,431.3603210449219,434.6199586772297,418.3217102268336,422.27280076026295,1197282
2025-11-27,446.058349609375,451.41209051093057,432.64441059909757,432.7135619176461,1937982
2025-11-28,452.6369323730469,454.8495636213529,446.4732406440019,447.95489962843993,1906835
2025-12-01,459.6600036621094,463.2653677661586,449.436550817915,458.3265045703573,2448671
2025-12-02,470.881103515625,475.51375977348835,457.58569174896115,463.25549725792774,4149100
2025-12-03,465.36932373046875,474.1308621304797,460.30204531834073,474.1308621304797,973670
2025-12-04,465.675537109375,467.19671541964925,459.31427887851396,463.2653694495119,568533
2025-12-05,469.78466796875,472.15531624738253,462.28747733855494,472.15531624738253,1475173
2025-12-08,470.2390441894531,472.13558093633156,465.7348033280994,469.19200759458585,755301
2025-12-09,479.9784851074219,482.7244917871526,467.70044852252613,473.58759504580456,1639272
2025-12-10,491.1995849609375,497.8374184122108,479.336425721207,479.97850206287717,2634361
2025-12-11,481.2823181152344,489.9352158477954,478.59557540319514,488.94744323519905,1026336
2025-12-12,482.843017578125,486.7447013262063,475.11862848329724,481.2823199633501,761289
2025-12-15,482.625732421875,489.9352441484293,481.06503472294094,484.0086081305048,697626
2025-12-16,482.3293762207031,493.88632836214913,481.5391701530954,485.9644025072148,1138092
2025-12-17,470.8020935058594,484.50249564418766,465.4384951312504,482.8232700439181,1401564
2025-12-18,479.5537414550781,488.9771011190376,471.1675611759624,473.2517470296578,1456032
2025-12-19,492.9380798339844,496.88917049920997,479.73156410857655,479.73156410857655,2918362
2025-12-22,506.4310607910156,523.0256296162523,488.9474724457883,492.8886757592853,3865992
2025-12-23,502.9738464355469,513.6417790189378,498.92397253362714,503.7640524993429,1265993
2025-12-24,484.4234619140625,495.86185559838117,481.993519563118,488.95733462580796,1659599
2025-12-26,480.4130859375,491.7132073322233,479.06972961861686,485.87549756644216,1277190
2025-12-29,480.7884521484375,488.9474639198631,478.8721707873791,483.89996012528906,941680
2025-12-30,481.2823181152344,485.98412539740997,480.156273011977,481.0452623344282,1120108
2025-12-31,469.1524963378906,485.9841509831119,464.2531523619158,485.9841509831119,3110153
2026-01-01,469.1524963378906,469.1524963378906,469.1524963378906,469.1524963378906,0
2026-01-02,472.5899353027344,480.69954008241945,466.22867721059487,478.0720612926724,1492540
2026-01-05,482.3886413574219,492.8886695473877,472.6492174074431,472.6492174074431,3367840
2026-01-06,502.5787048339844,507.7151345958382,483.02081871082663,484.5024776639273,6692054
2026-01-07,505.8877868652344,508.9300832195704,499.82284832428275,502.57871231407813,2461854
2026-01-08,501.6304626464844,510.55993590857094,498.380682163653,508.1991447883893,2146131
2026-01-09,492.20709228515625,502.0551866683345,485.9841367383512,500.800726273057,1889315
2026-01-12,485.1741638183594,493.85669386708173,484.0085993240379,492.2071002752245,1108288
2026-01-13,493.9752197265625,499.8129596912763,482.03305203427436,488.1572545072355,1677757
2026-01-14,484.00860595703125,495.8618779396524,481.15392848522384,494.14316314838976,1683329
2026-01-15,481.6181640625,488.94745021615734,479.06972394916426,484.0283316832006,818902
2026-01-16,487.8213806152344,494.0048469763694,482.13183071761085,482.13183071761085,1495746
2026-01-19,494.03448486328125,495.12104080715534,488.1177363360624,491.90089232197283,1057520
2026-01-20,490.3006896972656,496.81010763419675,488.94744603337267,494.8740817428681,1004690
2026-01-21,486.3298645019531,493.6788953425511,484.00859277303346,492.39477282608783,1161563
2026-01-22,489.1153869628906,491.12056419807243,484.1073724889854,485.9742470864996,788835
2026-01-23,485.92486572265625,490.92299277476457,479.0796086918681,488.9277029317788,945441
2026-01-26,480.3143310546875,492.89854477610066,474.19012866102065,485.98413633234776,1521757
2026-01-27,471.40460205078125,479.06972733434793,469.29078428981086,479.06972733434793,1724656
2026-01-28,472.2244873046875,479.0697446691109,469.2019053478141,472.15533598316495,1043937
2026-01-29,459.739013671875,477.58807255293186,456.8547344372338,474.1308683048755,1801771
2026-01-30,476.2348327636719,483.5147123740603,459.31428243909716,462.1788170963907,2341538
2026-02-02,470.09088134765625,480.8674844817826,467.710345664745,477.5880720779392,1361788
2026-02-03,470.2390441894531,475.6125298037749,469.20189496727875,473.40978594770485,1482328
2026-02-04,470.83172607421875,475.85948536400247,469.1920198192032,471.1675651658104,2918769
2026-02-06,462.9196472167969,472.15532753960593,460.7959420444062,471.1675548878494,1405871
2026-02-09,451.8960876464844,468.05606343373944,450.1872603011419,466.22867805231823,2459358
2026-02-10,460.252685546875,464.2531527843728,447.47090484376787,454.36553875651373,1816434
2026-02-11,471.6910705566406,478.08196078363704,460.30205315118775,460.30205315118775,4625558
2026-02-12,467.0979309082031,476.6002988835605,461.34908690773227,471.16754936260804,2375010
2026-02-13,455.2248840332031,466.22868570323664,448.4586655702139,466.22868570323664,4047882
2026-02-16,443.5691833496094,456.35096383925895,436.59551085920447,455.38293579124183,5941873
2026-02-17,440.20086669921875,451.41209208289854,435.6077299968452,443.5691749861403,2541525
2026-02-18,448.6957092285156,451.9059702191434,440.0526988691331,443.50990301288607,4594770
2026-02-19,430.3923034667969,448.35000314277676,427.3104575989701,448.35000314277676,1299232
2026-02-20,431.1627502441406,436.56586770154536,418.8254798203707,430.4712973497808,1735381
2026-02-23,402.9815979003906,429.68109067371836,392.1457310286579,429.6712033012789,3536711
2026-02-24,417.057373046875,425.7497603832619,400.04792666298283,409.92565324725405,2981168
2026-02-25,409.5107727050781,423.06301469306754,405.53005012424336,418.06488748669227,1153268
2026-02-26,418.8748779296875,425.2361363649121,403.0112511890456,409.9256599104263,2515007
2026-02-27,417.0178527832031,429.6811054710592,405.18435565369924,414.8645156272296,1338120
2026-03-02,376.6080627441406,405.18434806410437,375.3140830002383,375.3140830002383,7253805
2026-03-03,393.6767883300781,400.04793415400644,376.6080776786177,382.2680259693839,4351762
2026-03-04,385.8240051269531,393.13351674611056,384.24356284984174,393.13351674611056,1650846
2026-03-05,393.9533386230469,395.60293215300095,385.2313196995515,388.14526097043466,3782703
2026-03-06,378.3564453125,393.133515755743,377.3192659405573,393.1236283829992,2031009
2026-03-09,340.7519226074219,355.5882565374456,340.5247240523742,340.5247240523742,3897451
2026-03-10,374.77081298828125,374.8300769338664,366.463641645245,371.4025047401944,1965393
2026-03-11,374.3855895996094,385.2313444570883,370.51353758235734,380.2924810666128,1669709
2026-03-12,362.0186767578125,373.33854290303276,360.5370177806318,370.51352758920086,1772781
2026-03-13,354.46221923828125,363.15460644550257,345.7204253122152,360.537014968453,1885853
2026-03-16,338.7171325683594,354.61039133714087,337.3243694753025,354.0177217015633,2232849
2026-03-17,342.5496826171875,350.6395429586347,336.83047058528473,340.78156114933495,2681764
2026-03-18,352.17059326171875,359.0553700640473,339.76417078192674,345.7105514781728,2708443
2026-03-19,350.5111389160156,354.1362477437323,339.79379938896045,345.75006739921645,2716650
2026-03-20,350.5111389160156,350.5111389160156,350.5111389160156,350.5111389160156,0
2026-03-23,350.5111389160156,350.5111389160156,350.5111389160156,350.5111389160156,0
2026-03-24,360.75433349609375,375.0375177748857,353.62261365733895,375.0375177748857,4346775
2026-03-25,380.2825927734375,384.4905140181582,363.6089851844289,365.70308857824443,4696288
2026-03-26,362.07794189453125,379.2750674301543,358.5614736553608,379.2750674301543,3312882
2026-03-27,357.8700256347656,368.43920524238604,355.5981605556541,361.6729564362606,1987580
2026-03-30,340.8704528808594,359.54923691020156,334.854921188347,357.8700113833441,2657018
2026-03-31,352.49652099609375,359.5492319380501,346.2340462329657,350.65927840112033,1986599
2026-04-01,384.81646728515625,387.7501533495752,363.500346121268,363.500346121268,6249051
2026-04-02,374.118896484375,378.7515526900197,365.4758856745049,371.4025216584158,2852587
2026-04-03,366.631591796875,372.39029314617005,364.4881118592487,365.4758845201138,1461592
2026-04-06,374.6226501464844,377.88228770546925,356.9414962915686,365.96975242669697,3261316
2026-04-07,377.44769287109375,380.2924830217418,365.4758927741415,367.4514381404882,2395447
2026-04-08,415.1904602050781,415.1904602050781,415.1904602050781,415.1904602050781,858501
2026-04-09,424.7126159667969,434.42240804571554,397.08461319145505,434.42240804571554,7125029
2026-04-10,430.43182373046875,442.3245848463217,425.83865674845805,425.83865674845805,3957795
2026-04-13,405.0460510253906,419.8033768490016,402.02346912363214,409.92565033490746,3601011
2026-04-14,429.0489196777344,432.6444266424452,414.86451869823514,419.8033820160713,4056475
2026-04-15,430.4416809082031,452.8345003589693,428.6834467803567,449.4365599992885,5435632
2026-04-16,430.17498779296875,438.5710552929463,424.89039810233237,434.61007733203377,2920671
2026-04-17,443.8753967285156,446.42386707981734,431.6665410837307,432.65431374668464,3389829
2026-04-20,435.46942138671875,439.5588144897239,424.84100852782996,439.5588144897239,3733292
2026-04-21,435.6274719238281,442.5221356935476,433.1382957625461,442.5221356935476,1632822
2026-04-22,425.8485412597656,437.5536532245441,423.8038446337695,435.6077398927156,1376109
2026-04-23,420.59356689453125,428.68342701303555,415.4077606721273,424.7422239302255,1051797
2026-04-24,424.9891662597656,429.6810861661779,409.9256339286525,417.106729964999,1386253
2026-04-27,417.70928955078125,428.6933162405646,414.8644995876432,424.7422257683014,990168
2026-04-28,417.70928955078125,417.70928955078125,417.70928955078125,417.70928955078125,0
2026-04-29,417.70928955078125,417.70928955078125,417.70928955078125,417.70928955078125,0
2026-04-30,403.0013427734375,408.87860193750294,395.6128228465303,408.87860193750294,2247520
2026-05-04,406.15234375,419.80336876424366,401.8357821695797,405.97455191083327,1757797
2026-05-05,404.0978088378906,406.86356028015587,400.04793482680736,400.04793482680736,964827
2026-05-06,434.2347106933594,438.5710470012787,412.9975991831623,414.9632872118523,5101180
2026-05-07,444.10260009765625,451.41211185371003,430.66888570725945,439.8057829384341,3840933
2026-05-08,440.2799072265625,443.48028091611724,432.6444139099026,436.5955044478926,1727932
2026-05-11,430.79730224609375,436.00285339950824,429.68111429848545,434.87680822334676,1302881
2026-05-12,423.0630187988281,434.61997099440566,421.77892639684364,430.79729561808625,708151
2026-05-13,417.1956481933594,426.1251215226875,415.8522918386936,422.78644509289285,767836
2026-05-14,417.6302490234375,424.6434406097417,415.852270376511,417.19562666184606,531442
2026-05-15,412.64202880859375,423.7544712361142,410.91342665320167,423.7544712361142,1174717
2026-05-18,401.5394592285156,409.9157517917749,400.0479129193155,408.09825378004075,949984
2026-05-19,402.902587890625,410.40963567682536,401.1443236907764,403.11986892807715,628912
2026-05-20,405.85601806640625,407.2092617298226,400.05779762243395,404.9966607119406,3983677
2026-05-21,421.60113525390625,428.69333573954253,412.8889731316331,412.8889731316331,4012991
2026-05-22,416.9684753417969,426.2239002885698,415.0225620072399,425.2163830332773,1107759
2026-05-25,431.429443359375,433.1383008715925,424.7422334658717,429.68109664570744,1913466
2026-05-26,431.429443359375,431.429443359375,431.429443359375,431.429443359375,0
2026-05-27,431.429443359375,431.429443359375,431.429443359375,431.429443359375,0
2026-05-28,431.429443359375,431.429443359375,431.429443359375,431.429443359375,0
2026-05-29,447.8857421875,448.9426661499527,432.44685095751845,434.61996282943716,4073832
2026-06-01,431.7949523925781,446.6213994293163,428.6933317900248,446.37445626584275,2214263
2026-06-02,430.3429260253906,436.101627342606,426.7177871166609,431.7949530345509,1596078
2026-06-03,430.3429260253906,430.3429260253906,430.3429260253906,430.3429260253906,0
2026-06-04,429.08843994140625,431.02446592569385,424.7422462413113,429.63173299418656,937132
2026-06-05,426.2239074707031,432.31847811338133,424.9398150563732,430.2737814500639,850824
2026-06-08,421.275146484375,424.6434548272694,418.3217159166823,420.7911475336639,1162090
2026-06-09,426.8659362792969,432.64441219711665,425.7300037830075,427.69566167165857,3790348
2026-06-10,424.1001892089844,429.68109859867917,421.7789174750253,425.73000803685227,1587252
2026-06-11,427.7944641113281,429.5823302411598,416.8400687651398,421.7789321391344,3275763
2026-06-12,443.6185607910156,448.4586708961286,431.1825067331056,433.51366586440963,5436081
2026-06-15,463.6209411621094,466.6237783589826,455.26439326063274,464.25313010647346,6516394
2026-06-16,464.0753479003906,470.08099227433644,457.9610328611899,466.7225713348865,4277608
2026-06-17,464.8556823730469,469.19201886939766,458.4845667297939,464.2531555128777,3055536
2026-06-18,465.803955078125,471.1675533247055,464.2432574126472,466.2286900823082,2098556
2026-06-19,457.3190002441406,467.20658414312794,453.3876541772755,465.24092618191014,2737636
2026-06-22,453.4468994140625,462.17880581315256,451.9059765286012,459.4229117453579,1538353
2026-06-23,451.8763427734375,457.23994087838696,449.43654319034135,454.3852936747641,1694484
2026-06-24,462.0306396484375,463.26535541446754,452.4196012736657,452.4196012736657,1991650
2026-06-25,462.0306396484375,462.0306396484375,462.0306396484375,462.0306396484375,0
2026-06-26,462.0306396484375,462.0306396484375,462.0306396484375,462.0306396484375,0
2026-06-29,456.1929016113281,462.03064139248545,454.86928992247897,462.03064139248545,902422
2026-06-30,463.77899169921875,465.7347923472842,456.4497357079525,456.4497357079525,1320094
2026-07-01,466.6040344238281,469.1129853156542,463.5518206495125,464.2531307683184,2038908
2026-07-02,474.1604919433594,478.97093980370045,469.09321355431734,469.09321355431734,3253073
2026-07-03,474.2493896484375,478.9709416076483,470.1797712414728,475.16801095842715,1155247
2026-07-06,482.68499755859375,484.79881540175313,476.10642794517327,476.98556009265553,2184221
2026-07-07,475.5038757324219,484.5024698260221,474.1407446945123,483.0208108968905,1452331
2026-07-08,459.30438232421875,474.0715950958936,450.4243160896336,471.1675411727088,5648437
2026-07-09,460.88482666015625,464.2531349373523,455.3730686621081,456.350953917142,2018665
2026-07-10,462.8504943847656,469.0932247581399,461.279939490934,464.25314480922736,1064007
2026-07-13,453.8420104980469,459.3142793853577,451.4120982346418,457.3387340976787,1271920
2026-07-14,433.31610107421875,451.31332005465583,431.65665024843014,449.4365580389833,2616052
2026-07-15,437.0400085449219,443.26296400408825,433.63218094216097,434.126067253029,1226889
2026-07-16,445.6830139160156,447.93513426218175,439.06492536788494,439.06492536788494,1390663
2026-07-17,440.1811218261719,450.90831811611577,438.70935025403617,447.46100128444607,1489663
2026-07-20,440.96148681640625,442.91725740263865,431.38007989849666,435.60774570317204,1685018
2026-07-21,444.4976806640625,456.73619794100523,443.50990804036456,443.50990804036456,1550022
2026-07-22,439.7070007324219,449.4365676207909,434.12609114140133,443.509931564253,955502
2026-07-23,428.97979736328125,441.92948247897544,426.71778952927156,439.2625143810751,1046583
2026-07-24,427.7154541015625,437.5832934429178,422.72718402418974,425.73002138577334,2056126
2026-07-27,451.0169982910156,454.3754192741562,439.8057726778653,444.49769276819626,4395892
2026-07-28,449.47607421875,456.3509634088853,446.4831243008715,455.3631907608142,4407482
2026-07-29,440.3095397949219,447.46100403213217,437.583277673807,444.65573336369926,1291410
2026-07-30,432.5555114746094,440.25026862187985,430.07619255314916,440.25026862187985,1458139
2026-07-31,435.5188293457031,439.8057588976379,434.61995264449337,435.7163657829756,769454
2026-08-03,443.58892822265625,449.42666819917423,440.5564890981241,444.4976923238449,1884947
2026-08-04,437.9783935546875,446.4633571282059,437.08940418523053,444.4976991714209,1031670
2026-08-05,446.443603515625,451.1947875259801,444.61621809369717,448.8340265798017,2675868
2026-08-06,453.0221862792969,454.86931635648483,448.35989805245,448.35989805245,1931851
2026-08-07,453.14068603515625,456.350947026141,447.46099351264473,451.90597026939287,1949072
2026-08-10,448.8043518066406,457.14115510596923,447.45110814441136,457.14115510596923,2057991
2026-08-11,439.66748046875,448.7451137546521,438.5611798969437,448.7451137546521,1441981
2026-08-12,441.0108642578125,444.6162284668819,437.5832918943079,440.25029015549876,1099611
2026-08-13,441.1491394042969,444.4977032380162,439.5588398687049,442.40362999253693,696125
2026-08-14,441.1491394042969,441.1491394042969,441.1491394042969,441.1491394042969,0
2026-08-17,437.9487609863281,443.9050289413667,436.5955172604621,442.5320406142256,753981
2026-08-18,437.9487609863281,437.9487609863281,437.9487609863281,437.9487609863281,0
2026-08-19,431.8542175292969,437.79071069733357,429.68110562697495,433.92851599264236,981329
2026-08-20,433.9284973144531,438.5710406584739,432.64440497389995,437.97837106113093,1250095
2026-08-21,435.02496337890625,436.10163196733777,428.6933369735551,431.8542215620075,581614
2026-08-24,434.64959716796875,439.5588284351452,431.6566472497943,435.7657850835082,1046999
2026-08-25,437.2770690917969,438.57104882881407,430.9651875008133,436.5955035638194,1473601
2026-08-26,437.2770690917969,437.2770690917969,437.2770690917969,437.2770690917969,0
2026-08-27,435.5089416503906,442.4233499827901,433.63217970333926,438.8179859526389,1675292
2026-08-28,436.6448974609375,438.5710662284967,433.13831653422477,435.5089649173848,984191
2026-08-31,431.98260498046875,438.0771755681564,430.61950402831917,436.59551657525395,1079351
2026-09-01,428.0907897949219,433.6321797178911,426.2238850757859,433.6321797178911,803170
2026-09-02,422.8358459472656,426.02633231755374,422.2431763277812,426.02633231755374,1486364
2026-09-03,426.0461120605469,429.16747729164496,422.9642661763924,424.307622528181,862809
2026-09-04,427.8240966796875,431.65665948633625,424.0113086189972,426.7177961054857,374133
2026-09-07,423.23095703125,428.6933386894186,422.2728163357753,428.6933386894186,443733
2026-09-08,414.55828857421875,424.64343846902835,412.79016716413196,423.75444915004664,1367015
2026-09-09,410.2812194824219,416.7412608341782,408.9378631934307,414.8644988918862,682943
2026-09-10,403.0408630371094,410.9134120653893,400.03802581619163,410.28122311596314,1821165
2026-09-11,411.5850830078125,414.8644953005653,393.6372716039033,402.023451398405,1935380
2026-09-14,401.2134704589844,409.57990564985477,399.06013340940814,409.57990564985477,975763
2026-09-15,408.8094482421875,411.40729504843495,403.5248587114793,411.40729504843495,781195
2026-09-16,403.9200134277344,410.9134306668813,403.0112493079028,408.41436701788155,570464
2026-09-17,406.95001220703125,409.9700012207031,400.75,408.9200134277344,777729
2026-09-18,416.0,417.4800109863281,406.70001220703125,406.70001220703125,924336
2026-09-21,421.7200012207031,424.0,415.9800109863281,416.54998779296875,1007436
2026-09-22,423.7900085449219,425.0,419.5,423.94000244140625,977071
2026-09-23,424.3399963378906,428.9200134277344,424.0,425.5,707585
