Date,Close,High,Low,Open,Volume
2021-09-30,1350.08349609375,1374.9667481244117,1308.1304797936334,1338.4458065245337,86000
2021-10-01,1347.136962890625,1348.8926261963438,1342.8087032689118,1348.8926261963438,27720
2021-10-04,1359.8177490234375,1364.5371822656502,1338.5067224050997,1339.3323553320809,24360
2021-10-05,1461.3236083984375,1461.8016733847069,1363.6592603879023,1363.6592603879023,182320
2021-10-06,1520.9547119140625,1570.921095908488,1460.1415788803295,1460.1415788803295,159460
2021-10-07,1533.55712890625,1546.8287899146571,1490.752383088708,1516.6351563778794,95960
2021-10-08,1544.230224609375,1563.568410903203,1522.2846424107613,1549.662299411012,214680
2021-10-11,1530.8106689453125,1555.659118818732,1503.5980998086306,1555.659118818732,8860
2021-10-12,1538.78076171875,1542.7092552199524,1503.5983163552212,1520.9809558506572,13820
2021-10-13,1522.6668701171875,1542.709102395698,1512.289486292121,1542.709102395698,8000
2021-10-14,1531.940673828125,1538.3635717546163,1503.5982932968848,1527.9165886028343,46040
2021-10-15,1484.3072509765625,1484.5430483989442,1442.6352799311944,1484.5430483989442,27180
2021-10-18,1483.4951171875,1506.3745017630063,1462.7114727263972,1462.8075185983748,43640
2021-10-19,1483.4951171875,1483.4951171875,1483.4951171875,1483.4951171875,0
2021-10-20,1507.58837890625,1550.0375638488206,1475.8104129039475,1476.7797193773242,40700
2021-10-21,1549.103271484375,1567.4940848636643,1488.909369541155,1488.909369541155,49020
2021-10-22,1552.814453125,1571.868950948973,1532.66827304146,1550.0374377413484,14960
2021-10-25,1552.814453125,1554.4037403828734,1528.2146656669418,1550.9019571364354,5300
2021-10-26,1498.314208984375,1567.5026224445394,1484.5428736243548,1558.8573220371256,35740
2021-10-27,1499.72021484375,1536.9385753999798,1487.2500285459041,1510.653454038261,10080
2021-10-28,1493.432861328125,1514.225140803657,1484.5430215074525,1510.932931282443,8880
2021-10-29,1484.8310546875,1509.8587315962495,1477.5655739028193,1495.0133024253978,21100
2021-11-01,1478.0548095703125,1506.3747008499422,1471.618882503693,1501.1263955381748,11260
2021-11-02,1463.9603271484375,1484.5430327637573,1458.2404275295814,1458.2404275295814,35480
2021-11-03,1482.089111328125,1488.9093278037428,1463.6720750624797,1466.1172473900465,18120
2021-11-04,1479.2947998046875,1486.2896261383628,1471.4441950899773,1484.5518459729878,5780
2021-11-05,1474.8236083984375,1484.5342618954614,1463.5847488688835,1484.5342618954614,18120
2021-11-08,1478.8756103515625,1491.5291482865496,1455.2363855247959,1483.4951931719918,26080
2021-11-09,1469.9771728515625,1519.4386723049076,1441.753433581172,1514.0682042126662,23040
2021-11-10,1484.2109375,1502.0079899236437,1467.9683142776378,1479.2944768504108,37060
2021-11-11,1478.4036865234375,1492.4020768184148,1475.810128626753,1484.5077684091727,30440
2021-11-12,1483.608642578125,1517.7268865004721,1472.49194586268,1475.9064245747904,17660
2021-11-15,1497.1268310546875,1505.3355025406754,1475.9065544748598,1483.61740769139,19360
2021-11-16,1488.0185546875,1508.9855498629067,1484.542994614802,1502.0082063161526,14460
2021-11-17,1491.834716796875,1510.7408300066816,1475.8104061914983,1488.0273133929231,15760
2021-11-18,1492.428466796875,1496.76854604027,1484.5428986397076,1484.5516397729286,11600
2021-11-19,1516.9759521484375,1523.8397677660705,1497.55464466771,1497.55464466771,42680
2021-11-22,1488.717041015625,1550.037366927981,1486.2893512740416,1550.037366927981,15720
2021-11-23,1482.95361328125,1509.8587147706676,1469.6974715363003,1509.8587147706676,17900
2021-11-24,1507.308837890625,1532.554831030387,1466.2045094171026,1484.455676804134,39980
2021-11-25,1504.628173828125,1527.332951842943,1487.1629599705727,1487.1629599705727,12200
2021-11-26,1485.1978759765625,1508.1122242121878,1477.5568461868845,1502.0081415138543,53980
2021-11-29,1506.427001953125,1526.8437327189863,1469.6976094582303,1501.1349914787272,12980
2021-11-30,1474.4132080078125,1517.7269121438633,1462.7114947301327,1488.036051952326,355880
2021-12-01,1483.2593994140625,1490.5598454690564,1477.1203516180913,1477.1203516180913,17040
2021-12-02,1410.2198486328125,1484.447000975373,1392.85068219275,1484.447000975373,118660
2021-12-03,1401.356201171875,1462.7114992130705,1375.3854395585588,1410.3158634203635,49540
2021-12-06,1416.4464111328125,1419.0487110979059,1384.118281286265,1397.2171924656302,3180
2021-12-07,1418.637939453125,1432.5838843866354,1407.7396652093023,1414.6820437100575,10020
2021-12-08,1459.812255859375,1462.7114340070173,1408.5692794348172,1408.5692794348172,27640
2021-12-09,1456.3016357421875,1468.82416146841,1436.513522958106,1464.4491178340802,9900
2021-12-10,1446.69580078125,1484.5428818145626,1423.5019502365856,1484.5428818145626,10640
2021-12-13,1423.938720703125,1452.2236444812443,1423.4147856601442,1449.6126038011284,18140
2021-12-14,1451.237060546875,1458.3454156642333,1423.4149865465272,1423.5022912994796,4560
2021-12-15,1446.521240234375,1467.0778291667034,1429.5363639589984,1428.6543622123374,29400
2021-12-16,1461.5936279296875,1484.5341997245819,1429.0996368477056,1446.992737059877,15340
2021-12-17,1470.8939208984375,1482.7964668842144,1449.6125647984663,1463.5847340977286,19880
2021-12-20,1478.866943359375,1482.7878752363301,1454.3631978128594,1466.8508680226846,4960
2021-12-21,1465.8726806640625,1472.3086069191638,1462.711481606588,1468.4226399509905,1000
2021-12-22,1455.969970703125,1462.6242122657786,1455.7341732833183,1458.3452139708156,5700
2021-12-23,1453.9700927734375,1455.725355028792,1450.0491613829088,1452.3633231891451,1240
2021-12-24,1449.6038818359375,1457.3409581039825,1437.3869743425776,1453.0183606932383,7640
2021-12-27,1400.2996826171875,1450.4946879720458,1397.1297421780116,1450.4946879720458,170960
2021-12-28,1431.4400634765625,1433.8939770531426,1404.9890710645423,1404.9890710645423,23300
2021-12-29,1427.7811279296875,1437.2996901023917,1419.0485216426557,1431.2741704445002,30620
2021-12-30,1424.37548828125,1438.26035455398,1419.0486193990391,1431.2742690430925,59880
2021-12-31,1444.5738525390625,1451.3591043970787,1380.0398734484993,1380.0398734484993,41400
2022-01-03,1448.870361328125,1462.7115206665335,1419.0484901988757,1432.147399339173,12300
2022-01-04,1468.2042236328125,1480.1765913305967,1436.5223061708523,1447.8572107406292,14800
2022-01-05,1458.519775390625,1462.7114688065833,1455.777830981763,1455.777830981763,16720
2022-01-06,1462.0040283203125,1462.711420533076,1445.333514276756,1454.8520755869283,5600
2022-01-07,1461.078369140625,1469.697446156255,1414.6820337332936,1414.6820337332936,40360
2022-01-10,1446.3377685546875,1470.5707485259434,1444.3816734741317,1470.5707485259434,11340
2022-01-11,1439.6312255859375,1448.7393808332195,1432.147428912887,1446.9928595784477,17620
2022-01-12,1454.6688232421875,1457.4719556839175,1440.8800041213085,1453.978913249684,28800
2022-01-13,1453.254150390625,1466.2045668850187,1450.0667278384271,1460.0917426037827,14740
2022-01-14,1462.10888671875,1465.3311669014786,1453.9787800303704,1458.1092852745269,17040
2022-01-17,1464.047607421875,1468.824317281308,1458.5197996452457,1463.5760125899594,48200
2022-01-18,1467.540771484375,1478.3866007242364,1464.458135751965,1465.3313964172912,23480
2022-01-19,1450.538330078125,1475.827923407443,1449.6213637915848,1465.3313137465457,12440
2022-01-20,1459.1748046875,1473.1906804159019,1453.9789465871231,1473.1906804159019,24540
2022-01-21,1494.0003662109375,1509.8675493943363,1459.1747298649304,1466.9904760494771,71880
2022-01-24,1485.08447265625,1502.0082677510406,1467.077842919621,1483.6697947145453,52800
2022-01-25,1473.3740234375,1485.4163215552674,1469.7063714560547,1485.4163215552674,1960
2022-01-26,1461.66357421875,1484.5342172153496,1458.3451414368824,1471.4527910264749,1840
2022-01-27,1488.0885009765625,1527.3327809559833,1458.336452803501,1458.336452803501,43820
2022-01-28,1483.215576171875,1488.9005109349807,1469.697519783745,1488.9005109349807,20780
2022-01-31,1484.5343017578125,1501.9995140271287,1478.5175233391294,1498.6112585829135,22200
2022-02-01,1510.74951171875,1514.2250716957865,1484.5342126207017,1484.542953754247,32600
2022-02-02,1490.390380859375,1490.390380859375,1462.4307535901899,1486.0942757074192,17280
2022-02-03,1494.1429443359375,1499.2455927710491,1490.4780746846689,1490.4780746846689,21020
2022-02-04,1492.90673828125,1499.24563692031,1481.7807018488068,1499.2368608399358,22340
2022-02-07,1490.47802734375,1503.6293040556066,1490.47802734375,1496.606513729446,34240
2022-02-08,1486.4976806640625,1503.6206702491736,1481.7106497361117,1502.752694466092,78960
2022-02-09,1505.952880859375,1510.6434819897875,1482.7802816910246,1488.724685094985,15480
2022-02-10,1495.65966796875,1506.9610113238614,1490.52191535014,1490.5393604845392,33440
2022-02-11,1532.7725830078125,1550.0972074174488,1491.3636119495602,1507.136368524092,102600
2022-02-14,1555.4102783203125,1569.385649998968,1534.3155796079295,1534.3155796079295,27480
2022-02-15,1569.6138916015625,1576.3999428602988,1552.0437489802925,1569.377151460498,15340
2022-02-16,1564.0814208984375,1571.1393161051526,1556.2520868076356,1569.3770363236076,6580
2022-02-17,1560.512939453125,1569.3856630548564,1543.3723995967666,1553.6129073273007,3180
2022-02-18,1544.2403564453125,1560.5129204157852,1543.0830912180577,1547.4756260795198,1480
2022-02-21,1515.4478759765625,1538.6905738645296,1508.0218142016652,1525.6445033002274,11820
2022-02-22,1540.716064453125,1547.467010868863,1503.6294184929745,1509.8631112857813,70840
2022-02-23,1566.141845703125,1569.3857846825442,1534.5173470798118,1551.8507479821806,26720
2022-02-24,1544.12646484375,1574.6462466422154,1543.0744054846482,1543.276041276362,33040
2022-02-25,1547.467041015625,1556.234559661606,1534.3069869659778,1534.3069869659778,9140
2022-02-28,1567.930419921875,1577.2766248869204,1530.028453447346,1547.4582850228312,73460
2022-03-01,1568.6141357421875,1569.3856815873344,1546.590135374334,1568.4650494108948,3340
2022-03-02,1569.7276611328125,1573.7694740699706,1541.329657612818,1569.3857150892743,14340
2022-03-03,1578.2672119140625,1584.2904924604986,1547.6597768048482,1568.508960161501,17140
2022-03-04,1577.811279296875,1578.1795535785855,1551.9471014371566,1578.1444492587943,6800
2022-03-07,1569.8153076171875,1582.5194325222187,1552.0435316679177,1578.1532257217802,4339
2022-03-08,1561.661376953125,1577.2763767802478,1535.2799471218275,1577.2763767802478,4233
2022-03-09,1560.337646484375,1573.7694365901855,1551.9470720609415,1572.8926848149263,24429
2022-03-10,1558.1983642578125,1578.0480379011092,1551.8506897724112,1560.4165720032927,2901
2022-03-11,1544.626220703125,1558.1983211001505,1543.0831290120839,1550.973895012714,1136
2022-03-14,1534.482177734375,1547.4669232329416,1530.019541050341,1547.4669232329416,11985
2022-03-15,1532.553466796875,1538.699505863808,1526.4249798911055,1538.699505863808,14549
2022-03-16,1524.4697265625,1569.3857036265927,1516.780596242461,1569.3857036265927,2522
2022-03-17,1513.12451171875,1543.0831590807159,1508.188394832267,1509.8366924877541,19880
2022-03-18,1508.0130615234375,1516.7805793229925,1506.3472117364493,1506.3472117364493,15155
2022-03-21,1508.9775390625,1533.4213841347737,1508.0131334636144,1533.4213841347737,5945
2022-03-22,1505.8038330078125,1516.7807838974197,1503.6295054243205,1514.1417521217875,5768
2022-03-23,1505.8038330078125,1505.8038330078125,1505.8038330078125,1505.8038330078125,0
2022-03-24,1512.82666015625,1523.777283062551,1490.4782623029266,1516.7632677105373,14564
2022-03-25,1509.6087646484375,1523.7946561216759,1501.042989307912,1521.155624593636,11005
2022-03-28,1524.9781494140625,1525.5217312232012,1500.9990102293148,1508.0130242958069,14212
2022-03-29,1539.80419921875,1543.0832425471328,1524.9782955974006,1525.5569817804596,52634
2022-03-30,1543.688232421875,1551.8508438825002,1518.2186542558659,1551.8508438825002,5348
2022-03-31,1551.4298095703125,1551.8506332959619,1508.0130447847766,1543.0743395139937,13751
2022-04-01,1551.026611328125,1556.059158165091,1516.8770640482915,1556.059158165091,16298
2022-04-04,1540.4090576171875,1551.8507116061257,1491.4424901842938,1547.466952533792,790
2022-04-05,1522.8914794921875,1549.2115844620064,1508.013027805104,1549.2115844620064,16892
2022-04-06,1525.4693603515625,1529.055245495741,1506.347350892077,1506.347350892077,4108
2022-04-07,1517.46435546875,1529.9229630620093,1512.3967048816698,1529.9229630620093,10673
2022-04-08,1529.07275390625,1543.083231119285,1508.8986856010074,1525.1010424037006,6375
2022-04-11,1541.890869140625,1556.2345164037013,1525.548201995741,1543.0832388002898,40199
2022-04-12,1526.872314453125,1550.0098115210485,1525.986786411476,1550.0098115210485,4636
2022-04-13,1525.381591796875,1546.5901663452732,1490.478051466533,1490.478051466533,5386
2022-04-14,1518.2886962890625,1541.3297607190061,1513.273701365759,1534.3069698001166,23371
2022-04-15,1531.869384765625,1534.3155563864934,1516.780521456362,1529.633732027249,4019
2022-04-18,1544.380615234375,1572.8838224463868,1512.396729351622,1572.8838224463868,6828
2022-04-19,1521.5501708984375,1550.9740141962382,1515.0271885421705,1550.9740141962382,12235
2022-04-20,1517.50830078125,1534.3156715524744,1499.2455990598464,1521.558889873134,51682
2022-04-21,1491.6705322265625,1516.7807183490977,1490.4781625395758,1512.3969590475106,8832
2022-04-22,1490.916259765625,1499.2366248026415,1490.477883917414,1492.231387310258,5621
2022-04-25,1519.1741943359375,1529.9319565066078,1500.9991458678007,1500.9991458678007,33937
2022-04-26,1515.1322021484375,1525.5480170284736,1494.8617063411193,1503.6292236803636,12182
2022-04-27,1515.6934814453125,1534.3156814975735,1508.1271089749698,1522.041156045593,12460
2022-04-28,1504.1029052734375,1522.9179657547932,1489.6101714849146,1522.9179657547932,16761
2022-04-29,1504.1029052734375,1504.1029052734375,1504.1029052734375,1504.1029052734375,0
2022-05-02,1504.1029052734375,1504.1029052734375,1504.1029052734375,1504.1029052734375,0
2022-05-03,1504.1029052734375,1504.1029052734375,1504.1029052734375,1504.1029052734375,0
2022-05-04,1504.1029052734375,1504.1029052734375,1504.1029052734375,1504.1029052734375,0
2022-05-05,1504.1029052734375,1504.1029052734375,1504.1029052734375,1504.1029052734375,0
2022-05-06,1508.39013671875,1523.7858425751012,1414.2006443559467,1523.7858425751012,3910
2022-05-09,1480.1761474609375,1499.2454980945968,1465.0521797170009,1499.1578443243418,11320
2022-05-10,1475.7222900390625,1498.2635434127087,1458.9149203660522,1498.2635434127087,54551
2022-05-11,1475.520751953125,1476.4413842337801,1456.7320191702681,1476.4413842337801,66443
2022-05-12,1471.0054931640625,1489.5137115285684,1456.3812254882507,1487.8390855592656,515
2022-05-13,1472.6888427734375,1483.464157456034,1470.3128794644024,1483.464157456034,10044
2022-05-16,1450.6734619140625,1477.239083440858,1447.5171769369588,1477.239083440858,3290
2022-05-17,1445.1412353515625,1472.0574723671002,1432.6124180836082,1472.0574723671002,28425
2022-05-18,1436.2598876953125,1446.640599972861,1429.0967863166145,1446.640599972861,14796
2022-05-19,1420.267822265625,1438.7497117830417,1415.9541648565585,1432.7088790044795,27515
2022-05-20,1425.0811767578125,1442.2567145955284,1416.8309123321421,1442.2567145955284,5939
2022-05-23,1398.147216796875,1437.7325802796129,1388.1347801651564,1437.7325802796129,22793
2022-05-24,1391.036865234375,1415.9366383487124,1387.0213804244786,1415.9366383487124,6613
2022-05-25,1414.1917724609375,1433.4890867101158,1385.3641711334226,1387.0212447555982,41902
2022-05-26,1424.4412841796875,1436.031918287717,1380.9806337769062,1402.9169828259944,12727
2022-05-27,1430.271484375,1463.289987338106,1424.7216839751704,1441.8183441828724,21754
2022-05-30,1412.4998779296875,1432.6037377892571,1387.030194037583,1424.7129711889954,22469
2022-05-31,1415.8050537109375,1437.8729347818116,1409.8168775177762,1427.3431372278742,22929
2022-06-01,1447.464599609375,1471.8822234381066,1405.6260284083328,1426.387558615322,77637
2022-06-02,1465.0787353515625,1506.5841398264258,1459.7918957726736,1470.312918444909,229020
2022-06-03,1442.42333984375,1480.8338901669135,1425.6072991187516,1480.8338901669135,44926
2022-06-06,1447.2366943359375,1463.2899639856846,1444.0014245719974,1444.0189767318864,5665
2022-06-07,1461.88720703125,1472.943034464754,1446.772014453891,1464.087862626914,32648
2022-06-08,1452.1553955078125,1459.7918700815605,1451.0243513423318,1455.4168867927153,5245
2022-06-09,1456.2320556640625,1466.8057335434303,1455.4079603598889,1464.0878244201201,28271
2022-06-10,1459.791748046875,1464.0878532750291,1459.7829719668396,1463.2899791693544,666
2022-06-13,1441.01171875,1463.298788558435,1429.1931213325565,1461.5452849172625,21341
2022-06-14,1429.0355224609375,1445.7639105008461,1424.7218645020466,1441.3713748365662,14785
2022-06-15,1446.9383544921875,1455.3990297080074,1437.855219824415,1437.9692018251594,155270
2022-06-16,1444.9923095703125,1458.0296057934897,1444.8871036253354,1454.5313743412812,80107
2022-06-17,1481.649169921875,1484.340750772163,1444.878144931779,1444.878144931779,132761
2022-06-20,1474.319580078125,1500.9991863043606,1472.9431267472696,1499.2369065014009,35507
2022-06-21,1516.7366943359375,1517.6573265122515,1474.6964894243831,1485.2175107520243,134791
2022-06-22,1511.7216796875,1529.844177211715,1503.716931786499,1516.780554499107,23354
2022-06-23,1516.6578369140625,1523.7858332398237,1499.245559227135,1516.3422191130585,174744
2022-06-24,1484.7440185546875,1548.3436262148211,1472.9429739755942,1515.903810716549,93341
2022-06-27,1570.236083984375,1586.9206957701892,1490.4692254724264,1490.4692254724264,79878
2022-06-28,1551.4034423828125,1591.304423006,1534.3155593721763,1591.304423006,48478
2022-06-29,1521.2431640625,1559.5660558353206,1516.7805276217425,1559.5660558353206,7697
2022-06-30,1525.3201904296875,1543.0831907212696,1512.4407576702188,1542.9078831688348,14206
2022-07-01,1531.5274658203125,1560.6181363749095,1516.8769781252681,1541.3295976107252,3959
2022-07-04,1523.6541748046875,1551.8505400071717,1518.6304045873653,1531.2468746454947,3982
2022-07-05,1525.565673828125,1533.430111734775,1524.671369874123,1533.430111734775,391
2022-07-06,1521.2431640625,1534.31556262315,1516.7805276217425,1529.9230277932686,5737
2022-07-07,1513.720947265625,1521.129458087972,1508.898811765182,1508.898811765182,2633
2022-07-08,1513.720947265625,1513.720947265625,1513.720947265625,1513.720947265625,0
2022-07-11,1513.720947265625,1513.720947265625,1513.720947265625,1513.720947265625,0
2022-07-12,1513.720947265625,1513.720947265625,1513.720947265625,1513.720947265625,0
2022-07-13,1525.2762451171875,1543.0831250517488,1509.7665575790406,1515.9038200082236,15236
2022-07-14,1552.1051025390625,1556.23456959957,1529.9320134936618,1542.206539676419,16260
2022-07-15,1535.718505859375,1559.7415277480334,1530.817493027091,1559.7415277480334,20568
2022-07-18,1524.960693359375,1534.3244498194142,1516.7806374679435,1534.3244498194142,8996
2022-07-19,1509.4071044921875,1529.0551423376075,1505.3828436890324,1517.6573689142194,23140
2022-07-20,1503.3837890625,1523.706942448491,1490.478028525123,1523.706942448491,33706
2022-07-21,1490.88134765625,1514.1415988471563,1490.4780760720187,1512.396871308372,1416
2022-07-22,1481.684326171875,1499.236915663608,1477.3268950813747,1490.4781730791317,41843
2022-07-25,1502.42822265625,1512.3968865491856,1469.4448235332181,1477.3268138176104,9891
2022-07-26,1494.0902099609375,1505.3827769484728,1475.573217008899,1497.4832350024567,46046
2022-07-27,1491.538818359375,1506.2595145688472,1486.1117763699758,1499.2367244516981,55873
2022-07-28,1490.3641357421875,1501.0867935476722,1481.7105994218452,1493.9851250975291,68536
2022-07-29,1486.865966796875,1508.0132176376155,1481.7106615160292,1486.9711727403464,45967
2022-08-01,1486.217041015625,1503.6293187087654,1481.8858315231225,1481.8858315231225,7851
2022-08-02,1486.9273681640625,1496.1683676008206,1482.5874889928339,1486.971248569986,6077
2022-08-03,1493.8271484375,1516.7805567868559,1486.9271163127846,1486.9271163127846,31440
2022-08-04,1490.7149658203125,1543.0833395316058,1478.2036991194816,1499.2281924965391,82468
2022-08-05,1478.7384033203125,1494.8180020477118,1465.9290718216616,1490.4781232636512,67527
2022-08-08,1478.7384033203125,1478.7384033203125,1478.7384033203125,1478.7384033203125,0
2022-08-09,1478.7384033203125,1478.7384033203125,1478.7384033203125,1478.7384033203125,0
2022-08-10,1473.249755859375,1488.7244453804449,1472.9429141573305,1479.9569280342703,39339
2022-08-11,1471.20703125,1486.0942592719227,1467.8841077731872,1481.6228466225489,33253
2022-08-12,1481.4036865234375,1486.094287204822,1472.9430103269033,1480.8337764536545,28237
2022-08-15,1490.556884765625,1497.36048705406,1481.7104893848607,1481.7104893848607,61527
2022-08-16,1479.133056640625,1490.4781744314705,1477.3268964217812,1481.8070856207037,21913
2022-08-17,1481.77197265625,1494.8619250500522,1477.3356638867153,1486.0856303474059,20558
2022-08-18,1486.69921875,1490.47807040656,1478.2123212009494,1490.4692943264693,15692
2022-08-19,1484.910888671875,1490.434361470659,1481.6843945629996,1490.381812009437,18260
2022-08-22,1487.383056640625,1489.7765718600517,1477.3267394769787,1478.299921103264,12158
2022-08-23,1507.8201904296875,1516.771791787307,1486.9622314939659,1486.9622314939659,55123
2022-08-24,1507.688720703125,1509.7666182137284,1500.9991001056349,1503.629355538063,42345
2022-08-25,1490.6007080078125,1508.0129846267976,1485.217439510346,1507.1362328915493,53614
2022-08-26,1483.911376953125,1494.8619996967914,1481.7107211070834,1488.7247363549277,63894
2022-08-29,1487.8826904296875,1491.3545927997334,1471.890748508078,1471.890748508078,5059
2022-08-30,1484.11279296875,1494.8617783061654,1481.7105016641756,1491.3459951218445,12159
2022-08-31,1480.009765625,1493.1083867709415,1475.5733499327623,1483.4728925903917,10484
2022-09-01,1495.5894775390625,1502.7525782410232,1482.5872869344053,1490.4605009378872,33558
2022-09-02,1486.620361328125,1494.8530737429223,1486.0943316423518,1494.8530737429223,16879
2022-09-05,1481.7193603515625,1490.4693264411292,1478.2211291317917,1482.5961121765752,56512
2022-09-06,1472.1715087890625,1482.5873246709589,1468.5592955788622,1481.7105728527029,10292
2022-09-07,1472.873046875,1489.6014341037815,1468.55938912527,1489.6014341037815,24654
2022-09-08,1472.66259765625,1477.3268704170855,1468.5593518982896,1472.066359305808,52791
2022-09-09,1471.321044921875,1475.5732697189035,1469.260699610466,1472.0662625419125,24460
2022-09-12,1473.6446533203125,1477.3269685326159,1468.5506733504008,1472.9344329009425,6178
2022-09-13,1470.7686767578125,1474.6965076446031,1470.3127487039235,1472.0662522801954,5903
2022-09-14,1481.3861083984375,1489.9519903788412,1468.559225627317,1472.0662327332925,12888
2022-09-15,1470.1636962890625,1483.4640597510693,1468.5592790088895,1479.0803007092516,24237
2022-09-16,1464.70166015625,1480.833916052363,1446.6405929463583,1480.833916052363,31794
2022-09-19,1470.6282958984375,1472.9429333510323,1459.791657160398,1465.0521676366518,15284
2022-09-20,1427.66552734375,1448.2044613507503,1421.7934377394904,1430.6059245484525,15394
2022-09-21,1428.554931640625,1443.8028510504969,1404.1863094058187,1430.5973371689374,8585
2022-09-22,1422.295166015625,1430.5970781916606,1412.1093621042605,1430.588265919995,6791
2022-09-23,1418.668212890625,1429.7168683761638,1401.5451074229388,1426.1953982570105,8774
2022-09-26,1415.5341796875,1426.1954177227396,1404.1862291776356,1417.3829300319405,7781
2022-09-27,1404.5029296875,1421.7933584096152,1404.1860103178553,1412.9896843637353,46196
2022-09-28,1373.6109619140625,1409.4683115715459,1364.5695708531518,1408.5879441064794,17818
2022-09-29,1356.4703369140625,1377.7751882115322,1354.9385060050197,1373.6110669779418,74332
2022-09-30,1377.6077880859375,1417.3915400387739,1351.3639838257875,1355.7658209066533,68747
2022-10-03,1381.21728515625,1390.0913501013629,1370.7408913182321,1373.3819935899983,12164
2022-10-04,1366.2423095703125,1386.578776803416,1364.5695898700285,1382.1681271446266,36986
2022-10-05,1407.9542236328125,1421.7935755545518,1368.0911556729247,1368.0911556729247,37317
2022-10-06,1421.8814697265625,1434.9901541625768,1399.7842678717448,1408.5879425124476,42003
2022-10-07,1412.4881591796875,1427.0758022354944,1410.4456462770372,1421.793596921853,4283
2022-10-10,1416.2296142578125,1421.7934894823743,1411.229079653403,1411.229079653403,4706
2022-10-11,1396.535888671875,1423.994500753056,1390.9807178917022,1418.2632994509856,15458
2022-10-12,1412.3382568359375,1424.4344966838628,1397.1431064507358,1397.1431064507358,33925
2022-10-13,1410.727294921875,1416.511261925419,1408.5967669523975,1412.9897920387182,2687
2022-10-14,1418.5009765625,1427.956115114563,1412.9898672989357,1422.6739100031652,12635
2022-10-17,1418.3511962890625,1423.5541981242834,1408.5879511433848,1413.8701559601725,23040
2022-10-18,1429.7607421875,1434.1185179016159,1417.8317207369873,1423.554108929965,33699
2022-10-19,1469.7911376953125,1476.3762692747407,1430.5971601499425,1430.5971601499425,64524
2022-10-20,1461.2867431640625,1479.0173569945166,1460.5296400320851,1479.0173569945166,9218
2022-10-21,1482.08984375,1495.744351993851,1464.0423103680848,1466.692225086378,53117
2022-10-24,1505.6307373046875,1521.2748833635828,1492.2227588549033,1495.7442284923188,78111
2022-10-25,1504.406982421875,1509.8300756413919,1496.6245647757237,1501.0352140021946,26644
2022-10-26,1479.0172119140625,1499.2656618390765,1476.3761097499303,1499.2656618390765,45244
2022-10-27,1478.8060302734375,1495.7442913438185,1474.6154726314867,1479.8976773095696,33565
2022-10-28,1474.72119140625,1479.0173890731796,1474.6155516057,1478.8061094720795,29325
2022-10-31,1481.517578125,1487.8210393647098,1473.7792210627242,1474.6155271809994,12302
2022-11-01,1479.1229248046875,1492.2227964848878,1474.7034631036076,1479.01728501157,92775
2022-11-02,1483.3751220703125,1487.8122084979393,1474.6155087512886,1475.4958762192,96106
2022-11-03,1483.82421875,1490.453412025161,1475.495976327864,1484.299651604283,9928
2022-11-04,1481.130126953125,1483.4190606869531,1478.1368563165545,1480.6107402807181,6464
2022-11-07,1483.401611328125,1486.0603383698863,1479.017398377612,1481.6585008747147,16064
2022-11-08,1482.6092529296875,1487.8210671903553,1479.105407492757,1483.4192297134607,18265
2022-11-09,1482.6092529296875,1482.6092529296875,1482.6092529296875,1482.6092529296875,0
2022-11-10,1480.1881103515625,1487.7329192956759,1476.3761581244503,1483.41909745957,13599
2022-11-11,1479.2110595703125,1487.821079538594,1476.3763020036815,1480.188254602285,50110
2022-11-14,1478.973388671875,1481.6585526244082,1474.642049204057,1475.4959799159287,8312
2022-11-15,1471.0850830078125,1479.017201716738,1470.2135278969956,1478.136834334764,3406
2022-11-16,1470.689208984375,1475.495981312181,1470.2137761284857,1471.0941436591015,8109
2022-11-17,1474.15771484375,1478.1369930321769,1471.0940532202308,1478.1369930321769,7182
2022-11-18,1469.201171875,1474.580204004897,1468.893064766207,1472.8547182222742,3443
2022-11-21,1466.2696533203125,1470.2136824113857,1464.9314775643986,1468.45294746239,5361
2022-11-22,1466.48095703125,1469.3333390981882,1464.9315016533164,1469.3333390981882,25125
2022-11-23,1471.2877197265625,1474.615534605629,1465.8030474999903,1466.6922272555091,26862
2022-11-24,1470.169677734375,1474.615576638697,1469.3333715880508,1471.9744741133738,23268
2022-11-25,1474.6068115234375,1478.1370939425215,1470.1697247496431,1478.1370939425215,21514
2022-11-28,1450.8984375,1469.333280398622,1442.9222567845065,1469.333280398622,29138
2022-11-29,1460.5384521484375,1463.161930027197,1452.6063326075873,1452.6063326075873,25409
2022-11-30,1470.3809814453125,1474.615600814372,1460.538532720952,1462.2904554941326,49322
2022-12-01,1474.2017822265625,1479.0085542784973,1470.2136917497403,1470.2136917497403,7716
2022-12-02,1465.5565185546875,1479.0173717620432,1464.0511245477846,1474.6155343460848,20473
2022-12-05,1465.952880859375,1467.5727270841246,1462.290521707697,1466.6923595213866,4997
2022-12-06,1461.1019287109375,1466.6922407884229,1455.2474633993174,1462.2904033310747,28475
2022-12-07,1467.7838134765625,1469.333268780344,1459.6580391368818,1464.9314315461309,25250
2022-12-08,1461.005126953125,1470.2137366869702,1457.1050516117589,1468.444189400565,28309
2022-12-09,1470.58349609375,1477.2566429561475,1461.0050935380111,1462.290395679476,69750
2022-12-12,1473.43603515625,1473.7353300429893,1470.213859720306,1470.213859720306,6068
2022-12-13,1478.9908447265625,1479.0172815414617,1474.6154443940168,1474.6154443940168,16254
2022-12-14,1473.7705078125,1479.0174639500135,1471.0941561074242,1479.0174639500135,6368
2022-12-15,1451.2769775390625,1475.495895495034,1449.4986180359724,1475.495895495034,91823
2022-12-16,1454.5255126953125,1479.0172873952715,1452.6062644060703,1452.6062644060703,11203
2022-12-19,1442.6053466796875,1457.0081454205865,1442.04189860962,1457.0081454205865,33623
2022-12-20,1419.865478515625,1442.9222504454237,1417.391594397274,1442.9222504454237,32716
2022-12-21,1400.1805419921875,1427.075813921074,1397.1433168986703,1420.0328734452144,45925
2022-12-22,1381.70166015625,1441.2409235644986,1378.7348257265555,1441.2409235644986,15336
2022-12-23,1359.3402099609375,1384.8179922586398,1355.76586654692,1382.176889921211,64119
2022-12-26,1368.337646484375,1370.2920365749126,1354.8856050682882,1364.5696477295949,26714
2022-12-27,1358.627197265625,1372.4929859304127,1354.885635244968,1364.5696781219626,9064
2022-12-28,1340.3065185546875,1358.627016083769,1333.7566365572072,1358.627016083769,44512
2022-12-29,1335.482177734375,1342.560366449139,1331.9959570082278,1340.7996315423206,17283
2022-12-30,1361.8931884765625,1387.4590934715077,1329.3460298233736,1334.6370467657396,23853
2023-01-02,1379.606201171875,1383.9376477651172,1359.2873588736265,1364.481548383394,66673
2023-01-03,1369.2530517578125,1380.3281430309019,1364.5695442204296,1380.3281430309019,21816
2023-01-04,1367.4307861328125,1373.373266613351,1364.5695918273682,1369.2530995281484,12438
2023-01-05,1367.8798828125,1371.6126325991274,1360.1678545350783,1368.751438083115,8951
2023-01-06,1345.4920654296875,1369.3588162186363,1339.0478224098558,1365.4500359782076,14464
2023-01-09,1322.6466064453125,1349.6034565761015,1306.2982282977905,1346.9623539213537,32305
2023-01-10,1331.3094482421875,1336.274734334923,1322.6466612662484,1322.6466612662484,46343
2023-01-11,1337.9825439453125,1350.783014073578,1331.2477112055299,1331.2477112055299,57489
2023-01-12,1327.8671875,1346.9623074510062,1320.551281814712,1325.833486941971,23852
2023-01-13,1322.94580078125,1327.867132396641,1316.1493895915626,1324.9442521661435,104613
2023-01-16,1309.3529052734375,1320.5511532610767,1303.8241719864363,1320.5511532610767,28923
2023-01-17,1262.32373046875,1309.986839807764,1241.3181748178408,1307.3457373081515,75536
2023-01-18,1256.1612548828125,1276.5329732975147,1250.121946263773,1263.3274597806437,57609
2023-01-19,1241.9696044921875,1275.6524727212125,1224.5911591133242,1258.9254906772492,54394
2023-01-20,1223.4466552734375,1241.309345997036,1221.069706042169,1241.309345997036,75540
2023-01-23,1228.5,1232.5145274735196,1219.3090146791603,1223.71085227728,56043
2023-01-24,1226.8272705078125,1232.5144097520297,1224.5911028321952,1228.1125725743439,10320
2023-01-25,1250.0426025390625,1258.9254802073228,1228.0597451714953,1228.0597451714953,69567
2023-01-26,1265.83642578125,1276.7441923245324,1228.112698785036,1250.183465376761,317322
2023-01-27,1276.656005859375,1294.140089685238,1266.8487000388145,1267.7290674467638,152183
2023-01-30,1293.1014404296875,1311.738860481618,1268.8297539312664,1268.8297539312664,74908
2023-01-31,1336.7235107421875,1343.8809023557287,1293.2597743600168,1294.1401418034204,264865
2023-02-01,1329.9886474609375,1351.3551820114767,1321.449126444667,1338.158482938259,184574
2023-02-02,1288.7987060546875,1300.8949236761518,1259.8830332266366,1284.9350256656207,68075
2023-02-03,1293.51318359375,1296.4640847754197,1284.0577298971862,1289.3747391307147,23857
2023-02-06,1332.6640625,1346.9668306214116,1284.9439252556447,1299.0782651635238,47028
2023-02-07,1354.268798828125,1371.78836129292,1339.8863063791312,1346.9756519155287,67850
2023-02-08,1360.3037109375,1380.6500988306368,1351.3976769787046,1351.4065473149685,77111
2023-02-09,1352.5496826171875,1372.6745276152794,1333.6831272182023,1372.6745276152794,14982
2023-02-10,1321.3919677734375,1353.090221004823,1311.528911564208,1351.406479821228,34820
2023-02-13,1311.3250732421875,1329.25223778109,1307.9842019765924,1311.5288746106753,12513
2023-02-14,1296.1451416015625,1321.2768601797354,1284.9439619454167,1311.5290094339427,27925
2023-02-15,1321.976806640625,1329.252212467588,1285.3868894561576,1298.2363275100108,61460
2023-02-16,1311.62646484375,1329.252364173673,1307.1158987769409,1329.252364173673,20667
2023-02-17,1300.9039306640625,1311.6265454255235,1298.3340209671403,1302.7559921163086,16106
2023-02-20,1301.5152587890625,1311.5201328958833,1293.8056383237795,1302.6673207780518,39827
2023-02-21,1298.18310546875,1310.6338111285152,1293.8143571084372,1295.577823056286,2495
2023-02-22,1289.755859375,1298.2364416391572,1280.513077248179,1298.2275713029753,15188
2023-02-23,1284.376708984375,1293.8055514636924,1277.8545241168797,1293.8055514636924,12920
2023-02-24,1280.5927734375,1289.37473058563,1276.0910779258852,1276.0910779258852,8787
2023-02-27,1276.4366455078125,1277.836752264486,1270.322063539105,1276.9683247714338,2744
2023-02-28,1275.727783203125,1283.1627477557859,1270.7652626686745,1276.0822721359075,55356
2023-03-01,1276.5430908203125,1277.8457321715887,1267.2205836244168,1268.9929201050104,94261
2023-03-02,1302.6495361328125,1310.633920408577,1274.3098939086583,1276.0822303396856,128337
2023-03-03,1333.92236328125,1342.544762168592,1301.736675137696,1302.6494543042966,69677
2023-03-06,1320.5235595703125,1346.9756585992868,1315.9775123955467,1323.4922013934438,37581
2023-03-07,1313.31005859375,1331.024551122817,1307.0980112557622,1320.390533404126,10964
2023-03-08,1307.8956298828125,1318.6182431552252,1302.667216020283,1318.6182431552252,15609
2023-03-09,1323.802490234375,1329.25244690164,1307.0982394532793,1307.0982394532793,61136
2023-03-10,1325.22900390625,1341.80928376336,1320.3905603614064,1324.8214011679881,21224
2023-03-13,1338.0521240234375,1346.9669207053396,1324.8215839526533,1324.8215839526533,27132
2023-03-14,1341.392822265625,1343.8741366087565,1323.0935346406582,1323.0935346406582,10201
2023-03-15,1349.634033203125,1351.406369425322,1329.2610369829542,1329.2610369829542,15183
2023-03-16,1333.8160400390625,1351.4064565433669,1331.0245886741882,1351.4064565433669,6805
2023-03-17,1323.5897216796875,1338.1140320013978,1320.38179700281,1338.1140320013978,6102
2023-03-20,1316.305419921875,1324.821483500386,1315.959801336504,1320.390642418445,4278
2023-03-21,1328.6319580078125,1329.252232446358,1303.5622262879308,1303.5622262879308,4423
2023-03-22,1322.854248046875,1329.25235676213,1320.3906743837158,1329.25235676213,11375
2023-03-23,1322.854248046875,1322.854248046875,1322.854248046875,1322.854248046875,0
2023-03-24,1324.8035888671875,1329.2432997693218,1320.3904889704118,1323.0489933106205,14698
2023-03-27,1339.6912841796875,1346.9755602607192,1321.2766844399557,1324.8213569669576,54186
2023-03-28,1342.3232421875,1376.4850685809347,1333.6831024870028,1346.0894569287423,47453
2023-03-29,1340.302734375,1372.6744833034359,1336.7846727328813,1338.1139249762352,38181
2023-03-30,1331.972900390625,1346.8871816782678,1329.0752210006685,1338.1140941281553,22157
2023-03-31,1341.038330078125,1372.1162000906404,1330.138418356638,1342.8992615934258,48573
2023-04-03,1340.4888916015625,1346.0894267413123,1339.886249659555,1342.5447541231654,2755
2023-04-04,1329.27001953125,1344.4500848828193,1325.7076061159341,1344.4500848828193,7304
2023-04-05,1334.4451904296875,1337.2277714705854,1329.2522579230472,1337.2277714705854,14134
2023-04-06,1346.4971923828125,1348.3138805893348,1333.6832339338541,1333.6832339338541,37600
2023-04-07,1335.10986328125,1346.9756684998697,1333.683145455463,1346.9756684998697,9547
2023-04-10,1336.5189208984375,1348.7480861054648,1329.252384466621,1348.7480861054648,9942
2023-04-11,1337.6885986328125,1338.9115150392934,1336.3416057010568,1338.1139420481404,8346
2023-04-12,1329.907958984375,1337.227716437415,1327.0367828794097,1336.3415483019364,29580
2023-04-13,1331.7510986328125,1343.4308418069188,1330.1383202850825,1337.2276650967285,11920
2023-04-14,1331.7510986328125,1331.7510986328125,1331.7510986328125,1331.7510986328125,0
2023-04-17,1329.314208984375,1338.1139063095445,1328.3660566609321,1335.455401859923,30978
2023-04-18,1331.06005859375,1337.227754375722,1329.2522409301412,1329.4737829702963,17685
2023-04-19,1340.497802734375,1341.65873506975,1329.2523795274935,1335.455557298622,12157
2023-04-20,1339.03564453125,1343.4310042299353,1333.683153935391,1340.4977355355677,5363
2023-04-21,1339.03564453125,1339.03564453125,1339.03564453125,1339.03564453125,0
2023-04-24,1339.03564453125,1339.03564453125,1339.03564453125,1339.03564453125,0
2023-04-25,1339.03564453125,1339.03564453125,1339.03564453125,1339.03564453125,0
2023-04-26,1346.92236328125,1364.6989482584536,1337.2277356636405,1342.5447445529592,31926
2023-04-27,1390.8056640625,1395.7150710553678,1343.431141409484,1351.4066561012291,64243
2023-04-28,1408.88330078125,1490.4462530117482,1379.7638279645946,1400.145695686615,278250
2023-05-01,1408.88330078125,1408.88330078125,1408.88330078125,1408.88330078125,0
2023-05-02,1411.0367431640625,1426.730746762506,1391.284020134866,1409.0073834486861,20165
2023-05-03,1417.32861328125,1422.2911337164987,1406.348975969919,1416.0968264649846,37702
2023-05-04,1400.28759765625,1417.8691447623505,1396.3795655370461,1416.982976546874,23985
2023-05-05,1395.2452392578125,1405.4627847075894,1391.2840933107916,1401.03194364609,8105
2023-05-08,1382.705810546875,1402.8041513546127,1382.42228434188,1400.1456469616476,13585
2023-05-09,1374.2164306640625,1387.7393657041569,1373.560674866822,1383.3085248174896,13213
2023-05-10,1362.483642578125,1373.560745363313,1361.1543902439023,1373.560745363313,21999
2023-05-11,1377.10546875,1382.4224782818533,1362.926776665058,1364.6991131756756,15264
2023-05-12,1369.5908203125,1382.422519726086,1363.8129858066964,1382.422519726086,18624
2023-05-15,1366.7371826171875,1369.1297933550634,1358.4957755425967,1364.7078229353651,19844
2023-05-16,1350.688720703125,1373.5607749505773,1345.2033912096622,1373.5607749505773,61527
2023-05-17,1344.2374267578125,1355.8373381396104,1342.5448152166732,1352.2926653601605,10449
2023-05-18,1339.966064453125,1359.382040311322,1338.1140031747696,1342.5448442448846,26841
2023-05-19,1346.1871337890625,1347.4189207258535,1336.3418168066999,1336.3418168066999,26821
2023-05-22,1346.6300048828125,1351.3975939822847,1336.3416053715082,1336.3416053715082,26042
2023-05-23,1345.1500244140625,1347.8617508663476,1341.658573840664,1346.089414573295,13695
2023-05-24,1343.0233154296875,1348.7479270745202,1340.781284043618,1346.9755907708745,13541
2023-05-25,1342.5537109375,1344.2994363524283,1339.8863359665431,1343.4310088130155,17165
2023-05-26,1333.4969482421875,1344.317026276766,1332.7968408175716,1334.5869177122788,29890
2023-05-29,1355.0308837890625,1404.2664402196958,1333.6831224371433,1334.5692906248091,65576
2023-05-30,1371.159423828125,1386.8534302665005,1347.8620239203497,1355.8375388547895,86320
2023-05-31,1364.583740234375,1408.1211856247694,1360.2681056853498,1386.8531500961385,195463
2023-06-01,1358.9566650390625,1369.1298585897373,1347.0200054377826,1364.6990176234276,9577
2023-06-02,1349.563232421875,1360.268104687161,1347.0907886775426,1353.1698891807034,15869
2023-06-05,1377.2562255859375,1387.7395576307158,1349.634320735364,1349.634320735364,38956
2023-06-06,1381.553955078125,1400.145746479738,1377.2825638052639,1385.080887182171,44815
2023-06-07,1399.9508056640625,1408.1212503934998,1377.9915320087428,1386.8443435507484,81956
2023-06-08,1402.113037109375,1417.957729006817,1392.1702557704152,1404.5766106913482,185664
2023-06-09,1373.1087646484375,1455.974362232659,1364.6990370287856,1409.0074473219279,296290
2023-06-12,1364.6990966796875,1382.4224615716314,1360.2682554567016,1373.5607791256596,64782
2023-06-13,1366.74609375,1382.4223568858984,1361.1543206261154,1369.129834223534,79370
2023-06-14,1359.6478271484375,1372.142776348829,1358.4957652908515,1371.5667454200363,9915
2023-06-15,1363.59130859375,1369.1298598065596,1349.6341595374695,1356.723505089866,26615
2023-06-16,1365.585205078125,1373.5607189299765,1353.1788501974672,1353.1788501974672,21817
2023-06-19,1326.602783203125,1369.1299902328094,1320.3907349170784,1360.3569026410103,68832
2023-06-20,1332.9034423828125,1344.3172942709198,1311.529067581385,1320.3907504704487,24625
2023-06-21,1328.01171875,1351.406582201438,1323.9353664320972,1333.68321718896,21966
2023-06-22,1323.9620361328125,1332.797108021231,1313.7444897882147,1329.2524348616,18241
2023-06-23,1345.6640625,1354.951087307781,1315.9596891118736,1320.390529815954,39633
2023-06-26,1360.3126220703125,1367.2601508952603,1351.4065878444198,1355.837429116041,36452
2023-06-27,1342.2257080078125,1363.8127506511764,1333.6830342625215,1363.8127506511764,37177
2023-06-28,1342.2257080078125,1342.2257080078125,1342.2257080078125,1342.2257080078125,0
2023-06-29,1342.2257080078125,1342.2257080078125,1342.2257080078125,1342.2257080078125,0
2023-06-30,1342.2257080078125,1342.2257080078125,1342.2257080078125,1342.2257080078125,0
2023-07-03,1401.1737060546875,1442.8944649152934,1382.5109523095596,1442.8944649152934,96367
2023-07-04,1370.007080078125,1408.121180599696,1365.673704873652,1407.678096527764,54355
2023-07-05,1358.47802734375,1380.649971667851,1356.9449737589198,1370.0159539143117,31994
2023-07-06,1373.5872802734375,1378.6117845865422,1348.7479604021028,1360.268146660465,110380
2023-07-07,1364.9117431640625,1377.9738541938902,1360.268230302229,1373.560753725378,68900
2023-07-10,1364.4154052734375,1377.9028583615664,1363.5026261300357,1369.1297721670849,46768
2023-07-11,1390.8409423828125,1400.1457081649212,1363.812813206211,1364.7167220473023,104687
2023-07-12,1390.87646484375,1408.9985611804286,1382.4312559746522,1392.1702357938514,119691
2023-07-13,1373.95947265625,1411.6659736659738,1369.1298991298993,1411.6659736659738,111813
2023-07-14,1373.4898681640625,1383.751657071839,1372.0542799938053,1377.9915637186741,29974
2023-07-17,1367.8095703125,1377.9916348964296,1364.6991110871393,1373.560793626666,34144
2023-07-18,1364.8143310546875,1373.560807482437,1362.9267883277344,1362.9267883277344,19235
2023-07-19,1356.55517578125,1373.4277445217012,1354.9955111164008,1365.5851776929533,30301
2023-07-20,1368.5184326171875,1372.6656391175557,1356.8120774121605,1360.268154945685,20661
2023-07-21,1370.281982421875,1376.2192663150524,1364.6990792821512,1365.585247515451,54472
2023-07-24,1366.1700439453125,1376.6622447330524,1364.7609586766735,1370.2818772131027,23895
2023-07-25,1367.428466796875,1384.1062138706375,1360.2682662665688,1366.4714440280452,49259
2023-07-26,1365.75341796875,1373.5606111729442,1362.9265935380567,1372.6744430367035,35155
2023-07-27,1365.75341796875,1365.75341796875,1365.75341796875,1365.75341796875,0
2023-07-28,1365.75341796875,1365.75341796875,1365.75341796875,1365.75341796875,0
2023-07-31,1424.586181640625,1449.7711198663253,1385.9670119015482,1400.1190915534444,155297
2023-08-01,1452.6600341796875,1470.1529850951886,1426.730745029086,1426.730745029086,145010
2023-08-02,1469.52392578125,1487.8764349218445,1453.3158744918553,1463.0637248695446,90194
2023-08-03,1470.3037109375,1486.813028601438,1462.1775097133068,1469.7099393087997,67400
2023-08-04,1453.3245849609375,1467.4944045245531,1452.429546507091,1466.6082364058789,47855
2023-08-07,1511.47509765625,1538.388022032674,1461.3799824745283,1462.1686851672644,112702
2023-08-08,1490.827392578125,1532.184903734655,1488.76265949926,1507.505139615423,67416
2023-08-09,1422.5924072265625,1444.454216426709,1391.301863243103,1431.1616929626596,286947
2023-08-10,1425.2332763671875,1457.0732402585977,1405.4450705808877,1405.4450705808877,97988
2023-08-11,1449.9571533203125,1467.4944556153791,1425.853422923129,1425.853422923129,265194
2023-08-14,1449.9571533203125,1449.9571533203125,1449.9571533203125,1449.9571533203125,0
2023-08-15,1452.3232421875,1465.72210010573,1440.0320944416594,1452.402967030962,18248
2023-08-16,1439.5980224609375,1462.080106006504,1438.251029450706,1462.080106006504,185757
2023-08-17,1442.34521484375,1444.4542996819357,1433.3860664935746,1437.0370754884766,26441
2023-08-18,1436.2926025390625,1452.4296909692118,1435.5924950397334,1442.6818406942507,9117
2023-08-21,1420.7314453125,1452.4296995658485,1417.8691392955202,1435.592503536714,10684
2023-08-22,1441.9375,1453.3158695679085,1417.869141041862,1426.7308231733734,35474
2023-08-23,1450.6219482421875,1453.3159343461912,1435.601439629702,1447.9989248302904,16538
2023-08-24,1467.3349609375,1475.4700324973826,1445.3403141160547,1450.6218418987191,205855
2023-08-25,1471.934326171875,1479.9009700452577,1460.4052686434638,1462.177605134536,211022
2023-08-28,1471.118896484375,1477.3220737141717,1466.6083307590884,1472.8734921642595,26574
2023-08-29,1453.7147216796875,1479.9010378041824,1445.3404746458812,1475.4701963736309,38488
2023-08-30,1435.176025390625,1457.7467037104316,1426.7308163974437,1444.746577142306,31051
2023-08-31,1413.9788818359375,1446.5100830662998,1382.5553908972636,1422.317755200722,62940
2023-09-01,1431.3565673828125,1435.6722021697412,1409.0074314447484,1416.0967770117659,13405
2023-09-04,1436.035400390625,1444.0020429242434,1431.161475859833,1437.5595835546621,14260
2023-09-05,1433.279541015625,1443.5679404277498,1429.3981201268925,1441.7956040981885,12891
2023-09-06,1439.6866455078125,1448.8850761900676,1427.02326670914,1435.5925525552962,18020
2023-09-07,1433.0936279296875,1448.8850986557231,1431.1617335345522,1448.8850986557231,14740
2023-09-08,1427.44873046875,1440.0234060102355,1423.248193443601,1426.7308822624486,61148
2023-09-11,1429.229736328125,1437.364807930476,1420.527612276543,1431.1705009201996,23942
2023-09-12,1410.3011474609375,1435.5924214020758,1408.147819406736,1435.5924214020758,18178
2023-09-13,1406.6767578125,1418.7552342461609,1391.2840210908635,1391.2840210908635,64826
2023-09-14,1407.68701171875,1416.096739018006,1404.5765527806882,1409.007393641195,7739
2023-09-15,1408.8302001953125,1424.9584176223518,1404.5765497085993,1417.8690722610465,63234
2023-09-18,1379.5072021484375,1388.049020551888,1370.2980524851064,1388.049020551888,19044
2023-09-19,1386.15380859375,1405.755578387768,1379.1512835181688,1379.1512835181688,54532
2023-09-20,1378.430419921875,1392.4978141928384,1376.001351656365,1386.3761581155525,7801
2023-09-21,1382.416748046875,1388.9387596232302,1364.9237413283065,1383.6001096823338,21557
2023-09-22,1384.3919677734375,1387.6040423271857,1376.481855389648,1387.6040423271857,15562
2023-09-25,1382.8883056640625,1388.0312313957338,1374.7024188490013,1383.6001691328138,19437
2023-09-26,1375.3963623046875,1383.6000613597218,1373.3676493303735,1383.511105586836,13241
2023-09-27,1384.053955078125,1392.4979113593954,1372.9228608482729,1373.8126358715058,68164
2023-09-28,1384.053955078125,1384.053955078125,1384.053955078125,1384.053955078125,0
2023-09-29,1384.053955078125,1384.053955078125,1384.053955078125,1384.053955078125,0
2023-10-02,1388.022216796875,1394.277360826601,1382.532374813224,1388.0489361132722,44102
2023-10-03,1381.4112548828125,1388.93871630789,1379.1511917214796,1388.048941345489,13629
2023-10-04,1369.4971923828125,1385.3796541709992,1365.8668409237225,1379.160135703718,12865
2023-10-05,1362.1031494140625,1378.2614940496262,1360.465993803666,1370.2980511356045,21477
2023-10-06,1360.154541015625,1364.9148154220084,1353.4366964897663,1364.9148154220084,9473
2023-10-09,1356.355224609375,1365.8046308049322,1352.4580057482065,1361.3735686645173,17837
2023-10-10,1360.314697265625,1362.245548149878,1348.5608040727163,1361.3557731347573,35779
2023-10-11,1371.2501220703125,1384.4810727323197,1361.355827849112,1361.355827849112,39136
2023-10-12,1376.2327880859375,1380.930826242845,1369.47942611983,1370.253526039936,26725
2023-10-13,1405.89794921875,1410.2933856165846,1377.3628039294767,1379.1423539428731,57044
2023-10-16,1410.4622802734375,1423.6398992258976,1401.5290137640661,1410.2932751706546,18172
2023-10-17,1395.291748046875,1410.7293222033513,1392.4978415801152,1410.3200604700096,20091
2023-10-18,1397.50732421875,1407.6240617082942,1388.0490115454734,1395.2917931395307,17530
2023-10-19,1404.0025634765625,1414.635330144055,1395.6297512092428,1405.8265368625434,51787
2023-10-20,1404.8836669921875,1407.6241350563412,1399.6161595724554,1405.844584948811,61421
2023-10-23,1410.1065673828125,1420.9706854559179,1402.4278047317055,1407.3570844097,41929
2023-10-24,1412.1795654296875,1419.1909961376552,1402.2852726726924,1402.2852726726924,36955
2023-10-25,1382.9505615234375,1441.4354529875327,1374.6934237251173,1419.0131671648812,231956
2023-10-26,1375.28076171875,1391.608111379237,1374.7023862409983,1385.379686328307,99196
2023-10-27,1370.9830322265625,1383.4933205380341,1367.5841396051796,1379.1423078668306,105772
2023-10-30,1378.270263671875,1380.9306820053446,1366.6942832217842,1373.3675951515781,29104
2023-10-31,1399.3846435546875,1405.8444183688057,1379.160076357457,1383.5110888886263,64841
2023-11-01,1413.6298828125,1414.742101445712,1377.3715553697875,1399.6159280340282,34322
2023-11-02,1438.7662353515625,1440.5457854262088,1399.1712461906816,1401.4313095423197,103005
2023-11-03,1457.771728515625,1461.0105224884503,1432.5377230246072,1438.7661479073229,67325
2023-11-06,1469.2054443359375,1474.3572766981363,1445.884474734141,1463.1816497920106,51750
2023-11-07,1459.720458984375,1486.8140650175537,1458.3412642512092,1468.12878951464,63635
2023-11-08,1467.7816162109375,1490.3730148246898,1459.2308921268605,1459.6757795939723,266746
2023-11-09,1467.7816162109375,1467.7816162109375,1467.7816162109375,1467.7816162109375,0
2023-11-10,1477.8983154296875,1493.9320767166407,1459.2308551609833,1459.2308551609833,188577
2023-11-13,1490.061767578125,1508.1686676167544,1477.0265417367625,1485.9242919881888,47077
2023-11-14,1494.5460205078125,1501.949008851272,1477.916178973577,1501.949008851272,29949
2023-11-15,1492.1170654296875,1499.2708912641283,1485.9242661193439,1493.9322412062145,20767
2023-11-16,1527.9749755859375,1552.6573245954553,1494.8219514729885,1494.8219514729885,131302
2023-11-17,1530.46630859375,1551.6339801868874,1529.5230950386397,1530.4128699630367,72914
2023-11-20,1530.2083740234375,1547.3187299497542,1517.0663798529793,1540.2005299269836,22177
2023-11-21,1540.69873046875,1545.5390539544053,1525.9640054875101,1526.1864492200884,15455
2023-11-22,1567.5699462890625,1588.248307723946,1539.3106847968777,1539.3106847968777,130817
2023-11-23,1609.994384765625,1614.9415857807348,1570.4528368611554,1570.4528368611554,114284
2023-11-24,1639.205810546875,1646.0837539348984,1614.9416288604543,1614.9416288604543,58882
2023-11-27,1598.6676025390625,1639.8553219697897,1592.6972470569308,1639.8553219697897,126599
2023-11-28,1565.5770263671875,1608.6954908917419,1560.6654506719447,1583.7996021642311,174108
2023-11-29,1557.1507568359375,1597.5375478468904,1550.0769805320754,1578.4251985365763,140032
2023-11-30,1519.4954833984375,1566.0040412519934,1512.6175398456753,1557.106291017607,98408
2023-12-01,1529.2740478515625,1541.0902858103914,1508.168611113518,1521.5152359906288,147038
2023-12-04,1593.7471923828125,1623.839334338648,1525.9640867894693,1531.302736655788,193105
2023-12-05,1608.59765625,1619.3817257859323,1579.3507539565476,1601.595130772837,164964
2023-12-06,1677.6173095703125,1688.7929356103425,1607.8234113002575,1609.5940548459614,223318
2023-12-07,1790.8145751953125,1803.3960066819361,1672.776993725812,1689.6827186624025,308198
2023-12-08,1839.5296630859375,1879.2048087229844,1797.3455083430058,1797.3455083430058,234413
2023-12-11,1929.76171875,1951.276415668757,1824.0386010583456,1868.5273474256223,210055
2023-12-12,1950.2354736328125,1997.5447376153631,1905.0081439797295,1956.6150904303713,146576
2023-12-13,1878.5374755859375,1975.300507188055,1803.9653804293182,1950.244521299758,154550
2023-12-14,1881.2513427734375,1904.1096105926458,1849.8422415464447,1878.413012633303,149425
2023-12-15,1891.2257080078125,1932.5913399231274,1875.6457387467553,1880.0946138386594,114925
2023-12-18,1874.693603515625,1921.914024184283,1857.8502233781403,1891.2345991766483,163998
2023-12-19,1828.2027587890625,1872.9762957182945,1797.3454239196938,1868.5274209066122,115847
2023-12-20,1874.5689697265625,1877.4251125105627,1815.1408670718238,1827.5977161595715,450878
2023-12-21,1848.0804443359375,1877.4073928881317,1815.1587701116025,1874.7558808290216,90460
2023-12-22,1819.00244140625,1863.1886946339134,1806.243099382447,1852.5113955242637,22338
2023-12-25,1819.00244140625,1819.00244140625,1819.00244140625,1819.00244140625,0
2023-12-26,1734.80322265625,1817.7836498622357,1722.6933976457433,1817.7836498622357,103817
2023-12-27,1773.552978515625,1778.66027847998,1712.8258329397077,1726.1546454620548,50965
2023-12-28,1882.79052734375,1906.5652881147314,1762.6441888952434,1778.660138112868,205840
2023-12-29,1865.057373046875,1883.6535827439955,1828.4875354458718,1846.2830345742989,66614
2024-01-01,1910.61376953125,1919.2445429915679,1866.7478216023687,1872.0775647965725,39544
2024-01-02,1868.696533203125,1921.914028888291,1850.7320278183545,1921.914028888291,35404
2024-01-03,1866.6324462890625,1902.339013969246,1842.724086964597,1868.5186563927725,58585
2024-01-04,1880.450439453125,1893.8326905041947,1855.1809157896173,1871.2057725811626,13890
2024-01-05,1892.8983154296875,1924.5832983217747,1859.6297242221494,1886.3140674130468,83318
2024-01-08,1883.12841796875,1924.7610202979665,1872.9761645622843,1912.117353725378,32292
2024-01-09,1873.3321533203125,1901.4491295401822,1864.968355412364,1886.3229549018185,18595
2024-01-10,1865.9561767578125,1884.5434812345811,1857.3340917699386,1877.416374677247,19416
2024-01-11,2005.89990234375,2005.89990234375,1866.7480762630983,1866.7480762630983,199802
2024-01-12,2063.61962890625,2117.6556486844165,2010.891552344503,2046.4825532709544,218567
2024-01-15,2049.427734375,2094.112209395841,2029.5768017283212,2082.073527419672,56869
2024-01-16,2063.69970703125,2080.3829880701655,2001.9937246698914,2042.0335991632892,140873
2024-01-17,2089.521240234375,2099.869220299485,2064.278216565595,2068.718185592188,263200
2024-01-18,2090.24169921875,2107.877101602423,2033.1359971133543,2089.263076998107,122409
2024-01-19,2113.544677734375,2208.2522645772638,2090.9709845792945,2090.9709845792945,57516
2024-01-22,2160.951904296875,2186.177111708678,2090.090320929665,2108.7666889497623,69258
2024-01-23,2226.804443359375,2244.012771762856,2136.358892563252,2184.3978408714556,135541
2024-01-24,2221.955078125,2260.0285865905817,2205.752309511044,2233.3353355678582,116599
2024-01-25,2255.277099609375,2285.83205234615,2224.437575268733,2224.437575268733,425967
2024-01-26,2182.0576171875,2251.0327752145313,2175.4998711785115,2249.351196048784,81092
2024-01-29,2093.782958984375,2212.8705287718276,2077.6247224295207,2178.6230961050146,73283
2024-01-30,2039.4354248046875,2125.672342933164,2010.8913750644415,2082.9631455866624,65349
2024-01-31,2010.6512451171875,2077.6246268037503,2001.993751738089,2077.6246268037503,79230
2024-02-01,2071.520751953125,2093.640654878361,2001.9938263817733,2015.3404518909852,56687
2024-02-02,2001.4246826171875,2076.659946758494,1990.8401641976604,2076.659946758494,18465
2024-02-06,2070.911865234375,2082.9086858015758,1997.9918078095448,1997.9918078095448,59478
2024-02-07,2083.677490234375,2096.326880700254,2056.161497567518,2069.508199923705,19979
2024-02-08,2083.677490234375,2083.677490234375,2083.677490234375,2083.677490234375,0
2024-02-09,2032.9547119140625,2056.0991405571053,1966.7035257502748,2056.0991405571053,54378
2024-02-12,1919.33251953125,2029.2712131988947,1904.1263189303165,2003.3643852493014,57967
2024-02-13,2063.28662109375,2063.28662109375,1877.307945687481,1935.4150963873315,157198
2024-02-14,2075.5693359375,2136.018531479329,2026.1603668326748,2069.5082876349984,51186
2024-02-15,2026.697021484375,2078.448046932167,2011.4013357408069,2073.9782661860763,40205
2024-02-16,1965.1390380859375,2034.6441263202973,1950.5227682436475,1967.686900324834,58581
2024-02-19,1968.5,2015.870718259119,1941.4130903794064,1966.7031397649941,29462
2024-02-20,1928.5762939453125,1983.688600618842,1922.0056292611582,1971.1732151259787,28333
2024-02-21,1968.90234375,1989.052147390236,1923.7933578354105,1949.718082453081,43763
2024-02-22,1979.82666015625,2015.8710316867573,1966.703445548056,1992.6281727848257,26828
2024-02-23,2026.3302001953125,2038.219859693725,1967.597329467495,1984.5824949649427,26928
2024-02-26,2030.7640380859375,2072.0112907496514,2011.4010294131397,2033.7499297399522,42650
2024-02-27,2071.179931640625,2087.3783007853403,2020.3494977162243,2056.098789239086,33713
2024-02-28,2080.51318359375,2127.168703663258,2054.704564239961,2073.084355450765,24845
2024-02-29,2099.50048828125,2118.6668532789236,2087.4320818166148,2095.4329446744537,21453
2024-03-01,2200.96484375,2256.9621625073305,2100.7970107164847,2100.7970107164847,75621
2024-03-04,2262.15576171875,2296.2155741807665,2225.0565860177708,2225.950542058758,50510
2024-03-05,2221.686279296875,2278.693871566605,2209.9487416353486,2278.693871566605,25427
2024-03-06,2173.80615234375,2230.4204618016647,2167.84353501765,2230.411513510656,20006
2024-03-07,2180.546630859375,2190.192452129936,2127.6155249262238,2184.828715512475,47940
2024-03-08,2179.107666015625,2223.2690138926587,2154.434388211221,2180.2696344457945,20889
2024-03-11,2187.77001953125,2215.2233784579166,2176.783263335362,2189.298649654333,12437
2024-03-12,2174.253173828125,2212.541384064192,2145.4946754561856,2199.1320423425905,11718
2024-03-13,2107.5908203125,2189.745292039852,2091.8571069088603,2175.8889735966522,13587
2024-03-14,2172.41162109375,2204.495607526464,2118.675827184801,2122.2516513657038,24170
2024-03-15,2186.688232421875,2221.480934399186,2167.8435677738535,2190.192470534409,31787
2024-03-18,2186.3212890625,2211.6471322482416,2172.313068457246,2198.237792319493,22053
2024-03-19,2229.14208984375,2233.9962101745473,2150.8582959903806,2150.8582959903806,272507
2024-03-20,2245.036865234375,2257.239279384902,2213.614175602429,2231.31455102761,22464
2024-03-21,2229.84814453125,2267.9663316628653,2225.950400410144,2266.1784196946646,28723
2024-03-22,2230.42041015625,2239.3599709183995,2217.011069013026,2239.3599709183995,18777
2024-03-26,2234.461181640625,2243.829824163506,2212.5413604799514,2212.5413604799514,12016
2024-03-27,2244.866455078125,2279.5877844516535,2225.9504248174967,2243.829544695549,89586
2024-03-28,2259.107421875,2276.012051827845,2230.4202943089053,2234.899022748158,26190
2024-03-29,2267.95751953125,2279.587896312673,2236.678006499729,2243.84755138272,7181
2024-04-01,2250.54345703125,2288.527643445745,2243.8298379096955,2279.5791340473875,13982
2024-04-02,2230.8583984375,2248.299489890307,2225.950588400344,2239.359929294322,10678
2024-04-03,2226.6123046875,2257.1497678221485,2221.9279832496754,2221.9279832496754,29379
2024-04-04,2250.069580078125,2270.648466712902,2227.738574428564,2227.738574428564,21422
2024-04-08,2293.765869140625,2301.0425744139047,2248.299174301076,2248.299174301076,40901
2024-04-09,2343.693603515625,2385.07486615479,2297.4671686723427,2297.4671686723427,92293
2024-04-15,2320.12890625,2368.983516757452,2280.0348903735403,2343.9527475237883,197366
2024-04-16,2352.275634765625,2377.9231824243916,2293.086837389424,2328.755597825391,70757
2024-04-17,2339.83154296875,2368.9835459552614,2324.2857432013884,2360.0439854044866,33964
2024-04-18,2329.66748046875,2425.3028860647737,2322.4979351257953,2377.9232130233313,95779
2024-04-19,2344.113525390625,2350.2103665312316,2320.709817997367,2333.225202223855,18778
2024-04-22,2463.4658203125,2480.7281648960343,2368.9836529637805,2368.9836529637805,91115
2024-04-23,2484.50048828125,2546.8807671681006,2473.799860633881,2503.0769210497306,44448
2024-04-24,2503.765380859375,2516.486358383236,2464.2525658806085,2485.197895667992,34587
2024-04-25,2529.09130859375,2538.8353428557175,2499.501274163587,2520.0622646162915,37138
2024-04-26,2519.561767578125,2538.8355149237764,2509.334961405296,2529.8959532515096,14129
2024-04-29,2474.738525390625,2503.1037328070497,2445.8637019260236,2503.0768879359894,69802
2024-04-30,2438.03271484375,2488.6217668183695,2426.2862282530164,2471.788504378613,35873
2024-05-02,2409.7392578125,2440.5002093534385,2393.1205349593974,2440.5002093534385,54115
2024-05-03,2478.9580078125,2486.0917595870505,2392.101317105086,2413.6813199874277,56078
2024-05-06,2463.224365234375,2501.289084545728,2458.3791931739647,2501.289084545728,50516
2024-05-07,2430.84521484375,2476.258225223681,2422.6208629444677,2476.258225223681,42816
2024-05-08,2419.3671875,2444.969994815634,2403.714007066405,2422.6747815027484,54854
2024-05-09,2436.834716796875,2449.43958444056,2395.8022212776277,2422.620902859094,98715
2024-05-10,2397.2060546875,2436.8349824132824,2391.332701670683,2436.8349824132824,134850
2024-05-13,2430.309326171875,2449.439900870971,2396.794918156057,2400.263363328189,98220
2024-05-14,2496.17578125,2532.577647687424,2431.560607733778,2431.560607733778,136006
2024-05-15,2528.116455078125,2550.456406247181,2503.076739394359,2503.076739394359,175529
2024-05-16,2507.242919921875,2546.434035214657,2498.6073822801354,2529.8958468167384,29028
2024-05-17,2510.264404296875,2529.895644412511,2458.3791597648074,2512.016523250585,16588
2024-05-20,2513.097900390625,2526.3195439644364,2489.667349589864,2498.6069091934182,29733
2024-05-21,2503.3095703125,2516.4864747754223,2494.1375718022837,2516.4864747754223,22338
2024-05-22,2487.91552734375,2525.4258889906882,2458.379183973236,2503.0769873182044,79797
2024-05-23,2490.927978515625,2529.895600989562,2476.258238424412,2494.137359279462,50958
2024-05-24,2535.322265625,2552.2447943419998,2468.2129166999166,2494.1376449086442,381487
2024-05-27,2537.13671875,2545.8794167407787,2515.5922909337905,2535.2593237698043,73692
2024-05-28,2537.13671875,2537.13671875,2537.13671875,2537.13671875,0
2024-05-29,2505.615966796875,2547.774857446579,2480.728150671669,2547.7480125737493,120351
2024-05-30,2462.3486328125,2507.547110107917,2458.379519713644,2507.547110107917,91012
2024-05-31,2481.36279296875,2493.243504178091,2458.3792170992288,2461.9550414150094,45410
2024-06-03,2463.778564453125,2502.1828798431,2460.7034081493084,2485.1977155997924,31048
2024-06-04,2389.187255859375,2471.7887155075787,2337.784778050447,2471.7887155075787,132508
2024-06-05,2384.243408203125,2400.271978967293,2373.444349347567,2374.4367365871835,28398
2024-06-06,2362.0107421875,2394.9083700171063,2337.6951801398777,2394.9083700171063,40995
2024-06-07,2352.4990234375,2395.8022019005703,2270.64835553263,2338.615859860995,53161
2024-06-10,2321.16552734375,2369.877177382313,2317.133777357584,2368.9832214496905,14660
2024-06-11,2266.52734375,2350.112242175675,2243.829893566242,2350.112242175675,70237
2024-06-12,2277.28173828125,2325.179979321909,2261.709091766409,2269.620691107184,76570
2024-06-13,2400.34375,2414.396713907795,2305.5128156821443,2315.346332926232,88016
2024-06-14,2431.18505859375,2485.197813167675,2400.3435749411296,2409.211549096002,47861
2024-06-20,2424.17626953125,2458.3790353125837,2418.1510147347412,2448.5365708811655,25160
2024-06-21,2382.813232421875,2440.500247990317,2377.9233185546677,2396.696397385362,25389
2024-06-24,2369.11767578125,2400.361616138595,2360.0441086487776,2383.3764502051376,41375
2024-06-25,2369.88623046875,2377.922885928371,2360.9377224574546,2377.922885928371,21222
2024-06-26,2382.58935546875,2413.67222267492,2368.9744232126077,2368.9833715025393,26345
2024-06-27,2415.05810546875,2431.5604995269987,2391.3324765568827,2409.2115978769343,35956
2024-06-28,2424.712890625,2431.560515565389,2412.787438055509,2430.648662911972,23024
2024-07-01,2405.501708984375,2431.542543793054,2386.8626381612603,2431.381692815364,58700
2024-07-02,2393.012939453125,2436.0302088558533,2386.8626266587626,2413.636566404981,29662
2024-07-03,2425.767822265625,2444.9699822161488,2389.5447029117972,2395.802395736482,28116
2024-07-04,2432.275634765625,2461.95493161272,2411.8933934245165,2427.0995943792227,38707
2024-07-05,2406.100830078125,2431.56068330203,2392.673591491869,2414.5755167642587,40646
2024-07-08,2413.511474609375,2435.538455093114,2396.696109354481,2412.7873178469767,21206
2024-07-09,2387.595703125,2422.620839240347,2378.629297961605,2413.6812789479472,23024
2024-07-10,2387.69384765625,2396.6513042726674,2373.4531896287513,2392.226265704911,11593
2024-07-11,2378.745361328125,2403.8477159824165,2360.0438713996205,2378.0124745390776,15556
2024-07-12,2385.521728515625,2413.663447616787,2333.225299391336,2381.498926275295,56699
2024-07-15,2411.589111328125,2430.0941739544055,2390.4381922809075,2395.8019279404757,38906
2024-07-16,2411.589111328125,2411.589111328125,2411.589111328125,2411.589111328125,0
2024-07-17,2411.589111328125,2411.589111328125,2411.589111328125,2411.589111328125,0
2024-07-18,2412.912353515625,2413.681251722531,2394.0142193010884,2411.893339684218,26427
2024-07-19,2426.688720703125,2432.4546942443503,2391.3416594652776,2413.592132100668,169525
2024-07-22,2362.86865234375,2449.43942958604,2355.574049985115,2422.6207497000614,93182
2024-07-23,2404.78662109375,2421.727045331714,2368.9836360756894,2368.9925843666206,46298
2024-07-24,2405.58203125,2413.681325411061,2394.014292389193,2409.211545178818,42244
2024-07-25,2383.474609375,2413.681420292074,2376.1621097378757,2405.5463326492095,18839
2024-07-26,2373.095947265625,2391.332564381442,2368.983661910587,2378.906661908047,9162
2024-07-29,2374.222412109375,2413.681539468615,2368.9747848908614,2403.0435488728413,56776
2024-07-30,2376.9306640625,2409.157822749931,2373.453271119429,2409.157822749931,19712
2024-07-31,2371.83544921875,2385.0749920910725,2369.028522957154,2374.3475183635264,5762
2024-08-01,2342.460205078125,2386.8092477753903,2326.967875047797,2368.9838143974885,15437
2024-08-02,2340.528564453125,2368.983251995706,2324.28545478824,2367.1953401074074,23928
2024-08-05,2314.35400390625,2363.62002257053,2275.3418541783817,2338.589250773263,19941
2024-08-06,2316.56201171875,2342.0753336800253,2306.4065751095395,2314.4521794413167,66075
2024-08-07,2323.27587890625,2346.63484788875,2315.346383250233,2315.346383250233,23595
2024-08-08,2555.605712890625,2555.605712890625,2333.2252052845038,2336.6936498713526,207087
2024-08-09,2811.169921875,2811.169921875,2811.169921875,2811.169921875,284199
2024-08-12,2920.375732421875,3084.148440756178,2811.1699192563765,3084.148440756178,1315983
2024-08-13,3035.6962890625,3061.7997645730375,2887.478318122894,2905.357440835729,502556
2024-08-15,3048.55126953125,3106.488618986391,2999.26757259849,3040.7917913943465,273246
2024-08-16,3027.095947265625,3064.481249287571,3021.571360149355,3052.859820979304,94910
2024-08-19,2939.57763671875,3039.45037399411,2915.190491057292,3038.5564180017586,122558
2024-08-20,2916.65673828125,2945.5852527575857,2911.6149220732796,2932.184859988737,67102
2024-08-21,2922.056396484375,2948.267250739496,2912.509006339987,2914.2969185599627,68609
2024-08-22,2914.395263671875,2936.645734561753,2901.7814473021162,2932.175954143851,50224
2024-08-23,2899.001220703125,2932.1760278289107,2894.6298713750043,2932.1760278289107,46486
2024-08-26,2906.090576171875,2932.176155370651,2900.8876902980983,2909.8272517473993,48112
2024-08-27,2951.5927734375,2969.7222297357002,2914.296950312578,2927.7062921084944,97195
2024-08-28,3030.40380859375,3039.4507491133563,2963.4644803855226,2967.9342608989245,156778
2024-08-29,3011.130126953125,3052.8599345826183,3001.0104832778475,3039.4505937279364,119628
2024-08-30,3032.5224609375,3037.662708310303,3001.1534640520726,3003.692377846562,114677
2024-09-02,3078.9365234375,3145.8313241636256,3037.6626426564367,3039.4505547474646,217784
2024-09-03,3138.438232421875,3151.195002416559,3075.20873994694,3119.9065413996573,125759
2024-09-04,3255.269287109375,3262.4925216503157,3156.5587324146495,3156.5587324146495,334827
2024-09-05,356.6606750488281,367.5152791790371,353.6092806009103,362.64817285634916,1563741
2024-09-06,360.7559814453125,363.0455163417414,356.09253035728347,356.58916052129797,794106
2024-09-09,362.4296569824219,367.21729276623637,360.6616329114344,363.5421368930292,893421
2024-09-10,364.44207763671875,365.50787914398546,361.5555989545868,362.548859283677,657423
2024-09-11,356.2117004394531,369.3031861179053,353.60927560717823,365.52869889419094,1560015
2024-09-12,347.93365478515625,356.2106871719336,343.67645097529834,356.2106871719336,4446369
2024-09-13,351.307861328125,357.38377824642913,347.3515981385415,353.60929085990455,3485592
2024-09-16,386.437255859375,386.437255859375,386.437255859375,386.437255859375,255911
2024-09-17,386.437255859375,386.437255859375,386.437255859375,386.437255859375,0
2024-09-18,425.0810241699219,425.0810241699219,414.40499426590515,425.0810241699219,4945891
2024-09-19,416.9229736328125,449.69443337983324,406.04252846413215,449.69443337983324,2072068
2024-09-20,419.4502868652344,427.7848451494635,417.10881613481916,419.97991435906056,631811
2024-09-23,394.372314453125,422.7674159928962,389.08539658686874,419.515358946797,888241
2024-09-24,392.1423645019531,402.32594159677274,388.38855331974827,395.82182706749467,443302
2024-09-25,393.84271240234375,396.75098528572784,392.5697688131616,394.88336618749446,382851
2024-09-26,389.8194580078125,398.48850085174746,388.38854490278845,397.494293704167,304902
2024-09-27,379.8681335449219,393.0064579076588,378.6323643170278,393.0064579076588,481370
2024-09-30,395.3944091796875,409.20170111585713,352.15133258917126,367.01787961140536,2769594
2024-10-01,416.3562316894531,421.82896448131294,398.5999851230047,399.5384449629005,3192218
2024-10-02,406.52569580078125,425.0810049186353,402.3259067055739,413.48511702543044,2005270
2024-10-03,386.57666015625,404.1935383817718,384.76481679369294,404.1935383817718,1886976
2024-10-04,385.2758483886719,392.10517403410006,374.45114961076376,384.6625999270734,1600113
2024-10-07,391.0273132324219,395.82177760325624,385.60102747735056,392.105141193836,870244
2024-10-08,383.8170471191406,396.10053214959737,383.0458575053349,392.095858503321,1147782
2024-10-09,383.8170471191406,383.8170471191406,383.8170471191406,383.8170471191406,0
2024-10-10,376.69970703125,383.62192553762725,376.30944772007535,381.4662695502611,791563
2024-10-11,375.3152770996094,380.02612115251327,370.7345289482953,377.23864349124784,514255
2024-10-14,376.6067810058594,384.66257469027505,371.6636476862674,374.46969801825173,1060109
2024-10-15,395.14349365234375,398.60926742095063,376.3094482645338,376.7740278302925,2196787
2024-10-16,396.0447692871094,405.57795081302885,392.1051437413475,399.53841660848207,1427670
2024-10-17,394.2051086425781,398.6093143708974,390.24688120227717,396.2864162685029,699836
2024-10-18,396.1376953125,398.6092619712277,389.4756403097874,394.8647518566345,426439
2024-10-21,400.6813049316406,405.1040831427226,394.89263329899876,397.6801107105211,1077125
2024-10-22,403.7568359375,409.2946166821886,401.4896852815205,401.4896852815205,1067590
2024-10-23,397.0947570800781,406.2191070987686,396.28639312456534,404.927562218535,907891
2024-10-24,395.329345703125,401.39675383402766,393.03432146248537,397.6801172244533,904214
2024-10-25,401.4153137207031,408.3654341620427,395.3572064526716,396.73237216142354,1276919
2024-10-28,395.8961181640625,406.01467491851116,394.87406578358997,406.01467491851116,754994
2024-10-29,389.33624267578125,397.6522281083383,388.39781125025263,396.7416419663833,797395
2024-10-30,384.30023193359375,394.9112135977292,380.9552533065936,391.17600400506313,1397006
2024-10-31,377.6753234863281,385.4895553953731,375.0365148844839,384.67189080072245,1087343
2024-11-01,383.74273681640625,385.0435539819345,375.3524306541394,376.7089951013555,624219
2024-11-04,385.0807189941406,392.09585920885587,383.5568843829522,385.60104584779356,657449
2024-11-05,384.6068420410156,387.83102544156094,382.6277285048962,387.83102544156094,776854
2024-11-06,383.0086669921875,385.83331861289497,382.6277083561969,385.83331861289497,495935
2024-11-07,380.8251647949219,383.3246052371709,377.5173604095826,381.91229350314893,1509958
2024-11-08,384.170166015625,391.0366663131673,380.03542446932124,381.4198626435858,1525310
2024-11-11,381.3547668457031,386.99476945074605,380.07252273654365,386.3164730921613,2727170
2024-11-12,395.93328857421875,413.0112381204747,385.6010434645601,385.61034412978864,7398930
2024-11-13,423.92889404296875,433.8987826796876,399.52916385666964,399.53846452268834,9077492
2024-11-14,426.5119323730469,442.27976461116396,420.5002714131172,427.413217901545,3976555
2024-11-15,429.383056640625,434.846517422069,418.1309520334472,430.2007212957648,2111831
2024-11-18,433.57354736328125,438.74897073754,431.1298542130516,431.57586082200913,2226950
2024-11-19,429.91265869140625,435.76635012088894,428.342377425448,434.75357002814036,922761
2024-11-20,425.3690490722656,438.56312039244887,422.7674147850937,430.6652675887713,1658157
2024-11-21,422.8882141113281,428.52821703234514,420.90910055854687,425.55489637045133,1865456
2024-11-22,430.349365234375,441.3320334458429,422.76742299296154,423.69658216437466,4489439
2024-11-25,424.2912292480469,431.68732781790004,422.81384131137287,428.3423493535465,1013519
2024-11-26,402.7532958984375,424.6164084063197,399.5384133492194,423.696549970335,2176513
2024-11-27,422.8045959472656,426.48405831470194,410.6883524511944,413.4758299565193,2158014
2024-11-28,425.4991455078125,431.0369261293997,420.4445174385493,431.0369261293997,1068039
2024-11-29,429.4759216308594,432.5235623538189,425.55486908281216,427.40388662356656,1930387
2024-12-02,431.67803955078125,438.56311215057326,429.55025718995006,432.9788566699211,2007062
2024-12-03,449.8524169921875,455.1950823444835,428.80696697123733,433.0067563096901,4858513
2024-12-04,472.5610656738281,473.87118352507997,455.3437471399777,456.12423745133646,3502023
2024-12-05,519.1490478515625,519.8180718961252,473.87114287686836,477.58777929158884,5925536
2024-12-06,532.3059692382812,546.3455495976552,524.956289015088,524.956289015088,4051347
2024-12-09,583.5026245117188,585.3702434097503,529.6299970833303,537.0539693505328,5325957
2024-12-10,615.7073974609375,637.4032431850909,583.6049001209227,600.8872961349848,6708612
2024-12-11,650.5414428710938,660.1675171958316,625.3240521784583,626.2532112455882,4214831
2024-12-12,692.3350219726562,701.5151183899536,655.0571635296918,667.1362317933599,5725075
2024-12-13,760.41455078125,761.5666990237361,692.6881284725168,696.8693445397554,6802579
2024-12-16,835.9923095703125,836.4568891262448,800.9351544272995,813.0142228815395,6207977
2024-12-17,752.3959350585938,836.1503558619086,752.3959350585938,835.3140899282647,6419869
2024-12-18,677.1526489257812,706.1609710684761,677.1526489257812,678.2861958947204,7130116
2024-12-19,609.4354858398438,630.8990386986512,609.4354858398438,628.1115613553583,9647952
2024-12-20,645.7470092773438,664.3487936471023,568.1808214198644,603.953448770093,9060684
2024-12-23,667.600830078125,682.8390623844989,652.2697045439718,659.7122781952803,5544623
2024-12-24,645.10595703125,673.64045809291,631.8282917285225,669.9238210827422,4564226
2024-12-26,625.3798828125,644.836478540075,620.6783395745966,644.836478540075,2056960
2024-12-27,640.98046875,655.9864129199004,617.8908846908411,624.3949992665341,2935687
2024-12-30,667.898193359375,673.1758105761947,641.1198195963759,641.2127128277097,3315720
2024-12-31,668.6322021484375,677.3570201754185,656.9991681571701,676.427861025658,2148575
2025-01-01,668.6322021484375,668.6322021484375,668.6322021484375,668.6322021484375,0
2025-01-02,662.9457397460938,680.1165823508014,659.7122841156937,679.2153252145885,1358749
2025-01-03,663.1129760742188,668.9016759798462,651.3405458535956,659.7029779686916,1722926
2025-01-06,653.291748046875,670.8342765937538,651.3405365989588,666.2999755966403,1653191
2025-01-07,650.9689331054688,654.5926767828565,635.5449125897428,651.3406194815932,2241351
2025-01-08,636.8921508789062,660.6321558254358,631.8282221677866,655.0572009239553,1328845
2025-01-09,622.0255737304688,634.6156682517543,618.8199634782845,631.828190938789,1069588
2025-01-10,623.7909545898438,630.8990445658935,609.5283847352373,618.8199759659574,1205186
2025-01-13,646.6296997070312,653.1988614921246,624.3949287662983,624.3949287662983,1472957
2025-01-14,656.57177734375,662.4626149789726,651.3406064525915,654.9643500574922,1281730
2025-01-15,642.4763793945312,665.8818996722229,638.4252025693843,656.9154915653188,1456257
2025-01-16,634.1139526367188,644.4182955059135,629.9698825507483,641.1197919764252,857090
2025-01-17,637.2359619140625,648.5531140326482,629.0407710603192,634.6157261952703,1004794
2025-01-20,631.6981201171875,645.6169626159142,629.04073858412,641.1291080847927,959269
2025-01-21,612.808349609375,631.6981139325948,609.1102576999197,631.6981139325948,1329158
2025-01-22,552.8311157226562,609.5284275419588,551.5303268858254,603.9627730777053,5738558
2025-01-23,553.08203125,560.1901220388145,527.762442251155,555.6372191306174,4531840
2025-01-24,543.1771850585938,559.335219951476,538.9123195081021,559.335219951476,1459676
2025-01-27,498.45672607421875,545.3978066430367,497.10013333164943,538.9122940791714,4279903
2025-01-28,483.6273193359375,495.2418082729197,475.74806818872776,478.51694420366533,3436172
2025-01-29,508.5009765625,514.6520059662523,481.3044684687579,485.02110529091044,4535021
2025-01-30,559.3538208007812,559.3538208007812,515.6833397748067,516.612498945572,4944209
2025-01-31,550.4804077148438,582.9545347685236,539.8415229849977,577.937052145729,3758098
2025-02-03,528.8216552734375,551.9205382641325,520.3384276483937,551.0006797741788,2115536
2025-02-04,532.41748046875,540.7706119471728,530.0945826511075,530.5498615495459,1633615
2025-02-06,517.43017578125,536.1248542019539,506.02007367313416,535.1956950092296,1370887
2025-02-07,515.7855224609375,528.6729553424024,506.3917370594272,516.4266445432842,1668894
2025-02-10,532.7799072265625,535.1956984586654,508.2500816959896,520.3291512792581,2476172
2025-02-11,545.9646606445312,554.60582956729,529.6207259214248,537.9645571049679,3274892
2025-02-12,542.3037719726562,556.5663425401793,536.1248408108238,545.8810120907434,2809392
2025-02-13,540.835693359375,551.9205556257527,539.3769066342584,547.1911104233616,1338668
2025-02-14,538.3919677734375,546.345567646227,535.6137910525935,542.6103298014145,881683
2025-02-17,529.2862548828125,537.9831712950909,524.0922300549545,537.9831712950909,737260
2025-02-18,529.9552001953125,533.7554860790743,524.9749207525316,532.5010871973545,625060
2025-02-19,532.203857421875,540.7706784046934,528.7380548882925,532.4082452334868,811227
2025-02-20,527.4464111328125,537.4256271520726,525.9133326987566,534.2200170279644,743959
2025-02-21,522.19677734375,531.0144891839375,520.2548096393974,528.6915911560113,542005
2025-02-24,524.4732055664062,526.8332494423456,514.8470734636047,520.3384359172204,1061300
2025-02-25,527.9761352539062,543.5581538107903,526.0156228739693,530.5499244888226,1510911
2025-02-26,520.9795532226562,531.4697397404467,520.3291304672972,531.4697397404467,453720
2025-02-27,518.888916015625,526.4615287308342,517.6345171910423,520.329101293001,578219
2025-02-28,509.6995544433594,524.9749335390388,508.250068399742,520.4220308999023,1148022
2025-03-03,503.6042785644531,512.8958704198859,501.7459601933666,509.699560553162,285900
2025-03-04,514.6705322265625,516.6124998498666,496.1709980572459,503.6042714363807,706879
2025-03-05,510.23846435546875,520.0503826170507,509.1792093238829,514.7541641704947,420698
2025-03-06,527.6602172851562,531.4697472165443,503.6042726435383,510.1083868658718,1961057
2025-03-07,527.130615234375,534.2665512350711,524.9749590396785,529.3791646664741,787293
2025-03-10,522.3453369140625,529.6206682892188,520.1989817373451,529.1560887556317,380693
2025-03-11,522.707763671875,524.9005656321408,517.5416411205272,520.3291185412841,592684
2025-03-12,530.038818359375,536.1247991039832,515.6832989648365,522.7077394714703,1271674
2025-03-13,536.7008666992188,541.9784835021457,532.4081562589619,533.3373153449287,1470551
2025-03-14,562.7545166015625,566.7870923427107,537.5185785578002,539.3489948968569,4561666
2025-03-17,603.9348754882812,619.0337124087769,569.5838872666206,575.1495417714939,8396879
2025-03-18,586.1600341796875,603.0242956406278,580.7244757710206,600.1439249253534,3014766
2025-03-19,596.8639526367188,605.8582063127599,577.9369854787693,580.7244629006926,3408685
2025-03-20,650.4950561523438,656.5438345987326,600.2368126309091,600.2368126309091,10409367
2025-03-21,644.1303100585938,671.59625354277,637.4032065732445,664.3488231776528,3682478
2025-03-24,628.0278930664062,644.8364058905325,625.3240650782831,644.1302359111272,1876280
2025-03-25,628.60400390625,634.6156357821734,617.9372193706612,622.5365680440061,1787154
2025-03-26,638.5646362304688,643.4334211818909,627.2753296896799,641.1198239345558,2189819
2025-03-27,635.6935424804688,645.7563526406773,634.1604638052005,641.1198572396775,1424153
2025-03-28,635.6935424804688,635.6935424804688,635.6935424804688,635.6935424804688,0
2025-03-31,635.6935424804688,635.6935424804688,635.6935424804688,635.6935424804688,0
2025-04-03,643.1825561523438,647.1593847618605,634.987421889512,636.4740539294679,1584396
2025-04-04,626.8944091796875,652.074600263378,625.324127897641,646.0165209758615,2020902
2025-04-07,608.6085205078125,613.2636167440941,564.9287414724474,613.2450154141699,4261854
2025-04-08,639.3544311523438,649.3707946801003,616.9617168256041,616.9617168256041,5673027
2025-04-09,643.7864379882812,651.8979784926919,629.9791478682604,641.1197560038415,5597172
2025-04-10,656.59033203125,668.9945839236177,650.6436908229351,668.0561241140161,4466599
2025-04-11,643.0152587890625,653.1988631888692,640.1906354724479,645.8770847658594,1966092
2025-04-14,629.8212280273438,649.3893163654415,622.5365957450257,648.9897280472406,2313168
2025-04-15,626.188232421875,630.9919694499724,621.2357981682576,629.9699170478666,1951482
2025-04-16,610.4482421875,631.8189019829464,605.8117472448292,628.9478320557527,2495499
2025-04-17,618.559814453125,625.2219265236837,603.4888799610092,612.2972907310448,4004655
2025-04-18,615.8466796875,627.1824327777581,612.315886223026,622.4344430825704,2760032
2025-04-21,606.9267578125,617.1939549033178,603.024278106516,616.1253992144196,1620787
2025-04-22,605.4029541015625,615.9396441740289,603.9534680467054,606.9267887701336,1061401
2025-04-23,595.618896484375,611.0615164847719,594.6618353716153,606.6294093453788,1295570
2025-04-24,581.4306640625,591.8651036231229,566.7871061478756,571.6280459459882,1408369
2025-04-25,572.6871948242188,587.2285575817976,558.4246251687664,581.6629035861314,2289529
2025-04-28,558.6569213867188,581.6536096267541,553.7788360024688,576.0786549018972,1028453
2025-04-29,579.999755859375,585.361022842966,550.0622722499369,557.5048468655178,3138310
2025-04-30,562.96826171875,576.0786839640404,553.7881646051227,576.0786839640404,2542951
2025-05-02,574.5177001953125,581.5607425266513,571.4328849702706,575.1495216204837,1637965
2025-05-05,575.4189453125,578.2621700219222,568.6732975711689,576.0786687201934,796635
2025-05-06,573.2725830078125,587.1356780868798,570.5130076077413,576.0879623987113,1828212
2025-05-07,556.59423828125,566.8892809315946,530.6613743931393,530.6613743931393,2401885
2025-05-08,505.852783203125,567.7162121878159,500.93755196214244,564.9287348775648,3779285
2025-05-09,537.2769775390625,539.841465865531,509.1792139316884,511.0375322307092,3234417
2025-05-12,591.0009155273438,591.0009155273438,591.0009155273438,591.0009155273438,765716
2025-05-13,606.7037963867188,613.2450565740804,587.4980353736402,602.0951464545517,3601076
2025-05-14,601.50048828125,610.829282978341,599.3169868378873,605.9046938313916,1539918
2025-05-15,603.8698120117188,608.1346775606033,597.4493470916241,603.9348599590688,1091242
2025-05-16,595.6654052734375,604.8826488046076,594.6618974423178,603.953489589854,617002
2025-05-19,578.9683227539062,603.9255229814305,573.802200341025,603.9255229814305,1567108
2025-05-20,573.7650756835938,580.7151679766613,571.2470339714675,580.7151679766613,978648
2025-05-21,576.6826171875,581.625693685676,574.3225167819553,576.0600397592976,688107
2025-05-22,574.907958984375,589.9696501542986,572.6408082495819,577.8719791248049,2421306
2025-05-23,571.2377319335938,576.8219874844572,568.1715180888064,573.2911940658724,919309
2025-05-26,569.6116943359375,574.2110433854132,567.8184240150601,573.2447383034288,341477
2025-05-27,568.5245971679688,572.3620289443921,567.7255339201072,570.9682902375471,415370
2025-05-28,568.5245971679688,568.5245971679688,568.5245971679688,568.5245971679688,0
2025-05-29,575.2052612304688,584.3482122210615,568.6453998987841,568.6453998987841,1380204
2025-05-30,579.1820678710938,584.44108351057,575.6140719154183,575.6140719154183,973869
2025-06-02,576.0322265625,585.3702646806063,574.4247426687698,580.724468929173,634153
2025-06-03,578.0020141601562,580.622249654801,572.8265911139085,575.1494888880931,664493
2025-06-04,580.7152099609375,584.4411474949403,577.9649349738903,580.6223167237883,642077
2025-06-05,578.7918090820312,583.9486310867909,577.3330223929106,581.8859249694368,544616
2025-06-06,578.7918090820312,578.7918090820312,578.7918090820312,578.7918090820312,0
2025-06-09,578.7918090820312,578.7918090820312,578.7918090820312,578.7918090820312,0
2025-06-10,577.788330078125,581.2354741057825,576.1250989639643,579.3307092588337,439663
2025-06-11,594.977783203125,596.5201624083732,583.5119345676922,583.5119345676922,2619238
2025-06-12,595.1077880859375,612.9662550536933,593.732650798237,597.9231673135273,3106599
2025-06-13,586.4760131835938,599.307699805549,581.7465677778582,587.6467628802902,1481708
2025-06-16,586.4760131835938,586.4760131835938,586.4760131835938,586.4760131835938,0
2025-06-17,591.5584106445312,595.9998183864496,587.2378548345046,587.2378548345046,738590
2025-06-18,579.4329223632812,591.4097973853177,578.215726148508,589.3470912993216,850187
2025-06-19,574.907958984375,589.0869375648833,571.4329126220871,585.370300734821,881808
2025-06-20,576.7847900390625,579.7952563346736,573.3375894931595,576.078620076118,497898
2025-06-23,557.058837890625,572.3620625693546,553.8253253370491,571.4608053741072,1095671
2025-06-24,586.1785888671875,593.5932602361922,580.8266234505281,593.5932602361922,1602974
2025-06-25,583.5955810546875,589.0125379331344,582.5827726532115,586.1600126077611,990571
2025-06-26,578.9404907226562,587.6838532452203,576.0972660330624,585.3609554036773,1071468
2025-06-27,584.5990600585938,587.3214896257476,579.8417696373821,584.4132168820171,819215
2025-06-30,582.4806518554688,587.6932216015514,576.0787310560662,585.3703234924543,714965
2025-07-01,591.4469604492188,599.2983668150774,584.4411206904239,585.8348594520069,2168456
2025-07-02,601.2496337890625,608.5992578893471,591.883693452588,592.8035519593946,3142129
2025-07-03,603.1450805664062,609.5283993581403,597.4493304684211,606.8338151520381,1629166
2025-07-04,598.155517578125,603.9070151206598,596.5201883617556,603.1450977943343,527167
2025-07-07,596.0090942382812,601.1659157123967,591.038059208274,597.4492794483324,1353447
2025-07-08,591.9393920898438,599.3076169157065,589.6536402976067,596.5201396277264,1188494
2025-07-09,593.045166015625,597.4493715939905,590.1089911557964,592.8035755473809,540656
2025-07-10,591.01025390625,596.3250169019324,590.0160468329934,596.3250169019324,366177
2025-07-11,591.1961059570312,593.7047902735775,590.1182495929776,593.7047902735775,413989
2025-07-14,590.4248657226562,594.6618289857247,585.3795385727201,592.794210105247,826735
2025-07-15,585.7883911132812,594.6618495573705,585.3702581580366,590.9452129976369,565408
2025-07-16,584.459716796875,592.2181731491143,582.5827971337484,585.8348542150372,676480
2025-07-17,583.8650512695312,588.2506553867162,582.480613162296,583.9765458344511,737656
2025-07-18,576.1808471679688,587.3214559212067,574.2203350393243,587.3214559212067,1047286
2025-07-21,574.2574462890625,578.9497449214753,573.7557208116518,578.9497449214753,435536
2025-07-22,583.39111328125,589.9974208001931,574.6941978098791,574.6941978098791,1602816
2025-07-23,589.4306640625,591.9672503023263,584.441084144945,587.2099601638432,1656614
2025-07-24,580.1390991210938,593.5840616313831,576.0972794671065,590.935924003448,1007023
2025-07-25,578.1972045898438,583.5026672384042,575.1495352430245,582.4899154856038,641180
2025-07-28,575.1030883789062,583.0473880612101,574.6849554037584,578.8661717324843,866017
2025-07-29,567.5582885742188,577.8905335868869,566.7870706153446,577.8905335868869,997327
2025-07-30,565.3004760742188,571.4329040674653,564.464210115423,568.5525332518386,559071
2025-07-31,577.2958984375,583.0659974671444,570.7824833925079,575.6048218935424,1772241
2025-08-01,587.4051513671875,590.9452456172888,575.1495393665123,578.0020648889295,2162513
2025-08-04,584.4131469726562,597.2169860458627,582.6570794492175,592.794179844734,1343137
2025-08-05,580.3806762695312,584.4410971612297,579.4329158021709,584.4410971612297,516493
2025-08-06,579.2191772460938,581.653569437501,577.4723536827586,580.3806260668556,592980
2025-08-07,580.50146484375,585.0450665822644,578.8661357075783,580.6965519650023,1021471
2025-08-08,574.7128295898438,583.5119394165935,563.0704383542287,580.5014728794104,1202574
2025-08-11,618.866455078125,627.0895477759516,580.7337830808979,588.1577557902758,8890516
2025-08-12,603.3495483398438,624.3950284567557,601.1660467433346,622.5460105861883,4417944
2025-08-13,595.6654052734375,602.9964283771964,593.7327382275641,602.8849338083362,1217077
2025-08-15,590.3319702148438,598.3784631042045,589.0868720622137,597.4493040000053,884328
2025-08-18,593.714111328125,597.4307480270875,589.0869167855568,590.3320150327145,827918
2025-08-19,589.1613159179688,595.5910820793266,588.1578080440153,593.7141622377688,800168
2025-08-20,587.1264038085938,591.874393574893,586.3923317661798,589.0869160541322,531069
2025-08-21,583.4468994140625,590.0067607576489,580.2598903285914,587.2285839674455,866841
2025-08-22,585.9927978515625,592.8035504466947,584.4411179168824,585.3238304706376,911163
2025-08-25,585.6211547851562,591.8279310929629,582.4712916604069,586.2994228160518,775901
2025-08-26,583.9114990234375,590.0160816658811,582.6850020955543,582.6850020955543,672418
2025-08-27,577.2680053710938,588.1484223724487,576.0786544758785,587.8789866437072,1340947
2025-08-28,578.26220703125,580.7245016025959,576.7291283738455,578.4016035961855,436998
2025-08-29,581.8580322265625,587.9719154864893,578.7732736669101,580.7244852528092,944910
2025-09-01,585.723388671875,587.4609118616255,580.2599279677107,582.5828259980059,637181
2025-09-02,592.5062255859375,602.5597348290048,585.3702898107525,588.1577673812799,2486721
2025-09-03,599.8651733398438,602.0951781657498,590.6665310335829,594.3645666036883,2199885
2025-09-04,605.97900390625,612.315876075553,601.1659663442834,603.0242846328284,3474878
2025-09-05,605.5237426757812,608.5992572646484,602.9314090036803,608.2275709115397,1370855
2025-09-08,618.6062622070312,621.6074279041318,606.2856036653365,608.5899000486431,3248501
2025-09-09,638.6482543945312,651.2476497913179,616.6829191904163,622.5273096382139,7524771
2025-09-10,645.1337890625,654.1280428462713,641.1198147214875,647.5867828339033,4221532
2025-09-11,632.887451171875,647.6239010777794,629.0871654507106,646.6947419657596,2043435
2025-09-12,626.0210571289062,633.68662109375,623.5680630494248,630.7133000923828,1102278
2025-09-15,629.4031372070312,633.6772466598661,618.9593973190679,626.253274042881,1436338
2025-09-16,636.046630859375,638.1465397664888,629.514671044844,631.7353751872432,1572979
2025-09-17,632.6923828125,640.1907045462959,630.6668225120441,637.8585058231123,3262951
2025-09-18,645.4281005859375,649.7469503296352,638.2300176797746,643.0287396172165,3441416
2025-09-19,640.7637939453125,652.0791598394774,639.1897990001293,649.7469878725037,1423491
2025-09-22,645.2362060546875,647.3476556389703,638.757930775869,644.9482944245932,1502808
2025-09-23,645.2362060546875,645.2362060546875,645.2362060546875,645.2362060546875,0
2025-09-24,659.939453125,662.1084848858195,654.0658219632476,654.5360873563516,1654068
2025-09-25,677.9635009765625,684.777663120856,655.5054574793899,661.8397474000527,5636500
2025-09-26,704.5099487304688,714.5296822797744,683.3379903065137,684.3936856805035,6901388
2025-09-29,708.1090087890625,714.5297011261902,697.7341742360513,711.1705957481623,3097388
2025-09-30,711.208984375,721.7278043132313,698.6939382181282,708.1090286413756,4236190
2025-10-01,745.692626953125,750.5201697172855,715.0096246027848,716.9291135278929,4847975
2025-10-02,756.6337280273438,762.996838422706,746.6811827583211,747.6121067581287,2850259
2025-10-03,747.3817749023438,762.9968358091319,744.7712981224973,758.1981135713386,1683404
2025-10-06,739.8381958007812,750.4145983321185,719.328461692674,744.761689491014,2896640
2025-10-07,739.8381958007812,739.8381958007812,739.8381958007812,739.8381958007812,0
2025-10-08,710.2876586914062,726.5265176915602,708.2913739185884,726.5265176915602,1818741
2025-10-09,713.2244873046875,726.5265309997711,705.8920258260656,711.1802269895985,1413885
2025-10-10,702.6384887695312,714.0594710507689,700.8533781677031,710.1533041458104,1420587
2025-10-13,674.7675170898438,697.7341940545871,672.3105737152534,695.8147052126212,3106012
2025-10-14,715.2783813476562,721.7278360201096,685.257546433987,685.4878757325528,2527244
2025-10-15,729.15625,745.2415765956114,726.5265595400873,729.4153997503932,13207476
2025-10-16,721.8717651367188,734.2044570958935,719.8082912704839,733.2447127075329,1670216
2025-10-17,711.113037109375,724.559065885711,709.2319169469001,723.1770315696001,1071487
2025-10-20,720.8352661132812,724.6070547463576,712.130376982513,715.0096103126309,1204309
2025-10-21,724.1079711914062,729.405779280664,720.8736370932165,724.6070570485545,886832
2025-10-22,717.1978759765625,728.4364462352186,715.9597681196962,724.7510602725534,796108
2025-10-23,709.663818359375,718.7334149578525,706.3815088036555,712.1303685791148,803188
2025-10-24,708.9056396484375,711.6504946587629,700.8053943182313,709.2415267675891,689677
2025-10-27,697.9165649414062,708.2914000433598,695.8147222648182,708.2914000433598,711072
2025-10-28,686.3324584960938,702.0434707332879,683.3668808970833,695.814738515495,557219
2025-10-29,672.3585815429688,690.0562718598011,668.4620213495848,688.9717559257024,1345182
2025-10-30,663.64404296875,681.4089212923757,657.5304757901373,672.8384107780737,1266461
2025-10-31,671.9266357421875,679.0191608949557,666.0626115351225,671.8210779172706,1365348
2025-11-03,679.64306640625,689.0965259564242,673.836565529749,679.4990813052206,950185
2025-11-04,665.6211547851562,681.4089629409572,662.2236804691454,679.6430659301386,896416
2025-11-05,661.5230712890625,678.5393215266093,657.5305016005015,665.6211402294956,1258873
2025-11-06,657.0602416992188,667.0320006090534,653.1540747522382,663.1834159860367,556077
2025-11-07,671.350830078125,680.4587952713831,653.6819024634351,657.9048013519508,2252474
2025-11-10,676.1111450195312,685.2671445685825,674.5083881888578,677.579582146512,947886
2025-11-11,657.223388671875,676.111152643938,656.4652116354605,676.111152643938,996876
2025-11-12,654.00830078125,664.1432004566531,651.7624728550281,656.9451166366748,721202
2025-11-13,669.7481079101562,673.7406191380683,657.4249631190552,658.3943144079835,1847448
2025-11-14,673.4047241210938,683.0981197405947,666.2737712310156,672.780866790526,1802313
2025-11-17,665.889892578125,678.5393172335246,664.1431506727001,673.9805311559302,746081
2025-11-18,661.2159423828125,667.511863553986,659.3444290127791,666.1681979093078,496499
2025-11-19,666.868896484375,668.9419188372295,657.5209358160633,665.1029408238165,599121
2025-11-20,681.81201171875,686.1213133959895,671.9170490324504,671.9170490324504,2072308
2025-11-21,680.3436279296875,688.8565562337432,677.5795593187358,679.4030971447631,1572319
2025-11-24,670.1031494140625,681.8024358325999,669.4217098112824,681.8024358325999,766261
2025-11-25,668.6826782226562,673.7309429968936,667.2718821119261,671.5331494709641,374409
2025-11-26,672.7233276367188,674.9403351395539,658.3847421339979,670.8422072853423,898908
2025-11-27,677.9346923828125,679.9789527774855,671.0533409774765,672.7232869724143,959147
2025-11-28,676.0823974609375,680.458829905355,673.6446675928534,680.3628788895212,748271
2025-12-01,684.3937377929688,685.9293640462388,672.7712466653202,676.7157822610744,1204800
2025-12-02,681.7640380859375,693.895221719429,680.4395860885197,686.2172662923814,1770013
2025-12-03,679.0383911132812,686.2172606333605,678.5393052696305,684.2881649757193,900233
2025-12-04,674.7962646484375,681.4185244440123,672.780824838384,681.3129666186994,494834
2025-12-05,676.1688232421875,682.1863814466436,673.03043997039,681.418597559391,677459
2025-12-08,676.226318359375,680.7466768983633,673.740554641228,675.6600434008895,599626
2025-12-09,685.507080078125,695.7187750826265,678.5393260001592,678.5393260001592,1342838
2025-12-10,678.9616088867188,689.6723310613121,675.6600856704304,688.1367633887763,530132
2025-12-11,676.5142822265625,685.9677416670302,675.6600956037613,685.9677416670302,425382
2025-12-12,678.9039916992188,688.1367280504074,675.3721393712389,677.4739819297489,997837
2025-12-15,678.6161499023438,687.1770543450948,677.0997372073525,678.9232751683012,1183292
2025-12-16,677.5220336914062,685.02724269991,676.6198715195873,683.3476898273436,540181
2025-12-17,675.57373046875,682.2343596936188,672.790506544022,679.4991112786324,625653
2025-12-18,674.9210815429688,678.5393369219179,673.7406145957375,677.5795924566818,269651
2025-12-19,678.2802124023438,685.3535246879985,673.7406396579205,673.7406396579205,1029507
2025-12-22,678.2225952148438,684.2977939953953,675.6600939309373,680.4588161889694,658525
2025-12-23,675.57373046875,681.4186002935438,674.7003887413539,681.4089934759643,364547
2025-12-24,672.42578125,678.5105284633812,669.9016485755618,677.5796044331613,664202
2025-12-26,675.0938110351562,682.1287541850435,672.4257519515315,672.4257519515315,924821
2025-12-29,686.8219604492188,697.7342507157002,675.660127240513,680.1709381010736,2723120
2025-12-30,688.9334106445312,694.8550178059944,686.9947080100628,689.0773371725978,1092670
2025-12-31,687.0714721679688,694.7590346274765,684.7872756780877,689.0965189099084,871230
2026-01-01,687.0714721679688,687.0714721679688,687.0714721679688,687.0714721679688,0
2026-01-02,700.7861938476562,713.9539181317813,688.165589506294,689.5667789100294,4317301
2026-01-05,704.4620361328125,712.4758788933589,701.0933237263866,705.3929601357846,1602394
2026-01-06,699.5097045898438,709.7310062037548,696.7744563947613,708.2338072356193,1060539
2026-01-07,703.5502319335938,708.7424233957738,699.6536719882802,700.7093674036419,877904
2026-01-08,711.1417846679688,724.6070268068045,706.3718830858385,706.3718830858385,3594139
2026-01-09,711.0938720703125,724.501533074003,708.2914345576858,714.0499015053092,1742714
2026-01-12,701.5731811523438,710.2108810570921,699.6632991014648,710.2108810570921,954762
2026-01-13,703.7421875,705.4121333820332,693.4153283925428,704.4523889828739,953429
2026-01-14,704.0589599609375,713.0901295009568,699.6537071415847,710.0957314899774,1169490
2026-01-15,694.6630249023438,710.0669116914362,689.1061255953169,703.4830787880495,715952
2026-01-16,706.8710327148438,710.2109248054055,698.6939908896421,700.6134798756027,1698138
2026-01-19,705.3162231445312,710.2108964319226,704.4524297040962,709.3471029914875,1203789
2026-01-20,705.124267578125,709.2511570469353,702.6288968313386,707.3316681239395,721038
2026-01-21,708.051513671875,719.7987771253188,703.9725994961983,704.9323440081222,2425822
2026-01-22,705.6328735351562,712.840563526003,704.3564556285493,708.2913843324693,809917
2026-01-23,703.0896606445312,709.2512040941826,700.6135033677313,709.2512040941826,856234
2026-01-26,695.2100830078125,708.7712767812951,691.0160044448646,704.4524267535147,2199916
2026-01-27,694.730224609375,698.1181507049974,686.2172958492181,694.8549960766908,1468897
2026-01-28,686.7643432617188,698.4060481289431,685.487866741065,695.8243332147688,1032579
2026-01-29,672.2529907226562,691.0063756018249,669.901605177963,687.1866115551306,1654749
2026-01-30,689.6578369140625,704.1586415498238,673.088258009645,673.088258009645,2057541
2026-02-02,688.6185913085938,696.2040772280894,683.7623247972497,691.5323512154002,1077277
2026-02-03,688.0455322265625,695.3202693244513,687.1617177966757,689.4927494562108,573478
2026-02-04,685.6077270507812,690.5610951603679,684.7238533521057,690.5513731424885,802890
2026-02-06,680.4989624023438,687.1617461660943,670.0482668556143,685.6563153274335,1506943
2026-02-09,672.1849975585938,685.7048268376183,665.3085076257345,681.8295356722558,1212487
2026-02-10,671.8450317382812,676.9635556409676,670.6504091392942,673.0785424091686,341826
2026-02-11,670.7864379882812,676.2351551366158,669.1838462243707,671.8450709586118,300908
2026-02-12,667.6298217773438,673.068816558653,659.4809923427026,672.1072852741535,529084
2026-02-13,667.4938354492188,672.5929153125995,663.4728325296095,670.0676804258309,326489
2026-02-16,652.2840576171875,670.164805548429,644.912218672691,668.2222988656798,820909
2026-02-17,656.586669921875,664.822878874444,652.1965860689395,652.6336619067878,497763
2026-02-18,657.4996948242188,663.3660437677667,650.2541234297508,659.4810303342805,2246022
2026-02-19,642.1926879882812,659.3838830983922,633.4999591760476,657.5384781329003,435673
2026-02-20,645.5241088867188,651.7109878892101,631.3146678509487,642.1732730243131,744051
2026-02-23,616.2894287109375,646.8352997427297,612.0936070430173,645.3978637263446,1189203
2026-02-24,596.835205078125,616.745899470479,593.4358182306499,616.745899470479,1219325
2026-02-25,588.0064697265625,602.1770823115187,586.6370285744473,602.1770823115187,595185
2026-02-26,595.3200073242188,604.1195599581733,578.439620022168,589.2205080712404,1947713
2026-02-27,587.67626953125,595.3783014559891,583.3153514899839,592.4645414162371,1260405
2026-03-02,530.1878051757812,560.316104297699,528.9057435875504,534.1893643993793,2737751
2026-03-03,568.7562866210938,573.0394878963118,530.3043396464174,531.2755930157332,2225279
2026-03-04,573.7484741210938,583.7232650239913,559.5390328273961,573.0394781433525,1379920
2026-03-05,599.8946533203125,602.1770749728893,575.0014253011627,575.0014253011627,1768794
2026-03-06,599.3118286132812,609.947063957189,592.4645047991804,600.2345310916287,759660
2026-03-09,599.2536010742188,606.0620966124048,548.758148375014,589.5507894931567,1473433
2026-03-10,612.2392578125,645.8834886517171,602.1770871640069,645.8834886517171,1566127
2026-03-11,602.3810424804688,621.6021243276474,597.3207913460986,612.2392281026187,721961
2026-03-12,591.25048828125,606.0621021560574,590.5220482546201,602.381073229171,652152
2026-03-13,595.98046875,599.1662081545511,587.122643046486,588.6766246756432,538257
2026-03-16,581.5476684570312,595.3783067504825,577.8957463565042,593.824325094369,398691
2026-03-17,583.3541870117188,589.5507881768493,573.8650227363454,583.2376413512324,393211
2026-03-18,600.671630859375,607.0333282836682,582.7519951523215,585.6657551280831,919164
2026-03-19,599.331298828125,612.8608505871618,588.0938906981403,597.320797323462,2039169
2026-03-20,599.331298828125,599.331298828125,599.331298828125,599.331298828125,0
2026-03-23,599.331298828125,599.331298828125,599.331298828125,599.331298828125,0
2026-03-24,601.6234741210938,610.9183760823141,601.2058422813234,606.0621091818188,703100
2026-03-25,623.6806030273438,631.3146396735921,604.1292695208508,606.0620540866483,1070283
2026-03-26,609.11181640625,623.6417280163636,608.0045734030607,621.6992213920727,971060
2026-03-27,600.1568603515625,616.6390607169682,584.9373367801919,616.6390607169682,1173469
2026-03-30,596.2135620117188,602.1770717561313,585.6949310048489,595.3782983653364,490813
2026-03-31,609.956787109375,616.7458381101329,594.4070124777974,596.3495190545221,655021
2026-04-01,623.6806030273438,639.9588176828998,614.3177070669954,615.7745870047037,1702430
2026-04-02,613.92919921875,616.7458575560483,607.0333243661894,616.7361355379628,667315
2026-04-03,605.1685180664062,620.4365913692382,604.168098720483,607.0333077893682,617372
2026-04-06,615.7745971679688,618.6883570914765,596.3495310112505,607.0818682067179,725467
2026-04-07,613.4824829101562,616.7458799531153,603.148332993519,611.3845424678252,658192
2026-04-08,668.8049926757812,672.1072775784342,640.0559189655897,660.4522380828544,3769585
2026-04-09,648.505859375,665.3085301039882,642.9697035457522,665.3085301039882,1987220
2026-04-10,649.001220703125,655.59600959193,646.8644514824091,651.7109962017557,640785
2026-04-13,627.5753784179688,635.199693534855,622.670501555643,631.5672154756833,700538
2026-04-14,637.7929077148438,641.0271979028303,633.3542728823599,633.3542728823599,492682
2026-04-15,641.6585693359375,665.3085654313666,639.3178154925383,665.3085654313666,1063196
2026-04-16,645.8251953125,650.7494568374154,642.9988741895103,648.7972281480621,519838
2026-04-17,656.4215698242188,660.4522950429716,645.825221585744,647.8260011671501,1544391
2026-04-20,650.4386596679688,658.9856773093944,643.2222543763266,649.7102196539734,1100514
2026-04-21,652.6239624023438,656.5186977254465,648.3115952626313,654.6150198650082,883054
2026-04-22,646.8741455078125,657.5384878325583,646.3690748191544,648.7972080829379,768074
2026-04-23,633.1211547851562,649.7684503871416,631.3729107209514,645.0092855584651,463833
2026-04-24,636.3749389648438,642.5715401793237,622.5831293183078,623.5446606652786,527934
2026-04-27,632.4121704101562,641.0271824991746,628.4008895105545,636.17091596509,368134
2026-04-28,632.4121704101562,632.4121704101562,632.4121704101562,632.4121704101562,0
2026-04-29,632.4121704101562,632.4121704101562,632.4121704101562,632.4121704101562,0
2026-04-30,613.7640991210938,619.6596138461229,604.1195608343078,619.6596138461229,443266
2026-05-04,614.5508422851562,629.3721780620696,608.5485036265696,616.74588436638,431744
2026-05-05,618.717529296875,622.5733765126328,603.6922096493565,603.6922096493565,444032
2026-05-06,631.8488159179688,636.1709049143458,621.6021055651622,626.2058366746088,862795
2026-05-07,643.5816040039062,653.6534963749928,633.2571762800821,639.0846963071995,1361411
2026-05-08,632.1013793945312,641.9790091943865,631.2563937371141,641.0271998976635,765774
2026-05-11,628.3911743164062,633.2571629212953,626.4583896997476,629.3721496518394,244952
2026-05-12,627.8958129882812,640.0073724376867,626.4583770773366,626.5652007127508,715330
2026-05-13,628.5757446289062,633.9370821648147,626.4584194103079,628.4009261371615,616950
2026-05-14,627.3131103515625,633.7330806849362,626.4098518613815,631.3146693595164,449664
2026-05-15,624.3118896484375,631.2078236720068,621.7963767893752,630.2948431954452,228085
2026-05-18,612.8511352539062,622.3791281439188,609.9470972534712,621.6021373283783,577933
2026-05-19,610.8018188476562,620.621176107088,607.1401747042592,614.9490896719028,588895
2026-05-20,617.9501953125,619.9024239468404,610.8308919649623,613.832090770706,390849
2026-05-21,628.8185424804688,635.1996840346725,624.5158973001444,625.4871506396469,571882
2026-05-22,625.059814453125,635.199701975145,623.5446615719313,635.199701975145,389360
2026-05-25,639.5897827148438,642.9697254437589,631.2175834794591,636.0544062509206,1451188
2026-05-26,639.5897827148438,639.5897827148438,639.5897827148438,639.5897827148438,0
2026-05-27,639.5897827148438,639.5897827148438,639.5897827148438,639.5897827148438,0
2026-05-28,639.5897827148438,639.5897827148438,639.5897827148438,639.5897827148438,0
2026-05-29,650.2249145507812,651.8080621631095,636.170907835424,641.9984276018554,1331545
2026-06-01,639.1915283203125,652.5851499643413,636.1709446273647,650.7397448860066,880309
2026-06-02,637.200439453125,642.9599644249614,634.3352303537933,639.5702998831414,380652
2026-06-03,637.200439453125,637.200439453125,637.200439453125,637.200439453125,0
2026-06-04,636.9576416015625,638.9875871371585,633.2571687992814,635.9766662570237,235321
2026-06-05,630.994140625,639.9394052249459,628.4591836356439,639.9394052249459,606551
2026-06-08,629.0419311523438,631.21758849554,623.544663164915,625.4871699037466,304728
2026-06-09,633.0629272460938,638.1134565666684,632.0916738875449,635.1996964910215,374384
2026-06-10,631.576904296875,636.607989292626,630.8290202837914,631.31464693528,640928
2026-06-11,638.5213623046875,645.8834793140837,626.652674793634,629.3721723240997,934459
2026-06-12,642.7948608398438,648.7486482623879,640.2987327656749,646.1262525178086,1084036
2026-06-15,647.69970703125,655.596001390445,644.9122147011193,655.596001390445,801493
2026-06-16,649.7684936523438,654.6247604210458,646.8741776279893,650.7203029692173,1120896
2026-06-17,650.7105712890625,653.6534973618876,648.7972306652912,651.7109906832491,767066
2026-06-18,645.9126586914062,654.1391463008124,641.0272257736247,650.7397594974675,925301
2026-06-19,639.5411376953125,649.7684634901354,636.1709171689668,645.9126163094622,796763
2026-06-22,639.7354125976562,645.8834627590278,637.0450811914069,641.9984494491991,445865
2026-06-23,637.8414916992188,642.9697380038476,636.1709643391544,642.9697380038476,476705
2026-06-24,643.7467041015625,645.7863716909106,638.5893512197157,640.7649492238742,407381
2026-06-25,643.7467041015625,643.7467041015625,643.7467041015625,643.7467041015625,0
2026-06-26,643.7467041015625,643.7467041015625,643.7467041015625,643.7467041015625,0
2026-06-29,640.5123901367188,645.3978227273249,638.356236249111,643.7175734754181,448811
2026-06-30,654.9063720703125,660.4522498030561,640.4444553594967,641.512810286645,2289973
2026-07-01,654.3819580078125,657.5385314601693,651.7207332590294,655.5960247202574,773978
2026-07-02,657.9075927734375,660.4522717840398,652.5851434353226,654.6247517388865,6993077
2026-07-03,669.9317016601562,675.9923129117103,658.9953797566027,660.4522597413262,3683127
2026-07-06,683.8594360351562,684.7335877317338,672.5929212825896,672.5929212825896,2123033
2026-07-07,673.0105590820312,687.6473537970037,671.3303098003131,685.7048471478596,1147250
2026-07-08,656.4409790039062,671.1166024944779,652.6822333844526,670.1647932072505,1393516
2026-07-09,656.2273559570312,660.4522843579633,645.8834839677141,650.7397507644639,644709
2026-07-10,659.1119384765625,665.7261713670777,656.2273445043244,656.2273445043244,669982
2026-07-13,650.6522827148438,657.5384948074424,649.2828416230062,655.5959881758104,750224
2026-07-14,635.151123046875,648.7001187719618,632.2956359032665,645.8834604202956,792139
2026-07-15,636.0155639648438,642.8726101817368,633.7428050632222,639.0555323843136,568446
2026-07-16,642.4548950195312,645.6406343137048,631.3146480690608,635.1996612879473,772702
2026-07-17,634.2381591796875,643.8341470142543,632.7715571371904,642.4549245760677,415831
2026-07-20,631.4312133789062,633.1600727698149,626.9731937685954,631.3146677211595,391943
2026-07-21,631.576904296875,639.0846733590988,631.31464693528,633.3542551592936,251675
2026-07-22,627.0703125,635.199698392948,625.4871647783768,626.458418139834,471175
2026-07-23,618.6786499023438,631.2758364328226,616.7458652583198,627.4296519005899,388191
2026-07-24,614.8228149414062,623.5446510596448,611.9381616643304,616.1631493076274,461780
2026-07-27,635.5590209960938,637.6860681070939,626.4583822628776,632.1693564436289,694132
2026-07-28,632.1401977539062,639.9588343814306,631.3146561465692,639.9588343814306,298075
2026-07-29,631.586669921875,634.2187286150886,626.5652473167546,630.3337151349434,408138
2026-07-30,628.22607421875,638.1134258186767,626.4681080957093,629.3721460129414,418289
2026-07-31,627.8181762695312,633.7427978707192,626.5554995159612,629.3721578854038,378517
2026-08-03,632.7520751953125,638.9583979535622,631.6351694787654,637.1324370236177,416731
2026-08-04,631.09130859375,634.2284379464188,629.857797868687,633.7428112711153,285134
2026-08-05,638.58935546875,642.9697175612005,635.1996907628777,636.6565707875633,662474
2026-08-06,657.655029296875,659.3352785349173,639.084670956218,639.1914945918006,1550329
2026-08-07,661.9382934570312,679.6830510298001,650.1569861241202,657.4413859121231,5112385
2026-08-10,653.9739990234375,663.6088151304601,652.8764780554538,661.9382879144193,854349
2026-08-11,648.5349731445312,653.6632192296438,647.5346130311744,653.653497211357,764563
2026-08-12,660.5007934570312,662.3947492442743,648.7972030721044,648.7972030721044,1149651
2026-08-13,658.6845703125,668.21256302304,656.5672451857797,664.5509190320203,1014972
2026-08-14,658.6845703125,658.6845703125,658.6845703125,658.6845703125,0
2026-08-17,660.02490234375,665.1142602446723,655.1103629263787,661.423509492756,561976
2026-08-18,660.02490234375,660.02490234375,660.02490234375,660.02490234375,0
2026-08-19,641.7265014648438,655.5960281143063,640.0462520959137,648.1368093081002,724869
2026-08-20,648.1367797851562,659.4712895563606,646.8547182749036,659.4712895563606,697687
2026-08-21,655.654296875,658.5000621323637,645.8834903545447,648.7778064242359,500451
2026-08-24,652.5462646484375,659.4810278282018,650.9437321815744,658.5000524550783,434866
2026-08-25,648.8555297851562,656.4507383200524,646.8547501963137,655.596030604372,246600
2026-08-26,648.8555297851562,648.8555297851562,648.8555297851562,648.8555297851562,0
2026-08-27,645.2035522460938,658.98563887836,641.998428227552,649.7684545903667,531597
2026-08-28,645.5921020507812,647.825972859695,642.9697061965787,647.825972859695,312049
2026-08-31,644.1934814453125,649.6421983003469,641.2117266626747,648.7972126610356,371066
2026-09-01,644.5916748046875,647.8065209252513,642.1829855389401,647.8065209252513,188313
2026-09-02,640.9397583007812,644.135219692993,639.181792146395,642.2995366737138,335447
2026-09-03,640.1336669921875,644.7859491429867,638.1134434493661,641.0272034651166,338972
2026-09-04,645.3881225585938,646.8547245872235,639.084697865455,641.0272045458971,194252
2026-09-07,642.289794921875,647.8162285656935,640.7358133553525,645.8834439851297,274943
2026-09-08,640.9301147460938,642.2898338791236,635.6853228999199,642.2898338791236,360198
2026-09-09,635.1705322265625,641.6099467543473,633.3542931834028,641.027218449815,317029
2026-09-10,626.6624145507812,636.1709637984468,623.5446698604622,635.1802663812123,388657
2026-09-11,630.9261474609375,633.9953412198147,617.8142273395737,625.6911369990709,307135
2026-09-14,622.9619140625,631.3146690484397,621.6021356784637,630.926144001401,330008
2026-09-15,625.8756713867188,630.3434130054887,623.5446396756915,625.6036919988394,287967
2026-09-16,622.019775390625,629.372170358641,621.1165168894304,626.4584103106843,237264
2026-09-17,631.5283203125,635.1705203492214,620.6211642389903,624.5158996298203,769004
2026-09-18,631.8099975585938,639.2886598707669,630.1394110463958,635.1996621115718,654099
2026-09-21,635.9500122070312,639.719970703125,632.510009765625,636.989990234375,336479
2026-09-22,645.5700073242188,653.739990234375,633.5,635.9500122070312,827165
2026-09-23,650.22998046875,655.9000244140625,646.0,646.0,607452
2026-09-24,637.4299926757812,654.8300170898438,635.0,652.0,611942
2026-09-25,639.6199951171875,642.9000244140625,636.9000244140625,639.0,286082
2026-09-28,635.0900268554688,641.989990234375,634.5,640.969970703125,244578
2026-09-29,630.2999877929688,638.5,629.0,637.0,337455
