Date,Close,High,Low,Open,Volume
2021-10-01,72.30840301513672,74.58747949174955,71.92936763255615,73.37262059503996,421745
2021-10-04,72.425048828125,73.37750178270046,71.65240009224382,72.40561434186999,631411
2021-10-05,72.35701751708984,72.64858671737217,72.16264299351015,72.25983025529999,431997
2021-10-06,72.05086517333984,72.59997644130861,71.67668649647119,72.59997644130861,574016
2021-10-07,72.25981903076172,73.37749090501245,71.91965995987975,72.40560360825731,579150
2021-10-08,72.98873138427734,73.3191769068071,71.9390913690576,72.57568374975429,861478
2021-10-11,72.70687103271484,73.34345589205299,72.01683208668138,73.34345589205299,117847
2021-10-12,73.0081787109375,73.7419509738294,72.1140367343073,72.63885678094508,1506093
2021-10-13,72.05086517333984,73.37748922689593,71.62808916678019,73.1053619764138,1112418
2021-10-14,72.61942291259766,73.51841424920653,71.44344012614624,72.81379741378014,1170507
2021-10-15,74.50973510742188,75.31640328497399,72.55138293926956,72.88668521878888,3790858
2021-10-18,76.02587890625,76.2931493838892,73.62045943731984,73.86828801754274,1366240
2021-10-19,76.02587890625,76.02587890625,76.02587890625,76.02587890625,0
2021-10-20,77.57118225097656,77.74612225036167,75.32126092289528,75.80720454175265,1304963
2021-10-21,78.07170104980469,79.93286593937593,76.05017388142898,77.75097649219576,1917195
2021-10-22,77.66351318359375,79.13105758247372,77.279613570079,79.13105758247372,1028966
2021-10-25,77.66351318359375,78.21262443400582,77.02692081060573,78.21262443400582,512745
2021-10-26,77.07550811767578,77.69751527942263,77.02205402963924,77.58088615600374,804349
2021-10-27,79.60242462158203,80.18069872605271,77.45941143968882,77.45941143968882,1677425
2021-10-28,79.4517822265625,80.17584089297995,78.23692317111048,80.17584089297995,281372
2021-10-29,79.67533111572266,80.13211195832325,78.77147555072607,80.13211195832325,124028
2021-11-01,79.86483001708984,80.66663395489414,79.67531231825006,80.52084939849958,166531
2021-11-02,80.02033233642578,80.18069461544599,79.45177920985103,79.69475101171601,215351
2021-11-03,79.27684783935547,80.18070333720773,78.72772913463798,80.18070333720773,1608884
2021-11-04,78.58195495605469,79.93773454690287,77.99395984667423,79.93773454690287,464021
2021-11-05,79.53923034667969,79.68987906366172,78.70827109495413,78.72284880709601,450404
2021-11-08,78.98460388183594,80.3937007750943,78.90465306709706,80.19882542949912,178808
2021-11-09,78.36000061035156,79.44930184378161,78.20009898460265,79.44930184378161,163943
2021-11-10,77.7004165649414,79.19446590481479,77.55051069939584,79.19446590481479,458924
2021-11-11,77.65044403076172,78.20009631988236,77.45556869635148,78.10016161945921,609202
2021-11-12,76.66608428955078,78.07518895966938,76.28133524801926,77.82534835499844,342344
2021-11-15,75.61674499511719,76.651080951369,75.47683489112688,76.651080951369,390643
2021-11-16,75.61176300048828,75.9515425574181,75.45685542356199,75.50183252629803,1164868
2021-11-17,77.56550598144531,77.95026261769581,75.87658880940869,75.87658880940869,2129747
2021-11-18,78.24507141113281,78.68479327401116,77.70042077385908,77.92527577209296,1273530
2021-11-19,80.183837890625,81.64790005768661,77.55551768352515,78.44994362225982,873921
2021-11-22,78.29004669189453,81.94771673266342,77.95026713594814,79.97397751919127,1601084
2021-11-23,78.449951171875,79.14950182678024,78.07519025863355,78.4399554126534,1098017
2021-11-24,76.4112548828125,79.0495712399711,76.20138967537156,79.0495712399711,2804322
2021-11-25,76.1214370727539,77.65046042314596,74.97717040597028,76.08146165923986,3070691
2021-11-26,76.96089935302734,77.94527191156637,75.21201518042926,75.21201518042926,2035145
2021-11-29,79.799072265625,80.13385769657796,75.71667848508544,76.48619166926997,1885659
2021-11-30,77.56550598144531,80.44866847082709,75.20201617925142,80.0739075928574,20426529
2021-12-01,78.0701904296875,78.6997859726379,77.45058302069127,78.44994538224857,1656546
2021-12-02,76.49120330810547,78.43496298032179,75.86160770556653,78.07019781869823,821736
2021-12-03,76.97590637207031,77.4506020857541,75.50184805082841,76.45123947819597,481065
2021-12-06,76.94090270996094,77.90028962007308,76.70105788856526,77.15076788174834,228049
2021-12-07,77.20574951171875,77.45059607640435,76.33130729795289,77.0508495394909,303094
2021-12-08,77.7703857421875,78.20011190170845,76.40125643754389,77.20074944929046,402695
2021-12-09,77.13079071044922,78.17012852642532,76.70106457138728,78.17012852642532,379258
2021-12-10,77.12578582763672,77.79535671509531,76.4512132491561,77.37562639381044,90017
2021-12-13,76.06647491455078,77.37564498046066,75.51182841943057,77.37564498046066,709666
2021-12-14,75.4818344116211,76.82098387811438,75.20201418342144,76.82098387811438,1081166
2021-12-15,75.76164245605469,76.25133540118249,74.95216155115126,75.70168316666278,715175
2021-12-16,73.30821228027344,76.00149291120904,72.95343536991511,76.00149291120904,1389155
2021-12-17,73.58304595947266,74.50246510204337,72.95345043343936,73.88785177653875,470930
2021-12-20,73.9977798461914,75.35191912064242,73.45312922130819,73.94781630579244,301398
2021-12-21,74.67235565185547,75.45185706117198,73.70297295710508,74.00278471047125,146598
2021-12-22,74.49746704101562,74.95217875535194,74.20265696779842,74.95217875535194,72946
2021-12-23,73.98279571533203,74.87722931449001,73.45313487425875,74.08273042835022,480383
2021-12-24,74.39753723144531,74.50247364341278,73.70797470159445,74.00279241877428,51760
2021-12-27,74.70233917236328,75.38689997442765,73.95781144180124,74.40252740346487,128368
2021-12-28,75.03711700439453,75.37190245827273,74.45249097676877,74.82225777074567,132850
2021-12-29,75.29695892333984,75.69170370435998,74.69734302675732,74.70233709377234,182152
2021-12-30,75.54680633544922,76.20138752640692,74.45250322252217,74.45250322252217,306926
2021-12-31,76.6261215209961,77.0508460020358,75.30196165479653,75.75167934737645,481271
2022-01-03,76.98088073730469,77.05083579694775,76.1514081554443,76.3512852005171,502411
2022-01-04,76.79601287841797,77.19575940512513,76.70107222056531,76.95091284669093,233074
2022-01-05,76.90592956542969,77.17575403843995,76.45121787757793,76.80099316649103,345748
2022-01-06,77.015869140625,77.1507775808224,76.4862082655468,77.1507775808224,301734
2022-01-07,77.42060089111328,77.80035583151633,76.9508993762943,77.20073995868486,296075
2022-01-10,79.70413208007812,79.79407864572633,77.20572649970985,77.72539913016256,1609153
2022-01-11,81.09825134277344,81.29812075092325,79.19946146723362,79.44930203968545,1806789
2022-01-12,80.29376983642578,81.19819155007416,80.09889448168678,81.09825683922617,128629
2022-01-13,80.91336059570312,81.4430289907403,79.97895933544896,80.44866081104053,79732
2022-01-14,81.03828430175781,81.34809179582321,80.3487295074827,80.23380497919172,914989
2022-01-17,81.01331329345703,81.41805383502872,80.44867111226056,80.94835229929323,417392
2022-01-18,81.4780044555664,81.67788148379907,80.69850310678157,80.94834367367564,907626
2022-01-19,80.40369415283203,81.64789531305716,80.19882305532708,81.5029911370958,97779
2022-01-20,79.57422637939453,81.26814524192447,78.52489287183245,81.26814524192447,187480
2022-01-21,79.86902618408203,80.92335362313146,79.19945533166961,80.92335362313146,446259
2022-01-24,80.47364807128906,80.69850305644766,78.95461315578439,79.44930022275653,288010
2022-01-25,80.47364807128906,81.19818418992412,79.70413485599907,79.70413485599907,353458
2022-01-26,80.78844451904297,80.94834614651383,80.07390413567185,80.82342585925069,462761
2022-01-27,80.82343292236328,80.94835322054313,80.25379666764435,80.92336763600117,474667
2022-01-28,80.26380157470703,80.94336837924256,80.19884057239979,80.88840313679736,612543
2022-01-31,80.41368865966797,80.6135657064406,80.19882941198334,80.19882941198334,374177
2022-02-01,81.33309936523438,81.44802388984274,80.04891520609303,80.19882106944638,246309
2022-02-02,82.10761260986328,82.2924922008776,81.19818923070522,81.19818923070522,548718
2022-02-03,81.89775085449219,82.54733798083574,81.4530348631047,82.54733798083574,108747
2022-02-04,81.8627700805664,82.1975555621373,80.9733381744157,82.1975555621373,88041
2022-02-07,81.87276458740234,81.94771371476858,81.45802829207305,81.92272813080326,109836
2022-02-08,81.45303344726562,82.04266125538487,81.40306989966493,81.87277146938777,123213
2022-02-09,81.95272064208984,82.19756720412477,81.44804531472545,82.19756720412477,170270
2022-02-10,80.41368865966797,83.04701061385812,80.00395405671112,82.27250325973988,957015
2022-02-11,80.81342315673828,81.22316532352441,80.09888283477085,80.49862924456673,298753
2022-02-14,79.90900421142578,80.94834186137955,79.8040754454157,79.94897961617733,193947
2022-02-15,80.1138916015625,80.69352365159872,79.7241408565972,79.7241408565972,163868
2022-02-16,80.20883178710938,80.93336803317109,80.00396065646568,80.93336803317109,22343
2022-02-17,80.14387512207031,80.69852161274908,79.69915911599676,79.69915911599676,68984
2022-02-18,81.02830505371094,81.04828894687624,79.9539859012227,80.69351956534939,294468
2022-02-21,80.56861114501953,81.42806354391978,80.2038383263312,81.42806354391978,8228
2022-02-22,80.15384674072266,81.14820724580446,79.69913511176556,80.94334379031554,134922
2022-02-23,80.85841369628906,80.94835265057091,79.7740988061365,80.89838148183887,78607
2022-02-24,79.37435150146484,80.9433499634852,78.95461355259306,80.44866289402687,382137
2022-02-25,78.64480590820312,79.92398826986415,78.44993058942708,79.67414772658573,212986
2022-02-28,78.94963836669922,79.93900511769174,78.44995711121378,78.69979773895649,118028
2022-03-01,78.58985900878906,80.34873897846168,78.44994888189204,80.34873897846168,216837
2022-03-02,77.91529083251953,78.84469822886012,77.5755112545929,78.84469822886012,1549654
2022-03-03,77.65545654296875,78.2001072170212,77.45557948974081,78.19511314988924,161094
2022-03-04,76.95588684082031,77.95025501825536,76.90092161242885,77.6504432952967,201337
2022-03-07,74.9122085571289,76.95090887606173,74.82226959613928,76.45122764959379,1626736
2022-03-08,74.35755157470703,75.40188336044245,74.32757192528372,74.45249221423377,1086906
2022-03-09,74.46247863769531,75.5517797610123,74.25261349351118,74.32756260767394,725422
2022-03-10,75.496826171875,75.95153786662148,74.47247824811005,74.8372509919992,451799
2022-03-11,75.90657043457031,76.29632114783651,75.00214871213133,75.8216255482974,456475
2022-03-14,75.98150634765625,76.42622221875789,75.70168615341636,76.39624257287912,141196
2022-03-15,76.9580307006836,77.24220090954474,75.95052530905068,76.45685993699092,195750
2022-03-16,76.69969940185547,77.75887502378244,76.20886422596618,77.46954093625875,225513
2022-03-17,76.1158676147461,76.77720492664005,75.96086495769788,75.96086495769788,118471
2022-03-18,73.74950408935547,76.20368743630242,73.36200145562701,76.20368743630242,1324882
2022-03-21,74.37983703613281,74.65883544367662,73.37232395324072,73.62549516071915,124338
2022-03-22,73.77532958984375,74.77250711053046,73.49633116884851,74.65883904322398,773750
2022-03-23,73.77532958984375,73.77532958984375,73.77532958984375,73.77532958984375,0
2022-03-24,74.04400634765625,74.40051005306239,72.9279968047575,73.52217227502163,236520
2022-03-25,74.42634582519531,74.91718095122685,73.63066928156533,74.65884584449849,133679
2022-03-28,74.56585693359375,74.86035488708008,73.9096834851499,74.86035488708008,71466
2022-03-29,74.91718292236328,75.02051539102104,74.34367865498643,74.88618397014216,1493313
2022-03-30,74.16800689697266,74.91717709113169,74.1215084722602,74.8138446305169,143475
2022-03-31,75.2581787109375,75.95051484531594,74.16800433896381,74.40050433826868,410654
2022-04-01,76.162353515625,77.44885722480082,74.65884139202883,75.12384140290372,788322
2022-04-04,74.19900512695312,75.95051672798267,73.59966582393571,74.40050618251364,442388
2022-04-05,74.91718292236328,75.95052337646484,73.9355126444716,74.43151164753363,411741
2022-04-06,75.08251953125,75.43385149372743,74.91718127801697,75.37701745464881,126349
2022-04-07,74.90684509277344,75.43385091621676,74.65884559858438,75.43385091621676,93997
2022-04-08,77.13885498046875,77.75885758378665,75.70251259400732,75.9505120585823,1146052
2022-04-11,79.34505462646484,80.07872544049675,78.27554341734859,78.27554341734859,1327103
2022-04-12,78.86971282958984,79.79972088370607,78.30138026812513,79.79972088370607,465409
2022-04-13,78.93687438964844,79.37604722352556,78.59070629352395,79.37604722352556,194536
2022-04-14,78.77153778076172,79.25203725583796,78.28586655836563,79.25203725583796,434889
2022-04-15,78.60620880126953,79.05054551625386,78.53903914828845,79.05054551625386,131599
2022-04-18,77.80535888671875,78.533865717384,77.71752590400722,78.533865717384,504173
2022-04-19,77.5005111694336,78.43051888021873,76.7203421951481,78.43051888021873,484624
2022-04-20,76.67902374267578,78.27036885219162,76.46718707556643,78.27036885219162,121359
2022-04-21,76.45169830322266,77.50053829072277,76.20886265254406,76.47236164457803,197916
2022-04-22,76.46202850341797,76.71002800094016,76.18302217041386,76.23469234578852,184807
2022-04-25,77.90869903564453,78.12053571803087,76.3638601228434,76.9786989462876,255676
2022-04-26,77.5108642578125,78.19803655786319,77.4023600488523,78.19803655786319,1977179
2022-04-27,77.96035766601562,78.79219691270676,77.50568541676509,77.96552152929866,375824
2022-04-28,77.96035766601562,78.28069063229991,77.50052155348206,77.96035766601562,355174
2022-04-29,77.96035766601562,77.96035766601562,77.96035766601562,77.96035766601562,0
2022-05-02,77.96035766601562,77.96035766601562,77.96035766601562,77.96035766601562,0
2022-05-03,77.96035766601562,77.96035766601562,77.96035766601562,77.96035766601562,0
2022-05-04,77.96035766601562,77.96035766601562,77.96035766601562,77.96035766601562,0
2022-05-05,77.96035766601562,77.96035766601562,77.96035766601562,77.96035766601562,0
2022-05-06,77.85702514648438,78.27552670110839,77.50052148624593,77.96035759838055,1943248
2022-05-09,76.36604309082031,77.85702924803176,75.9919633189791,77.85702924803176,545651
2022-05-10,75.76752471923828,76.93786655548514,75.41481739652555,76.93786655548514,586213
2022-05-11,74.92851257324219,76.40345924755172,74.76284109351295,76.40345924755172,501834
2022-05-12,74.72010040283203,75.77286496552486,74.29257712133696,75.77286496552486,495232
2022-05-13,74.75749206542969,75.48427907866103,74.38875339745046,75.03003413751881,363834
2022-05-16,73.66197204589844,74.75749781131142,73.37873962931288,74.28188034248588,170615
2022-05-17,73.8703842163086,74.78421519996006,73.48561413417399,74.78421519996006,581251
2022-05-18,73.2718505859375,74.71473419831752,73.13290901658995,73.74746798809345,677278
2022-05-19,73.30392456054688,73.90780145628551,73.21307719510149,73.26652065916478,275372
2022-05-20,73.23445892333984,73.95590500753326,72.94588538225973,73.37874977104428,437537
2022-05-23,72.37406921386719,73.69404299348236,72.09083676603028,73.69404299348236,455572
2022-05-24,71.99464416503906,73.13292313043678,71.79691801774578,73.13292313043678,727758
2022-05-25,71.36404418945312,73.73679053032552,70.80826966077473,73.73679053032552,859676
2022-05-26,72.14427185058594,72.4649163205418,71.214409411176,72.0908283874841,221652
2022-05-27,72.3099365234375,73.44821544332358,72.01067269485263,72.62523176038744,973289
2022-05-30,72.48094940185547,73.48027858117455,72.03739474171887,73.48027858117455,132666
2022-05-31,71.51368713378906,72.99397495956855,71.0754735332658,72.99397495956855,160054
2022-06-01,71.080810546875,72.14427351423544,71.02202599783844,71.60453040350176,1854854
2022-06-02,70.71742248535156,71.44955066614541,70.54106883474535,71.09150228012477,82761
2022-06-03,70.47158813476562,71.34266599184099,70.2738620069445,71.07546499561687,127046
2022-06-06,70.53573608398438,71.54040648660522,70.00667506965529,71.54040648660522,2422100
2022-06-07,69.97459411621094,70.79756954869616,69.68601249069047,70.03337865812608,454841
2022-06-08,70.09750366210938,70.22041382890433,69.53103889285893,69.53103889285893,212919
2022-06-09,69.7608413696289,70.36471830720465,69.55777413164077,70.27387093546528,1080405
2022-06-10,70.03872680664062,70.48228145777101,69.5524190157754,70.48228145777101,37317
2022-06-13,66.49029541015625,70.00666152480707,66.21240816599453,70.00666152480707,390755
2022-06-14,66.18034362792969,67.2438065740988,65.19704587666452,66.26584990742951,198971
2022-06-15,66.8109359741211,67.73545322431025,65.54440584866076,65.54440584866076,74934
2022-06-16,67.16899108886719,67.60185541966828,66.13224986706679,67.58582401144066,178614
2022-06-17,67.79422760009766,68.4034454600532,67.06744066591155,67.54840320723515,1656794
2022-06-20,67.69271087646484,68.82564068306267,67.35069386951105,68.39278037768081,98692
2022-06-21,68.43550872802734,68.93250675502091,67.09416284129736,67.09416284129736,149812
2022-06-22,69.84100341796875,70.10820443607754,68.40346063585098,68.93786267206856,540953
2022-06-23,71.23046112060547,71.60989024638326,69.5043444075804,69.5043444075804,254048
2022-06-24,67.21173095703125,72.11754098458486,65.89176157517808,70.3005776298462,824804
2022-06-27,69.57914733886719,71.34267578693809,67.49498254390149,69.47226855656892,522679
2022-06-28,68.92182922363281,71.07546871350792,68.13625760129518,69.5791414255159,917037
2022-06-29,65.37874603271484,69.46692668239548,63.812951911726394,69.46692668239548,2949393
2022-06-30,65.72076416015625,66.13225193379213,64.07480491128473,65.3306488800492,2314699
2022-07-01,66.85903930664062,67.19571112283326,65.33064915164378,65.71541927138621,258558
2022-07-04,66.99799346923828,67.52170524968916,66.39946164298706,67.2224413751458,343491
2022-07-05,66.6452865600586,67.27588121210512,65.99866049707974,67.27588121210512,183300
2022-07-06,66.77888488769531,67.2812241585718,66.13225884601621,66.92317573566233,157020
2022-07-07,67.0514144897461,67.81560945467754,66.2979057700494,67.81560945467754,48581
2022-07-08,67.0514144897461,67.0514144897461,67.0514144897461,67.0514144897461,0
2022-07-11,67.0514144897461,67.0514144897461,67.0514144897461,67.0514144897461,0
2022-07-12,67.0514144897461,67.0514144897461,67.0514144897461,67.0514144897461,0
2022-07-13,67.66062927246094,68.13624666812815,66.2658398968462,67.32395752140894,867908
2022-07-14,68.5477523803711,69.15162114438405,67.66064303141465,67.80492978915994,611722
2022-07-15,67.12625122070312,68.56379424107358,67.06212149794938,68.40347197277154,588055
2022-07-18,66.0734634399414,67.12623604003305,65.46424548163237,66.5864888744562,227911
2022-07-19,64.625244140625,66.52771425377776,63.99464951881441,66.2658583743882,878643
2022-07-20,64.66264343261719,65.17566887472375,64.13358658250164,64.65729827089294,525801
2022-07-21,63.716766357421875,65.14361903473113,63.46559670948021,64.91382596078074,361920
2022-07-22,63.83967590332031,65.11689662668898,62.90981736869092,65.11689662668898,118156
2022-07-25,63.20372009277344,64.65195303988108,63.064778514164026,64.65195303988108,50343
2022-07-26,63.59919357299805,64.39010637926134,62.899124065923104,64.39010637926134,40287
2022-07-27,63.882415771484375,64.36871947289869,63.06478136124229,64.36871947289869,20389
2022-07-28,65.92916870117188,68.39810305067755,63.15562133227189,64.55041071963613,1042485
2022-07-29,64.99932098388672,66.25516908456743,64.7214337070927,66.25516908456743,1147191
2022-08-01,65.4642562866211,65.82764987235993,64.84969306523217,64.9832935882661,204912
2022-08-02,65.52837371826172,66.36738468250562,64.92984201952098,66.36738468250562,425570
2022-08-03,66.80026245117188,68.08282830566726,64.95657683838532,66.20707579443231,488072
2022-08-04,68.8844223022461,69.47226783023325,67.12624311198543,67.86371648732727,528323
2022-08-05,69.46692657470703,70.86171627466413,68.29658476097738,68.40880462692695,1227269
2022-08-08,69.46692657470703,69.46692657470703,69.46692657470703,69.46692657470703,0
2022-08-09,69.46692657470703,69.46692657470703,69.46692657470703,69.46692657470703,0
2022-08-10,70.69070434570312,73.21308273913492,68.94855655330821,70.00667035639908,570681
2022-08-11,70.10285186767578,71.07546744147851,70.00666341980214,71.02202397866367,146755
2022-08-12,69.44554138183594,70.91514694770689,69.36538433997409,70.91514694770689,571038
2022-08-15,70.215087890625,70.54107348061005,69.50968139606971,70.03339314324408,457364
2022-08-16,69.84635162353516,71.07547806300934,69.73947283626104,70.51970347658671,259693
2022-08-17,69.33332061767578,70.53572515586575,69.15161773461584,70.27386523199087,321916
2022-08-18,69.7608413696289,70.54107196563815,69.21040789981906,69.73946887511953,333045
2022-08-19,69.1997299194336,70.54107623655517,69.1035333024964,70.54107623655517,92070
2022-08-22,68.57447052001953,70.2471432830303,68.40345796103968,70.2471432830303,97968
2022-08-23,69.08216857910156,69.71275920535864,68.77755543791216,68.809618262389,628478
2022-08-24,68.92182922363281,69.47226265230098,68.69738135358317,69.46157232868117,197434
2022-08-25,68.20038604736328,69.46157104114474,68.0828169527078,69.46157104114474,330278
2022-08-26,67.77821350097656,68.65997362852269,67.54842045462377,68.66532286783382,433641
2022-08-29,67.59651947021484,68.80426933964691,67.38810298052421,68.80426933964691,1196716
2022-08-30,66.27758026123047,68.52914272800237,65.94646912442437,68.52914272800237,235523
2022-08-31,66.45417022705078,67.87795268406818,65.72572407397547,66.76321092341746,867973
2022-09-01,66.44866943359375,67.18815096328944,66.23344273567012,66.55351871582525,158568
2022-09-02,65.97957611083984,67.05017281000127,65.91887191385814,67.04465309837393,240330
2022-09-05,65.75882720947266,66.77423504373648,65.42219643151861,66.77423504373648,52370
2022-09-06,66.49281311035156,66.77425951529378,65.67055274644595,66.21688641813961,602521
2022-09-07,66.20584106445312,67.03914072621063,65.94646933984403,67.03914072621063,49387
2022-09-08,65.90784454345703,66.77425411856665,65.73125164312599,66.22240077874379,63673
2022-09-09,66.29966735839844,66.67492784005154,65.9520012309595,66.67492784005154,96986
2022-09-12,66.09546661376953,66.68594946496941,65.79746954258637,65.79746954258637,51344
2022-09-13,66.37140655517578,66.76874167676336,65.67055458981964,66.5535191876213,171944
2022-09-14,66.18376922607422,66.76321689961195,66.00717633104573,66.76321689961195,149342
2022-09-15,65.84713745117188,66.49832453201381,65.52154601590424,66.49832453201381,1059178
2022-09-16,65.10214233398438,66.49281096533538,65.00280855958023,66.49281096533538,439518
2022-09-19,65.1573257446289,65.60984532931812,65.01384269280832,65.11869617802031,131679
2022-09-20,64.69927978515625,65.6484681358622,64.10328142032559,65.6484681358622,91919
2022-09-21,64.8427734375,65.25666348071809,64.3019552618265,64.3019552618265,64881
2022-09-22,64.46751403808594,65.83059261012623,63.766662072420054,65.83059261012623,229179
2022-09-23,64.58341217041016,65.12974593739781,64.29093049929867,64.566857239639,305851
2022-09-26,64.95313262939453,65.25665363273922,64.29091034430544,64.29091034430544,603681
2022-09-27,66.10099792480469,66.22240634341678,65.00833057791036,65.02488550584705,862897
2022-09-28,66.07339477539062,67.60202650171082,65.69813437823417,66.27757779349359,303541
2022-09-29,65.20698547363281,66.21135827309368,65.09109257996245,66.07339495333089,520693
2022-09-30,65.95199584960938,66.21688310309968,64.57236245761868,64.57236245761868,236449
2022-10-03,65.67054748535156,66.64181054301243,65.12972935940776,65.12972935940776,1020196
2022-10-04,64.51718139648438,66.71907522836212,64.29091948721282,66.49833303183814,367159
2022-10-05,64.34609985351562,64.83724899884427,64.01498868513664,64.51717725525185,564685
2022-10-06,64.5999526977539,64.99728778890206,64.30195137939279,64.99728778890206,190929
2022-10-07,64.58892059326172,65.0579951277794,63.959808072086055,65.0579951277794,214172
2022-10-10,64.56684112548828,65.33391693536825,64.51717634556982,64.74343402682094,172224
2022-10-11,64.2909164428711,64.9807331429019,64.02602497752419,64.84276980289575,60489
2022-10-12,64.07569122314453,64.7048036897857,63.46313368294546,64.07569122314453,93320
2022-10-13,64.1750259399414,64.6220258017077,64.04258231614155,64.5613215969855,104748
2022-10-14,64.57234954833984,64.70479314860692,64.15293990213694,64.55579462459472,139756
2022-10-17,64.29643249511719,64.78758162075464,64.02602133267793,64.78758162075464,134148
2022-10-18,64.15296173095703,64.56133209341206,63.88807022998421,64.2964448027468,141045
2022-10-19,64.75447845458984,65.25666708907706,64.50062638594957,64.50062638594957,108886
2022-10-20,64.37369537353516,65.05247264948558,64.29091652736126,64.56684320773621,160996
2022-10-21,65.45532989501953,65.91336921198766,64.0149922329535,64.80966244935053,3213835
2022-10-24,65.67054748535156,66.27758531752453,65.51050951145295,65.89128966349814,113709
2022-10-25,65.67054748535156,65.94647415545808,64.842767475032,64.842767475032,118092
2022-10-26,66.29966735839844,66.60870391612194,65.38910840332616,65.808518167599,345420
2022-10-27,66.49281311035156,66.80185386863785,66.02925828838293,66.49833282308182,113513
2022-10-28,66.50383758544922,66.76872479265282,66.08442792868621,66.76872479265282,70661
2022-10-31,67.13848114013672,67.54685144364596,65.92440123385869,65.92440123385869,118912
2022-11-01,66.78529357910156,67.32059202641364,66.52592602955173,66.52592602955173,119775
2022-11-02,66.95084381103516,67.32610423254687,66.77425091916533,67.32058452052718,285055
2022-11-03,68.09048461914062,68.20559779561452,66.95084485038974,67.87176343603953,709003
2022-11-04,67.51490783691406,68.49338298011558,67.3364767103031,67.91780833322385,225979
2022-11-07,67.3595199584961,67.91782823216307,67.19835971275457,67.19835971275457,184572
2022-11-08,67.5379409790039,67.90055589224586,67.35951420663848,67.35951420663848,301040
2022-11-09,67.5379409790039,67.5379409790039,67.5379409790039,67.5379409790039,0
2022-11-10,68.6948471069336,69.06897158125612,67.37102778639834,67.91782205490185,491020
2022-11-11,69.06319427490234,70.22010043790652,68.24012243018366,69.05744169069048,264972
2022-11-14,68.74088287353516,69.01140367048916,68.32646840937467,68.32646840937467,81903
2022-11-15,68.97686004638672,69.6445287104362,68.49337947555296,68.72361020078678,336932
2022-11-16,69.05744934082031,69.64453355931974,68.92506523742594,69.0689589018047,119896
2022-11-17,69.00566101074219,69.06897458875152,68.63729349757182,69.06897458875152,238559
2022-11-18,68.74664306640625,69.12076310561903,68.32071462981997,69.0689634908184,92044
2022-11-21,68.65454864501953,69.17832372321209,68.4933884336638,68.4933884336638,86747
2022-11-22,68.44734954833984,69.06897134434783,68.36101245590201,68.55095318100784,164511
2022-11-23,68.49915313720703,69.06321394058105,68.43583956256283,69.00565734307366,96102
2022-11-24,68.85598754882812,68.92505808142184,68.49913410864153,68.78116443198255,45890
2022-11-25,68.56819915771484,69.24162476374075,68.44157643690524,69.06319365520402,46832
2022-11-28,68.4185791015625,69.06322007698185,68.06172113925015,68.78118965023589,124184
2022-11-29,68.7005844116211,68.92505815367886,68.0329157697057,68.80994499052102,331379
2022-11-30,68.67180633544922,68.78116691818751,68.40704253786488,68.78116691818751,275627
2022-12-01,68.5854721069336,68.76389882944729,68.20559075944358,68.20559075944358,1612386
2022-12-02,68.52791595458984,68.78117020406741,68.23437604682564,68.78117020406741,391170
2022-12-05,67.87752532958984,68.57972717429529,67.77392170674337,68.57972717429529,194676
2022-12-06,68.24588775634766,69.00564613741578,67.63002304132492,69.00564613741578,263302
2022-12-07,67.87752532958984,68.75815392814168,67.69334159911682,68.75815392814168,513487
2022-12-08,67.61851501464844,69.0574517077554,67.41706036458443,67.92356889098131,876023
2022-12-09,67.77967834472656,67.99839515129348,67.1983466643654,67.42857742412802,631950
2022-12-12,67.41132354736328,68.0271884204153,67.19835928610705,67.90631823687656,125912
2022-12-13,68.57972717285156,68.78117744191368,67.34224067534645,67.84874483631496,397562
2022-12-14,68.38977813720703,68.57971882117158,68.0444342335444,68.57971882117158,56575
2022-12-15,67.73938751220703,68.78117630882782,67.63002691453782,68.78117630882782,126000
2022-12-16,67.44007873535156,68.28617414897731,67.42856917485045,68.28617414897731,100094
2022-12-19,67.38253021240234,68.06170853666492,67.28468356693492,68.06170853666492,70057
2022-12-20,66.53067779541016,67.802701753056,66.21987132019956,67.802701753056,180333
2022-12-21,64.25139617919922,67.28467702401795,63.790939096976764,66.70334540175281,307597
2022-12-22,64.3031997680664,65.03993460792206,63.7448916621891,65.03993460792206,412284
2022-12-23,64.17081451416016,64.46435880614105,63.34774261446603,64.46435880614105,67208
2022-12-26,64.153564453125,64.69460615154766,63.929090640223485,64.66582565603225,107594
2022-12-27,63.83699417114258,64.74064630402434,63.65856302223628,64.74064630402434,167456
2022-12-28,62.82973098754883,64.34924771431933,62.7146134226201,64.34924771431933,293657
2022-12-29,64.51615142822266,64.86725226714245,62.70884763015298,63.883020279629505,398271
2022-12-30,66.85875701904297,67.34223764302158,63.60100221840927,63.60100221840927,842180
2023-01-02,66.783935546875,67.62427412984253,65.90330690826131,67.04869939701928,103673
2023-01-03,66.74940490722656,67.5724769808914,66.21987718758837,67.27893262686476,174878
2023-01-04,66.42707061767578,67.19833851941758,65.75940193441934,67.05444486091776,123547
2023-01-05,66.20259857177734,67.33648140786228,66.1335324197552,67.33648140786228,110505
2023-01-06,65.88603210449219,66.8990447367545,65.62126828755845,66.20259553306492,31589
2023-01-09,64.67157745361328,66.18533742293764,63.89455244108993,65.6155196659254,65165
2023-01-10,64.79244995117188,65.67307862312438,64.03269145073375,65.38529124581771,123426
2023-01-11,64.60826873779297,65.49465442159554,63.94635686578535,65.49465442159554,95244
2023-01-12,64.45285034179688,65.02842498378322,64.17657258147759,65.02842498378322,73626
2023-01-13,64.18233489990234,64.46436526839138,64.00390375995973,64.45285570675945,96463
2023-01-16,64.24565124511719,65.27017353482788,64.00390652752986,65.27017353482788,40445
2023-01-17,63.313201904296875,65.02265905831855,63.08297120093326,65.02265905831855,275307
2023-01-18,63.52616882324219,64.4643538202998,62.96786077058568,63.88877923261855,1088179
2023-01-19,63.111759185791016,63.83122747475059,62.76641528534761,63.48012659843544,413322
2023-01-20,62.24265670776367,63.48590034736975,61.58074482878564,63.313226155884315,70498
2023-01-23,61.908817291259766,63.01967670904763,61.730390528045476,63.01967670904763,39064
2023-01-24,62.19084548950195,62.449852337150745,61.59224729959243,61.59224729959243,49367
2023-01-25,65.08598327636719,65.60400134599523,62.16206296449875,62.16206296449875,258446
2023-01-26,65.9781265258789,66.76666544867902,64.75215399117577,65.03994134224767,409976
2023-01-27,64.5794677734375,66.47886569259741,63.88878001626244,66.47886569259741,102269
2023-01-30,64.16505432128906,65.90328757225186,64.06145072412667,65.60399073116355,94259
2023-01-31,65.03417205810547,65.55794704575067,64.18232411926327,64.26290421101089,133130
2023-02-01,65.25289154052734,65.61550194409243,64.78092056184407,65.6097449687479,50437
2023-02-02,65.7133560180664,66.17381748954604,64.53343063323963,65.61550938254494,95518
2023-02-03,65.01116180419922,66.16231122537167,64.75215494095004,66.16231122537167,60069
2023-02-06,65.04569244384766,65.61551011794337,64.18233046861157,65.01115497876367,321097
2023-02-07,65.23564147949219,65.89755333468099,65.04570514522908,65.89755333468099,97462
2023-02-08,66.17958068847656,67.04869532047123,64.50465620997839,66.07022009067751,1033562
2023-02-09,67.31346130371094,67.63002915413855,66.19109236362497,66.19109236362497,685880
2023-02-10,66.81270599365234,68.34948924530119,66.02992412341379,67.31345312548957,420309
2023-02-13,66.24288177490234,67.34223142130672,66.13928255758096,67.11200069203652,135049
2023-02-14,65.56371307373047,66.45009420533839,65.50039950843185,66.45009420533839,288764
2023-02-15,66.43859100341797,66.7666684226017,65.52918187961511,65.9608629254509,417131
2023-02-16,66.19684600830078,66.47887637548507,65.61551434463462,65.61551434463462,108273
2023-02-17,66.40979766845703,66.76665551153675,65.68457681341958,66.5939813700788,237868
2023-02-20,66.17958068847656,66.4788775991813,65.94934993108791,66.3637644161302,218657
2023-02-21,66.45584869384766,66.67456548041844,65.61551023013534,66.67456548041844,75544
2023-02-22,66.53067779541016,67.3364832576671,66.19109082854212,66.19109082854212,206052
2023-02-23,66.36375427246094,67.14077911750411,66.191080132991,66.68031767310812,122037
2023-02-24,66.20259857177734,66.62277002548637,65.78818848578533,66.62277002548637,342489
2023-02-27,66.77241516113281,67.34223282470485,65.90329622588636,65.9608528115819,185963
2023-02-28,67.26165771484375,67.34799479543314,66.62276946628319,66.76666313683671,64829
2023-03-01,67.8199691772461,68.20560317928772,65.90330433779278,67.34224111372713,7090626
2023-03-02,68.2689208984375,68.49915167483881,66.85300755180663,68.2631639214236,403334
2023-03-03,69.07472229003906,69.1553023982684,66.82998003909725,68.43583400958748,305389
2023-03-06,68.78115844726562,69.0747026961402,67.97535320226237,69.06318874606691,86320
2023-03-07,67.92356872558594,69.034428025611,67.77391808030706,68.49338642510861,229725
2023-03-08,68.6142578125,69.06896234153614,67.92356994559918,69.0056487747535,59323
2023-03-09,68.78693389892578,69.05745471160276,68.20560222006377,69.05745471160276,92853
2023-03-10,69.60999298095703,69.93231334920699,68.06169591394013,69.12075106178179,217295
2023-03-13,69.02867126464844,70.04743651189983,68.5048962001814,69.27041157534723,401882
2023-03-14,69.68302917480469,69.97385219597346,68.94990683814981,69.07108232654537,535852
2023-03-15,69.31950378417969,70.21621356612064,69.07108800323928,70.21621356612064,186203
2023-03-16,69.30130767822266,69.97384217435973,69.07107243422581,69.97384217435973,359862
2023-03-17,69.54972839355469,70.1313790168722,69.04078120905922,69.66484833508724,145970
2023-03-20,69.1619644165039,69.9799104978128,69.0710804913477,69.9799104978128,72027
2023-03-21,69.37403106689453,69.85874230328106,69.0165601125349,69.85874230328106,34116
2023-03-22,69.54972839355469,69.79813951377706,69.2528452324188,69.6769640340415,237328
2023-03-23,69.54972839355469,69.54972839355469,69.54972839355469,69.54972839355469,0
2023-03-24,69.16802978515625,69.97991576656834,69.14379376178664,69.97991576656834,79834
2023-03-27,69.08319091796875,70.27678830829757,68.96201544204168,70.27678830829757,252204
2023-03-28,70.01626586914062,70.2525613133369,68.94990860086213,68.98020016246113,99294
2023-03-29,69.91326141357422,70.252556464376,69.37402265531495,70.252556464376,60340
2023-03-30,69.88296508789062,70.28285250198374,69.40431869472829,70.25255631998941,24062
2023-03-31,69.67696380615234,70.14349448641144,69.16802124586968,69.28919672520892,590527
2023-04-03,69.67696380615234,70.13137878749681,69.19225264369895,69.6709036454209,191205
2023-04-04,69.67091369628906,69.94356549795799,69.3740304932952,69.68303401950043,178922
2023-04-05,69.67091369628906,69.67697385789474,69.01655954189121,69.3740304932952,431639
2023-04-06,69.67696380615234,70.28285044794497,69.1437852254922,69.1437852254922,684888
2023-04-07,69.68302917480469,70.10108784555337,69.61638126942255,69.67696901362034,495069
2023-04-10,70.15560913085938,70.25860874221779,69.13165930987275,70.25860874221779,320465
2023-04-11,69.82843017578125,70.28284512269522,69.55578305665202,69.55578305665202,132135
2023-04-12,70.01021575927734,70.61610250882522,68.65302611205476,68.65302611205476,48041
2023-04-13,69.87690734863281,70.28285028830021,69.71331536709339,70.27679012758256,64106
2023-04-14,69.87690734863281,69.87690734863281,69.87690734863281,69.87690734863281,0
2023-04-17,70.17378997802734,70.28284975738038,69.82843478050076,69.98596660013251,78193
2023-04-18,70.21015930175781,70.42222337551404,69.46492114143803,70.2707516785735,431109
2023-04-19,70.88874816894531,71.03415969138842,70.2828614324586,70.4282729549017,220743
2023-04-20,71.87026977539062,72.31256440242078,71.12502722741739,71.49461842126335,1188804
2023-04-21,71.87026977539062,71.87026977539062,71.87026977539062,71.87026977539062,0
2023-04-24,71.87026977539062,71.87026977539062,71.87026977539062,71.87026977539062,0
2023-04-25,71.87026977539062,71.87026977539062,71.87026977539062,71.87026977539062,0
2023-04-26,72.06415557861328,73.00933722025768,71.5006808408911,71.94903564237012,178925
2023-04-27,72.7063980102539,73.37287240083823,71.34315304756164,72.06415964037878,844487
2023-04-28,72.73670959472656,73.30624002307957,72.49435395886076,73.30624002307957,234469
2023-05-01,72.73670959472656,72.73670959472656,72.73670959472656,72.73670959472656,0
2023-05-02,73.09416961669922,74.1605314811077,67.31401006272914,73.27593747198482,1243375
2023-05-03,73.34864807128906,74.20901076468171,73.00935297237586,73.85759534220789,1918828
2023-05-04,73.7606430053711,74.33623812393635,73.43346364401316,73.43346364401316,1506515
2023-05-05,73.89999389648438,74.52405639334123,73.61522643732488,73.918169755997,912303
2023-05-08,73.56864166259766,75.19358982814333,72.96327148578315,73.90000596744774,804680
2023-05-09,73.19904327392578,74.17401014235948,73.09070984054935,74.17401014235948,565198
2023-05-10,73.19268035888672,73.53678722109873,72.93141214691319,73.05886183386679,365036
2023-05-11,73.28826904296875,74.04657404533843,72.9632784066911,73.37748139618871,344085
2023-05-12,73.54953002929688,73.8554044174014,73.15444815255961,73.28189297827322,230055
2023-05-15,73.70246887207031,73.91912604582598,73.21816978842276,73.59413542348408,156819
2023-05-16,73.92549133300781,74.237734520356,73.61324328395176,73.70246048490196,2896743
2023-05-17,73.76617431640625,74.2377258921254,73.72793698852661,74.2377258921254,411981
2023-05-18,73.25639343261719,74.20587038626482,73.18629732915583,73.91274343620273,305148
2023-05-19,73.56226348876953,73.66421835767818,73.14806059112946,73.60049595689684,246924
2023-05-22,73.13532257080078,73.60050539339113,72.64465467399644,73.50491934911003,188422
2023-05-23,72.75297546386719,73.2818806387655,72.33240372046312,73.15443583451159,187638
2023-05-24,73.14805603027344,73.339223220698,72.65101452877943,73.15442972846643,34587
2023-05-25,73.29462432861328,73.40295776181337,73.03336101726656,73.2818817926703,1441261
2023-05-26,73.57501220703125,73.98284144035236,73.28188524943845,73.3774712894967,2309611
2023-05-29,73.38383483886719,73.91910881042665,72.70199011622168,73.79166401578124,1047180
2023-05-30,72.72110748291016,73.66421058303553,72.5809152989628,73.66421058303553,701900
2023-05-31,73.35834503173828,73.6642144840878,72.81032366276251,73.14805674468094,2742558
2023-06-01,73.14805603027344,73.67058746283217,72.96963137452761,73.67058746283217,411229
2023-06-02,73.12895202636719,73.78530206049322,72.96326987759396,73.78530206049322,98548
2023-06-05,73.82353973388672,73.91275208296362,73.00788119277885,73.65785757344031,185403
2023-06-06,73.25639343261719,73.60050025096169,73.16080739501464,73.48579797818019,151479
2023-06-07,73.24365234375,73.90637605939372,72.96964162345219,73.03336402921049,373912
2023-06-08,71.35106658935547,73.60687473704233,70.09571527429706,73.53677863283141,376631
2023-06-09,71.95643615722656,72.63827609680641,70.73294848537057,71.65693550738823,191762
2023-06-12,72.6446533203125,72.71474942736525,71.733408790335,72.19221790496816,185323
2023-06-13,72.6446533203125,73.24365464905114,72.51720850478466,72.77209813584035,536477
2023-06-14,72.65739440917969,73.21816325442593,72.32603497838618,72.32603497838618,96118
2023-06-15,73.23725891113281,73.91909867861384,72.35787828051541,72.35787828051541,296156
2023-06-16,72.72110748291016,73.759796604973,72.5171929049068,73.759796604973,190848
2023-06-19,72.63826751708984,73.3965771697329,72.45346916217233,73.3965771697329,702502
2023-06-20,72.4280014038086,73.14807390090408,71.94370231867538,73.14807390090408,125215
2023-06-21,71.92457580566406,72.77209300643153,71.84810600471256,71.94369204047501,245665
2023-06-22,71.37654113769531,73.17990863793482,71.05792431876657,73.17990863793482,129784
2023-06-23,70.31238555908203,71.81625793847348,70.10847090738703,71.81625793847348,409468
2023-06-26,73.2818832397461,73.59412642444596,70.31874524944958,70.66922576614888,862075
2023-06-27,72.94416809082031,73.28190129281812,71.70155902143843,73.28190129281812,654954
2023-06-28,72.94416809082031,72.94416809082031,72.94416809082031,72.94416809082031,0
2023-06-29,72.94416809082031,72.94416809082031,72.94416809082031,72.94416809082031,0
2023-06-30,72.94416809082031,72.94416809082031,72.94416809082031,72.94416809082031,0
2023-07-03,77.78074645996094,78.2523029141149,74.7156538164975,74.8112398470264,5948888
2023-07-04,76.27050018310547,77.74250841789474,76.11756060054277,77.74250841789474,1257189
2023-07-05,75.83081817626953,77.04156330436665,75.64601980067032,76.46805194245667,629396
2023-07-06,77.54498291015625,78.124863141806,75.58867533276133,76.46805622918201,2732495
2023-07-07,77.07342529296875,77.74252272007887,76.8822580721573,76.97784411341704,273934
2023-07-10,78.46897888183594,78.79396951896373,76.46806490573911,77.07343514155943,2003954
2023-07-11,80.32331848144531,81.31102790580881,78.69837042673645,79.01698731105522,2212393
2023-07-12,82.11395263671875,82.84039882206791,80.32332711023457,80.32332711023457,3574960
2023-07-13,82.2286376953125,83.95554541245973,81.56591888269332,83.89181814896654,1288533
2023-07-14,82.2031478881836,83.09527118520111,81.24729733134426,81.24729733134426,335586
2023-07-17,81.67424774169922,82.77665939545346,81.24730230034254,82.20315291564069,223404
2023-07-18,83.30557250976562,83.47762835947528,81.56592694666287,82.48354518055942,1580303
2023-07-19,87.88091278076172,88.41618682141208,83.38841269488248,83.41389776773524,2554124
2023-07-20,86.44713592529297,88.57549439217584,86.02655930175351,87.94462945686665,621230
2023-07-21,89.0597915649414,89.59507534179336,86.12214338513928,88.06570840187015,1564497
2023-07-24,91.83811950683594,92.39888828516276,88.89410286744969,89.05341129552755,1259937
2023-07-25,92.89593505859375,94.93508110867467,91.12442601601576,91.75529092732539,1455455
2023-07-26,94.15766143798828,94.53363676439562,93.1954419142098,93.1954419142098,680565
2023-07-27,94.15766143798828,94.15766143798828,94.15766143798828,94.15766143798828,0
2023-07-28,94.15766143798828,94.15766143798828,94.15766143798828,94.15766143798828,0
2023-07-31,93.92825317382812,95.90368173684364,93.5459187484615,94.34882979280546,1315900
2023-08-01,93.9473648071289,95.45761536976852,93.03612523406196,94.88409917468755,635945
2023-08-02,95.40664672851562,96.85317019852047,92.46262964035637,93.83267844130432,2467706
2023-08-03,95.63603210449219,97.81537012882634,95.27280423872932,95.9036690839633,1486628
2023-08-04,94.18313598632812,96.85951538788966,93.97284771374211,95.52132082540194,465014
2023-08-07,92.80670928955078,96.70020731742964,92.33515288358701,93.819908469175,1078695
2023-08-08,93.25916290283203,93.67336094963777,91.12442595781089,93.3228804435785,904091
2023-08-09,95.0179443359375,95.58508210079887,93.06801021682797,93.66063305861259,897962
2023-08-10,93.25276947021484,96.12115515487152,90.63177081550157,96.12115515487152,1392701
2023-08-11,97.45171356201172,100.24655026137049,94.27575720235782,94.27575720235782,4390756
2023-08-14,97.45171356201172,97.45171356201172,97.45171356201172,97.45171356201172,0
2023-08-15,95.90049743652344,97.5453128838081,95.61299472713756,97.1508281513342,121052
2023-08-16,96.24150085449219,96.87669003439535,94.28243210115237,96.87669003439535,335043
2023-08-17,94.50978088378906,96.11447057239833,93.94144775945715,93.94144775945715,431985
2023-08-18,93.77428436279297,94.94437347248915,93.27281760149462,94.77721788538969,128602
2023-08-21,91.54777526855469,94.23564009937203,91.01956807610851,94.2088894907808,203509
2023-08-22,91.4073715209961,92.2698899159511,90.9326451345605,91.03962716564008,995011
2023-08-23,89.89629364013672,91.58790775940228,87.42239241532053,91.03294985668796,3422066
2023-08-24,93.53357696533203,93.90132128584965,91.26026513327828,91.26026513327828,5534190
2023-08-25,93.37310028076172,94.26906191816002,92.76466174047405,93.54025585606016,762789
2023-08-28,93.09898376464844,93.60713310005345,92.71118156037836,92.93851072076735,345279
2023-08-29,92.557373046875,93.43995931283308,90.93262587867835,93.43995931283308,183047
2023-08-30,93.2059555053711,93.59375770928267,92.2765708071173,93.19927295443684,4806067
2023-08-31,86.4261245727539,93.87457742673605,86.2188532687554,91.9355766189917,3354645
2023-09-01,87.2552261352539,88.12443732496769,85.11563642375204,87.54942163352952,316942
2023-09-04,86.9810791015625,88.24477493552905,86.75374995102972,88.21803453055882,80576
2023-09-05,86.55316925048828,87.58953603025118,86.25897375663368,86.25897375663368,88497
2023-09-06,87.22178649902344,87.52266452633658,85.91797491242134,86.63340574851732,101952
2023-09-07,87.16830444335938,87.923851067097,86.2522949631598,87.58953984630956,430503
2023-09-08,88.36514282226562,88.8732921963561,86.28572665628501,86.28572665628501,726128
2023-09-11,87.42904663085938,88.92008167752128,86.92089736526819,87.62295280753789,649275
2023-09-12,85.34964752197266,87.58284891580097,84.580730767486,87.58284891580097,2165322
2023-09-13,84.19962310791016,85.59035389026549,83.92548546208461,85.59035389026549,386819
2023-09-14,84.6810302734375,84.9016768956969,83.91880112489072,83.91880112489072,148944
2023-09-15,84.04582977294922,86.64008783035668,83.24348497033519,83.7115185883294,27208683
2023-09-18,85.02201843261719,85.75081432804572,84.25978427883456,84.7946841864615,1091915
2023-09-19,84.41356658935547,86.17872907865406,84.08594308597368,84.34670537863029,1252869
2023-09-20,84.60749053955078,84.90168606767877,83.87868937246596,84.90168606767877,416907
2023-09-21,86.43282318115234,86.62003664276016,84.25311266132361,84.70108845891151,1092615
2023-09-22,86.79386901855469,87.22178693121027,85.04876420865013,86.57322241013367,721236
2023-09-25,86.53978729248047,87.62296245497784,85.61709537185298,87.08806252567103,1793427
2023-09-26,87.41569519042969,87.57615803497119,86.18542223552593,86.57322444711464,505460
2023-09-27,86.7136459350586,87.91047561443175,86.32584369531013,87.57616439420399,811342
2023-09-28,86.7136459350586,86.7136459350586,86.7136459350586,86.7136459350586,0
2023-09-29,86.7136459350586,86.7136459350586,86.7136459350586,86.7136459350586,0
2023-10-02,86.5331039428711,86.92090613297925,85.85779903730563,86.8874729747623,475798
2023-10-03,87.94390869140625,88.25816205430426,86.58660595479093,86.91423462314829,423583
2023-10-04,91.78849029541016,92.26989928176542,87.91047799526795,87.92385330110255,1285269
2023-10-05,91.94895935058594,92.53734015086543,91.03293968466905,91.73499527603441,200214
2023-10-06,91.293701171875,92.52397418432518,90.93933210377939,92.26321184737996,258078
2023-10-09,92.72454833984375,92.93851240222294,90.47129414564115,91.92889626408724,368256
2023-10-10,93.33300018310547,93.87458270526236,92.26989299499245,92.93851540799963,523667
2023-10-11,93.34636688232422,94.14202911282874,93.1390955857795,93.27281801557925,204096
2023-10-12,93.5001449584961,94.59668518074741,93.27949836347169,93.94143814854493,273345
2023-10-13,95.28538513183594,95.60633126517955,93.53359751407159,94.02168906360721,482187
2023-10-16,96.26155853271484,96.94355617211612,92.93850470651552,96.61592755461506,547339
2023-10-17,95.1048583984375,96.76972172456487,94.55658310707263,96.6159414218715,166280
2023-10-18,95.9072036743164,96.28163060540287,94.67694084292697,95.78016377933307,256392
2023-10-19,97.27787017822266,97.61886390668825,95.67986315661197,96.10778105605344,343946
2023-10-20,98.64852905273438,98.9560997979043,96.01416577675107,97.61885520604072,312519
2023-10-23,98.77557373046875,99.95903810855049,98.62179345157992,98.78226648326853,395352
2023-10-24,98.2072525024414,99.45757301270069,96.88337292436624,99.45757301270069,239864
2023-10-25,98.60173797607422,101.62391383038187,98.20725324132148,98.20725324132148,883655
2023-10-26,99.7049560546875,100.32678011103872,98.84912031019492,99.22354717311457,808708
2023-10-27,99.4977035522461,100.2398748679071,98.95612100883352,99.75846589545841,409038
2023-10-30,100.38028717041016,100.79482980601529,99.29042936114939,99.3238625226201,679575
2023-10-31,101.72419738769531,102.94777743389528,100.88841950387292,100.88841950387292,1330493
2023-11-01,101.71083068847656,102.68702382839736,101.6305992696003,101.96491045140819,418499
2023-11-02,100.69452667236328,102.29921617853066,100.3000317450654,101.95822246412104,489144
2023-11-03,100.3202896118164,100.97698792786794,99.56472236244322,100.97698792786794,296717
2023-11-06,101.01934814453125,102.37512171349212,100.32028362717689,100.32028362717689,394928
2023-11-07,101.10408020019531,102.95415529956976,100.62391511048608,101.69723988858914,664927
2023-11-08,101.16057586669922,103.09538351848347,100.30616125632,101.66899231863187,3814912
2023-11-09,101.16057586669922,101.16057586669922,101.16057586669922,101.16057586669922,0
2023-11-10,104.52882385253906,104.95956523519924,101.33710099700343,101.67605245448458,3327348
2023-11-13,108.94923400878906,110.13554281405735,104.13341351616243,104.13341351616243,789323
2023-11-14,107.9041519165039,109.66242647510587,107.33218606995658,109.66242647510587,1183880
2023-11-15,105.79281616210938,107.90414623638446,105.21378212218356,107.90414623638446,581773
2023-11-16,105.84223175048828,105.91990677978266,104.33110817808593,105.22083151613326,754597
2023-11-17,105.84930419921875,106.97912100820798,105.22084642758554,106.08939754407281,677037
2023-11-20,105.84930419921875,105.99053938139113,104.61357177833186,105.21378897836958,317411
2023-11-21,105.75750732421875,106.12468860453622,105.28439966421932,105.28439966421932,441722
2023-11-22,106.97206115722656,107.6146338128645,105.37619414225523,105.91286196310494,1222354
2023-11-23,108.53260040283203,109.80364149469422,106.02582701119033,106.02582701119033,650575
2023-11-24,111.07469177246094,112.27511537943312,108.03831857266206,110.14965952693963,788577
2023-11-27,115.73515319824219,117.21803628035582,110.86989899084797,111.56897429094109,937512
2023-11-28,121.85731506347656,123.57321220971872,116.86495211833399,117.21096099142365,1806815
2023-11-29,122.7823715209961,124.27936957017745,118.70798235395817,123.21311294879108,1940586
2023-11-30,118.45376586914062,124.63242727811219,117.28865117048386,124.63242727811219,1823395
2023-12-01,119.58358764648438,119.90134523468238,117.60641375641887,118.45377091652384,523438
2023-12-04,119.15287017822266,120.0779025591137,118.63738540015586,120.04259375894387,333724
2023-12-05,119.73893737792969,120.39563567336816,118.70092135794623,119.99313482798522,831451
2023-12-06,120.72045135498047,121.10175827280082,119.68949287020257,121.10175827280082,481154
2023-12-07,124.54063415527344,126.0447004148605,120.72046402897439,121.31361297440299,1355456
2023-12-08,133.8827667236328,133.8827667236328,124.64654954262865,124.98549022801748,2588728
2023-12-11,135.27386474609375,143.92399148715043,132.12450773867212,134.94903891942533,2213202
2023-12-12,131.474853515625,136.6366820005789,129.99903870940932,136.6366820005789,624853
2023-12-13,129.42709350585938,133.4591170747679,128.51618681273948,131.34071839104143,829624
2023-12-14,130.93820190429688,132.03977813966304,127.20982152611919,127.89477121441429,562452
2023-12-15,133.3390350341797,134.15815152754374,129.29289780147656,132.00444470220276,732140
2023-12-18,130.83935546875,134.09462844853527,130.28151523923128,134.09462844853527,144423
2023-12-19,122.372802734375,130.01315317461638,121.02408665099767,127.81707998077647,881801
2023-12-20,121.9703140258789,123.5379296845634,117.92417614860311,120.04963197153992,1926350
2023-12-21,120.1767349243164,123.14954777978804,118.59499367912387,120.75575817875882,1120340
2023-12-22,118.4679183959961,121.4195487148826,117.92419305182594,121.4195487148826,547691
2023-12-25,118.4679183959961,118.46791839599608,118.46791839599608,118.46791839599608,0
2023-12-26,118.74327087402344,119.83071043121375,114.39349109580351,117.91709695352125,939531
2023-12-27,120.34619140625,121.10175857036698,116.58251358084003,118.63029410974725,689702
2023-12-28,123.01539611816406,124.18756834200998,120.74870515765619,120.92523835233112,733636
2023-12-29,121.84320831298828,124.25818102790528,120.78400918672305,124.25818102790528,308816
2024-01-01,126.44718170166016,127.10387990932153,120.92521908039618,120.92521908039618,317535
2024-01-02,125.80461120605469,128.11365750183984,125.55040298934902,127.06152661789648,293301
2024-01-03,124.97843933105469,127.10389503015591,124.35703906299344,125.69162952982084,445499
2024-01-04,124.7666015625,126.08000895313432,123.77095176522069,126.08000895313432,73947
2024-01-05,125.06317901611328,125.55041236574776,123.22017200103971,123.67915400519118,334883
2024-01-08,123.7003402709961,125.55041555682894,123.57324153728605,125.5151067614434,137216
2024-01-09,123.58734893798828,124.98548867574168,122.51402421040216,124.41352290914847,387254
2024-01-10,123.83448028564453,124.10987159016364,122.88120766603032,123.63676400418102,129254
2024-01-11,123.69325256347656,124.27934394436348,122.86707867226843,123.57321130831596,156553
2024-01-12,123.84861755371094,126.04469074787032,122.5140271414874,123.71445061271154,342848
2024-01-15,124.42765808105469,125.55040658081747,123.9262990817796,123.9262990817796,149221
2024-01-16,123.57323455810547,125.19734208152961,122.52109285353616,125.16203328813825,156158
2024-01-17,124.25113677978516,124.98551017780096,122.8812373736533,122.8812373736533,199819
2024-01-18,124.49824523925781,125.51507797465472,122.23862292433644,124.83718589281375,258712
2024-01-19,125.35975646972656,126.24242247921583,124.35704917591453,125.59983903837207,160238
2024-01-22,125.7834243774414,126.25653200505303,124.42058263022652,125.6210060946607,317787
2024-01-23,125.81874084472656,127.10390775051974,125.12673369723197,126.5248736655628,1285313
2024-01-24,125.85405731201172,126.73672339185894,124.98551690636714,125.91761745855736,173479
2024-01-25,125.53628540039062,127.11802671448176,125.4797934847376,126.39071080938724,387122
2024-01-26,125.60690307617188,126.39071089746562,124.4347200686999,126.32715075810468,1499028
2024-01-29,124.04631042480469,126.3130007728693,123.29075415860196,126.3130007728693,381346
2024-01-30,125.83991241455078,127.07564463176038,124.27935441650783,125.51508663371742,759027
2024-01-31,126.43307495117188,127.1038989294645,125.02080940751115,125.02080940751115,287765
2024-02-01,127.26630401611328,127.81002925694868,125.34562205148896,127.80297180826852,176938
2024-02-02,129.9566650390625,130.42271523451078,127.26630101719464,127.26630101719464,195987
2024-02-06,131.17120361328125,133.4661348382468,129.22228128267474,129.92841396727954,1607305
2024-02-07,131.0652618408203,131.94087007373435,130.6486462260556,131.37596188394232,305260
2024-02-08,131.0652618408203,131.0652618408203,131.0652618408203,131.0652618408203,0
2024-02-09,129.7589569091797,134.1652293738341,127.17451910056367,131.31245765855644,156627
2024-02-12,128.61500549316406,130.63454538249889,127.81707211940073,127.84532346035903,352317
2024-02-13,130.38742065429688,131.2347886564653,125.7693167611913,129.92843863206542,191116
2024-02-14,131.383056640625,131.6937567719796,128.55146821574442,130.28149128380824,66268
2024-02-15,131.00881958007812,132.66116777209982,129.99905483208653,131.41132045427224,451644
2024-02-16,131.62313842773438,132.18804677468745,130.63455690161436,130.91700568772563,918448
2024-02-19,131.50311279296875,132.7529709083392,129.22230678843655,129.29998183006367,699953
2024-02-20,130.0908203125,132.57641035715903,129.9284128134075,132.0609365188997,215374
2024-02-21,132.3998565673828,132.7529228515625,130.28851630908622,131.6584152156599,323214
2024-02-22,132.49874877929688,133.2825565627878,130.63455875028208,133.035405790395,916771
2024-02-23,135.42918395996094,135.93054291105943,132.0468131136006,132.7388201333144,277694
2024-02-26,136.62258911132812,138.40204701849106,134.87138255373364,134.87138255373364,176305
2024-02-27,136.354248046875,137.90066982874686,135.2314887056099,136.989763257248,440567
2024-02-28,138.83981323242188,140.16734620611643,134.2711336301232,134.2711336301232,1383363
2024-02-29,139.81427001953125,141.22653537326389,138.380821547471,139.80014434906963,868142
2024-03-01,141.43133544921875,141.93269448404928,140.1744199122838,140.52042886729257,195687
2024-03-04,141.6361083984375,142.9848245379248,140.16735098432426,141.22655011015038,3220381
2024-03-05,142.10214233398438,143.3449319537945,141.2265339446251,142.28573294920977,144888
2024-03-06,144.0299072265625,145.11028954219742,141.94681763382275,141.94681763382275,559949
2024-03-07,142.3563690185547,145.30094134084055,141.9326850517913,143.4861749720389,4087394
2024-03-08,141.8055877685547,144.67248508524375,141.22655372640557,144.67248508524375,174300
2024-03-11,140.2450408935547,142.61764761805495,138.4020337881417,142.61764761805495,515982
2024-03-12,140.3297576904297,141.2124236235258,139.49652622145766,141.2124236235258,1048818
2024-03-13,140.2450408935547,141.36778950008406,139.46829047566726,140.52043226449078,215985
2024-03-14,139.74205017089844,141.93881127649672,139.05418118134838,139.7864386452684,344691
2024-03-15,139.72727966308594,140.533495428179,137.5822879611686,140.1562780034694,217322
2024-03-18,138.10003662109375,140.1636548586423,137.50091072681025,139.7938299117857,59655
2024-03-19,142.3604278564453,143.1222664078161,138.31454169644246,139.79384160763433,791088
2024-03-20,143.1592559814453,144.231746195926,142.01279625445022,142.02018869123646,139079
2024-03-21,144.6311492919922,145.71104320756393,139.05419351787828,143.93588780477955,313177
2024-03-22,144.1282196044922,144.97142027094804,142.7524699606784,144.78650774509222,309789
2024-03-26,143.3663330078125,144.80125553488878,143.151828229225,144.80125553488878,41927
2024-03-27,145.80722045898438,147.04243470924658,143.05572132308575,143.05572132308575,414428
2024-03-28,147.95956420898438,148.15188041025982,145.71103343058613,145.71103343058613,602903
2024-03-29,150.34121704101562,150.8441847830393,147.86339693728877,148.6622200902719,239673
2024-04-01,150.8590087890625,151.62823977125882,150.14893987105143,150.14893987105143,157131
2024-04-02,152.21995544433594,152.67114234594828,150.8885833341551,150.8885833341551,64276
2024-04-03,151.68003845214844,152.68595166740093,150.89599993282368,151.70961948770602,99896
2024-04-04,153.1888885498047,153.6992487776265,148.66962728873548,148.66962728873548,142213
2024-04-08,159.91232299804688,160.87387022674972,151.6356379378363,151.6356379378363,332836
2024-04-09,158.2998809814453,164.20228425536405,154.96405257815871,160.43006510260025,747931
2024-04-15,153.2628631591797,157.90786370145696,151.29539168550832,153.92115112910287,370465
2024-04-16,153.7140655517578,155.25252759125345,152.51582489950485,153.14453190224958,307624
2024-04-17,153.3738250732422,155.68893319420016,151.63564305173006,153.69927288034773,305944
2024-04-18,155.95518493652344,156.43595285399775,153.16670167115197,153.16670167115197,571132
2024-04-19,157.13121032714844,158.19630787888954,153.12230963768343,158.19630787888954,275873
2024-04-22,157.020263671875,158.75844535577184,156.06612031924647,157.47145053751453,569952
2024-04-23,157.8560791015625,158.43300511627618,156.0661277115327,156.07352014745814,468625
2024-04-24,157.9374542236328,160.49664803765836,157.39751291580367,157.85609227701505,1047692
2024-04-25,158.33688354492188,160.50405266352715,157.47888682200443,159.0247526389785,459644
2024-04-26,157.61940002441406,161.23628762572991,157.40489523068666,160.4818415588934,453335
2024-04-29,156.14747619628906,159.02471358600334,155.2155214727099,159.02471358600334,547277
2024-04-30,153.93594360351562,158.65491388447194,153.48475668367973,158.24810415574078,788529
2024-05-02,154.00991821289062,155.2303361533361,151.88712640289089,151.88712640289089,695094
2024-05-03,157.08670043945312,157.70515438448018,150.7475740439884,154.61289645537272,790334
2024-05-06,159.166259765625,159.44456347553256,154.69794760924148,157.310909563594,510166
2024-05-07,158.88021850585938,159.90065750654875,158.5941766210672,159.32859732902054,1130463
2024-05-08,157.21812438964844,159.01936609933026,156.66925519763345,158.71014501616926,1140064
2024-05-09,157.712890625,158.32361820988754,156.93209969574417,157.19493880507443,299968
2024-05-10,157.0944366455078,159.05028881723229,156.93208791603212,159.05028881723229,432199
2024-05-13,157.6974334716797,158.42410420163353,156.9475599541048,157.68196887860842,417144
2024-05-14,161.423583984375,162.32034156668448,157.32634008922673,157.69741951392342,413194
2024-05-15,164.1138458251953,164.74003793425635,160.7974045466722,161.50089602261045,417165
2024-05-16,167.8864288330078,168.14154155295648,163.88968647920356,164.6627510380677,257407
2024-05-17,167.27569580078125,167.9096025398543,164.97195515939447,167.75499200320436,165726
2024-05-20,163.8741912841797,167.27568178562396,161.2612415844463,166.98191353338294,500372
2024-05-21,164.65499877929688,166.20885405200397,160.22533105956205,164.64726058546498,261924
2024-05-22,161.77920532226562,166.12382387920832,160.79741014015673,165.43579697112278,189820
2024-05-23,158.80291748046875,163.0393078858371,158.09169951431412,161.96474863970812,864106
2024-05-24,162.83058166503906,164.27620852533292,158.88022154348286,160.72010705766735,1565614
2024-05-27,159.7924346923828,164.64727895762155,158.55553853205825,163.85102344187888,366234
2024-05-28,159.7924346923828,159.7924346923828,159.7924346923828,159.7924346923828,0
2024-05-29,158.11489868164062,161.57049832148098,156.2440838008102,159.88522318768597,326987
2024-05-30,156.40640258789062,160.3335595481491,155.81886606619318,158.20763234596473,657317
2024-05-31,160.89791870117188,161.64779221237754,155.58695754700065,156.93209402809734,671117
2024-06-03,159.36724853515625,163.88968076525032,158.86476130782518,160.91337759897937,163638
2024-06-04,157.89842224121094,160.61961255163396,156.7774810887898,159.3672400552761,361996
2024-06-05,157.19493103027344,159.24355901244664,155.77249519551495,158.47822091851398,151942
2024-06-06,155.9889373779297,157.70514133020524,155.69516912425266,156.24405005148705,301423
2024-06-07,154.17996215820312,156.9243430721691,149.2014256531885,156.9243430721691,699289
2024-06-10,154.14906311035156,156.15903561389234,153.4533097492952,154.17999229743728,167872
2024-06-11,152.1468048095703,154.03308385937817,151.5206245241562,154.03308385937817,200580
2024-06-12,152.92762756347656,155.30865588207314,150.78623556042268,153.0281179288277,356711
2024-06-13,165.92282104492188,165.92282104492188,154.61288475068093,154.61288475068093,1630443
2024-06-14,173.36741638183594,177.03174584814437,166.2088443552447,166.9741823502407,819530
2024-06-20,188.10206604003906,188.10206604003906,173.36744627273777,173.47567483448577,1830228
2024-06-21,189.65589904785156,197.36335240010308,189.01425415197602,189.4007863690557,1769890
2024-06-24,190.5758514404297,195.00550743426487,184.07437658749146,189.40079017401345,416046
2024-06-25,186.22349548339844,192.95689205465484,185.53546859254217,185.6900791238305,74166
2024-06-26,185.61280822753906,189.39309350813284,184.62328652027728,186.22352404841578,573110
2024-06-27,183.17759704589844,190.15836724645814,179.52100593989718,187.83144777828022,141738
2024-06-28,175.50111389160156,183.13125707093198,173.55298796214515,182.09535342594646,1459298
2024-07-01,177.37193298339844,180.43326200846383,176.06545200105344,176.25099174040213,512174
2024-07-02,177.85894775390625,179.2427279608999,177.418295345204,178.5624274545642,504332
2024-07-03,178.91030883789062,181.67015472279414,178.2145555169379,179.24273270174345,364787
2024-07-04,177.97491455078125,180.12403297043724,177.61157328308136,178.5779039320644,339610
2024-07-05,176.3824005126953,179.73749763754944,175.14549258473528,179.1422346650662,719151
2024-07-08,174.61981201171875,177.4183017105948,173.93951148097528,176.6452372151238,379690
2024-07-09,173.2128143310547,177.0317545033382,172.4165589116869,176.2586900731926,456510
2024-07-10,170.89364624023438,175.33104097016863,170.53030496080623,175.33104097016863,273743
2024-07-11,169.30885314941406,172.30834720630565,168.6285644056867,170.83952936386413,656831
2024-07-12,170.42982482910156,171.60487451363903,167.75501615544835,170.8395481184256,773155
2024-07-15,177.3564453125,178.50057739954119,170.84724403667138,173.16643739463524,2053735
2024-07-16,177.3564453125,177.3564453125,177.3564453125,177.3564453125,0
2024-07-17,177.3564453125,177.3564453125,177.3564453125,177.3564453125,0
2024-07-18,180.1549072265625,180.87386319120142,177.03173250708184,177.8047968411739,527004
2024-07-19,177.1322784423828,180.1549517710795,176.25871175413536,180.1549517710795,428591
2024-07-22,174.00906372070312,178.42326665412645,173.56068495123256,175.48561956216244,343597
2024-07-23,175.3928680419922,176.2509700623905,173.94722948393493,173.94722948393493,299486
2024-07-24,176.52928161621094,178.56243321059486,175.4856398327153,176.25097792701396,257161
2024-07-25,173.52978515625,178.42328474108572,172.84948463760404,177.10133928708558,93940
2024-07-26,173.74624633789062,175.4856414625191,173.2437591314092,175.09138281417347,91587
2024-07-29,175.72528076171875,176.64522935777353,171.62031036072526,171.62031036072526,298252
2024-07-30,176.47515869140625,177.79710414351237,174.34150497147527,177.40283370894022,133032
2024-07-31,176.21231079101562,178.34596440429524,174.7125638862209,177.02403081429424,260236
2024-08-01,175.44699096679688,177.80484011888342,174.32604976873134,177.7971137202311,201670
2024-08-02,174.3028564453125,176.86942449093786,173.9008595962284,176.86942449093786,130111
2024-08-05,171.62033081054688,176.25871812975083,171.04053239564638,176.25871812975083,407463
2024-08-06,171.17193603515625,173.16644381244797,170.84725036853123,173.05048885866327,413004
2024-08-07,170.97865295410156,173.29011977048253,170.7312784785573,172.77216803491086,335041
2024-08-08,172.24652099609375,174.68940795402804,171.24153466063677,171.59714956556326,801534
2024-08-09,174.9058380126953,176.2509744499486,172.39337846113173,173.9240428235042,214356
2024-08-12,176.08863830566406,177.78165151955454,174.71258438121114,177.03177797919184,237849
2024-08-13,176.14276123046875,177.02405433959643,174.75124269078592,177.01631614469088,79688
2024-08-15,178.77114868164062,180.89707585515202,175.57838882451122,177.02402732379736,777507
2024-08-16,175.23997497558594,179.77661937628073,174.14603174480885,179.77661937628073,1233576
2024-08-19,173.55081176757812,176.15697415998687,171.33075568985026,174.54823466994134,171191
2024-08-20,172.06271362304688,174.5482128791853,171.33073430076712,172.28793614163962,85950
2024-08-21,171.5640106201172,173.38189402597908,171.3307488038673,172.93948822925572,364263
2024-08-22,173.56687927246094,173.74384157447963,170.92854784526352,170.92854784526352,228906
2024-08-23,173.78407287597656,174.85388602972975,172.93948225209695,173.5829804547532,285812
2024-08-26,172.50514221191406,174.1380118246612,172.1351267259966,173.84038667064877,279960
2024-08-27,171.73291015625,172.9314252826662,171.3307253549473,172.53727975885536,79547
2024-08-28,170.56658935546875,173.34166223582525,169.76221969312155,173.1325305421495,197759
2024-08-29,171.29051208496094,172.13510266023144,168.9176241058346,172.13510266023144,257775
2024-08-30,172.3764190673828,173.100346845494,169.73003603612474,169.73003603612474,279037
2024-09-02,172.352294921875,173.74385103286124,171.41922314656432,172.39251586065183,72778
2024-09-03,170.64703369140625,172.85905045385002,170.44594125845683,171.97425111309735,157357
2024-09-04,172.89926147460938,173.32557642610453,170.92855819952106,172.08685251064276,127736
2024-09-05,174.6045379638672,176.92111437090745,171.01704367485934,171.60423012357117,321410
2024-09-06,176.11671447753906,176.92108404562438,173.10032859721912,176.1408445826852,232402
2024-09-09,176.0202178955078,176.96132894477836,174.1942952920305,176.1167383291641,198933
2024-09-10,178.39309692382812,178.74702152752795,175.35258068107123,176.7200066077878,361447
2024-09-11,174.628662109375,179.12508566643697,174.1460353927989,179.12508566643697,242357
2024-09-12,174.58840942382812,175.71452185945887,173.140541811085,175.71452185945887,97561
2024-09-13,173.71170043945312,176.11675818979302,173.26124305960897,175.34457008604883,211815
2024-09-16,174.170166015625,174.4677788699584,172.13511170493518,173.73581178838955,77922
2024-09-17,174.170166015625,174.170166015625,174.170166015625,174.170166015625,0
2024-09-18,177.11415100097656,179.3663884223563,172.939470652593,174.70908138592475,478866
2024-09-19,182.817138671875,186.0104872621202,175.52955138336628,177.77373737520026,532435
2024-09-20,190.40232849121094,191.35951798053782,182.58385519955831,182.58385519955831,1395293
2024-09-23,191.6652069091797,192.9602425885812,188.1822847121097,189.8312450155028,493960
2024-09-24,187.69967651367188,192.8878586822302,185.80940278794776,191.43999075121891,401001
2024-09-25,196.72470092773438,197.07057400297228,185.817437624023,189.01883782652837,464142
2024-09-26,196.4914093017578,199.08148045359604,194.6735383836249,197.07055640861023,299591
2024-09-27,193.87721252441406,198.30124552563674,192.24434314404112,194.41613870808183,134996
2024-09-30,193.3704833984375,194.6574799106358,188.22252189706106,194.6574799106358,294131
2024-10-01,193.05677795410156,194.60921794327618,191.4399991862318,191.48022012819746,380916
2024-10-02,195.47792053222656,196.25816009359283,191.44802063257663,193.45090552830652,159320
2024-10-03,194.2311553955078,196.17772862627385,193.45091579274234,193.54743623062416,186663
2024-10-04,196.48338317871094,197.04643949426242,193.85309091513315,195.38138838215966,147866
2024-10-07,197.99559020996094,199.44345807691036,194.6735518047379,196.9901281181498,258004
2024-10-08,199.89390563964844,200.6097941670567,197.07057246893427,197.48079658900843,222389
2024-10-09,199.89390563964844,199.89390563964844,199.89390563964844,199.89390563964844,0
2024-10-10,205.25906372070312,209.13613174677323,204.3099133218477,205.83821091359084,143058
2024-10-11,207.06088256835938,208.05024170174593,204.39036896868876,204.39036896868876,111653
2024-10-14,207.66412353515625,210.66440662211141,207.52736989366662,208.32368799273738,55102
2024-10-15,208.6293487548828,210.46331054476417,206.73104819492372,206.76320530625597,38046
2024-10-16,206.33689880371094,210.5839696771992,205.516450577808,210.5759426727451,69975
2024-10-17,200.9636993408203,206.72298866327657,199.4836622120334,205.51643425473603,236926
2024-10-18,199.00106811523438,202.29094966908562,198.67932512977066,202.29094966908562,99306
2024-10-21,198.43798828125,201.61524591328276,197.07056234421515,200.2880409131003,135113
2024-10-22,198.96888732910156,201.04416260548152,197.89103488845916,201.04416260548152,33676
2024-10-23,194.47247314453125,200.9235095449074,193.458959429111,200.9235095449074,393955
2024-10-24,199.4113006591797,200.15935860900655,193.20960470422838,194.65747265807966,802288
2024-10-25,206.98040771484375,208.3317428582204,199.56411843505995,199.87782211289434,425938
2024-10-28,209.4498291015625,213.149909927038,206.7230041512061,206.7230041512061,196272
2024-10-29,210.80917358398438,213.14989206141948,209.99677698170117,211.0022389798737,411640
2024-10-30,211.9031524658203,213.64059393673168,210.73680659983063,211.54922783948197,803870
2024-10-31,203.31675720214844,211.53670297157927,201.54284298867,211.53670297157927,548000
2024-11-01,208.24703979492188,210.70386092820667,199.8771803271526,204.85744984543976,347807
2024-11-04,202.96697998046875,209.03824451866006,200.80163849992408,209.03824451866006,264310
2024-11-05,204.44105529785156,205.0573478943228,198.30316379743718,202.83371561143662,734005
2024-11-06,205.34884643554688,209.48795846768442,203.20848863174766,204.8658083392671,405677
2024-11-07,206.02342224121094,210.69555216968848,205.5820277867718,205.7069459501603,269083
2024-11-08,204.02464294433594,207.3476058812531,202.37565964615777,207.3476058812531,268697
2024-11-11,203.7914581298828,206.53977215578382,202.79207467715065,204.1412417029466,211746
2024-11-12,203.7165069580078,204.86580491643176,199.88552223516135,204.86580491643176,207338
2024-11-13,201.9009552001953,204.04131303259112,200.96819897855846,203.20849134674378,116291
2024-11-14,206.13168334960938,209.76278627540364,201.54284060326194,203.57492747565826,369539
2024-11-15,207.39759826660156,209.91272349622648,206.53979288535902,208.1887763832615,634777
2024-11-18,205.69863891601562,209.16316757482033,205.01571901342214,208.90499487774014,226697
2024-11-19,206.35655212402344,208.2054172457941,204.8741305698614,208.1887572542164,652301
2024-11-20,203.2667999267578,208.12213929086988,201.84266921773823,204.97407425814316,712831
2024-11-21,204.76585388183594,205.70694640762161,201.54283818074668,203.20848147149664,588491
2024-11-22,218.4657745361328,223.1878589120414,204.04129790679107,204.87411953090043,4468300
2024-11-25,221.43896484375,234.9056769423616,215.00124421965444,215.00124421965444,1686740
2024-11-26,222.16351318359375,243.58368720179865,213.20234402813713,224.02902556081597,2609931
2024-11-27,232.68206787109375,241.4350066895946,229.0259683942811,229.10925564774658,1033683
2024-11-28,223.0379638671875,237.56237546432732,220.69773706589567,234.85570510408522,605361
2024-11-29,225.9112091064453,226.94389982031012,219.8649157892179,224.85350934398718,385494
2024-12-02,228.96763610839844,231.52440451704126,226.52747492314828,226.52747492314828,452878
2024-12-03,231.28289794921875,232.73202493199278,227.36865136504133,230.69160168224158,480688
2024-12-04,228.80111694335938,232.7736673400832,228.18481159688392,231.84924744392228,232403
2024-12-05,239.153076171875,239.8526433317084,227.36031815818194,231.31622112979866,2541753
2024-12-06,239.0697784423828,246.01550788454526,237.3957988094773,241.51827610233138,720145
2024-12-09,228.2347412109375,241.51825542562585,226.3109254164926,241.51825542562585,1045046
2024-12-10,220.32296752929688,230.69160771753883,216.6252371990521,228.23477357015108,1065009
2024-12-11,219.9981689453125,224.57035164650236,217.03332592031694,220.36461250262204,440486
2024-12-12,220.12307739257812,224.86183437999009,215.32601679278147,220.00649558350727,841408
2024-12-13,218.77389526367188,224.43707164414724,209.03820929930507,217.79117193326707,1193288
2024-12-16,215.5259246826172,220.68940372938542,212.37784711404163,214.9262920703028,530611
2024-12-17,225.10337829589844,229.22583034951754,214.86799276448107,214.86799276448107,1130259
2024-12-18,223.77084350585938,228.44296060276704,221.52221496161255,226.52748103966707,686586
2024-12-19,214.10177612304688,224.02068490972061,211.53669665361943,223.19619961877956,737336
2024-12-20,222.62155151367188,226.52748705534538,209.06321617272255,215.7008056887296,858265
2024-12-23,228.2181396484375,233.19008643658856,224.86186906385325,224.86186906385325,775282
2024-12-24,219.44851684570312,228.60955549960346,218.615695149894,228.19314465169887,849408
2024-12-26,223.11289978027344,225.27824100617107,219.864900649276,220.68938589368742,299274
2024-12-27,223.9956817626953,226.52746644524325,218.22423439751583,218.22423439751583,533456
2024-12-30,239.28631591796875,241.51827177808119,224.8701755909537,224.8701755909537,995328
2024-12-31,234.27273559570312,241.0519164781497,233.19007754481137,239.43624033619025,440607
2025-01-01,234.27273559570312,234.27273559570312,234.27273559570312,234.27273559570312,0
2025-01-02,235.80511474609375,240.58550249008275,234.86402229264417,236.60461634780498,677112
2025-01-03,237.6956329345703,239.01981632355196,230.6999360765332,235.93836601651535,306258
2025-01-06,239.97755432128906,241.6848539600169,234.03953186659876,239.01981450310996,268655
2025-01-07,240.2606964111328,241.85138872469764,233.23168003993567,241.5182651662287,485562
2025-01-08,235.64691162109375,241.51829447568764,230.69161230953614,238.18700765533333,263871
2025-01-09,235.16384887695312,238.68669366052825,232.36558028925953,237.35417391680267,194201
2025-01-10,236.6545867919922,237.35415387985958,229.90039046016022,235.1638290249127,235186
2025-01-13,235.671875,238.1869871835451,234.44762618211394,234.89733156490527,216630
2025-01-14,235.7967987060547,238.80327267417582,234.8557061715503,236.51301312817665,505248
2025-01-15,234.53921508789062,238.6866758084138,233.2150317928575,236.52133456377481,733837
2025-01-16,234.68080139160156,236.42973180203424,233.57313445152516,236.42973180203424,73954
2025-01-17,236.57130432128906,237.4374459114181,231.62434192844015,236.09658990418671,817465
2025-01-20,238.04539489746094,239.28631640663372,233.2733432320788,234.8556992431303,78562
2025-01-21,238.128662109375,239.11138544858508,237.19590603041652,239.01978727668953,248508
2025-01-22,236.62130737304688,238.8532635239401,234.031243975734,237.3625309170202,141447
2025-01-23,238.27027893066406,238.9781824156579,234.95563961703752,238.1786553330838,203864
2025-01-24,239.4112091064453,240.26901427596735,235.11384691041272,238.2702476632234,137845
2025-01-27,235.39703369140625,239.00316565953787,234.02288305553682,235.7301572674201,311792
2025-01-28,235.25547790527344,237.35417939447763,234.0478762999686,237.0210558047834,88714
2025-01-29,231.94915771484375,237.35416190017858,231.51607420603125,236.5213402794762,276267
2025-01-30,234.61419677734375,235.68854389950116,231.53277170016344,232.3489207098088,131721
2025-01-31,236.2215118408203,238.93649275597016,233.31494740771646,235.68015751176486,388836
2025-02-03,236.3297882080078,237.76224244892015,234.02288140924819,236.52134633532557,225641
2025-02-04,234.83071899414062,238.1869891888095,234.02288098620792,236.32978778079737,150051
2025-02-06,233.96458435058594,237.26257644472656,222.36338465185105,236.10494213033624,1223835
2025-02-07,232.19898986816406,241.51826566985324,229.1925160709125,236.52133603530456,757947
2025-02-10,230.06700134277344,233.72310091206526,228.95102328207193,233.19008280896495,408176
2025-02-11,231.3745574951172,234.81411557956517,230.2835629754691,232.31565019123443,117064
2025-02-12,230.4667510986328,234.6475067543284,230.27519296387504,233.07346159022893,353171
2025-02-13,232.37388610839844,234.85570375876347,229.05093587972917,229.05093587972917,208126
2025-02-14,230.9747772216797,234.85572956148064,230.06700457928733,231.56607353786688,71640
2025-02-17,228.9093475341797,233.18172668413035,228.6095439383866,231.52441972630774,641947
2025-02-18,228.4013214111328,231.4994187473575,206.0150729707606,231.4994187473575,208609
2025-02-19,227.56851196289062,229.75050058198815,226.53582126761071,228.45963721288825,129906
2025-02-20,230.77488708496094,231.27458516413523,227.36031319558685,227.56851861060113,165585
2025-02-21,225.7779541015625,231.94082922032712,224.8701815541389,231.94082922032712,441752
2025-02-24,236.92941284179688,240.68544645408664,224.861835787555,226.52747901561096,576946
2025-02-25,241.56825256347656,244.8495719900689,234.8557119088416,235.68853358227722,798392
2025-02-26,239.26962280273438,243.15891065102662,239.019786502286,241.51825116955726,89557
2025-02-27,237.9121856689453,242.35111413671964,237.36252029833872,237.36252029833872,58200
2025-02-28,238.32025146484375,240.51888745127775,237.35417528048475,238.18699694813557,50130
2025-03-03,234.52259826660156,240.25241568930065,233.19841479957628,238.32026322523672,41973
2025-03-04,234.52259826660156,234.52259826660156,234.52259826660156,234.52259826660156,0
2025-03-05,237.42913818359375,241.89307576403456,234.43931129546473,236.10495471497072,15418
2025-03-06,240.17745971679688,240.68546874887565,235.8967440246333,235.8967440246333,46900
2025-03-07,241.65155029296875,244.84958260775733,239.1031178950013,241.39337759626432,130802
2025-03-10,241.81809997558594,244.01676149370078,241.50996000881264,243.6003506379095,222183
2025-03-11,241.65989685058594,243.89185302668793,241.51830597107306,243.89185302668793,86202
2025-03-12,242.04298400878906,243.10065845865,241.5183022511793,243.10065845865,68479
2025-03-13,241.80142211914062,243.1839090354589,241.434978579119,241.51826582288726,235666
2025-03-14,242.29991149902344,244.06180081922855,240.86459620933422,243.22812034698157,178537
2025-03-17,242.63511657714844,247.525465546842,241.93895330359732,243.21954540923593,40228
2025-03-18,242.54055786132812,246.57144290493025,240.6497280777928,242.6264832097934,254723
2025-03-19,242.28273010253906,243.64927377738084,240.86462072138187,240.86462072138187,225967
2025-03-20,242.39443969726562,243.75238020561997,241.526373348696,242.80699153424447,227693
2025-03-21,241.517822265625,244.0876094792692,241.0794875314613,242.39446550521052,351776
2025-03-24,239.919189453125,243.21952557719214,239.36054352010078,241.5178049267103,947709
2025-03-25,237.7447509765625,244.08759478409988,237.2118878887731,244.08759478409988,269129
2025-03-26,237.63302612304688,241.50921443475207,235.98287108973733,241.50921443475207,2003240
2025-03-27,241.217041015625,241.85303564395576,237.6502725595537,239.6098483875486,1084898
2025-03-28,241.217041015625,241.217041015625,241.217041015625,241.217041015625,0
2025-03-31,241.217041015625,241.217041015625,241.217041015625,241.217041015625,0
2025-04-03,241.77565002441406,242.79841358169472,236.36104102718627,241.45765275897656,886073
2025-04-04,248.96075439453125,252.6306533720632,242.36865911138827,242.36865911138827,1866890
2025-04-07,244.56027221679688,249.07245455458826,238.07133477489708,247.95516275291627,1178602
2025-04-08,241.431884765625,248.38494104037878,240.64976986611092,244.5087524254089,1462227
2025-04-09,240.72708129882812,243.40002589792084,238.93080608399072,241.51779910421183,530483
2025-04-10,238.09716796875,244.0876295025215,236.44698653850813,244.0876295025215,435487
2025-04-11,235.38983154296875,240.62396030927553,235.10619394329126,238.92221339743205,983166
2025-04-14,233.3357391357422,237.96826002853788,232.05514690343634,235.3898695073886,1142930
2025-04-15,233.6193389892578,234.97727957007876,232.95753540949087,234.61631964360632,406464
2025-04-16,235.81956481933594,239.7043298285338,234.27251500846765,235.3898331322182,698724
2025-04-17,236.1289825439453,238.23467851187854,234.64212754493934,237.77056089955474,170844
2025-04-18,237.67599487304688,239.60118432488167,236.35241401054088,236.35241401054088,1645145
2025-04-21,248.1614532470703,250.53358061972014,238.92222171478218,238.92222171478218,1743559
2025-04-22,245.35101318359375,249.07247809421105,244.08760096045864,249.07247809421105,180199
2025-04-23,246.3823699951172,253.71359131878876,244.97283751183707,247.40510725080273,3317598
2025-04-24,239.72157287597656,246.66602647081382,238.41517155914218,244.08763595021296,592202
2025-04-25,245.19631958007812,245.8065312471686,239.79028747538476,241.50921426732302,863049
2025-04-28,243.4000701904297,247.94661315533614,242.7984352575858,245.1963457321427,406490
2025-04-29,248.42788696289062,249.3303392762543,243.4516127278444,243.4516127278444,1168476
2025-04-30,238.76754760742188,249.6964296674844,236.40790077138632,249.6964296674844,2099322
2025-05-02,243.72633361816406,246.60047716969407,239.51268453832319,241.19813875592837,546716
2025-05-05,242.02316284179688,244.7908881998504,241.73043697643863,243.72637636431747,65470
2025-05-06,242.821533203125,247.9311190581403,241.88122625087723,242.1739520836248,392094
2025-05-07,242.3690948486328,246.13920189974365,235.07726318691218,235.07726318691218,771853
2025-05-08,236.31036376953125,244.8352296029771,224.44115977148243,242.36913670650918,3235392
2025-05-09,239.79656982421875,243.94811673176528,234.19019206249465,235.07727612333744,693599
2025-05-12,260.06646728515625,263.7744724653526,252.81897800417318,263.7744724653526,2402150
2025-05-13,254.15847778320312,259.87130163451246,249.44806331067312,259.87130163451246,891440
2025-05-14,249.15528869628906,254.59311816486425,247.54078925463142,254.59311816486425,352747
2025-05-15,251.878662109375,254.0608814204192,249.1553074188017,249.1553074188017,179229
2025-05-16,252.8899383544922,255.71973896749807,251.94077888551104,252.81898353380254,487883
2025-05-19,252.0826873779297,254.5931233376394,250.16658257389776,252.8189552307569,256616
2025-05-20,249.3238525390625,253.61733629242474,248.8359671175029,252.37542397891633,298504
2025-05-21,248.42788696289062,251.84316610154815,247.48757999932832,251.84316610154815,377052
2025-05-22,247.1859893798828,251.04481079046388,245.81987222873224,249.31498589451598,378541
2025-05-23,244.4892578125,248.3835703564138,243.9481494571921,248.3835703564138,595250
2025-05-26,244.26747131347656,248.38355464193933,243.5489353389951,244.8352181470545,167477
2025-05-27,243.12315368652344,245.63358985959144,242.17396717147366,243.96586736591948,262638
2025-05-28,243.12315368652344,243.12315368652344,243.12315368652344,243.12315368652344,0
2025-05-29,242.16506958007812,245.4561709438335,241.99652144245584,244.82632176781038,284925
2025-05-30,245.53599548339844,246.16581756268428,241.29573491599572,242.35136707415919,455631
2025-06-02,242.3602752685547,246.59168437798402,241.7747964272606,246.59168437798402,472011
2025-06-03,244.56024169921875,245.7134403137461,242.18286257506827,242.18286257506827,459027
2025-06-04,250.21981811523438,252.81896802616504,243.07877488062317,243.07877488062317,1579630
2025-06-05,250.8141632080078,251.99400028434422,250.1843410433305,251.99400028434422,268278
2025-06-06,250.8141632080078,250.8141632080078,250.8141632080078,250.8141632080078,0
2025-06-09,250.8141632080078,250.8141632080078,250.8141632080078,250.8141632080078,0
2025-06-10,249.77627563476562,252.22460933322165,248.8270891539856,250.81414886789963,286846
2025-06-11,251.02708435058594,254.58427340939969,249.77629244132962,249.77629244132962,754124
2025-06-12,252.43751525878906,255.47132755751014,251.62138601914862,253.30684030417777,1312441
2025-06-13,251.3641357421875,252.8189666499374,245.33197473499257,251.93188255642886,526702
2025-06-16,251.3641357421875,251.3641357421875,251.3641357421875,251.3641357421875,0
2025-06-17,250.52142333984375,254.14959405170362,249.75851693837737,252.73025408071325,527083
2025-06-18,245.5980987548828,250.8673806424631,244.39167733484948,250.15772416852107,1476406
2025-06-19,247.6916046142578,250.0955947620433,245.73115648268066,247.40773122668696,368318
2025-06-20,246.5206756591797,249.79401828249163,243.99248046053867,249.26176238725256,222946
2025-06-23,242.71507263183594,247.94001108341033,242.1739643140287,244.8352166691279,269270
2025-06-24,248.62303161621094,252.10929243241043,246.50291485943643,246.50291485943643,1470335
2025-06-25,250.76980590820312,252.8189680094948,248.0819421732843,248.62305047883848,1878442
2025-06-26,248.2061004638672,251.4883221995431,246.60936004046906,251.4883221995431,367365
2025-06-27,253.10284423828125,253.70605493463407,248.47226411080374,249.03998386276564,579207
2025-06-30,255.7818603515625,256.3673391844586,251.08917725493734,253.10287575709413,763063
2025-07-01,278.5621337890625,281.3564703057442,255.03667367133318,255.78182105189572,2109433
2025-07-02,294.3167419433594,306.4165812530168,278.5887321558035,281.64918292491,1589952
2025-07-03,287.0604553222656,302.4957151378407,283.9645130254681,294.7337283124562,835301
2025-07-04,294.8844909667969,299.8344080400714,282.97981113841064,282.97981113841064,989196
2025-07-07,299.6481628417969,306.0263000509941,294.91998915848717,295.3990221799248,1136654
2025-07-08,302.12310791015625,302.49569516470467,293.64258560147675,300.72152686461845,511703
2025-07-09,301.2271423339844,305.1303068041594,297.19089359678446,301.60858198459067,316675
2025-07-10,309.02459716796875,311.3665121339704,299.12476265651156,299.8344190919715,594438
2025-07-11,305.7956237792969,310.47942661798186,304.3319404681436,309.02459573886193,404553
2025-07-14,315.72210693359375,322.89861409159084,306.05289560727067,306.05289560727067,1150894
2025-07-15,312.1737976074219,322.89864211477766,310.4794635719016,315.8818029894534,1035433
2025-07-16,306.0617370605469,312.1560273810521,303.3827529064098,312.1560273810521,311225
2025-07-17,305.7513122558594,312.1737929726041,303.83520720337884,306.9311222883853,541329
2025-07-18,307.1794738769531,310.03588569497776,306.04400733839003,306.0528868421129,559747
2025-07-21,306.90447998046875,311.35763231249945,304.2698391822344,307.8181754992284,1226374
2025-07-22,307.277099609375,310.47946047877326,306.91339184992916,309.14883421957853,608314
2025-07-23,304.0214538574219,308.7939704902617,302.1940628371263,306.93996803070576,192443
2025-07-24,307.73834228515625,309.5834652650858,303.3827561918152,304.93515333607155,303268
2025-07-25,305.95526123046875,309.14876899307825,304.8907766907021,307.81814301462884,152104
2025-07-28,302.2384033203125,308.9270247308741,301.60858121607237,308.70525371527407,833973
2025-07-29,301.32470703125,307.8181688482435,300.1892405172121,303.38274854783657,336010
2025-07-30,301.9811706542969,304.2521037050072,299.5771533359223,304.2521037050072,149356
2025-07-31,304.28759765625,306.04403403214513,302.584411235679,303.8263236406079,170858
2025-08-01,308.8738098144531,311.36651392831754,303.391636664708,306.0440094167224,503149
2025-08-04,311.0649108886719,312.04070880401326,309.1488060017265,310.47943213946706,477626
2025-08-05,318.3123779296875,321.3018741079012,310.48831668713285,311.384253225705,516788
2025-08-06,318.614013671875,324.58407244325736,313.59311432960567,321.0978383665819,1958751
2025-08-07,312.9277648925781,322.0026170140178,310.4882838583579,318.46316046729714,863444
2025-08-08,314.9325866699219,317.5583750911269,312.2536024402373,314.89712279760215,513343
2025-08-11,322.5526428222656,325.45342521102566,316.2454877441213,316.2454877441213,920465
2025-08-12,325.3381042480469,329.8977296646245,323.8744208498108,324.6727911514251,836011
2025-08-13,320.1930236816406,328.2122446283089,317.5761147011104,326.4469558938788,1418004
2025-08-15,320.24627685546875,323.6881678953001,319.3503131473182,322.0115657568792,951998
2025-08-18,317.9172668457031,321.1469202354635,313.8688030629884,321.1469202354635,1705711
2025-08-19,324.38568115234375,325.6866379376038,317.5078626243371,318.4176272736905,802651
2025-08-20,329.93524169921875,331.1543229630846,322.5570361652486,323.37584653747143,1470941
2025-08-21,323.6396484375,331.9730954669952,322.96643152100285,331.9730954669952,705043
2025-08-22,323.603271484375,327.33328404294423,323.0664859512269,327.0603657750821,198341
2025-08-25,322.5661315917969,325.6957240100938,319.9642181847147,323.8853013560218,682968
2025-08-26,318.58135986328125,324.78596107714554,316.60718623584125,322.96643188343603,235528
2025-08-27,321.0923156738281,322.95732197233264,318.59046305866696,318.59046305866696,320344
2025-08-28,317.7625732421875,322.9573212503694,316.59807568355905,321.146898610047,219003
2025-08-29,321.68365478515625,324.785955337262,313.91425749145645,316.5980741102722,738787
2025-09-01,323.39398193359375,324.3310382406793,318.4175691002461,323.7851739980314,293235
2025-09-02,323.0391845703125,325.4864534337385,321.1559930501378,323.8761801733541,145600
2025-09-03,323.7579345703125,327.46978980998904,322.51156146890514,323.87620841447176,567224
2025-09-04,323.084716796875,325.6957368371302,320.73750850880504,322.96644295302013,402155
2025-09-05,324.4038391113281,327.92465132921404,319.3273650118324,322.975529832712,342001
2025-09-08,324.8587341308594,327.11496035452126,322.87545394798775,327.11496035452126,302367
2025-09-09,324.60400390625,326.60549716711677,323.4213210108914,324.87694994935697,870476
2025-09-10,324.2764892578125,326.4872105248624,323.1028851752331,326.4872105248624,170643
2025-09-11,322.5479736328125,325.6957516147744,322.11127659656813,323.21208407257126,712254
2025-09-12,319.9278259277344,325.695730220655,318.6450544966045,322.5479524454625,359275
2025-09-15,319.7276611328125,321.1468916339426,318.4357832336755,320.2280205383324,258328
2025-09-16,318.1264953613281,321.14692065516795,317.0620862711982,321.14692065516795,276016
2025-09-17,318.3811950683594,320.23712252961394,317.5078288716911,320.23712252961394,300458
2025-09-18,322.3659973144531,324.76778927659103,318.4358074293984,319.3273867663398,646461
2025-09-19,321.7291564941406,324.78595212872267,320.237129269777,324.78595212872267,170766
2025-09-22,318.8633728027344,323.8124942465792,317.51693901832806,322.96641986630044,362552
2025-09-23,318.8633728027344,318.8633728027344,318.8633728027344,318.8633728027344,0
2025-09-24,316.56170654296875,320.12799626255895,315.46089906702827,317.0529872382389,456331
2025-09-25,314.64208984375,319.2909735844238,313.86878438742434,318.4267138799051,362732
2025-09-26,322.0384521484375,322.96640195627,314.6875393392769,317.0347473293967,253475
2025-09-29,321.0741271972656,322.9118416505027,320.2371315691328,322.05666072577566,199919
2025-09-30,324.7677917480469,327.42428895373996,288.96854754890774,322.0566831211502,890800
2025-10-01,324.4766540527344,327.9701468764319,321.14691219800403,327.0603822526415,556310
2025-10-02,337.1678466796875,342.16247323678607,323.8761991372305,324.60399971516,2034936
2025-10-03,332.57354736328125,338.2504696239717,331.60919910140274,338.2504696239717,840746
2025-10-06,331.5545959472656,338.3414317394099,325.6957100042958,335.69401355827637,1181087
2025-10-07,331.5545959472656,331.5545959472656,331.5545959472656,331.5545959472656,0
2025-10-08,333.95635986328125,336.1580022973815,327.98830661734735,329.77146513097955,732604
2025-10-09,341.48016357421875,363.9058564235578,332.2551367872511,333.95639222382107,1192975
2025-10-10,333.5469970703125,340.23377237955026,332.5189586383315,336.6220058359084,764993
2025-10-13,324.7586364746094,333.54696492495094,322.9663992891286,333.54696492495094,1509542
2025-10-14,333.95635986328125,335.7031200209303,327.52434557475857,328.87988587416345,258204
2025-10-15,338.2231750488281,341.13443287178626,335.70313710402235,336.61290170322025,780548
2025-10-16,334.56591796875,340.25194648623386,333.8835945466519,340.0426906418184,447990
2025-10-17,331.0724182128906,336.3399626913338,329.7987534053061,333.70162330528177,329543
2025-10-20,337.22247314453125,337.96845905285835,329.3075096282967,331.15433074690964,308147
2025-10-21,348.3033752441406,349.57704010425,338.9782882927586,338.9782882927586,2811814
2025-10-22,343.17230224609375,350.25937636246414,341.9350356977811,349.34961174853566,744892
2025-10-23,346.8295593261719,347.5300680547656,342.7265122037234,343.89100975052725,1042234
2025-10-24,344.6824951171875,346.6021127799356,340.2519461430427,342.1715360419797,311376
2025-10-27,341.4255676269531,344.8007865499199,339.3421989000531,344.8007865499199,157485
2025-10-28,340.4429931640625,346.1654201033704,339.8061746211079,341.4346332171953,218412
2025-10-29,334.8479309082031,342.0714635022002,334.61138324583027,340.0244933083705,556763
2025-10-30,329.3551025390625,335.7245304132364,326.3988490128687,334.6986997672517,1398110
2025-10-31,339.1470947265625,343.18510256874805,329.28984187951244,329.28984187951244,885939
2025-11-03,334.0459289550781,341.3013081592461,333.40245464277797,339.45481294224714,175194
2025-11-04,327.63916015625,337.12339089541945,326.39885702184455,335.7245386510401,463305
2025-11-05,321.94122314453125,329.00077186289764,320.8034887031833,326.3988983898667,731165
2025-11-06,321.2697448730469,326.3056074606798,320.5237016969986,324.53373357277303,230160
2025-11-07,324.4311828613281,325.6994620234288,321.73604695227755,323.5918486667165,289957
2025-11-10,328.4971618652344,329.1965880437977,325.4756498809526,325.4756498809526,249091
2025-11-11,323.4612731933594,328.2639935433129,321.73601639898567,328.2639935433129,401877
2025-11-12,325.7926940917969,326.8651417894613,320.85006574211457,324.52438658850855,424374
2025-11-13,326.0072021484375,328.27336466589367,322.6872613957866,326.3988933427278,564865
2025-11-14,326.21234130859375,330.12913908844746,324.5337299513551,326.86515042514355,113191
2025-11-17,327.0143737792969,333.8594210641606,325.93259123442493,327.3500846761243,408653
2025-11-18,324.002197265625,329.17796840050147,322.6779662185962,329.17796840050147,392872
2025-11-19,324.7855224609375,327.3314439370595,324.5337392880248,324.62700180160397,496005
2025-11-20,324.39385986328125,327.33144405387134,323.60117118716056,327.33144405387134,259434
2025-11-21,325.8580017089844,327.09830492598337,322.66860585713545,326.3242858214947,130454
2025-11-24,325.87664794921875,327.79773624617377,324.53374740730715,326.3988838866595,446900
2025-11-25,326.41754150390625,327.3314686704817,325.46633209686075,326.86518452707645,299794
2025-11-26,327.9842224121094,331.00573404350155,324.5337089503012,327.70443489752665,262544
2025-11-27,331.1269836425781,331.95695450652704,329.1965607196397,329.1965607196397,117005
2025-11-28,335.4447937011719,337.58968918225276,331.9942799692873,331.9942799692873,612303
2025-12-01,339.8931579589844,342.25255453990314,333.40249077893975,335.4448175637351,246323
2025-12-02,337.53375244140625,342.2245695693821,335.9577098325892,340.4806715070131,106258
2025-12-03,336.0229797363281,340.3873920700712,335.63128857112014,337.58968747771445,174993
2025-12-04,335.7059020996094,338.51291295556786,333.96197570506234,338.51291295556786,60847
2025-12-05,333.4956970214844,340.38738961154667,331.16427654469294,335.81781116898,471317
2025-12-08,333.2812194824219,335.72454355137916,332.7403140025891,335.72454355137916,135344
2025-12-09,333.9992980957031,335.7152201837313,333.02011286092136,335.7152201837313,515190
2025-12-10,334.0179443359375,338.5222359448269,333.1133520987429,334.79196337243206,187764
2025-12-11,333.2532653808594,336.59184714901403,332.92686080577164,336.59184714901403,105302
2025-12-12,343.1571044921875,344.11764855165285,333.39311478920297,333.39311478920297,952509
2025-12-15,342.3457946777344,347.3816573064742,335.7245547122972,346.91537320270714,1198327
2025-12-16,342.69085693359375,349.46131155482425,341.7862645901503,342.3458112336753,1371602
2025-12-17,341.4878234863281,345.9828091307049,335.7245587252123,343.18510447466144,968435
2025-12-18,345.09686279296875,345.98281399706644,341.32930762750595,341.32930762750595,602354
2025-12-19,343.7633056640625,348.3049085131429,342.7188337718376,345.09687143860947,240905
2025-12-22,342.3457946777344,344.8637117622427,341.357274654526,342.2525321650363,117869
2025-12-23,344.29486083984375,346.812806398874,341.32930075278915,342.3457966898089,318798
2025-12-24,344.0057678222656,346.906041311256,342.2525350239008,346.2159499390277,150872
2025-12-26,348.4261474609375,348.78052795198477,341.3199818995359,344.0057830319734,515391
2025-12-29,352.86517333984375,353.3500985765802,347.20447732262704,348.78051991667553,847376
2025-12-30,353.2755126953125,355.1966010211475,352.04451577010036,353.35010563332935,363525
2025-12-31,353.7977600097656,356.2317495694588,349.2561570218811,353.4433795084175,279218
2026-01-01,353.7977600097656,353.7977600097656,353.7977600097656,353.7977600097656,0
2026-01-02,364.373046875,366.0236823373054,358.10618745612885,359.97132384912953,710352
2026-01-05,376.3099365234375,382.25042028517277,365.5667603425453,365.5667603425453,2046316
2026-01-06,406.0588684082031,409.39745012613326,375.19085451768206,377.6901305263872,1861093
2026-01-07,414.42401123046875,421.52084183161224,396.3414995098124,410.1434979912057,1228650
2026-01-08,408.5301818847656,416.2984629187756,403.1679144239421,414.99287305504174,882320
2026-01-09,411.337158203125,413.603320498295,405.65782143121066,408.5114777706017,515570
2026-01-12,406.85150146484375,412.19512727432976,406.1427690149014,410.3299909518215,236790
2026-01-13,416.9325866699219,419.87950565600966,400.6686231196833,407.5323115482497,920401
2026-01-14,405.74176025390625,421.3063258009666,404.73459911938954,419.1427892046487,1724178
2026-01-15,399.176513671875,406.5997488238819,396.4067848866812,405.760443107704,469621
2026-01-16,400.5380554199219,407.2991750981394,396.5373297381573,405.46201454373823,816138
2026-01-19,399.26043701171875,402.75756784048133,396.3414939264225,401.00433503143927,494114
2026-01-20,397.09686279296875,401.461275136742,396.3601259465659,401.461275136742,449223
2026-01-21,388.1815490722656,399.129891643492,385.616986285602,397.0968996102164,779889
2026-01-22,388.4519958496094,392.6019075827001,385.05743368006716,388.1815430821024,233390
2026-01-23,393.87017822265625,395.58610026612934,387.48208047001475,388.4053138651065,269987
2026-01-26,393.7769470214844,396.546675886703,392.807068064242,394.5696357328923,231140
2026-01-27,388.1628723144531,404.837167832145,373.9598483762586,396.34148518680774,776193
2026-01-28,389.14208984375,396.3415180871575,386.10190815083996,391.0258675195102,315358
2026-01-29,384.7869567871094,391.66931475406903,380.4878309849321,389.8135131169158,384928
2026-01-30,379.81640625,388.4146868917305,376.7575834435994,387.0158344779548,392942
2026-02-02,382.94049072265625,384.21810462379614,375.82499068783943,380.48783176337093,457687
2026-02-03,388.68511962890625,390.77406335204205,382.16644836404885,382.91252002211434,846335
2026-02-04,387.67791748046875,394.3551091908803,383.2855292382131,388.8902732132603,1422161
2026-02-06,383.30419921875,387.71525737132583,379.5552850273713,387.71525737132583,311015
2026-02-09,387.88311767578125,398.43979743042763,380.02157390965306,386.08326772661684,511446
2026-02-10,385.2905578613281,389.8135194608933,384.21811009064123,389.8135194608933,410687
2026-02-11,393.5437927246094,396.26690447616716,385.1413438723586,387.01581512017276,381022
2026-02-12,386.8666076660156,396.3415044583516,383.3788115338939,396.3415044583516,687300
2026-02-13,384.99212646484375,389.7202541794753,384.2181073630654,388.8809484718405,210206
2026-02-16,373.652099609375,388.78766272997615,366.49928925357347,388.78766272997615,872112
2026-02-17,369.52081298828125,382.36229526532827,367.5437729657158,373.0366133024928,841764
2026-02-18,389.6736145019531,391.67863037023733,370.2202277278426,372.9713152059985,619305
2026-02-19,373.5868225097656,389.8135033196436,371.1621395244453,389.8135033196436,186188
2026-02-20,367.0868225097656,376.72023942499914,361.3701749308523,373.02727734797656,673608
2026-02-23,359.98065185546875,376.74820949838875,358.10618070871044,367.08681682535166,204992
2026-02-24,363.9161071777344,365.5667426836371,354.37592403005635,359.98066814616953,1053242
2026-02-25,373.0646057128906,376.75756796481306,365.5667491143731,365.5667491143731,931214
2026-02-26,375.19085693359375,382.7633064037963,369.5301609500318,373.0646025086614,1242465
2026-02-27,370.453369140625,379.5459087587788,368.3644255559755,373.01793159702737,2801915
2026-03-02,333.4211120605469,362.76903486248995,333.41177727130525,333.41177727130525,1154454
2026-03-03,347.0365905761719,359.02940333705413,331.99426174737715,332.92682989835293,741433
2026-03-04,343.7726135253906,359.0387501130035,335.73388034914336,353.4433410203333,394501
2026-03-05,348.6592712402344,353.44335069903025,344.1176686225387,344.1176686225387,371255
2026-03-06,344.7052001953125,350.645655280417,343.99643923178303,349.7130870482882,260640
2026-03-09,333.6822509765625,340.3687780060561,321.7360536944258,336.72243264901897,493393
2026-03-10,343.7259826660156,363.7016064990902,340.4806634684007,354.3665894918353,461271
2026-03-11,347.2510986328125,351.5782289575734,342.25254649185524,348.7525483088498,201506
2026-03-12,336.96484375,348.78049496535533,334.4749026779323,343.1850859552159,1126543
2026-03-13,338.61553955078125,343.1851183146565,333.4024864132881,337.12342464877264,561101
2026-03-16,331.77044677734375,340.32208058533536,328.2639815041659,336.7130464786034,300049
2026-03-17,346.6100158691406,349.2124386335513,331.04333543399497,334.87042601704695,3068659
2026-03-18,356.53173828125,358.31132121518664,343.5770297338645,346.8396276444627,459765
2026-03-19,351.9870910644531,358.78973033640756,347.7868452727577,354.00586726525546,333743
2026-03-20,351.9870910644531,351.9870910644531,351.9870910644531,351.9870910644531,0
2026-03-23,351.9870910644531,351.9870910644531,351.9870910644531,351.9870910644531,0
2026-03-24,346.4569091796875,360.66498800670047,337.7407248841611,355.067862505346,743917
2026-03-25,359.1341552734375,360.17706311988115,346.8300734418685,350.1692005295917,408707
2026-03-26,350.8485107421875,362.61680159480346,349.22198570475797,358.78971134050477,377373
2026-03-27,350.5136413574219,356.7709422210705,349.2219925316694,353.9101723451579,168352
2026-03-30,346.0646667480469,352.31239076009103,343.00298269871905,351.9966394458429,1170453
2026-03-31,351.25994873046875,354.00588157254674,347.327597943895,349.1167873314584,304760
2026-04-01,370.1657409667969,373.14128954254164,356.86657933978125,357.83292894592455,841461
2026-04-02,354.09197998046875,363.52577331800944,350.8963628924256,360.7032823734,585135
2026-04-03,351.4895324707031,357.83293924728235,349.2219861637916,351.6139175758724,195410
2026-04-06,357.8712463378906,360.2248988560641,347.3084682197909,351.479982913763,423584
2026-04-07,360.9520263671875,362.6168012828934,354.13023332302686,362.6168012828934,306474
2026-04-08,393.34832763671875,395.14706470955895,378.88193129536404,395.14706470955895,885696
2026-04-09,384.43121337890625,394.1903054355469,368.3574456133145,392.23848118454237,492443
2026-04-10,393.7023620605469,396.96496024827655,387.5024940754229,389.39688520492916,347147
2026-04-13,382.6516418457031,389.40645416937997,380.7955006373789,382.7090458667125,320521
2026-04-14,388.0860900878906,391.3199860871983,385.10096430341645,385.72286064211823,241134
2026-04-15,391.7122497558594,398.0173773011268,388.01909256216686,391.36779645772924,723834
2026-04-16,392.38201904296875,397.0510742653527,387.98088819410333,391.702718634304,510465
2026-04-17,399.9596252441406,400.8876957793933,392.3819738513332,395.02267541522355,446592
2026-04-20,393.2239685058594,399.930953894316,388.92806879913746,399.930953894316,413026
2026-04-21,395.08966064453125,401.12689312225996,393.23351955455894,397.02233069150867,348588
2026-04-22,393.2622375488281,398.4957847980244,390.4589008602617,392.2671858770267,68240
2026-04-23,389.73175048828125,396.1038595589044,386.5839604336307,396.1038595589044,301524
2026-04-24,388.2774658203125,391.3199956985722,382.81427321938685,382.81427321938685,405531
2026-04-27,387.28240966796875,392.1810806805001,377.92517486086786,388.4496734012971,172621
2026-04-28,387.28240966796875,387.28240966796875,387.28240966796875,387.28240966796875,0
2026-04-29,387.28240966796875,387.28240966796875,387.28240966796875,387.28240966796875,0
2026-04-30,377.27459716796875,381.752286148261,376.0020731963795,381.752286148261,422156
2026-05-04,384.4120788574219,390.2675222661109,379.8387071782239,387.49288767551803,953092
2026-05-05,394.8156433105469,422.85526966685813,382.1806780029774,384.4121030460443,2745167
2026-05-06,407.3233642578125,410.07349677519267,394.9917925101814,400.28653981158425,667240
2026-05-07,401.6077880859375,408.1161085436649,400.2865429121317,407.6267606916941,164259
2026-05-08,395.950927734375,401.60778770306786,394.41436831247006,401.60778770306786,297502
2026-05-11,394.4828796386719,397.10577692435936,387.56349392987386,395.3832629493182,45605
2026-05-12,391.3118896484375,396.8611074241226,390.59746090065426,394.48288403486725,194625
2026-05-13,388.99237060546875,394.41435295185363,387.56348329760306,390.98891812472834,195844
2026-05-14,388.54217529296875,391.47826225991815,387.75923071541735,388.0528274651438,157602
2026-05-15,390.38214111328125,394.4143625722046,387.82772983454566,388.5421884396159,542968
2026-05-18,392.4961242675781,394.41435943944265,384.62740262953093,390.97912804158864,709362
2026-05-19,393.2105712890625,395.39307351146,388.0724187248665,392.4961425238585,830148
2026-05-20,395.0505065917969,396.37175173774045,391.4782733212251,393.21055392839963,661945
2026-05-21,397.2330017089844,400.77587524124283,395.0602961356903,398.3291360761559,571134
2026-05-22,396.3815612792969,399.30785191097107,393.9250254758967,399.30785191097107,70440
2026-05-25,403.7804870605469,405.65956605525815,398.3291449116339,399.30784059937747,418998
2026-05-26,403.7804870605469,403.7804870605469,403.7804870605469,403.7804870605469,0
2026-05-27,403.7804870605469,403.7804870605469,403.7804870605469,403.7804870605469,0
2026-05-28,403.7804870605469,403.7804870605469,403.7804870605469,403.7804870605469,0
2026-05-29,404.475341796875,405.1800038678638,398.818482068006,398.818482068006,237115
2026-06-01,398.7010498046875,406.1587060870649,398.1333895860867,406.1587060870649,65316
2026-06-02,399.4154968261719,402.24394179951946,395.39307174453984,396.87091184254655,270122
2026-06-03,399.4154968261719,399.4154968261719,399.4154968261719,399.4154968261719,0
2026-06-04,403.82940673828125,406.64805507571634,401.26522883524353,401.26522883524353,165369
2026-06-05,398.9261474609375,406.64807101586905,397.8496060645812,406.1489266418843,120160
2026-06-08,396.3815612792969,400.2767511117091,394.9135177060948,397.85937149980606,94497
2026-06-09,395.08966064453125,400.2963288197162,393.45522572059195,396.38154610768333,224617
2026-06-10,388.7379455566406,398.2215093173278,387.56349876492936,395.08967111771284,327875
2026-06-11,390.2940673828125,391.4880773340086,389.03154156429156,389.03154156429156,349001
2026-06-12,391.4293518066406,392.89739533655563,390.0102311140873,392.12421738125556,373407
2026-06-15,393.8369445800781,398.3193577940236,391.3314859497415,398.3193577940236,333132
2026-06-16,401.7350158691406,403.22262255932054,394.43392454835276,395.34413423540946,745156
2026-06-17,399.8950500488281,404.00555387364335,398.3291310295276,401.7545658172508,330198
2026-06-18,398.4367980957031,402.13629657018595,398.23128035848396,400.178905140685,263994
2026-06-19,394.3458557128906,400.2865458475628,389.5208930252567,400.27674933287636,217893
2026-06-22,391.5761413574219,397.35043980474546,389.5208744883958,395.3930484756581,403253
2026-06-23,390.33319091796875,394.70796186957097,387.5634952426229,393.38674657518175,623624
2026-06-24,395.14837646484375,397.35044172068496,388.05283286268866,392.4374002132576,682750
2026-06-25,395.14837646484375,395.14837646484375,395.14837646484375,395.14837646484375,0
2026-06-26,395.14837646484375,395.14837646484375,395.14837646484375,395.14837646484375,0
2026-06-29,396.3815612792969,399.30785191097107,393.93482199062674,395.1483951202318,794472
2026-06-30,396.87091064453125,400.306112309025,395.49094609638877,396.4011259470499,374981
2026-07-01,417.7464599609375,420.3497940506737,396.3913130810317,398.0746708432889,1857558
2026-07-02,414.7222900390625,424.7539206535767,410.07348560794617,418.89154314959643,2254969
2026-07-03,418.0107116699219,418.6272947479391,411.5415473429392,416.9145772500791,399609
2026-07-06,423.37396240234375,424.75392690102063,418.01069930118337,418.01069930118337,661569
2026-07-07,422.4637756347656,425.7326155818089,417.04179327114457,424.69520056311825,553953
2026-07-08,413.00958251953125,417.9030609854025,406.15871266731153,406.15871266731153,495330
2026-07-09,404.3089599609375,412.03088324940893,401.75457856029067,411.0423910503092,564764
2026-07-10,408.47821044921875,411.0521848617836,405.15065111667917,407.13740214881426,228112
2026-07-13,403.7217712402344,408.0965421974133,399.30784409232496,399.30784409232496,89651
2026-07-14,388.64984130859375,401.16736787473826,387.8571001683046,400.28654770413067,498510
2026-07-15,389.20770263671875,398.32915381863404,385.4103585045741,390.4995881416093,488651
2026-07-16,395.93133544921875,398.00619543213116,390.9889340867063,391.37063974795984,399312
2026-07-17,393.1420593261719,398.31933787300017,389.2957626757236,398.31933787300017,512547
2026-07-20,393.16162109375,396.83172981281166,385.6060894160782,389.0413207346947,293091
2026-07-21,395.4322204589844,397.49725405728833,391.4782814534264,396.62623041211424,419900
2026-07-22,396.8317565917969,401.2554505140871,393.455244395438,396.3717684066034,214892
2026-07-23,393.07354736328125,400.26696652302167,391.4782686397867,396.4793891852976,238478
2026-07-24,393.4552307128906,396.37175462263286,388.56175226075936,392.4471753464485,295127
2026-07-27,401.47076416015625,403.12476232138386,396.3717678063164,397.350463529295,128049
2026-07-28,400.433349609375,404.18177095906543,398.8283041526411,403.47710884289796,299409
2026-07-29,398.2117004394531,400.13973211107566,396.37174779436094,400.13973211107566,28378
2026-07-30,398.3193359375,401.2652194230341,393.45521732687024,393.45521732687024,90673
2026-07-31,399.9635925292969,406.1489267726492,398.3193610225304,398.3193610225304,176177
2026-08-03,399.1610412597656,406.12934976095437,398.3291439536998,400.98140089822834,196723
2026-08-04,397.4678955078125,401.20652027447426,393.98374118239224,399.33720789114335,250892
2026-08-05,408.2335510253906,409.0948080316133,398.50531324883355,401.1771632975802,240031
2026-08-06,414.321044921875,419.86046631326906,408.2335563134985,408.2335563134985,827520
2026-08-07,410.9739074707031,415.9358719219867,408.1258994274357,415.9358719219867,219867
2026-08-10,409.4667053222656,415.9456659758549,408.2237426876112,413.0095789219077,215653
2026-08-11,409.8875427246094,412.2266397782484,407.13741020373277,410.8466752605345,212817
2026-08-12,410.9053955078125,412.5104409243205,408.12590330465184,409.88754361720834,273467
2026-08-13,411.56109619140625,414.2818689843994,410.0734895115598,411.06198170495026,338511
2026-08-14,411.56109619140625,411.56109619140625,411.56109619140625,411.56109619140625,0
2026-08-17,413.45001220703125,415.9456743058976,411.6883420189292,413.0095871931501,441142
2026-08-18,422.45001220703125,422.45001220703125,422.45001220703125,422.45001220703125,0
2026-08-19,405.4200134277344,409.5,404.0,407.0,78737
2026-08-20,407.260009765625,415.0,405.57000732421875,415.0,356501
2026-08-21,405.239990234375,409.0,401.54998779296875,404.5,76004
2026-08-24,400.82000732421875,406.1700134277344,399.54998779296875,406.0,266496
2026-08-25,400.2099914550781,403.5,398.510009765625,401.9700012207031,143109
2026-08-26,400.2099914550781,400.2099914550781,400.2099914550781,400.2099914550781,0
2026-08-27,402.989990234375,405.0,400.2200012207031,400.2200012207031,117990
2026-08-28,402.67999267578125,406.0,401.0,402.989990234375,83540
2026-08-31,405.2699890136719,406.489990234375,401.1099853515625,402.5,154736
2026-09-01,400.1700134277344,405.0,398.0,405.0,117847
2026-09-02,397.9100036621094,402.1700134277344,397.010009765625,400.0,101263
2026-09-03,398.239990234375,402.0,397.1199951171875,401.9800109863281,153370
2026-09-04,399.5799865722656,401.989990234375,398.25,398.25,39844
2026-09-07,393.6400146484375,400.0,392.0,399.510009765625,264511
2026-09-08,398.8399963378906,404.0,390.0,394.95001220703125,352905
2026-09-09,392.6000061035156,403.489990234375,391.7099914550781,403.489990234375,289435
2026-09-10,390.05999755859375,394.0,389.6499938964844,393.9599914550781,900992
2026-09-11,392.2300109863281,394.0,386.0,386.0,153550
2026-09-14,385.1700134277344,392.2300109863281,384.0,392.2300109863281,1107317
2026-09-15,390.6499938964844,392.0,388.0199890136719,389.9700012207031,391989
2026-09-16,390.010009765625,390.8999938964844,388.0299987792969,388.0299987792969,319155
2026-09-17,390.3699951171875,391.989990234375,389.5,390.510009765625,408637
2026-09-18,397.3599853515625,398.0,390.3699951171875,390.989990234375,175935
2026-09-21,398.4200134277344,400.0,395.0299987792969,397.3599853515625,119273
2026-09-22,396.3399963378906,400.489990234375,396.0,398.0,121376
2026-09-23,390.6000061035156,398.9700012207031,390.0,396.1099853515625,651877
2026-09-24,387.989990234375,392.9599914550781,387.75,392.9599914550781,1066808
2026-09-25,389.29998779296875,392.0,387.20001220703125,389.239990234375,1252178
2026-09-28,390.010009765625,391.9700012207031,389.3299865722656,390.9599914550781,459995
2026-09-29,389.0,393.44000244140625,388.7699890136719,393.44000244140625,505688
2026-09-30,390.0400085449219,405.0,389.0299987792969,390.989990234375,491395
