Date,Close,High,Low,Open,Volume
2021-10-04,80.3969955444336,80.40274070047825,77.531213386218,79.31156109222124,706396
2021-10-05,80.28215789794922,81.5341395631441,78.53627100815916,80.40276283022583,1823928
2021-10-06,80.11559295654297,80.40274473843789,79.28858926980928,80.3969995821047,449136
2021-10-07,79.81121826171875,80.54058328005961,79.25414047340546,80.28214761525577,440213
2021-10-08,80.17301940917969,80.40274372365342,79.65614813619723,79.82843534735008,423927
2021-10-11,80.37403106689453,80.89090718205073,79.65615159009053,80.31659878084535,1986088
2021-10-12,80.67266082763672,80.97704805950164,79.82843136420668,80.89089963846175,4521816
2021-10-13,79.97203826904297,84.88234564482048,78.82342601716311,80.6726872603098,3357042
2021-10-14,79.89161682128906,80.40274778358231,78.97846949330749,78.97846949330749,841350
2021-10-15,79.83419036865234,80.11560184519809,79.2885980667101,79.82844521168174,789927
2021-10-18,79.33454132080078,80.28789031244821,78.67983444351361,79.31157033346918,614466
2021-10-19,79.33454132080078,79.33454132080078,79.33454132080078,79.33454132080078,0
2021-10-20,80.32234954833984,80.40275282652047,79.25414076363464,79.8284443851963,1308586
2021-10-21,80.64744567871094,82.34840247334904,80.32234587293021,80.4036208243754,3854346
2021-10-22,79.53861999511719,80.6938768979889,78.95228281811977,80.17140208443817,1343699
2021-10-25,79.53861999511719,80.10173715195998,76.65918646349947,79.53861999511719,721426
2021-10-26,78.95811462402344,79.53284196829263,76.97850254666581,77.73319241068761,218429
2021-10-27,79.41091918945312,81.27442601584669,78.95229691344282,80.40362638444144,217641
2021-10-28,78.99873352050781,80.37459045971801,78.42981375293562,80.37459045971801,134657
2021-10-29,77.367431640625,80.02626508506233,76.36891723878237,80.02626508506233,319616
2021-11-01,79.50379943847656,80.4036216108263,77.8028426272009,77.8028426272009,519154
2021-11-02,80.65325927734375,81.21637166675134,78.66203255895917,78.66203255895917,334545
2021-11-03,81.22798156738281,81.53566394320062,79.7418220512955,80.98416156678424,4676676
2021-11-04,81.66337585449219,81.84914577587928,80.43264647129175,81.21636363164441,926054
2021-11-05,82.4587173461914,83.13213708218062,81.2744326736753,81.44859261422317,2732130
2021-11-08,82.44129180908203,83.19016920453888,81.56468480151996,82.08716454106968,1877340
2021-11-09,81.9188003540039,83.01600722819596,81.56467798758983,81.86074543045449,1315725
2021-11-10,82.27873992919922,82.43548238569161,81.30344541322205,81.9710527136913,370614
2021-11-11,81.93623352050781,83.00440333025249,81.76787616874067,81.91881119472012,515531
2021-11-12,81.32084655761719,82.40644333342881,80.83900924490264,82.14520594267911,487239
2021-11-15,80.64744567871094,81.27442039556317,80.12496593599829,80.71130317712792,138818
2021-11-16,81.45439147949219,81.85496370934467,80.55456922093984,81.26862153429369,921083
2021-11-17,83.19599151611328,84.11903386174697,82.23230681572404,82.23230681572404,1023394
2021-11-18,85.46005249023438,86.49920455011839,82.63866865658612,83.59654576376262,2606177
2021-11-19,87.0042724609375,88.47301940217386,84.8446932491315,84.8446932491315,2390421
2021-11-22,89.1638412475586,91.14344798556569,88.53106398437235,89.91272836396516,1186828
2021-11-23,86.9868392944336,89.98237765742584,86.20892480784838,89.98237765742584,757930
2021-11-24,85.6283950805664,86.49918964319495,84.18286850626109,86.49918964319495,624605
2021-11-25,85.77351379394531,86.47015326984837,85.04785660523785,85.33812142952627,319641
2021-11-26,86.2437744140625,86.49920441128768,85.3381447962208,85.77353727985599,1017526
2021-11-29,87.8053970336914,92.24646251023577,85.39618578362702,85.92447782142172,1014569
2021-11-30,86.31924438476562,87.66026652445838,85.918677052227,87.66026652445838,1632877
2021-12-01,86.49921417236328,87.0797440454071,85.62841936279756,86.20894923584137,508011
2021-12-02,82.36001586914062,86.49920164431364,80.98415403311897,86.49920164431364,1695826
2021-12-03,84.78083038330078,86.42953962382278,80.69388244260635,81.85495173831727,1364485
2021-12-06,84.31059265136719,86.49919904949189,84.17707021926931,85.62840439216937,206640
2021-12-07,84.15384674072266,85.62840087462772,83.89260932866023,84.7575965090479,249715
2021-12-08,83.0972900390625,84.75760449438876,83.01601508720488,84.18288213370462,145921
2021-12-09,81.68079376220703,83.59654802845935,80.95513148196679,83.24822818513802,1013240
2021-12-10,82.41806030273438,83.30627730282397,80.6938835322352,81.28022075743833,327855
2021-12-13,81.25119018554688,82.9579493358567,80.9841453419992,82.7257393939978,292785
2021-12-14,81.04801177978516,81.44857908932772,80.54875206724809,81.27441917769988,911419
2021-12-15,81.93043518066406,82.69673502358214,79.82890587517478,81.27443289851949,787861
2021-12-16,81.18153381347656,84.3222099047581,80.54875166756517,81.86075113183567,1686207
2021-12-17,80.71710205078125,81.70980907174724,79.8288851208485,81.70980907174724,988540
2021-12-20,80.81578826904297,82.43547478619405,80.34556094291473,80.69387585678275,878247
2021-12-21,79.12645721435547,80.98416147947705,78.95229728724983,80.98416147947705,827747
2021-12-22,79.39350128173828,79.93920108176458,77.50096699977186,79.126456387767,1145427
2021-12-23,78.97552490234375,79.99145216141464,78.95230000511903,79.99145216141464,309362
2021-12-24,78.20921325683594,79.5270202143236,77.79123335223206,79.5270202143236,360122
2021-12-27,78.43562316894531,79.21353781717325,77.79123583808435,78.32532561949186,1386688
2021-12-28,78.13372039794922,78.95226736026038,77.84925815469904,78.37173773796916,116458
2021-12-29,78.47624206542969,78.8942267564365,78.08148226482221,78.8942267564365,154050
2021-12-30,79.27739715576172,79.82309696175508,78.37176748317634,78.08730513196137,1688298
2021-12-31,77.85508728027344,81.21636330432904,77.50676746107277,79.35866409794507,1421581
2022-01-03,77.9363784790039,78.37177590777615,77.40809119853056,78.35435845158024,475049
2022-01-04,78.27886962890625,78.48205698918693,77.64609239947922,78.34272712156178,558432
2022-01-05,78.44143676757812,78.77814175635898,77.79124194370675,77.84929200797131,800482
2022-01-06,78.67943572998047,79.67214275188857,78.13953859103668,78.69104574010629,1044213
2022-01-07,79.08580780029297,79.51540254712167,78.21501316819713,79.51540254712167,1292608
2022-01-10,80.21784973144531,80.69388454982702,78.691052873263,78.95229030481035,608770
2022-01-11,79.90436553955078,80.69388528296238,79.53282569041242,79.82889315818437,418414
2022-01-12,80.39202117919922,80.97835849593427,79.82310131773826,80.11336625489086,531941
2022-01-13,80.4500732421875,80.98416304604086,79.8289010370892,80.68809067703253,285743
2022-01-14,80.7345199584961,81.24538966935118,80.17721020411672,80.51972744917427,593923
2022-01-17,80.65904998779297,81.27441464979424,80.14237772328795,81.27441464979424,592764
2022-01-18,80.97834777832031,81.21636519016408,80.2875155654043,81.07123274079629,872656
2022-01-19,80.1075439453125,81.27441084882706,79.53281678303924,81.26280083884362,871134
2022-01-20,80.33975982666016,80.69388220937721,78.96390289772994,80.10754986580083,812506
2022-01-21,79.54442596435547,80.68807283598902,79.30060114120042,80.52552295388564,541105
2022-01-24,79.6779556274414,80.1133529609207,79.13805845167361,79.544433193866,417450
2022-01-25,79.61410522460938,80.97835227319798,79.35867034561828,79.5328302689297,792393
2022-01-26,80.27010345458984,80.63584075918797,79.59088120777773,80.11336098348285,259450
2022-01-27,80.41522216796875,80.98414676676207,79.99724231646348,80.88545437292647,992200
2022-01-28,79.99724578857422,82.65027693503093,79.5966784988197,79.5966784988197,460697
2022-01-31,79.53284454345703,80.69390441123308,79.18452463431784,80.69390441123308,886723
2022-02-01,79.70116424560547,80.02045655220876,79.53281180336494,80.02045655220876,766261
2022-02-02,79.96823120117188,80.56617851142127,79.67796627340272,80.33977108823886,804995
2022-02-03,79.95661926269531,80.72872648541063,79.76504188153444,80.2584941956618,489892
2022-02-04,79.54442596435547,80.5197203849615,79.47476103316627,80.5197203849615,238888
2022-02-07,79.12064361572266,79.81727835502683,78.94648371289298,79.54443092620286,127215
2022-02-08,78.75491333007812,79.75923536290459,78.37176345873972,79.5328279563844,264973
2022-02-09,80.4210433959961,80.75194579250409,78.86521895219593,79.23095138496234,393501
2022-02-10,79.97984313964844,81.14090775070021,79.53863829512784,81.14090775070021,1203600
2022-02-11,83.01599884033203,85.9592896242241,79.59666844986495,80.63582029551259,494872
2022-02-14,81.22216796875,84.17706914536748,81.04220062377662,81.6691753024977,443818
2022-02-15,80.65904998779297,81.22216716641813,80.54874757977032,81.22216716641813,1342048
2022-02-16,81.18153381347656,84.1770725857761,80.92609895288888,81.2744187744162,422626
2022-02-17,81.00737762451172,81.85495719503993,80.69388782192829,81.85495719503993,334342
2022-02-18,80.90288543701172,81.04221045361857,80.69389060407876,80.98416039337202,201592
2022-02-21,79.23094940185547,81.73884836611435,78.95810194462256,80.69388884033481,903038
2022-02-22,80.09014129638672,81.12929341012257,78.51689939261767,78.51689939261767,800801
2022-02-23,78.81877136230469,80.40362321865005,77.8492842297888,79.53282849354643,510118
2022-02-24,76.3224868774414,78.81877092187413,75.46910473863826,78.81877092187413,745845
2022-02-25,77.9363784790039,78.36016589431745,76.63018132067141,76.69984627343938,509588
2022-02-28,80.9899673461914,81.85496444683349,77.210706030997,78.66203556794206,1176232
2022-03-01,80.28751373291016,83.59073483106796,79.7069839486891,80.4094261568801,427491
2022-03-02,79.991455078125,80.37460499611163,79.44575523371509,79.53864020995475,561311
2022-03-03,78.95811462402344,80.34558677262987,78.80717470241275,80.34558677262987,100161
2022-03-04,78.83617401123047,79.53281355810363,78.66201412451218,78.66782156527555,392579
2022-03-07,77.08879089355469,78.83619274471397,76.92043840759493,78.43562539727833,505089
2022-03-08,75.83483123779297,77.67511282325955,74.31383710670073,77.67511282325955,254250
2022-03-09,75.84645080566406,77.72156752936819,74.83051877658012,76.04963818588382,540951
2022-03-10,78.86521911621094,81.26861829543392,75.44008040710104,75.87548265732008,1956876
2022-03-11,76.1076889038086,79.09742521579108,74.74344190366618,77.84928320306153,903104
2022-03-14,75.44588470458984,76.04963941326632,75.12078489099136,75.48652218128966,53941
2022-03-15,75.23688507080078,76.04962962820885,74.59830040940976,76.04962962820885,1137621
2022-03-16,76.21798706054688,77.21069414785956,75.46909994596919,76.04963459460907,827579
2022-03-17,76.40377044677734,77.49517012706802,76.22380306621069,76.63017787909313,351271
2022-03-18,74.69120025634766,75.5271650007171,74.45318282113232,75.5271650007171,1718113
2022-03-21,74.34866333007812,75.17882528499106,74.30802586123575,75.17882528499106,1264297
2022-03-22,74.30169677734375,75.1886878229348,74.01386811896263,74.4544255079522,2694794
2022-03-23,74.30169677734375,74.30169677734375,74.30169677734375,74.30169677734375,0
2022-03-24,74.49552154541016,75.11230268513388,72.33972075952094,74.60125489167672,2240624
2022-03-25,75.7467041015625,75.95229944830814,74.19006559131694,74.89495617626164,439314
2022-03-28,76.36349487304688,76.65719973141084,74.66000373668378,74.66000373668378,146507
2022-03-29,77.1623764038086,78.94810569332454,76.3634950462536,77.45020499656654,609561
2022-03-30,76.38111114501953,77.24460669495664,75.30614890685393,77.24460669495664,320430
2022-03-31,76.92740631103516,77.00964445685226,76.2166393990483,76.3634918223636,1073979
2022-04-01,77.85552215576172,79.32992769767272,73.45581059592627,77.14475518931032,4517246
2022-04-04,73.7142562866211,76.65131418529647,73.13271801420393,75.81131391072138,979712
2022-04-05,75.22391510009766,75.94642961300941,73.7788811445208,73.7788811445208,174403
2022-04-06,75.85244750976562,76.04041901466506,75.54111878044715,76.04041901466506,102067
2022-04-07,74.56014251708984,76.36349569089214,74.16070429981721,75.77608596787312,1355410
2022-04-08,79.13020324707031,79.82922256318274,76.36349252375072,76.36349252375072,898378
2022-04-11,82.89551544189453,83.99984930432,80.47538099905901,80.47538099905901,4380024
2022-04-12,84.92794799804688,85.73271052301051,82.53131387011268,83.70613819421041,7033408
2022-04-13,85.36851501464844,85.75621056358794,84.05859072451689,84.88096237503045,2013140
2022-04-14,84.52851867675781,85.17467138341686,83.99985186567599,84.64600457233504,299037
2022-04-15,86.26725006103516,86.58445010155833,84.14668713937526,85.1687925913495,587640
2022-04-18,85.6093521118164,86.43760001818448,84.38166598831017,86.23200957304923,1915205
2022-04-19,84.61663818359375,86.05580105287184,82.82503732541944,86.05580105287184,2863632
2022-04-20,83.03062438964844,85.4683778933177,82.56069558763654,85.4683778933177,2792040
2022-04-21,82.91311645507812,83.99983114254661,82.82501191463884,83.2361927287033,259460
2022-04-22,82.84264373779297,83.4124345041965,81.06278582336516,83.4124345041965,405923
2022-04-25,83.10697937011719,85.85019006434588,82.23761239111074,84.58725620582653,1569796
2022-04-26,82.4902114868164,84.88097476215354,82.26699713705995,84.2935649461333,2609482
2022-04-27,82.48432922363281,83.20683886345185,82.2963527832705,83.20683886345185,656045
2022-04-28,83.36466217041016,84.91120333879829,81.68131116857515,82.68061300317574,644521
2022-04-29,83.36466217041016,83.36466217041016,83.36466217041016,83.36466217041016,0
2022-05-02,83.36466217041016,83.36466217041016,83.36466217041016,83.36466217041016,0
2022-05-03,83.36466217041016,83.36466217041016,83.36466217041016,83.36466217041016,0
2022-05-04,83.36466217041016,83.36466217041016,83.36466217041016,83.36466217041016,0
2022-05-05,83.36466217041016,83.36466217041016,83.36466217041016,83.36466217041016,0
2022-05-06,81.63372039794922,83.36465976635495,81.12811907118102,83.36465976635495,5834928
2022-05-09,77.79711151123047,81.63372751154311,77.26771842675649,81.63372751154311,3643411
2022-05-10,77.89822387695312,79.1116660920081,76.85133363085926,78.45735906420362,305731
2022-05-11,77.4164047241211,78.72501853432384,76.31597584411203,78.72501853432384,703589
2022-05-12,77.93984985351562,78.21346947692129,76.01856705853902,77.9220085681392,587417
2022-05-13,79.57563018798828,79.70649458996127,77.32719356174161,77.98150059570705,277349
2022-05-16,76.76211547851562,79.70649722884106,76.13754556835265,79.70649722884106,567212
2022-05-17,76.38735961914062,77.62459337360283,76.31597950069944,77.62459337360283,320285
2022-05-18,77.23796081542969,77.62459355663,75.61408932488418,76.13753188010027,422279
2022-05-19,77.22607421875,77.80305068409895,77.02978011703388,77.32719148959995,269832
2022-05-20,77.24987030029297,77.89228149719763,76.73237308500404,77.4699561261921,410525
2022-05-23,76.72047424316406,77.26771357449147,76.34573231289865,77.26771357449147,372079
2022-05-24,76.2029800415039,77.32719589252999,75.98883964781164,77.0297845030296,819959
2022-05-25,76.8156509399414,77.02978634679249,75.39401867342052,75.54272437173009,484855
2022-05-26,77.33910369873047,77.6246192758018,76.43497353398827,76.43497353398827,410967
2022-05-27,77.10710906982422,79.65890754461292,77.02978350730433,77.63650712697294,5219445
2022-05-30,77.81494140625,78.07071976239132,77.1071005891335,77.33908224314504,1528092
2022-05-31,77.9696044921875,78.13020603813142,77.32719331644537,77.80305252218649,589902
2022-06-01,77.98745727539062,78.36814467172721,77.41642618088575,78.20159268783823,252943
2022-06-02,77.3093490600586,78.8142521804474,77.02977897943812,78.21942944409973,2305794
2022-06-03,76.43495178222656,77.26770655969219,76.1970197063938,77.25580571272944,501622
2022-06-06,76.12565612792969,77.19634321390774,75.84014057006229,77.19634321390774,374216
2022-06-07,76.01262664794922,76.37546769809926,75.86986640371464,76.37546769809926,266135
2022-06-08,75.37022399902344,76.72642151176105,74.56126083874551,75.59625525382418,265653
2022-06-09,74.69212341308594,75.54271955381047,74.12703780197587,75.37022215284485,289201
2022-06-10,74.30548858642578,75.01332949053523,74.0556606231048,74.94194935930543,247658
2022-06-13,69.98110961914062,73.22290261181551,69.08887548873642,73.22290261181551,1378689
2022-06-14,69.54093933105469,70.61162629860901,69.23758251635086,70.18930093731034,405872
2022-06-15,70.052490234375,70.77222696931044,69.54093846946813,69.55878474962955,322567
2022-06-16,69.61231231689453,70.18929373437585,69.2970546863102,70.0167913563024,641568
2022-06-17,70.12982940673828,71.25999586097691,69.6837122518469,70.706810988269,1755624
2022-06-20,69.41007232666016,71.25997511701769,69.29705421654592,70.48075418511476,1687997
2022-06-21,70.33800506591797,70.48671075389126,68.46430541030836,70.18929937794469,2324076
2022-06-22,69.36248779296875,71.85480682649975,69.15430283149655,70.33800286624738,777466
2022-06-23,70.01085662841797,71.02205937350207,69.35654955712434,70.06439048028986,1057826
2022-06-24,67.86354064941406,70.01086023523104,66.02553332586623,69.95137595587919,2112574
2022-06-27,67.92301940917969,68.88068827390656,67.21517850706853,68.41077448593417,1387090
2022-06-28,67.18543243408203,69.54688710818677,66.62629725905343,69.54688710818677,876564
2022-06-29,66.06121063232422,67.7802539920936,64.84181813101969,67.7802539920936,2090896
2022-06-30,67.20328521728516,68.4643109511036,66.50138972063799,66.61440784975211,905363
2022-07-01,68.36913299560547,68.61301052151023,67.33413862051056,67.74456811297459,648560
2022-07-04,69.01155090332031,69.38629286470628,67.81000444422595,67.8159548687417,713544
2022-07-05,68.51783752441406,68.99964713611351,67.83973880570097,68.42266568684089,86004
2022-07-06,68.50000762939453,68.96991647157951,68.34535149562919,68.96991647157951,727018
2022-07-07,68.40483093261719,68.64275805329139,68.10741953579104,68.52379449295428,562587
2022-07-08,68.40483093261719,68.40483093261719,68.40483093261719,68.40483093261719,0
2022-07-11,68.40483093261719,68.40483093261719,68.40483093261719,68.40483093261719,0
2022-07-12,68.40483093261719,68.40483093261719,68.40483093261719,68.40483093261719,0
2022-07-13,70.95661926269531,72.26523321344288,67.68508438582637,68.99964376815102,817320
2022-07-14,73.08013153076172,73.45486838667699,70.95660936866757,71.5276402866106,694057
2022-07-15,73.26454162597656,74.94194720586029,71.3789510746075,73.08014836689529,1752705
2022-07-18,73.12773132324219,74.35306939976654,71.37895061734908,71.38489604942875,1503760
2022-07-19,69.60636901855469,73.16341948085139,69.06507514962075,73.16341948085139,1140591
2022-07-20,69.55877685546875,70.72463551836226,69.2970530746587,70.1833416786061,301810
2022-07-21,69.36844635009766,69.60042804199531,68.70224341294968,69.55879004642564,297804
2022-07-22,69.33870697021484,70.78413103170183,68.70224614629012,69.44577467966322,881619
2022-07-25,68.95207214355469,69.51715281424826,68.85094986978447,69.51715281424826,66696
2022-07-26,69.88594055175781,70.4688674724534,68.70224042962121,70.00490410880522,2044601
2022-07-27,70.72465515136719,70.7841344417222,68.79147088753201,68.79147088753201,826479
2022-07-28,70.85550689697266,72.56265469639587,70.20119983026389,71.0815381597405,585578
2022-07-29,70.48075866699219,71.31946391901826,70.24877700051259,70.78412045976542,54986
2022-08-01,70.7127456665039,71.3730031485745,69.05913673311451,69.05913673311451,442792
2022-08-02,70.8138656616211,71.61687838929137,68.9996502422278,68.9996502422278,360551
2022-08-03,73.03256225585938,73.16342666214632,70.60567772289544,71.3789533281395,436096
2022-08-04,74.34712982177734,75.39402015491346,73.05041151442799,73.46084104693537,759092
2022-08-05,74.22222900390625,75.24532780444557,73.7582655363132,73.7582655363132,862627
2022-08-08,74.22222900390625,74.22222900390625,74.22222900390625,74.22222900390625,0
2022-08-09,74.22222900390625,74.22222900390625,74.22222900390625,74.22222900390625,0
2022-08-10,75.79850006103516,76.43496586033251,74.8586774235325,74.94790384039112,600739
2022-08-11,76.1732406616211,77.90418020281837,75.10255363030105,76.42901406649305,3442831
2022-08-12,78.07072448730469,78.51684154372137,76.22676699869616,76.60745435221969,2818653
2022-08-15,79.86115264892578,80.89020170596346,78.82021272663631,79.40908511478032,2176773
2022-08-16,79.55779266357422,80.59873254469652,78.87374346079953,80.30132115009015,1340412
2022-08-17,80.62251281738281,80.89613245966446,79.11165935328675,79.5577813738557,1391659
2022-08-18,81.48502349853516,82.08579672834333,80.06934162772916,80.89614612579675,1893826
2022-08-19,81.81217193603516,82.62113509401486,80.95562535274485,81.49096883928875,2607555
2022-08-22,82.57108306884766,83.77882513762556,81.92075807974012,83.5930194444021,1656534
2022-08-23,83.12186431884766,85.00647569045633,82.62416834905729,82.62416834905729,3166829
2022-08-24,83.42048645019531,84.94011887192747,83.01569329117024,83.28113217521013,4243321
2022-08-25,82.3653793334961,84.07744988131769,82.11984746190174,83.61293559757269,831301
2022-08-26,80.83246612548828,84.94011880334814,80.52721318107783,83.21477365272025,2843216
2022-08-29,80.54048156738281,83.41384244975706,79.63135510729083,80.29494973318492,2143114
2022-08-30,80.4940414428711,81.93404076807727,80.16224408335856,81.542517251183,506890
2022-08-31,80.56039428710938,81.54914893194879,80.29495540543539,81.2704403844626,311334
2022-09-01,80.40775299072266,81.95392955695613,79.89678739845579,80.95853769998905,475347
2022-09-02,80.04278564453125,81.27707205443838,79.8304355666346,81.27707205443838,348894
2022-09-05,79.69108581542969,81.51597125697654,79.49864780597146,81.51597125697654,287637
2022-09-06,79.30619812011719,80.29495273203628,78.90140497817758,79.66453983902235,219156
2022-09-07,80.04278564453125,80.29494977990063,78.96776052734029,78.96776052734029,414373
2022-09-08,79.62472534179688,80.95191472023487,79.36592381802751,80.62675474010875,320035
2022-09-09,80.63338470458984,81.29034196903424,79.89679426213013,80.26176827001025,520264
2022-09-12,81.01164245605469,81.2903510158881,80.55376049145278,80.55376049145278,683410
2022-09-13,82.24593353271484,82.94934233561654,80.16224645827025,81.01164691373478,1920074
2022-09-14,81.40316009521484,82.61753960325656,81.16426559976973,81.95394490764807,1539329
2022-09-15,80.28829956054688,81.91410917230911,80.22857848390011,81.05807163393459,528677
2022-09-16,78.57624053955078,80.95190540586191,78.3041643181199,80.95190540586191,683089
2022-09-19,77.62730407714844,78.96776303719548,77.30877641876701,78.76868261785391,160901
2022-09-20,77.35523223876953,78.94786049555769,76.67836788761804,78.94786049555769,278177
2022-09-21,77.61402130126953,78.2908906065864,77.24240995737783,77.35521982065569,404942
2022-09-22,77.32205200195312,78.30417438287319,76.14749161385336,78.1714574683715,1734734
2022-09-23,74.80039978027344,77.4746857680388,74.32261075820423,76.32666464207664,1307884
2022-09-26,75.40425872802734,75.98158789975179,74.82029725499575,74.98619591853233,1028947
2022-09-27,74.68757629394531,76.63854102848158,74.32259722885215,76.3133810831964,769135
2022-09-28,74.18988800048828,75.64979428614323,73.99744493380024,74.97956223496428,1547754
2022-09-29,72.6901626586914,74.18988806966952,72.26546246382028,74.18988806966952,1453959
2022-09-30,72.82951354980469,74.91983773031406,72.331817557437,72.72997333876606,1207019
2022-10-03,72.5972671508789,74.24297930676587,72.26546977364713,73.32722036822359,531672
2022-10-04,72.98214721679688,73.99080893153864,72.33182218419472,72.65034986732809,697031
2022-10-05,72.7830581665039,73.58600704963256,72.50434964101962,73.0020456063095,545537
2022-10-06,74.30270385742188,74.48850957459364,72.66362403935861,73.49311746446544,1166714
2022-10-07,73.5727310180664,78.28425140252222,73.06176036940484,73.67226615225073,917917
2022-10-10,71.81421661376953,74.28278961740719,71.67486233941264,73.65900900214966,1099099
2022-10-11,72.54417419433594,73.26085770312616,71.9403056350814,72.00666409415622,1279628
2022-10-12,73.08168029785156,74.31596680788145,72.33182013194497,72.39817858739079,1030331
2022-10-13,72.30526733398438,73.3272036301242,72.00665178777,73.0816718044018,519385
2022-10-14,72.18582916259766,72.69679990620935,71.66822611735775,72.33845816808348,630758
2022-10-17,72.25882720947266,72.6968021460628,71.60186986741328,72.6968021460628,227810
2022-10-18,72.13274383544922,72.65698427030993,71.80094647638492,72.65698427030993,585212
2022-10-19,72.71670532226562,73.85808896736393,72.07301768082121,72.33181919769517,1638100
2022-10-20,72.66360473632812,73.32719930013022,72.5308878486976,73.32719930013022,491350
2022-10-21,72.52425384521484,73.00204276333827,71.96683175312918,73.00204276333827,912964
2022-10-24,72.37828063964844,73.65901873549028,72.0133014946574,73.65901873549028,194258
2022-10-25,72.31192016601562,72.89588171894422,72.00002982584229,72.38491599298496,304001
2022-10-26,73.39356231689453,73.65900117151907,71.83411600735981,72.31190493311897,3638000
2022-10-27,72.58935546875,73.66389978892553,72.31902819977971,73.66389978892553,500093
2022-10-28,72.37984466552734,72.98132009496662,72.04193688916534,72.35957102391578,170362
2022-10-31,71.1769027709961,72.91374875400062,70.82548090798787,72.91374875400062,738398
2022-11-01,71.42694854736328,71.97435750378979,71.03497428312681,71.18365453204848,480746
2022-11-02,71.79190063476562,72.3122764301272,71.04174483127635,71.94057575053725,552107
2022-11-03,71.90000915527344,71.9743492712311,71.63644152817369,71.78512176008903,152402
2022-11-04,70.5821762084961,72.31226233019412,69.20351189674423,71.04173097908006,698612
2022-11-07,70.96063232421875,72.24468289272681,70.29157637743101,72.24468289272681,528322
2022-11-08,72.8731918334961,72.9880792392879,70.66327210246656,71.49452749580415,2429031
2022-11-09,72.8731918334961,72.8731918334961,72.8731918334961,72.8731918334961,0
2022-11-10,76.76588439941406,77.21192512889843,73.66389355842388,73.66389355842388,4282796
2022-11-11,76.59691619873047,78.19184098098599,75.691326023008,77.21191069757737,1156474
2022-11-14,76.36040496826172,76.97539965341124,76.23200350741229,76.43474509846801,1136967
2022-11-15,76.11709594726562,76.36714953200442,75.70484809040428,76.02924179071236,220752
2022-11-16,75.79947662353516,76.19820533396421,75.6305227314421,75.6305227314421,83637
2022-11-17,75.27909088134766,76.0292465262248,75.01552323920848,75.83325940534071,852354
2022-11-18,75.13717651367188,75.69134508393672,74.66410766932276,74.91415613445142,1090116
2022-11-21,75.19123840332031,75.35343268917775,74.71816443181301,75.13717192268004,125802
2022-11-22,75.4548110961914,75.65755267805244,74.54246108765744,75.42101825451604,397877
2022-11-23,75.70486450195312,76.02925827258434,75.10338900454848,75.69135045803952,686276
2022-11-24,75.22502899169922,76.23199789727354,75.0898679409423,76.22523829791662,865558
2022-11-25,75.56294250488281,76.36716473924542,74.819546357218,76.36716473924542,648554
2022-11-28,74.7114028930664,76.22522811477482,74.33970231904601,76.22522811477482,663283
2022-11-29,74.90064239501953,75.31964475712279,74.48163487685257,74.73168849905824,495841
2022-11-30,74.01531219482422,75.04931425353908,73.72471132003437,74.67761366157657,434524
2022-12-01,74.08289337158203,75.04930969593275,74.0017936593344,74.03558649511994,271576
2022-12-02,73.57604217529297,74.83981397779803,72.31226521672434,74.20455085491452,358287
2022-12-05,72.76505279541016,73.98152274358958,72.6501653992107,73.98152274358958,204498
2022-12-06,72.25819396972656,73.5963109644533,71.77836557052393,73.5963109644533,258717
2022-12-07,72.13655090332031,73.32598772392227,71.95408297212228,72.19061738518029,1845638
2022-12-08,70.99443817138672,72.31227666500546,70.96064532547265,72.31227666500546,341014
2022-12-09,71.15662384033203,71.56887176127167,70.62272890737637,71.56887176127167,238276
2022-12-12,71.26475524902344,71.63645590340064,70.96064028167045,71.63645590340064,688410
2022-12-13,72.14330291748047,72.37983730566945,71.06875877282353,71.06875877282353,247835
2022-12-14,71.83919525146484,72.31226407551478,71.70402904740523,72.31226407551478,292245
2022-12-15,70.83222198486328,71.87297848945668,69.94690531630724,71.70402461188107,1424184
2022-12-16,70.8051986694336,71.90678140549952,70.21724239294578,70.96063852725665,842800
2022-12-19,71.78511810302734,72.17709230246011,70.8930419130447,72.17709230246011,1219732
2022-12-20,71.83244323730469,74.339718581649,69.507635842629,71.80540999363824,3337471
2022-12-21,70.21049499511719,71.63646658201802,70.14967405500582,70.28483513707428,360535
2022-12-22,71.00794219970703,71.4810110393865,69.81175090162401,70.28481974130348,317546
2022-12-23,69.9671859741211,71.04173542442861,69.56169765848311,71.04173542442861,340433
2022-12-26,68.83856964111328,71.26474489574126,68.7304366824352,71.26474489574126,778816
2022-12-27,68.39929962158203,70.62273367367223,68.27089300132576,70.48757260944969,275909
2022-12-28,66.9124984741211,68.58851813632107,66.36508437720266,68.58851813632107,5088729
2022-12-29,67.02737426757812,68.2573581386862,66.50023905939787,68.2573581386862,661835
2022-12-30,67.27066802978516,67.98703073041499,66.90572708152207,67.56802846675414,553631
2023-01-02,68.05462646484375,68.52770046184926,66.90574204766288,67.51397709749072,1045918
2023-01-03,67.41936492919922,68.39253587595397,67.24365143150948,67.75051312571684,218223
2023-01-04,66.81111907958984,67.98703657662418,66.70298612737093,67.98703657662418,374911
2023-01-05,66.21639251708984,67.27742244648752,66.0609527126281,66.5678142423925,567575
2023-01-06,65.16890716552734,66.70300651251358,64.91885350414931,66.22993759213841,2489023
2023-01-09,64.23626708984375,67.57479224479859,64.10110089251846,65.04724364954264,2795241
2023-01-10,64.30384826660156,65.14861767326721,63.95242130603322,64.53362307030424,373743
2023-01-11,63.878082275390625,65.182406467774,63.533420063957365,64.40522272523506,1589929
2023-01-12,63.60100173950195,64.67554598768103,63.06034723778624,64.46604481739634,343849
2023-01-13,63.0738639831543,64.16868183025798,62.78326310209498,64.06731362668413,373564
2023-01-16,62.76975631713867,63.79023940211268,62.51294822386163,63.79023940211268,386617
2023-01-17,60.17461013793945,63.18874651893883,59.55961558460966,63.18874651893883,1826716
2023-01-18,60.90450668334961,62.14124537274927,58.802719652883034,62.14124537274927,612875
2023-01-19,60.56659698486328,62.093936555144175,60.14758944937005,60.90450479075862,399814
2023-01-20,59.67451095581055,61.15454340072404,59.48527828394577,60.215160264377765,841155
2023-01-23,59.65424728393555,61.11401161489749,57.917401207747034,61.11401161489749,272559
2023-01-24,59.92456817626953,60.58686973472505,59.47177296050285,59.809680761414796,483602
2023-01-25,60.647682189941406,61.97227996570829,60.16109419964681,60.41790739233736,7909588
2023-01-26,64.61473083496094,65.04725241254364,60.80989080976607,60.9855991558651,5190106
2023-01-27,62.85083770751953,66.3988688684279,62.37776894849019,64.61471646857042,1255846
2023-01-30,61.938507080078125,63.526672870631025,61.77631276325538,63.526672870631025,197699
2023-01-31,62.49942398071289,63.15496072942803,61.85063651903058,63.121173045756386,1248242
2023-02-01,62.86436462402344,63.18875837955985,62.310196040199266,62.512942781917495,242154
2023-02-02,62.53322219848633,62.88464922910289,62.21558801329747,62.85085638367519,175101
2023-02-03,61.870914459228516,62.85084492520694,61.02614503819079,62.5467299960587,261622
2023-02-06,62.512939453125,62.71568618404704,61.09372780486135,61.87091673197778,580385
2023-02-07,63.546932220458984,64.12813397739868,58.19447456479708,62.37777426377704,1018761
2023-02-08,63.59424591064453,65.24999719777429,63.39150432752872,63.526665382939264,1210116
2023-02-09,65.31082916259766,65.79065769327293,63.59425665727314,64.13491128240663,1543510
2023-02-10,64.1754379272461,65.55410213731513,62.85084019350831,65.02020728468572,1073537
2023-02-13,63.81725311279297,65.38514474964266,63.519892665025075,64.67553646512845,755610
2023-02-14,63.83077621459961,64.40522355316631,63.323914555438485,64.40522355316631,376879
2023-02-15,62.44535446166992,64.13489324496152,61.90469998859134,64.13489324496152,1918798
2023-02-16,65.30406188964844,66.25696439438038,62.4453646875807,62.83057938701054,7235853
2023-02-17,65.61492919921875,66.36508487134213,65.25674778310034,65.25674778310034,979631
2023-02-20,64.42549133300781,65.62168247112841,63.864563243781916,65.62168247112841,858896
2023-02-21,64.85126495361328,65.1486254702881,64.33764364919239,65.08104494087942,300027
2023-02-22,64.7296142578125,65.08104124045813,64.54038672380189,64.87153490832046,426596
2023-02-23,64.22274017333984,65.18239685672665,63.864558816587206,65.18239685672665,493635
2023-02-24,63.911888122558594,64.50660405985478,63.66859406728642,64.50660405985478,246669
2023-02-27,63.5536994934082,64.40522859110541,63.222551293884116,64.20248184915623,258796
2023-02-28,64.15516662597656,65.06075693524873,63.18875023959899,63.86456575018293,647523
2023-03-01,64.20247650146484,64.54038427252517,63.19551278740278,63.87132832952346,3842315
2023-03-02,65.62168884277344,66.5002511197836,63.661822717487006,63.661822717487006,1200964
2023-03-03,67.67616271972656,68.7980189074336,65.63520220969167,65.63520220969167,4330624
2023-03-06,67.27066802978516,69.27108106925266,66.94627435708603,67.71670352917613,796641
2023-03-07,66.35832977294922,67.58155425502488,65.8987749977725,67.27067972417937,865895
2023-03-08,66.07447814941406,66.9057334702884,65.89876983448372,66.86518619085263,552305
2023-03-09,66.33806610107422,66.77058770082161,65.82444476785012,66.77058770082161,614815
2023-03-10,67.20985412597656,67.58155473946901,66.39887753152831,67.17606644224489,1143888
2023-03-13,66.99359130859375,68.25060860079721,66.736783264619,68.25060860079721,600702
2023-03-14,66.64891815185547,67.5139610589729,66.36507175865682,67.5139610589729,469676
2023-03-15,67.89918518066406,68.35873993415325,65.82443176919006,66.39887392203575,922075
2023-03-16,67.44640350341797,68.2506206156789,66.90574892443124,68.2506206156789,884687
2023-03-17,67.41936492919922,68.39253587595397,66.90574363537124,68.12221376389441,1432843
2023-03-20,66.3323974609375,67.4820672144487,66.19304580666183,67.4820672144487,222235
2023-03-21,65.53111267089844,66.19304095406935,65.35692045786142,66.19304095406935,667758
2023-03-22,64.74376678466797,66.1233715855752,64.72983374527193,66.11640240791469,3700308
2023-03-23,64.74376678466797,64.74376678466797,64.74376678466797,64.74376678466797,0
2023-03-24,64.53472900390625,65.25240002663499,64.1027304285896,65.25240002663499,125466
2023-03-27,64.62531280517578,65.25240585245406,63.75435171615724,65.25240585245406,4762770
2023-03-28,64.61833190917969,64.86916908260055,64.10272452644732,64.79252409539286,518723
2023-03-29,64.7716293334961,65.46142898178098,64.27692410566154,64.77859851020482,396911
2023-03-30,65.44750213623047,65.49627574595749,64.93885850685604,64.93885850685604,171446
2023-03-31,66.3323974609375,66.88284553239862,65.16879466836868,65.80982078351649,267783
2023-04-03,66.43692016601562,66.88982105928963,65.84466760523823,66.86891884075666,297354
2023-04-04,66.17911529541016,66.54143279992103,65.77498804027972,66.4369163972597,392125
2023-04-05,66.38813781738281,66.47175199644055,65.92130394514099,66.17911034362548,474436
2023-04-06,67.2730484008789,67.58659232136036,66.01886208710201,66.01886208710201,332462
2023-04-07,67.39846801757812,68.28336231262217,67.09885713356938,67.58659330943216,212849
2023-04-10,67.21031951904297,67.5865753185209,66.88980650080418,66.90373953815187,513230
2023-04-11,66.98039245605469,67.27303943421343,66.88981441277033,66.97342859451923,204649
2023-04-12,67.91407012939453,68.03948875251879,66.88981892653395,66.88981892653395,635408
2023-04-13,68.9870834350586,69.6768830891827,68.28334542739904,68.63172984284495,1138825
2023-04-14,68.9870834350586,68.9870834350586,68.9870834350586,68.9870834350586,0
2023-04-17,68.47146606445312,69.6072025845608,67.69108842856697,67.69108842856697,1121955
2023-04-18,68.92439270019531,69.25884418101923,68.56207513556818,68.56207513556818,1690580
2023-04-19,68.35301971435547,68.9801127112792,67.8374122795178,68.84076107459579,1145741
2023-04-20,69.13339233398438,69.3284867224546,67.76772629876945,68.3530094641801,3552523
2023-04-21,69.13339233398438,69.13339233398438,69.13339233398438,69.13339233398438,0
2023-04-24,69.13339233398438,69.13339233398438,69.13339233398438,69.13339233398438,0
2023-04-25,69.13339233398438,69.13339233398438,69.13339233398438,69.13339233398438,0
2023-04-26,68.82682800292969,69.85107909051561,68.5968930004258,69.34940465447968,1822724
2023-04-27,70.14904022216797,70.42210354796535,68.82682644754733,68.95617338764687,827836
2023-04-28,71.36346435546875,71.5718569695767,69.8256758757762,70.4221093421097,2062197
2023-05-01,71.36346435546875,71.36346435546875,71.36346435546875,71.36346435546875,0
2023-05-02,70.7813949584961,71.57184598845049,70.50833165212735,71.1263219350293,900249
2023-05-03,70.4292984008789,71.14070390484719,70.4149234713438,70.78140742047927,548179
2023-05-04,70.73828125,71.28440786356866,70.42928610807876,70.42928610807876,2849011
2023-05-05,70.65924072265625,70.99698026069332,70.3861719136414,70.99698026069332,303945
2023-05-08,70.38618469238281,70.99699315032812,69.91910361150187,70.65925355097382,360532
2023-05-09,68.97773742675781,70.75985039872414,68.33819012417041,70.75985039872414,869007
2023-05-10,68.11541748046875,68.98491417836718,67.66270595484744,68.66154958612744,357456
2023-05-11,67.62677764892578,69.62446501575718,67.43994196152732,69.52386244925695,506590
2023-05-12,67.6124038696289,68.26632604541926,67.47587494558964,68.12260965724253,301935
2023-05-15,67.35372161865234,67.90703579433732,67.18844282296867,67.90703579433732,276205
2023-05-16,67.26029205322266,67.91421420152165,66.90099561545712,67.5477302999208,1028458
2023-05-17,66.87944793701172,67.79205860262519,66.82195918325183,67.79205860262519,707288
2023-05-18,66.4842300415039,67.18845367950489,66.39800237976146,67.18845367950489,319829
2023-05-19,66.80757141113281,66.95847523653853,66.11053553966744,66.46983192846997,145597
2023-05-22,65.77281188964844,67.79205632640858,65.68658424433316,67.22437271998587,350264
2023-05-23,65.42070770263672,66.54171103382389,65.38477585948655,66.54171103382389,839154
2023-05-24,65.65782928466797,66.26144463429137,65.39194796213675,65.39194796213675,238972
2023-05-25,65.42789459228516,66.82914874394446,65.39196274945103,65.57161099876271,204868
2023-05-26,64.68055725097656,65.7512592823521,64.60151158264385,65.57161103294676,668107
2023-05-29,64.65179443359375,65.74405306618192,64.45777130941356,65.0326477365197,1031742
2023-05-30,64.78833770751953,65.03265665898199,64.49371199053738,64.67336021335225,608374
2023-05-31,63.89009475708008,65.31290557071854,63.67451470292709,65.03265478977676,394717
2023-06-01,63.236183166503906,64.6589997000192,63.20025132400571,64.31407265229659,502721
2023-06-02,62.83376693725586,63.44456982527885,62.51758429677995,63.236177219731445,719054
2023-06-05,63.83262252807617,64.8889551983762,62.62538597379471,62.83377861808239,1475068
2023-06-06,63.602657318115234,64.6733591738015,63.52361166275296,63.96195375796968,743526
2023-06-07,62.86969757080078,64.13442273631132,62.73316863420397,63.94758702855392,739831
2023-06-08,62.00738525390625,63.23617851951906,61.90678268121952,63.23617851951906,830018
2023-06-09,61.8636589050293,62.51039359871488,61.798988176875056,62.007380771642,597755
2023-06-12,61.087589263916016,62.35949639499547,60.721105318040564,61.86366549660098,2312352
2023-06-13,61.84929656982422,62.94874293426858,61.43969879714046,61.69120523959027,706924
2023-06-14,62.920005798339844,63.16433028657118,62.014582501326366,62.34513464693238,794049
2023-06-15,62.53914260864258,63.59547510623995,62.460096946752365,63.23617863671318,670411
2023-06-16,61.597782135009766,62.84094473885854,61.087581851545,62.84094473885854,1079559
2023-06-19,59.614479064941406,62.15829913241386,59.28392691819819,62.15829913241386,1698074
2023-06-20,60.16061019897461,60.64925368557728,59.499505917815064,59.499505917815064,831538
2023-06-21,59.837223052978516,60.53425898122131,59.49948902523319,60.1821500265934,577146
2023-06-22,59.880348205566406,60.31869031706084,59.226426029182356,59.226426029182356,93816
2023-06-23,59.63603591918945,60.14623632880638,59.42764327597749,59.42764327597749,225761
2023-06-26,62.424171447753906,62.58944475584891,60.00251123616475,60.3618077106328,1585797
2023-06-27,62.06488037109375,63.58829404657557,61.08040597175667,62.517591994621526,1988931
2023-06-28,62.06488037109375,62.06488037109375,62.06488037109375,62.06488037109375,0
2023-06-29,62.06488037109375,62.06488037109375,62.06488037109375,62.06488037109375,0
2023-06-30,62.06488037109375,62.06488037109375,62.06488037109375,62.06488037109375,0
2023-07-03,66.72135162353516,66.72135162353516,66.72135162353516,66.72135162353516,1280696
2023-07-04,69.29393005371094,71.14071402682734,67.55493613772727,71.14071402682734,7229734
2023-07-05,69.84005737304688,71.068850779441,68.63282088006552,69.6819660314471,1813009
2023-07-06,71.13352966308594,71.57905936019617,68.98493782224443,69.3945356712668,2716543
2023-07-07,70.73109436035156,71.78023926220759,69.92626839563823,69.92626839563823,563674
2023-07-10,70.7813949584961,71.10475954452298,69.8831539057233,69.8831539057233,552268
2023-07-11,74.44622802734375,75.38040104908931,70.43647807728502,70.43647807728502,2768436
2023-07-12,79.3829574584961,79.81411209613533,75.45225347186827,75.45225347186827,5297599
2023-07-13,78.62843322753906,81.58185046354748,78.0535622011979,79.72787947931485,3276575
2023-07-14,80.18777465820312,80.84169679271429,78.3266217813854,78.3266217813854,1920209
2023-07-17,79.51229858398438,81.55309961138398,78.97335395573653,81.1291324687279,1298464
2023-07-18,80.99978637695312,82.45852897531925,79.15300298434114,80.1015453205771,2743513
2023-07-19,81.35192108154297,81.91242280091595,80.41056591092581,80.84172065794885,1254336
2023-07-20,81.7830581665039,82.26451958775833,81.24411347850935,81.56029611651007,897458
2023-07-21,85.03828430175781,85.8718547281746,81.91959363189878,81.91959363189878,4292178
2023-07-24,86.71261596679688,87.38090767588274,84.15442664198326,84.97362222312987,1814363
2023-07-25,87.07188415527344,88.81806479624808,85.55565298016087,86.71258777221222,2269346
2023-07-26,88.56658935546875,89.02648844780745,86.37487846039403,87.66834808411511,2359953
2023-07-27,88.56658935546875,88.56658935546875,88.56658935546875,88.56658935546875,0
2023-07-28,88.56658935546875,88.56658935546875,88.56658935546875,88.56658935546875,0
2023-07-31,94.7608413696289,95.21355840134817,90.21933998383383,90.21933998383383,5554674
2023-08-01,94.35126495361328,95.56568890193961,92.87814708159105,94.92614155792187,1767806
2023-08-02,95.07703399658203,96.93818715516778,93.41708599217536,94.17161080277617,2698878
2023-08-03,92.05176544189453,95.35728658239674,91.26130877522078,94.135680705149,2406114
2023-08-04,93.05778503417969,93.73326414710623,89.14145573343484,91.97270816781298,2278521
2023-08-07,96.45673370361328,98.54784193014089,92.33919895276709,92.69849544674673,4242459
2023-08-08,95.23512268066406,98.48316588122123,94.86145127691829,96.15492077845505,1837016
2023-08-09,96.22679138183594,97.00287313858901,94.24346768184729,94.92613980458775,1899207
2023-08-10,93.92729949951172,98.08794830643328,91.9870895523321,96.47111399368987,3988784
2023-08-11,95.12015533447266,98.79216613560305,92.77754601726873,93.41709337175793,5907832
2023-08-14,95.12015533447266,95.12015533447266,95.12015533447266,95.12015533447266,0
2023-08-15,95.19921112060547,96.28429372256716,93.81233169632777,96.28429372256716,765778
2023-08-16,94.97643280029297,95.86029909506235,94.45186299533246,95.10578523835068,1072360
2023-08-17,94.07820129394531,95.2135796348077,92.33920741941728,94.4949865809601,2000034
2023-08-18,93.43862915039062,94.49496153677353,93.3092876981104,94.13566510507478,530774
2023-08-21,92.51883697509766,93.41707811077822,91.91522156348614,92.73441704063251,1184294
2023-08-22,91.98487091064453,93.4310607124219,90.85017171212644,93.4310607124219,674116
2023-08-23,92.0219497680664,92.7042517026253,90.56092985591808,92.251854501659,2035400
2023-08-24,93.49779510498047,95.67078288045441,91.29514129148765,92.70424697718451,2260232
2023-08-25,94.15043640136719,94.4841751046803,92.33343531901929,93.18631557208364,1914720
2023-08-28,93.21598815917969,94.03920243033423,92.70425883975419,93.46072310227026,1491287
2023-08-29,92.36309051513672,93.44587537622428,92.14801599599895,93.44587537622428,292897
2023-08-30,90.79826354980469,92.68201485234428,89.7377265550975,91.82171657603615,652749
2023-08-31,86.75634002685547,90.77599458828682,85.28790234897038,90.77599458828682,7393117
2023-09-01,85.8738021850586,86.99367111778508,85.28791064166442,86.99367111778508,1117695
2023-09-04,86.1259536743164,87.51281127986266,85.70322252412377,86.76375936172542,792829
2023-09-05,85.76255798339844,87.29032226043951,85.51040513147532,87.20132979892243,477143
2023-09-06,85.93313598632812,86.58577188736415,85.47332085669137,85.66614728630917,1516556
2023-09-07,86.77117156982422,88.20994323383395,86.03695554853442,86.84533383268474,1268122
2023-09-08,88.89967346191406,89.2927385935994,86.77118175289712,88.2322017014019,2190543
2023-09-11,89.055419921875,90.47935596932129,87.92072070724689,89.14441238845359,2166855
2023-09-12,88.26927185058594,89.51521713565722,88.12094732116573,89.51521713565722,526122
2023-09-13,88.61785125732422,88.85517392755017,88.2544521562761,88.2989483887501,101505
2023-09-14,88.30635833740234,89.69321592583634,88.21736022227422,88.88483194018947,186316
2023-09-15,86.9120864868164,88.99607612545775,86.25203270821005,88.40276668800077,2273577
2023-09-18,86.31135559082031,87.141987637601,86.10369899367963,86.93433104046031,181429
2023-09-19,86.7266845703125,87.14199781308962,86.11112697246885,86.61543833507761,578530
2023-09-20,86.303955078125,87.13458157980143,85.99988240646226,86.40036546614996,424669
2023-09-21,86.75634002685547,87.26806359336113,85.28790234897038,86.28910702751037,1028936
2023-09-22,86.80084228515625,87.12716304919276,85.88862999397162,86.77117624676946,1227791
2023-09-25,86.77859497070312,87.67597142185576,86.39294212633871,86.80826100936333,546928
2023-09-26,85.97021484375,87.2087423078693,85.88122238198532,86.77859887349672,503450
2023-09-27,85.90347290039062,86.73409941059492,84.91709826130429,86.02954933022967,1556672
2023-09-28,85.90347290039062,85.90347290039062,85.90347290039062,85.90347290039062,0
2023-09-29,85.90347290039062,85.90347290039062,85.90347290039062,85.90347290039062,0
2023-10-02,86.49677276611328,87.43865112977609,84.95417832169338,85.28049343932261,942555
2023-10-03,86.98625946044922,87.4609048055591,86.39294994995245,86.77118490434961,446477
2023-10-04,88.5436782836914,89.07023771780355,87.14199054796039,87.43122734052596,2209795
2023-10-05,89.1073226928711,89.73771043619246,88.54367929095426,88.54367929095426,1175497
2023-10-06,89.67838287353516,90.479348960006,89.38172813874391,89.70063098845628,758946
2023-10-09,89.91570281982422,90.33102169930237,88.25444427656645,88.9960782620838,461753
2023-10-10,92.54109191894531,93.4458863267895,89.84896246887028,90.10853324368988,1695875
2023-10-11,93.06765747070312,93.77962549593875,92.14803281205116,92.7784206372705,712220
2023-10-12,92.43726348876953,93.62387678512874,91.59180116147493,93.44588620522948,496916
2023-10-13,95.21839141845703,95.55954804704453,91.77721001674912,92.19252325750813,1951060
2023-10-16,94.4990005493164,95.5595430272351,93.81669864442027,94.92173169237361,671870
2023-10-17,95.16648864746094,97.51746727540923,94.92916031478386,95.6707943797431,1551332
2023-10-18,96.17508697509766,96.34567093457274,94.70665489565974,95.29996432987225,1077660
2023-10-19,98.37775421142578,99.37896472591119,96.18993598261305,96.22701994915654,4569550
2023-10-20,98.60023498535156,99.37154065868671,98.08850573055805,98.63731894749128,1309901
2023-10-23,99.06746673583984,100.12058561170917,98.56314975339697,99.00813466046796,1675210
2023-10-24,98.88947296142578,99.9722635600441,98.26650312923051,99.9722635600441,700292
2023-10-25,99.0897216796875,100.5655774506469,98.63732447567541,98.67440843989353,1510789
2023-10-26,100.86222839355469,102.23425587989486,99.0081433127908,99.08231124259628,1277251
2023-10-27,102.026611328125,102.93881812719223,99.83136935352344,99.83136935352344,1387699
2023-10-30,104.53550720214844,105.1665775496851,102.73463331026102,103.05016261240588,937360
2023-10-31,105.76686096191406,107.74475241078443,104.58936567859874,105.4359362876962,1512563
2023-11-01,105.44363403320312,106.97515304172907,105.05113949781308,106.20554762416268,1135954
2023-11-02,104.01217651367188,106.58266775629558,103.62737377149293,105.52060843004239,797885
2023-11-03,108.97613525390625,110.36141565451967,103.97369988231057,105.35898028292401,5199507
2023-11-06,109.16082000732422,110.65385626499328,107.26759742285914,109.29935507678876,1179922
2023-11-07,109.82266998291016,111.24644443363042,108.51434336895464,108.51434336895464,2203138
2023-11-08,112.13150024414062,112.72409966812081,109.66876540475327,109.82268413035635,9764905
2023-11-09,112.13150024414062,112.13150024414064,112.13150024414064,112.13150024414064,0
2023-11-10,115.14836883544922,117.90355787920635,112.13151674533611,112.20848199108681,3590067
2023-11-13,113.7399673461914,116.1873184191317,112.59326291217842,115.44080030437047,1336903
2023-11-14,112.03916931152344,113.88621780123898,110.97710997115065,113.88621780123898,1613067
2023-11-15,112.06993865966797,112.36239248012649,110.03048897290964,112.03915960957876,3545898
2023-11-16,112.06224822998047,112.70871397913507,110.82318300581062,111.59278844335097,2234847
2023-11-17,111.04634857177734,112.71640248205628,110.63076685808628,112.24694275818085,873703
2023-11-20,112.35469055175781,113.49370319460178,110.06125812754016,112.31620793517105,1308109
2023-11-21,112.9088134765625,114.66351285027665,112.36238847516852,112.36238847516852,1297930
2023-11-22,117.9728012084961,118.75011014265662,113.1319886307135,113.5167913131309,2730894
2023-11-23,124.69918060302734,125.44569889172013,117.36484098765227,117.74964374498883,3188282
2023-11-24,123.58323669433594,127.75449655831545,123.14455597903401,125.06087765497747,1908471
2023-11-27,121.63612365722656,124.29125967311145,115.0559957964716,121.97475187828927,8995965
2023-11-28,122.45191192626953,123.89107022250488,120.08152595742855,121.72848099343055,4241449
2023-11-29,120.46631622314453,124.52213942722399,120.44322900368968,122.75973672053752,5217781
2023-11-30,119.16571044921875,123.90648305401261,117.3648364331486,122.98295882089313,2247161
2023-12-01,119.38888549804688,120.05843841598963,118.13442497983594,119.48123438514352,1175094
2023-12-04,119.5582046508789,120.28932743873364,117.74962724749138,117.74962724749138,978128
2023-12-05,123.22920989990234,124.29896091021409,119.98147425125161,119.98147425125161,3005900
2023-12-06,128.23165893554688,128.75499675870523,122.99064759311273,123.22922340855726,5155029
2023-12-07,133.8882598876953,134.4885511939079,126.97720629614045,128.4471437677268,3257556
2023-12-08,134.7117156982422,137.74396266519375,133.1417259465937,133.91133129888615,3868344
2023-12-11,130.62510681152344,135.36587836974635,127.7544822750187,133.218684708176,1494980
2023-12-12,130.64820861816406,131.56404092407703,130.14027797848036,130.98683687345087,624253
2023-12-13,126.76170349121094,133.14172673233938,121.03583775744417,131.6025160186707,1253621
2023-12-14,123.72945404052734,128.13928935919446,123.15225003440484,126.76170096494349,1208938
2023-12-15,122.29798889160156,125.022386661451,120.82803985586777,124.67606660286994,2595594
2023-12-18,119.00408935546875,124.98391498875885,117.74962876826851,123.13686668577098,1279721
2023-12-19,119.49663543701172,121.98245762607762,116.71835943396866,118.51923327707226,2375339
2023-12-20,117.49564361572266,121.50529252795131,115.51776403599798,121.47450173871896,1278692
2023-12-21,117.22630310058594,118.126740031947,114.67120747183756,117.90354788413933,727262
2023-12-22,116.09497833251953,118.13442792844826,115.82561174743624,118.13442792844826,342332
2023-12-25,116.09497833251953,116.09497833251952,116.09497833251952,116.09497833251952,0
2023-12-26,114.33260345458984,116.09500681469295,112.36241504235608,116.09500681469295,992469
2023-12-27,121.57456970214844,122.36726234897449,112.47782795869261,115.42541814018772,1173850
2023-12-28,124.70685577392578,127.75449837199712,122.35956866229061,122.35956866229061,2399892
2023-12-29,124.18354034423828,125.9536352914957,123.13687642489676,124.67608738020796,694657
2024-01-01,126.47695922851562,127.98539110609528,124.18353823221608,124.67608525980889,603653
2024-01-02,127.83917236328125,130.05564000079937,126.21530425948117,127.73911988865078,1194684
2024-01-03,126.12293243408203,129.23982480381753,125.42258872544558,128.52409744284006,936862
2024-01-04,125.59961700439453,126.9849092723792,124.49908676079302,126.21530376163751,249269
2024-01-05,125.31484985351562,126.59239764774435,124.67607595640126,126.2075949441752,520864
2024-01-08,125.23786926269531,126.60007395444755,124.67606067246507,126.60007395444755,174594
2024-01-09,124.16812133789062,125.83047167193547,122.9521435052048,124.9839011101778,214549
2024-01-10,121.38217163085938,124.98391947391148,120.06614115389978,124.06039528927612,779204
2024-01-11,122.54426574707031,125.06087871768288,120.82804897646899,122.14407939031126,1362772
2024-01-12,123.82949829101562,126.13831438153733,122.02862455878771,123.9064635246647,1352892
2024-01-15,124.1065673828125,126.21529048804756,123.52167148372946,124.67607962843722,597573
2024-01-16,123.20612335205078,124.6760724568033,123.13686168573165,123.90646707126747,397173
2024-01-17,126.51542663574219,126.68474075704506,123.13685952232815,124.29126758034998,2778728
2024-01-18,126.3846206665039,126.90794678844878,124.68378728368623,126.55393482201511,5414426
2024-01-19,126.87715911865234,128.52411436594716,126.59240885065086,126.97721158827345,909282
2024-01-22,126.92329406738281,127.62363765027555,126.29991570536065,127.36966651329543,1837901
2024-01-23,129.50917053222656,130.4480898766983,126.90790102935456,128.5086813585647,2064458
2024-01-24,130.62510681152344,131.29467142090164,129.10129157611078,129.840117845452,1107720
2024-01-25,133.08016967773438,134.27306044406092,130.83292322910643,130.83292322910643,8505529
2024-01-26,131.10227966308594,133.90364274413665,130.83291308590478,132.41829827143815,861328
2024-01-29,128.0546417236328,130.80983045809577,127.60057735712054,129.70159680588202,435690
2024-01-30,123.59862518310547,129.29370013459277,123.13685727104074,128.29321082061642,461285
2024-01-31,123.99882507324219,127.74681156167507,123.14456256278179,124.2143136575703,977142
2024-02-01,127.40818786621094,128.9089161835792,124.68377792706771,125.29177282439097,1005572
2024-02-02,129.1705780029297,129.67852042654062,126.98490130788845,128.5164204057769,897500
2024-02-06,129.7092742919922,130.84059504161414,129.25520997568,130.0632979030164,1884705
2024-02-07,131.27926635742188,132.71073260745246,130.64049258390477,130.82520207344703,846847
2024-02-08,131.27926635742188,131.27926635742188,131.27926635742188,131.27926635742188,0
2024-02-09,129.2321319580078,130.8329125322984,123.90646422176495,127.03106013626402,1148046
2024-02-12,128.4471435546875,130.8252332950055,125.83048974954924,128.9089115171223,2231336
2024-02-13,130.52508544921875,131.2177256379856,124.69147488849873,127.36969849317664,2491967
2024-02-14,130.0017547607422,131.98733828524342,129.67852187209047,130.90989532307108,603754
2024-02-15,130.2403106689453,134.68862867217769,128.1469831682188,130.8175146840005,5071966
2024-02-16,129.08590698242188,131.60251986085237,128.13929565398783,130.83291448154912,1081197
2024-02-19,129.07052612304688,129.87091056781418,126.98489033297385,128.51640929849782,713794
2024-02-20,127.454345703125,129.98634220156302,127.0618511922778,127.84684021397219,425981
2024-02-21,130.0171356201172,130.37114752099737,128.44713405850777,129.6785073717996,935668
2024-02-22,134.98876953125,135.7968574724873,129.30138663981123,129.30138663981123,1880159
2024-02-23,140.0374298095703,140.7608491558591,135.25817421920513,135.25817421920513,2582739
2024-02-26,141.94602966308594,144.67042776192116,140.07588233172473,140.8377959472048,1982115
2024-02-27,141.7843780517578,142.6848148240136,140.10664417095074,141.60737212471042,1767204
2024-02-28,141.69973754882812,143.3005181341955,141.22258597530615,142.34621498715157,3097288
2024-02-29,144.6011505126953,146.14805305757173,141.79978747411695,142.2307645964758,1627314
2024-03-01,150.2346954345703,151.61228411815793,143.91622908677937,146.21735376873085,2838550
2024-03-04,148.84938049316406,152.5357851242962,147.4179140057769,150.8426556241035,643877
2024-03-05,148.3260498046875,150.75800575840236,147.76424113431716,148.53384655689172,316293
2024-03-06,148.11056518554688,149.6882586926536,147.3794423632039,149.27267692038137,472381
2024-03-07,146.64060974121094,149.68825233364424,145.4554225761376,149.68825233364424,806139
2024-03-08,145.0398406982422,147.14855200542078,144.72429966184433,146.99463327210978,326384
2024-03-11,143.89312744140625,144.68582009074152,142.7310274756931,144.68582009074152,331290
2024-03-12,143.9469757080078,144.64731937645237,143.3082136183775,143.89310944141343,679259
2024-03-13,143.52371215820312,144.30100936776216,143.13890946655576,143.53140398446743,1482780
2024-03-14,146.6098175048828,147.6103067971348,143.53139613995089,143.53139613995089,1429431
2024-03-15,148.44918823242188,149.68825342199446,146.0326276957504,147.3794371738403,987738
2024-03-18,151.11972045898438,152.38187287569968,148.53384578287898,148.53384578287898,1546946
2024-03-19,154.9215850830078,157.53823901112762,151.61227917868146,152.37419282953437,4094341
2024-03-20,156.38381958007812,156.9841108704629,154.69068999839678,155.46029542127437,1795871
2024-03-21,157.38523864746094,159.98896495720993,156.22357858493973,156.22357858493973,2375031
2024-03-22,158.03416442871094,159.02759055390737,156.6241508981808,157.22501081211243,1295025
2024-03-26,165.82933044433594,167.59985749181416,160.22931160298225,160.95033861538514,3646215
2024-03-27,168.4571075439453,169.75496118988477,166.72662786634095,166.72662786634095,2375850
2024-03-28,169.2021484375,170.5640951237505,168.64134829898816,169.0419215728575,4787576
2024-03-29,171.1409149169922,172.15837441566046,169.04992202026247,169.4344811497828,1764939
2024-04-01,172.1984405517578,174.48972016228015,171.46138719638697,172.04622075209488,1033148
2024-04-02,172.8634033203125,173.848810204132,172.23049066784355,172.23049066784355,1763596
2024-04-03,170.2756805419922,173.8087397236937,168.2568000591851,173.66453921400438,1020085
2024-04-04,174.26541137695312,174.8903047452772,169.0419321364107,170.2756925182353,1468620
2024-04-08,179.62506103515625,180.7306348856554,173.0476429319605,174.64993592207122,1856452
2024-04-09,184.11952209472656,190.67289557921384,180.7386823800237,181.0591361382451,2593637
2024-04-15,183.43051147460938,186.667138016796,182.76555840013864,183.4705590207435,4388357
2024-04-16,182.78158569335938,185.06485831563563,181.90033179800088,181.90033179800088,931991
2024-04-17,183.9352569580078,184.26373001932023,180.25799675803066,181.86829712823908,1623482
2024-04-18,175.4511260986328,185.8660331273188,173.44825936234704,184.26373973829018,5230338
2024-04-19,178.39932250976562,183.62280186680584,174.0891620301361,177.05340206321202,2123553
2024-04-22,179.0482635498047,181.78016424931113,177.51006349736886,180.01764411992806,1604012
2024-04-23,174.81820678710938,179.05626696649537,173.8488140122125,178.65569366231975,1254857
2024-04-24,172.8313446044922,176.89316354647204,172.32663058250535,175.41103751518548,1091952
2024-04-25,174.2573699951172,176.0118827777946,170.60414392821235,173.44821643474958,3631747
2024-04-26,176.8771514892578,178.25512466689216,174.17729126570242,175.25883187840307,1745546
2024-04-29,175.77671813964844,181.94069099219428,173.66689853916486,178.7966599598874,1517912
2024-04-30,175.96701049804688,179.29307857391285,175.40439867540965,179.29307857391285,821836
2024-05-02,174.70114135742188,176.48001450074443,173.7496601730635,175.65263516658698,1008057
2024-05-03,177.41494750976562,178.7139391458721,174.65978539109688,175.32167876956936,917389
2024-05-06,177.1005401611328,179.5247554292987,176.6123894083003,179.5247554292987,338513
2024-05-07,174.67630004882812,177.0591562855053,174.08058598965883,177.0591562855053,1070008
2024-05-08,174.61013793945312,176.21525594870906,172.9222895674895,176.21525594870906,909953
2024-05-09,174.6018524169922,176.02494582092257,173.84893422512548,176.01667657286472,881765
2024-05-10,174.841796875,176.19041652706454,174.16333980019448,175.40440872988708,3379285
2024-05-13,174.618408203125,176.4220890628028,174.41156337289738,174.57703671211817,807659
2024-05-14,179.56613159179688,181.19606985112713,174.6018557054646,174.6184068266982,1304562
2024-05-15,183.66993713378906,185.12612017098587,180.12047283246275,180.12047283246275,2617264
2024-05-16,185.48187255859375,187.40139846146096,183.6781918695114,184.25735481440915,3134728
2024-05-17,184.9110107421875,186.57403864817877,184.50559032613688,186.1603489837704,918987
2024-05-20,186.3423614501953,186.86361443373204,184.10843993116143,185.00201106373615,841740
2024-05-21,194.14454650878906,196.08889290183092,185.3329620675533,186.90497767802526,2757096
2024-05-22,195.41043090820312,197.7022750325368,191.95199160217422,194.43412942461612,1927786
2024-05-23,194.88919067382812,196.49430848665972,194.0204399104619,194.43412954779765,403204
2024-05-24,199.45635986328125,201.78129397882233,194.84785050273553,194.84785050273553,8615485
2024-05-27,199.69627380371094,201.88055471033874,197.74365809742196,199.45633935507664,865800
2024-05-28,199.69627380371094,199.69627380371094,199.69627380371094,199.69627380371094,0
2024-05-29,199.33221435546875,200.22578549164785,198.4055536030486,200.22578549164785,962411
2024-05-30,199.34878540039062,200.58985444276894,198.69514863484605,200.15961363979847,1315420
2024-05-31,203.58494567871094,204.11446791828163,199.34876776214543,199.34876776214543,1048137
2024-06-03,201.11109924316406,204.36269394110525,199.81210763877294,203.61805759610078,1703377
2024-06-04,199.4149627685547,201.05317025046458,199.23293831225288,200.63948059974345,1636665
2024-06-05,199.36532592773438,199.77073371349022,196.5025879338672,198.74479143952217,1482973
2024-06-06,197.77674865722656,199.60526252375809,196.51085929763036,198.5710383656039,933385
2024-06-07,190.40480041503906,199.3735889059916,182.5695175136358,199.3735889059916,2707686
2024-06-10,187.641357421875,191.10807892185977,185.01029714611414,191.10807892185977,521770
2024-06-11,183.8684844970703,189.46984547240072,181.60974271262864,189.46984547240072,1039627
2024-06-12,184.62142944335938,185.6639228895327,182.18893211081448,183.67821748021004,757265
2024-06-13,192.77938842773438,194.43414712668488,184.50559493298184,184.6214275369161,1584794
2024-06-14,200.63121032714844,201.83917703119423,191.9602662024509,194.02044519745215,3177696
2024-06-20,211.44505310058594,213.05017097175966,201.05317105296155,201.05317105296155,2276547
2024-06-21,204.65228271484375,218.33714392897562,202.7079362357213,211.3954192172522,2221530
2024-06-24,198.63722229003906,206.0174440727696,197.41270447065668,204.65227328847487,1004030
2024-06-25,198.76133728027344,200.3912756061885,197.74366421694808,198.58759468704585,1540226
2024-06-26,197.82640075683594,200.80495873839234,196.91627845355654,198.98472675664013,940542
2024-06-27,195.9399871826172,200.6229447913552,194.43415067915205,198.61241899530376,572608
2024-06-28,198.06634521484375,199.19158165358002,194.43415031605943,196.08890904215355,1001578
2024-07-01,197.24722290039062,200.63948312898887,196.90800697737592,198.57103484930857,751953
2024-07-02,198.87718200683594,199.81212476721728,197.3299865713512,197.3299865713512,933377
2024-07-03,198.5379638671875,200.22581226691892,198.0746208042108,199.3984328773862,1195930
2024-07-04,200.22579956054688,200.88770555512988,197.7436615494657,198.9847305550063,963460
2024-07-05,198.65377807617188,202.08739717476632,198.1573454385119,200.80495671481674,3371691
2024-07-08,197.85948181152344,200.22578707283097,197.41270255230862,199.31566480894116,588101
2024-07-09,197.2803192138672,200.05203225045634,196.90800105967534,198.57102888162882,1659890
2024-07-10,196.9080047607422,198.40555927840342,196.13026619636855,197.74365331139566,569043
2024-07-11,195.9399871826172,196.90801952421313,195.2615300437442,196.50259909063237,591806
2024-07-12,196.24609375,197.4954319198232,190.29723469753,195.26151038529164,995728
2024-07-15,196.2295684814453,200.6395021466981,195.2615361097763,198.98474336610678,1598960
2024-07-16,196.2295684814453,196.2295684814453,196.2295684814453,196.2295684814453,0
2024-07-17,196.2295684814453,196.2295684814453,196.2295684814453,196.2295684814453,0
2024-07-18,199.45635986328125,200.4326615044063,195.88207476230417,197.3217194765546,1400102
2024-07-19,198.2152862548828,200.21754286100554,196.50260485998498,200.21754286100554,1327195
2024-07-22,195.24496459960938,200.62293007496578,194.43413641673214,197.6609106520235,3418732
2024-07-23,196.80044555664062,198.4882938144953,195.26151951647614,195.26151951647614,783996
2024-07-24,201.0531768798828,201.8805562086066,195.26152157881623,198.48829591091638,1501062
2024-07-25,198.32281494140625,202.54245440550673,197.74365195853912,202.54245440550673,381002
2024-07-26,195.74966430664062,198.90197739953535,194.93056688474883,197.7519206848739,599189
2024-07-29,196.65150451660156,197.90912457829035,196.08889265664976,196.9162719505597,436320
2024-07-30,196.9990234375,198.24009243196184,195.26152179533074,198.24009243196184,348340
2024-07-31,197.17276000976562,200.14304868258054,196.916274445373,196.99901742573473,308107
2024-08-01,198.1821746826172,199.199847748105,196.91628528718414,196.91628528718414,244448
2024-08-02,198.60414123535156,198.98474130586226,197.73540298438192,197.74367223326854,218841
2024-08-05,197.36306762695312,199.31568342795114,195.84069262951255,198.9847367327883,899172
2024-08-06,199.57215881347656,200.14303990362922,196.83352283122653,197.32995544200924,1145706
2024-08-07,200.1348114013672,200.4574888766282,198.57933402072013,199.57219944442318,587585
2024-08-08,200.19271850585938,201.0118160046793,198.5710493809993,200.22580812584098,1082045
2024-08-09,203.10507202148438,205.554120364598,198.86889394129486,200.19270590375734,845899
2024-08-12,199.42323303222656,205.1900678026318,199.27431081711555,205.09905557401743,308309
2024-08-13,198.48001098632812,200.22578173704417,197.04036652312348,200.22578173704417,303842
2024-08-15,199.8700408935547,200.47402429998613,197.32998016237468,198.15735953412468,609828
2024-08-16,205.43002319335938,206.42288856123045,199.89486567895833,199.89486567895833,3126150
2024-08-19,205.97486877441406,209.3548568090702,202.2458239459353,206.03447175815214,2111123
2024-08-20,206.09410095214844,207.73726240678755,205.35338958423503,206.0344979608303,439069
2024-08-21,205.9663848876953,206.8858792432594,205.1831148050433,206.8858792432594,706608
2024-08-22,204.37429809570312,206.4346414445197,204.33172638782673,205.966378640002,103794
2024-08-23,205.1660919189453,205.49813047834263,204.33174094757348,204.33174094757348,592637
2024-08-26,204.51051330566406,205.56621886429267,203.48033518135702,205.16606821188967,255553
2024-08-27,204.2380828857422,204.96176297855519,203.90604433527713,204.54458100856087,162383
2024-08-28,203.5655059814453,204.7489268172657,202.33099129692542,204.3317448281258,273235
2024-08-29,201.4881134033203,204.3232176718336,201.18161529345235,204.3232176718336,1001804
2024-08-30,200.44091796875,202.3735593242278,199.64913870766614,200.84106866770492,315746
2024-09-02,196.64373779296875,201.68391860223565,195.90303947370128,201.68391860223565,457054
2024-09-03,194.79624938964844,200.9261986135443,193.68944993466664,196.66928762596922,1016702
2024-09-04,191.9355926513672,196.24358422209824,191.5439511490005,196.24358422209824,377519
2024-09-05,190.55636596679688,193.26375506637865,189.86673548776912,192.4123728854695,433157
2024-09-06,188.65777587890625,191.98668335109704,187.72977241204833,191.10125159184184,637181
2024-09-09,186.9976043701172,190.25840007732273,185.78864308555785,188.99835793428466,478443
2024-09-10,188.0192413330078,188.83657395847902,185.41401388785167,188.1554656024299,914732
2024-09-11,184.41790771484375,190.7096219552425,183.58355675628692,188.58116635306348,465653
2024-09-12,184.52857971191406,185.60131658973324,183.82193093844782,184.6647909884982,384279
2024-09-13,183.03013610839844,187.30407825889392,181.62536071788114,187.30407825889392,585444
2024-09-16,181.0379180908203,185.6013273940975,180.49303397958104,183.03014940462685,456975
2024-09-17,181.0379180908203,181.0379180908203,181.0379180908203,181.0379180908203,0
2024-09-18,185.37142944335938,186.4441792525257,181.03789747472345,181.03789747472345,1364327
2024-09-19,192.0718536376953,193.64690311086048,185.43957819178914,185.60134290867413,1577593
2024-09-20,200.93472290039062,201.7775960162282,193.17012083108332,193.1786299769176,2089920
2024-09-23,199.24046325683594,201.99042408635214,197.4780958921118,200.95173677779286,328336
2024-09-24,198.30393981933594,200.90065811909253,193.99594797993387,200.0748163484968,623784
2024-09-25,199.74276733398438,200.93469715115745,197.52065939613541,198.37204154870497,2475481
2024-09-26,198.67857360839844,201.78611380010304,197.5206931633158,200.92622235578676,301120
2024-09-27,197.17156982421875,199.22340372401692,195.94557756888605,199.22340372401692,138139
2024-09-30,194.24282836914062,198.20176308062923,177.45357167387095,197.52065477629202,285910
2024-10-01,193.19564819335938,194.96652473679563,191.5609959204324,194.24284466689386,234917
2024-10-02,194.89842224121094,195.8094074803549,192.41238764123395,193.5958084438097,245754
2024-10-03,196.0562744140625,197.52065270616893,193.2637420875015,194.7536608040351,494213
2024-10-04,201.35189819335938,201.99043486839116,195.81791367641713,195.81791367641713,1542157
2024-10-07,204.11038208007812,205.6088101397178,201.77759007500256,201.77759007500256,776316
2024-10-08,205.67691040039062,206.2388257619549,204.11037029335793,204.11037029335793,1240040
2024-10-09,205.67691040039062,205.67691040039062,205.67691040039062,205.67691040039062,0
2024-10-10,205.14051818847656,207.73723623968462,204.9702443635413,205.2171394610384,566684
2024-10-11,204.85955810546875,206.88585167406586,203.48883239572245,205.39593298917032,431871
2024-10-14,205.5491943359375,207.72874363828686,205.1831062327254,205.1831062327254,244769
2024-10-15,206.32394409179688,206.80071601024545,204.75740407659137,206.0344772828903,290008
2024-10-16,204.36578369140625,207.72875387495523,204.2551128360141,206.32396540825377,637454
2024-10-17,204.36578369140625,206.4516805367149,200.93471436195216,204.75742523120047,1343617
2024-10-18,205.14051818847656,206.11961541620948,204.331707776739,204.331707776739,615843
2024-10-21,205.06390380859375,206.88586107786753,204.75740571698412,206.03447893351418,721430
2024-10-22,205.34487915039062,206.46018777692498,204.97026889606056,205.4811034230673,282690
2024-10-23,205.1490478515625,206.03447956835157,204.7574063478866,206.03447956835157,618763
2024-10-24,206.06002807617188,207.21790836112035,205.1831054696735,205.6939399743212,1050602
2024-10-25,208.87808227539062,210.2913796858707,206.2898863953232,206.2898863953232,1397199
2024-10-28,210.29989624023438,211.99415136365738,208.58862282769502,210.206243685853,971936
2024-10-29,211.45652770996094,212.49045284173368,209.85305599089722,209.85305599089722,6944069
2024-10-30,209.39739990234375,211.9997538417549,208.53871482019971,211.1673540826392,680133
2024-10-31,203.17630004882812,211.3425992745653,202.40522823431309,209.39740510245764,738399
2024-11-01,202.86959838867188,205.47195211404056,201.52899354468798,203.28141957551134,1216336
2024-11-04,203.90357971191406,204.59578225732895,200.65282285622413,204.1576756572062,712700
2024-11-05,202.53665161132812,204.15765118545906,199.77658570937626,201.52901189980938,998518
2024-11-06,203.6231689453125,204.157659489934,202.40523322821784,202.536659849866,527183
2024-11-07,201.9408416748047,204.946246301077,201.52902043301938,203.67573993320693,461780
2024-11-08,200.36363220214844,203.28142319988558,199.77657107574964,201.9583463362062,569711
2024-11-11,199.8554229736328,201.44136638834584,199.1369352551767,200.4074414503372,382241
2024-11-12,199.2508544921875,200.56517414812527,198.02416149462593,198.90037459858445,317038
2024-11-13,196.7273712158203,199.68896243627995,195.87744342945928,199.3297252223153,1746993
2024-11-14,198.3571319580078,199.7765929452873,196.63099102831427,197.84892673998093,2737833
2024-11-15,201.99339294433594,204.04372826846165,199.77657500185,199.86420165465543,3688228
2024-11-18,201.0996551513672,204.1576435525249,198.90036517778174,204.1576435525249,1630609
2024-11-19,202.3351287841797,203.28144054282487,200.83681186045467,202.40522743703684,5125765
2024-11-20,203.61439514160156,204.85861608228788,202.40521684053377,203.2814299004495,1336674
2024-11-21,205.9451141357422,207.66249763610162,201.52900614473998,203.54429888017745,1434626
2024-11-22,225.57229614257812,226.53613587295317,207.66249875234033,207.66249875234033,5502694
2024-11-25,230.741943359375,246.21586916402302,220.84950382271603,225.57229166796813,2081690
2024-11-26,207.6712646484375,245.33967110777422,207.6712646484375,227.81540888579033,9780616
2024-11-27,204.5519561767578,208.53872866343139,193.643105187472,193.643105187472,10801776
2024-11-28,199.28590393066406,203.2814334137421,197.6736750813432,203.2814334137421,3149852
2024-11-29,199.2333221435547,202.46655034890233,197.3231707943734,198.46225040223933,2225444
2024-12-02,208.53872680664062,211.1586089019738,199.77659542821033,200.09203269263188,2528738
2024-12-03,206.84762573242188,212.04356281692995,205.82244467556052,208.53871053896415,974532
2024-12-04,205.19158935546875,211.6054760406119,204.59577083015685,207.7238581978992,1588932
2024-12-05,213.88360595703125,215.11029885097133,204.18392129798792,205.91006203657133,2804890
2024-12-06,223.31166076660156,227.81539535536734,211.6054537627739,215.6360391824259,2929183
2024-12-09,216.7926483154297,225.186771600496,209.41493545727062,225.186771600496,2625079
2024-12-10,213.39292907714844,222.5581238392929,211.1235403932446,214.67220606545968,3208349
2024-12-11,214.75985717773438,217.95802995777717,213.0161881248894,213.3929533771891,1000996
2024-12-12,211.57919311523438,215.98654424669658,209.7829534606934,215.98654424669658,1861976
2024-12-13,199.79412841796875,212.05234196537734,199.33849383133918,211.60547806711392,4247367
2024-12-16,196.6835479736328,200.58269344292677,195.83362023010744,199.8642056812576,2128923
2024-12-17,197.2180633544922,201.79189720503516,193.7307386559009,193.7307386559009,3652286
2024-12-18,188.18431091308594,201.03835683011715,185.7571966286439,198.9003945033121,2786799
2024-12-19,185.23143005371094,190.5763349094975,184.00473715399755,186.5983336176128,3411719
2024-12-20,191.47010803222656,198.4622854721625,185.31908775877426,185.74843703059437,1696946
2024-12-23,193.60804748535156,198.02415551313166,189.7614726099609,198.02415551313166,2240088
2024-12-24,194.29148864746094,197.23556506249335,191.89941736840632,194.3440592918445,5939131
2024-12-26,193.65185546875,197.45463054382435,192.76688503698983,195.48315103776423,3519507
2024-12-27,201.37130737304688,204.13137337660118,193.44157589544074,194.95742086237982,3683307
2024-12-30,213.39292907714844,216.33700558084422,204.16640635135965,205.03386211966352,6024573
2024-12-31,212.01727294921875,214.66344010594054,208.53870606831512,214.66344010594054,1984119
2025-01-01,212.01727294921875,212.01727294921875,212.01727294921875,212.01727294921875,0
2025-01-02,216.9065399169922,221.24379177482552,211.4302084374173,211.4302084374173,2777521
2025-01-03,215.69737243652344,218.61516359917505,210.64161921811868,216.4246308977805,909251
2025-01-06,212.0961456298828,216.4246405806888,211.16736186212952,215.69738208689395,802312
2025-01-07,215.37319946289062,216.86275917515383,210.2911604122704,212.91979991742377,1286956
2025-01-08,211.57919311523438,218.56261307994683,210.29115869860925,216.4246508273187,637784
2025-01-09,205.9013214111328,212.09614108264662,205.47197217847307,211.60546388529318,1735396
2025-01-10,204.42929077148438,207.16307155966922,203.28145366798245,205.03387999270643,1018318
2025-01-13,207.30323791503906,210.63285010874898,204.9549934081809,204.9549934081809,1616945
2025-01-14,208.0129852294922,209.39740353612896,205.0426233461873,207.66250533639845,1409923
2025-01-15,208.06558227539062,209.40618733685108,206.78630518258402,208.52997417929774,1221962
2025-01-16,207.10171508789062,208.95052514082633,206.3481713371692,208.95052514082633,1308848
2025-01-17,207.60116577148438,208.5387202169269,206.348187441539,207.10173125107048,682012
2025-01-20,210.886962890625,211.92090130296154,207.66250509408232,208.9768247465765,1984007
2025-01-21,215.5221405029297,217.46733468364502,210.72925370458483,211.9559467149679,1218550
2025-01-22,212.95484924316406,219.9295121651239,212.043593402231,215.54844618573895,1236807
2025-01-23,212.27137756347656,215.1103127774694,211.16735388745468,212.95482270148307,501047
2025-01-24,214.32171630859375,215.11030270167896,212.4816635647949,213.59445787632848,1001560
2025-01-27,211.9910125732422,215.54843583853966,209.85305033874084,214.67222268472443,443230
2025-01-28,209.3185577392578,213.35790087376034,207.98671001485775,210.31744019006996,794683
2025-01-29,207.6186981201172,211.95595043211904,206.81258364630673,209.3185537285669,162586
2025-01-30,208.0129852294922,209.4149315417689,206.78629223371323,207.66250533639845,1229658
2025-01-31,210.86070251464844,212.8234249077702,206.838887110973,208.53874286850532,814223
2025-02-03,213.46302795410156,218.52753852683279,212.91978011860292,214.6722062924186,1013776
2025-02-04,210.2911376953125,215.98652267456055,209.5113085944904,214.1201845491305,588996
2025-02-06,206.9001922607422,211.1673455458786,205.97140856475315,210.291132493821,1729512
2025-02-07,207.66249084472656,209.15205034135275,205.9100647616487,207.2243843239571,312403
2025-02-10,207.79396057128906,209.29229106600988,205.0338942656935,208.53874715912417,421383
2025-02-11,208.10060119628906,209.41492078279194,205.9100685521176,205.9100685521176,344587
2025-02-12,208.5211944580078,210.07209542328008,206.7862962247929,209.41493558358263,708868
2025-02-13,209.5989532470703,210.7205050081514,207.5748896421982,209.80047852774618,1844800
2025-02-14,207.07546997070312,210.5540374915084,206.34821140043888,210.29117085395046,852505
2025-02-17,205.84873962402344,208.4510936317013,204.90244123027787,207.09297400644098,530609
2025-02-18,205.568359375,206.78629506963753,201.5290163814264,205.47197539758474,425272
2025-02-19,207.4346923828125,209.10824922873786,205.04262101333276,206.77753256327537,755375
2025-02-20,207.31202697753906,208.27585337565517,206.39200053892063,207.43469627802477,688331
2025-02-21,205.55960083007812,207.83774689273434,203.71954795220682,207.31202704902182,867974
2025-02-24,210.32618713378906,212.04357069658943,203.9385995026082,206.74247875518452,1270099
2025-02-25,209.30978393554688,210.9921114375734,208.53871215005327,210.28238098499432,1824302
2025-02-26,207.33831787109375,210.2911518499355,206.80382732534378,209.76541862233012,822532
2025-02-27,209.42369079589844,210.20351992970038,207.66250725639995,210.20351992970038,1395752
2025-02-28,211.95596313476562,214.58460267775132,207.9954891830327,207.9954891830327,2170597
2025-03-03,212.86721801757812,213.68208980353697,211.60546898258912,212.0435755436297,1243582
2025-03-04,212.86721801757812,212.86721801757812,212.86721801757812,212.86721801757812,0
2025-03-05,213.12130737304688,214.58458163743862,211.77194508939996,212.91978210476438,739302
2025-03-06,210.33499145507812,213.12134314757714,209.85307149789818,213.12134314757714,1293908
2025-03-07,209.2747344970703,212.03481379593524,209.06445190893265,212.03481379593524,585205
2025-03-10,209.4762725830078,211.60546400197296,207.2156411768535,209.41493124832937,1718709
2025-03-11,211.34259033203125,213.7083629528847,210.466377259867,210.466377259867,1766776
2025-03-12,210.32618713378906,213.35789034966746,209.44121671389885,212.83215714045588,1519352
2025-03-13,211.16734313964844,211.95592952953436,210.81686327079913,211.377639082928,323714
2025-03-14,211.8595733642578,213.34037573889196,210.8606909000004,211.82453072075393,1053094
2025-03-17,213.14759826660156,213.44552088787756,211.43898536053103,211.61422531013676,2204251
2025-03-18,214.48822021484375,215.05776680850286,212.80589249979099,213.35791108611926,2126714
2025-03-19,216.86273193359375,217.7389449919113,213.66455961871478,213.7959862294823,2294747
2025-03-20,217.3406524658203,220.01875065443195,216.95292110796808,218.21531827201858,1585100
2025-03-21,216.27664184570312,218.98179051789904,215.8708585375956,218.21532622380445,713313
2025-03-24,212.33612060546875,218.21531390708273,211.81312357393867,216.2766296384065,812469
2025-03-25,215.61839294433594,217.75546988881743,212.8050425474674,212.8050425474674,715765
2025-03-26,220.83029174804688,221.73200794752293,216.41188787425313,216.41188787425313,1155936
2025-03-27,223.08456420898438,223.61658718057186,219.11701875572896,220.92045100886256,550356
2025-03-28,223.08456420898438,223.08456420898438,223.08456420898438,223.08456420898438,0
2025-03-31,223.08456420898438,223.08456420898438,223.08456420898438,223.08456420898438,0
2025-04-03,231.25411987304688,232.64277047165405,220.46960224930004,223.1296621831062,1421036
2025-04-04,239.25234985351562,249.77539013055977,231.4705620777281,231.4705620777281,3876121
2025-04-07,231.63287353515625,239.85652129078613,217.31361515443407,239.85652129078613,2160581
2025-04-08,235.0233154296875,237.5931844960477,230.83933919799097,231.63285382939503,1526036
2025-04-09,234.3289794921875,235.2577460576465,225.45609557565462,233.544490817834,648391
2025-04-10,231.795166015625,241.56976639924707,229.93763283029466,240.75822731642617,1214827
2025-04-11,230.74916076660156,233.35513368819488,228.9367162310011,229.93762172298267,384202
2025-04-14,232.76901245117188,234.35601411017603,229.93761062532775,232.14682612684797,853512
2025-04-15,230.8573760986328,235.34793276834924,229.9376354633297,233.10266819258857,1009297
2025-04-16,228.21534729003906,233.90517424910715,225.60938805055935,230.85736912312635,988044
2025-04-17,228.0620574951172,229.75728833798902,227.23248025005785,228.12518423288662,420150
2025-04-18,230.52374267578125,233.54449747103396,226.330767819419,228.13420023232274,1281552
2025-04-21,251.57882690429688,253.38225935522374,231.5607156917306,231.7410699441014,5496803
2025-04-22,243.37319946289062,252.87729601699303,242.110802273113,252.4805386833208,2414444
2025-04-23,242.74200439453125,245.71765675344224,239.76632451742657,243.46336632451158,824645
2025-04-24,239.13514709472656,243.46337384468762,234.44621185043994,234.44621185043994,1073742
2025-04-25,244.91510009765625,246.04224523823643,239.1351240327699,239.1351240327699,2091238
2025-04-28,250.01885986328125,252.43548037671815,244.91514248132975,246.52922230705812,1580632
2025-04-29,251.5822296142578,255.68954594312393,247.9189574020783,250.01885781097272,1992907
2025-04-30,244.41290283203125,251.52669822310781,243.29357527629088,249.7690696752796,1636928
2025-05-02,252.76626586914062,253.94112352529694,244.21862309471751,246.99383472079384,674314
2025-05-05,251.64697265625,255.31024459642865,248.84400966178697,254.39443366911306,422772
2025-05-06,249.16778564453125,253.9134026039932,247.4563992929575,251.1011799185869,643335
2025-05-07,243.19183349609375,251.61921345471177,231.27690505009878,231.27690505009878,1779567
2025-05-08,234.1076202392578,248.84398791548801,218.87170654136668,241.44342321911662,2366753
2025-05-09,237.04010009765625,238.66823351521924,226.64231477220432,234.0428801525212,1243316
2025-05-12,260.721923828125,260.74041507907475,249.77834982138873,259.019797120472,5642903
2025-05-13,255.24551391601562,268.17798392771533,253.931901131546,268.17798392771533,1823012
2025-05-14,259.24176025390625,262.7200345337379,254.39439963654198,256.66083376203255,1864130
2025-05-15,264.2001953125,265.4952886352691,259.9448644826154,260.8699351747244,3181215
2025-05-16,265.1437683105469,266.7256313553525,263.64515824379225,265.02350459861157,1555553
2025-05-19,264.5794982910156,266.4111203362621,262.35007436168206,266.4111203362621,368736
2025-05-20,265.9207763671875,267.25288023754206,262.7200401210724,265.49525181249214,4055565
2025-05-21,267.2436828613281,270.573914731639,266.1335867506133,267.25291437112423,756808
2025-05-22,264.8292236328125,269.1862984745207,263.1825990107691,267.3639081711146,663619
2025-05-23,266.3555908203125,271.50824121955844,263.2103561934242,264.8292298633875,833300
2025-05-26,263.3583679199219,267.80795552702716,262.2575315782805,263.64513756546717,618593
2025-05-27,267.6044616699219,269.0198187682941,263.18262467630194,263.19188441756586,1855820
2025-05-28,267.6044616699219,267.6044616699219,267.6044616699219,267.6044616699219,0
2025-05-29,268.7422790527344,272.80332445796597,265.9578074090975,268.2704839952636,495333
2025-05-30,280.564697265625,289.5378660133862,266.6978684358377,268.2704999000323,2194180
2025-06-02,282.590576171875,286.77188510773607,277.5211791365188,284.45920861493175,1495296
2025-06-03,286.2353820800781,287.69698133212347,274.431471175452,283.07162793450095,6196558
2025-06-04,287.2159729003906,290.00967636604935,284.92178730699584,286.2354001765738,921729
2025-06-05,281.166015625,287.51198763609295,280.2964468318007,286.77194230316246,811330
2025-06-06,281.166015625,281.166015625,281.166015625,281.166015625,0
2025-06-09,281.166015625,281.166015625,281.166015625,281.166015625,0
2025-06-10,286.1798400878906,287.6969694907068,278.557267036242,283.9689359349031,1162076
2025-06-11,287.56744384765625,292.923610725282,286.3093613357601,289.02907125926447,1271575
2025-06-12,287.6877136230469,292.9606276426539,286.77190270957715,288.5202997962913,741331
2025-06-13,283.3768615722656,286.77188306107473,280.29638892743753,286.77188306107473,861190
2025-06-16,283.3768615722656,283.3768615722656,283.3768615722656,283.3768615722656,0
2025-06-17,285.3380432128906,286.67937866949416,282.1927805291807,282.1927805291807,299491
2025-06-18,286.0133361816406,286.7719008884427,282.60908297232015,283.99668894436104,1070346
2025-06-19,284.9957580566406,289.54711815012433,283.07162349500976,286.03186091542864,1181477
2025-06-20,285.1530456542969,288.5203165812335,283.9967072696485,285.0142906943226,746532
2025-06-23,281.924560546875,286.7719220666236,277.5674571466341,282.1465684849038,1871653
2025-06-24,296.47589111328125,297.87275686414614,284.96800967657816,288.62205012923476,2391204
2025-06-25,296.2076416015625,300.64796955180714,294.172474822999,296.02261617408703,763581
2025-06-26,295.80059814453125,299.2603533190251,294.1724647772797,296.9476767091408,469802
2025-06-27,304.6072692871094,308.9828637221942,296.02261459314485,296.02261459314485,970170
2025-06-30,307.1697082519531,311.63781544930765,306.17064433834236,308.97360737178985,791117
2025-07-01,319.4823913574219,321.924591464197,307.2159735348609,308.04853148729194,1458511
2025-07-02,330.3612060546875,338.5758374474069,320.9994961591536,320.9994961591536,1987911
2025-07-03,325.0883483886719,334.8755836892574,320.2594783454631,333.0254423429079,1350085
2025-07-04,328.9551086425781,330.25020182708977,323.7747076736174,325.61558912049776,903721
2025-07-07,332.0818786621094,337.54904969935126,329.0013775274254,332.091110171769,1092919
2025-07-08,335.2455749511719,337.188228829293,328.95510625440386,333.11792389427166,1261516
2025-07-09,336.0503845214844,337.188231515241,332.1003432482072,335.8006256242318,732003
2025-07-10,346.70721435546875,365.40288307604544,335.80062419393545,336.05038309012417,2005892
2025-07-11,347.2900390625,352.4519209157257,345.97642630572545,347.00324118590004,848725
2025-07-14,347.6600341796875,351.52682245123174,345.5138636461449,351.52682245123174,2460758
2025-07-15,338.5481262207031,349.4732089619024,337.88207418547455,347.8265842402147,1535602
2025-07-16,330.09295654296875,338.52036507240575,326.09667268241304,338.52036507240575,2749610
2025-07-17,333.8764953613281,336.4944327533116,326.5499237441072,329.3251355606294,1091216
2025-07-18,329.21417236328125,337.65081281306067,328.44634785633747,333.8765366969186,661170
2025-07-21,329.0106201171875,331.822842706817,326.5591886202194,329.46389568712266,1000294
2025-07-22,329.6859130859375,334.7830327155906,329.0476121359209,329.1400966079357,1126535
2025-07-23,327.8080139160156,331.98009147873654,327.02172646759834,331.1752845499889,472835
2025-07-24,324.8015441894531,331.17529455448386,323.8857332747179,328.0300599730546,789082
2025-07-25,328.52032470703125,332.56287868762297,325.1715736722412,326.5499198240081,632227
2025-07-28,324.4408264160156,331.175340592686,323.67303008708427,328.4001282413506,1076008
2025-07-29,327.1419982910156,331.1660330346954,324.88482364603055,324.88482364603055,787333
2025-07-30,333.978271484375,336.7257325744527,326.3649295105642,328.40009632947994,922447
2025-07-31,333.44171142578125,338.56658225984773,332.13735848282636,337.669262642251,561432
2025-08-01,335.7913818359375,336.77195445369233,331.19377963608446,333.44172274180113,499099
2025-08-04,335.1068420410156,338.57585696897644,334.00600571206945,336.1244253994006,561631
2025-08-05,336.6054382324219,337.6507725383225,334.8755607092404,335.19934106881624,591958
2025-08-06,346.11517333984375,347.8265596652308,336.5499463367597,337.1882473350442,2369276
2025-08-07,341.8228759765625,348.29837073610537,341.31407016404836,347.8265756554453,980582
2025-08-08,342.2668762207031,345.74515085246975,340.518507395465,343.20120659870577,1024977
2025-08-11,349.64892578125,350.60174734268094,342.27611218150906,342.27611218150906,1409686
2025-08-12,353.53424072265625,354.29277715293716,349.6766839307073,349.6766839307073,993638
2025-08-13,358.0208435058594,370.0375308057202,352.6554448677828,355.59716284732997,5497643
2025-08-15,363.9783020019531,365.0328961284388,358.02084456176226,358.02084456176226,2219737
2025-08-18,379.38995361328125,383.4140164082657,365.40289052335874,365.40289052335874,2567111
2025-08-19,392.9422302246094,398.7054302495829,381.13834851679434,381.13834851679434,4244422
2025-08-20,394.2281188964844,397.752635879818,393.15503353489095,395.83773282341633,1050185
2025-08-21,382.5629577636719,394.4963917879474,378.35389757930034,394.22811339356474,2686806
2025-08-22,378.5296630859375,384.7368792682633,376.5130158360784,383.0717633837939,1797562
2025-08-25,373.0990905761719,380.4307933640286,367.8944151169216,380.4307933640286,1499854
2025-08-26,368.2237854003906,372.7037691908801,366.31320914661075,371.66847519867497,1783888
2025-08-27,371.7344055175781,372.6096878767416,367.9979545488437,367.9979545488437,1934069
2025-08-28,371.76263427734375,375.52731918141814,369.8802918253066,371.76263427734375,923414
2025-08-29,367.9320373535156,373.65437413227926,367.056755061712,371.76261089583653,1393018
2025-09-01,368.60028076171875,371.2920164478862,367.8096717248687,368.46850301482243,1420132
2025-09-02,367.0379638671875,369.8802906204894,366.86853121813357,368.9391193975365,694935
2025-09-03,365.7297058105469,368.93910298471326,364.7038326698377,367.05676062254634,1344833
2025-09-04,367.45208740234375,368.4591187981484,365.2309083449364,367.99795408262287,1041203
2025-09-05,368.60968017578125,369.8802669900473,366.58616792016136,367.4520580277563,1341026
2025-09-08,370.8497009277344,371.7061701990637,368.9485453712583,368.9485453712583,1746896
2025-09-09,382.4449157714844,384.9390136607748,369.88969564301016,371.2920315138769,3480828
2025-09-10,380.5155029296875,384.9390190383498,377.4096494728075,384.9390190383498,610346
2025-09-11,384.28961181640625,387.7625358552209,379.2919950234321,382.3508014349114,840953
2025-09-12,380.3743591308594,384.18611996868606,378.3508466655345,384.18611996868606,525628
2025-09-15,381.54144287109375,383.99788615021885,379.76261534709147,379.76261534709147,211882
2025-09-16,391.621337890625,392.89192474153646,382.1155031274833,383.98842460439704,1905419
2025-09-17,387.71551513671875,393.87075454615484,385.7860968049772,392.2331257318255,699558
2025-09-18,388.2990417480469,391.05666670414456,387.2919815854524,388.8919842498038,496795
2025-09-19,387.71551513671875,390.49195314249164,386.8213909436839,389.6449047461926,716016
2025-09-22,381.8896484375,388.2331333525472,381.17434910977363,387.7625477363623,1164912
2025-09-23,381.8896484375,381.8896484375,381.8896484375,381.8896484375,0
2025-09-24,376.741455078125,382.02141210727336,375.339090357037,379.3861440446041,582324
2025-09-25,380.3743591308594,381.1743604466206,376.7414518525503,379.2920179258965,357938
2025-09-26,387.2449035644531,388.7037074424616,381.1743378067723,383.9978514201558,1590123
2025-09-29,394.23779296875,395.29190010680566,387.57428485390955,388.70370177169224,1136965
2025-09-30,410.33184814453125,412.2330037120456,396.23309260906666,396.23309260906666,2409510
2025-10-01,419.60235595703125,422.56706830315454,405.7483143314659,405.7483143314659,1376449
2025-10-02,455.8751220703125,461.17392089988834,417.8800426113274,418.8306347822671,2882630
2025-10-03,432.2799377441406,455.62100165936346,428.2329129132082,453.64453631684916,3059262
2025-10-06,424.0164489746094,436.91050621644666,416.938851718856,431.99759128432254,1806181
2025-10-07,424.0164489746094,424.0164489746094,424.0164489746094,424.0164489746094,0
2025-10-08,416.36474609375,426.3505588623143,414.1153331112987,419.7623603809982,1085737
2025-10-09,418.27532958984375,423.5270524018292,415.51767606417155,416.3647531467884,690401
2025-10-10,419.084716796875,427.29173092745594,413.36240845661274,415.20709599283157,1389100
2025-10-13,405.0330505371094,421.1553185398946,400.0919015068748,413.17417605199483,1920374
2025-10-14,422.8399963378906,424.392951875231,409.4094929661216,409.4094929661216,1180704
2025-10-15,431.3952331542969,434.623472316773,421.6541338573934,425.3905848063445,1376376
2025-10-16,427.6588134765625,437.64462654501995,426.3505716664388,434.82111282537466,1019694
2025-10-17,427.3105773925781,428.5717434705121,420.70356529771783,427.6588348954807,667864
2025-10-20,433.5693664550781,435.28227627776596,425.41882009469856,428.23291290264774,641942
2025-10-21,431.2729187011719,437.6446378192989,423.6211917282523,433.56937888342446,594672
2025-10-22,427.9505920410156,433.1270340754044,425.6447109186079,432.00703795563703,754682
2025-10-23,425.7388000488281,430.1340534888457,422.58587076967916,429.17406920038684,506623
2025-10-24,416.69415283203125,425.40940785668084,415.15064690724535,423.52706534404064,1025360
2025-10-27,413.08001708984375,415.99765343531357,409.40945530398506,415.99765343531357,529581
2025-10-28,405.5412902832031,420.7976680749597,404.7036340910707,414.1153465117933,481239
2025-10-29,402.85894775390625,409.4094915769019,401.4095359943648,405.64480659688445,645123
2025-10-30,400.6659851074219,407.98829592372897,399.9977615949917,406.58596002126217,604303
2025-10-31,427.7341003417969,439.0375762772769,403.76246738785125,404.69421773685156,1455911
2025-11-03,421.5207824707031,433.0106234129589,415.80452308080686,430.1429400242669,1072728
2025-11-04,416.8177490234375,424.1303646535469,415.8140715538371,423.46122689275825,431634
2025-11-05,407.6507263183594,418.68175609680696,406.2551286327465,411.03460073430824,898687
2025-11-06,403.2918701171875,413.83538492981,398.5984247798544,411.005945473259,658208
2025-11-07,408.04266357421875,410.71918556583466,403.29186693997394,403.3874622203145,461153
2025-11-10,407.60296630859375,413.39568448943396,403.98011808275993,409.61035053904766,1842575
2025-11-11,401.6286315917969,409.10373348938157,399.56389599705926,408.64489363335605,1087757
2025-11-12,398.7131042480469,405.20363547456435,395.740286628631,404.81171526499446,756242
2025-11-13,403.3110046386719,404.2095185959772,399.5638855084545,399.5638855084545,587958
2025-11-14,406.30291748046875,407.6411930252608,401.9536094746439,403.38745112556416,1550393
2025-11-17,408.01397705078125,413.90229026975857,407.0198386705427,407.68897644353814,1039943
2025-11-18,402.0109558105469,411.27357509409757,400.9977100568831,410.9390062120578,1072567
2025-11-19,403.1962585449219,406.7330796013933,401.47566024109324,402.4315546702387,822743
2025-11-20,401.2940368652344,407.7845681893742,399.57343856612465,403.86539520631004,1115016
2025-11-21,399.2866516113281,403.38744685761577,398.60797473844974,401.47565800994937,734517
2025-11-24,395.0425109863281,402.32645160762115,391.9167464614429,399.5639024899589,991021
2025-11-25,393.53216552734375,398.607962427405,391.91670166723276,396.3138217153766,1009152
2025-11-26,403.5308532714844,404.8213166677884,392.47114701682983,396.2182662545414,1831327
2025-11-27,421.3487243652344,423.4612429396211,403.53083774798813,403.53083774798813,4221656
2025-11-28,425.2391662597656,433.976055026311,422.505322294338,422.505322294338,2604630
2025-12-01,422.00830078125,427.28482774967705,418.68177752652923,426.32893328043843,1346244
2025-12-02,425.2774353027344,427.6576323217696,420.78474888717665,422.5053472298867,1744655
2025-12-03,416.4736633300781,428.24072190402677,415.34571485838615,428.24072190402677,1260459
2025-12-04,414.8294982910156,419.1596988016241,413.0419804116979,416.49274522957523,400530
2025-12-05,414.1316833496094,420.1155916693857,412.93681534144844,419.6089688007887,2235212
2025-12-08,416.597900390625,417.2479015751753,414.7434629387866,414.75303121760055,1259670
2025-12-09,414.9824523925781,418.6817591587881,414.18904368183007,418.6817591587881,2539306
2025-12-10,415.08758544921875,416.76996897079636,413.80669042132047,415.8140745465514,1105628
2025-12-11,412.0096435546875,415.90970951387953,410.89126330767937,415.08762506135366,1410189
2025-12-12,412.75518798828125,413.87359726564523,410.32723722913244,410.32723722913244,2954712
2025-12-15,412.9464111328125,413.90230560302734,412.27727333502844,412.9464111328125,1081892
2025-12-16,412.6023254394531,414.8582225087988,411.03464442116007,412.9464334649794,1972073
2025-12-17,410.9389953613281,413.9022738258062,408.16690744484816,413.42432662739304,1521535
2025-12-18,415.46038818359375,416.7603905666241,411.9904868404312,412.00959422668205,5916732
2025-12-19,419.4273681640625,424.51273367028045,416.349386849413,417.2383616921587,14227920
2025-12-22,420.0773620605469,423.9391837627537,416.0530546397713,419.3986851767941,1950734
2025-12-23,421.2722473144531,424.27376997832584,420.59357040298283,420.59357040298283,1737303
2025-12-24,420.51708984375,422.50533741964006,420.11560134826203,421.5494429910888,1646026
2025-12-26,422.5149230957031,423.46124928402685,419.6854544671496,420.59356588029755,1785462
2025-12-29,424.4171447753906,425.25833657663316,420.70826956350356,422.98330307006836,1758817
2025-12-30,427.38043212890625,428.90986914656327,424.41715337686793,425.3634795866525,2979718
2025-12-31,424.7803955078125,430.05692255822436,423.93920369435887,428.2407288727684,1226754
2026-01-01,424.7803955078125,424.7803955078125,424.7803955078125,424.7803955078125,0
2026-01-02,438.5739440917969,439.74013652441107,429.1966215755108,432.0547367361734,5582307
2026-01-05,448.1137390136719,452.5682103692514,439.233471967334,439.233471967334,6136500
2026-01-06,470.4051818847656,473.9324345747611,442.57910974322596,449.2608023027152,9414033
2026-01-07,476.2839660644531,482.7266851612031,468.3882687702763,471.49492565497707,5036801
2026-01-08,463.52276611328125,477.88985806074584,456.91753217889186,477.88985806074584,4826989
2026-01-09,460.8653869628906,465.9985353929971,455.00574942988027,462.65290488248326,2364003
2026-01-12,450.6946716308594,459.7852373211173,448.3145037496965,459.7852373211173,1670965
2026-01-13,458.6763916015625,460.7411271241196,441.62323803183244,453.28516204676106,3133109
2026-01-14,461.1043701171875,462.65291446094636,455.10135412947494,459.3072838811668,1798889
2026-01-15,457.1756591796875,463.60883976730145,456.15287421905947,458.99188209542575,1748995
2026-01-16,467.3941345214844,470.2044664926194,458.9249238342394,459.9286013218234,2208410
2026-01-19,478.14794921875,481.2928500914624,467.41327333736734,469.3441696025979,3833022
2026-01-20,470.06109619140625,478.9031198615039,468.9618234072784,478.4251726360932,2309687
2026-01-21,457.6822204589844,470.0610644293143,455.86602695946095,470.0514961505458,2443507
2026-01-22,459.4889221191406,462.00292928099935,457.4911061469905,457.87345810649947,779255
2026-01-23,464.9375,466.9544232197359,458.82932066627063,461.21905671140746,1283687
2026-01-26,455.9329833984375,466.9544453951485,453.0844073955874,464.93752207963007,1307586
2026-01-27,463.1882019042969,466.3808857946492,458.8006499784122,458.8006499784122,1317985
2026-01-28,462.4139404296875,465.37721906055623,460.35877319542783,465.37721906055623,552403
2026-01-29,456.1145935058594,464.04850567209013,449.7005499953559,463.1308551797154,2076460
2026-01-30,467.116943359375,468.8662173285907,456.96532002134194,457.87343139733935,1532149
2026-02-02,468.97137451171875,471.11259797300943,461.6970315572456,467.43239840888845,1081757
2026-02-03,475.9302978515625,477.46927390121647,467.4323822576473,468.9713583073013,1803162
2026-02-04,491.3870849609375,495.9084469138218,475.9302884705936,476.03542285480825,4411444
2026-02-06,478.7501525878906,494.48416640135144,473.2920036772953,493.2415153375448,2363863
2026-02-09,467.57574462890625,486.5502544940823,460.74110543447483,479.00823359985975,3718236
2026-02-10,464.01031494140625,466.9544571273053,459.7852484713078,466.9544571273053,976569
2026-02-11,469.2677307128906,472.2118728742613,463.6088225587383,464.01031107562653,663746
2026-02-12,467.13604736328125,471.2559499878664,463.60879461280973,469.2677024258481,604190
2026-02-13,465.9507751464844,467.4323999193127,454.0498772222362,467.4323999193127,753205
2026-02-16,454.0498352050781,467.31765400441856,448.31446886564555,466.4764622738487,1487625
2026-02-17,448.3909606933594,459.97642605868566,438.7555573670697,454.04986873498495,1665498
2026-02-18,474.8501281738281,477.9567850830529,447.47329759294604,454.5278031804235,2269641
2026-02-19,457.48150634765625,474.7927694396351,455.005743303799,474.7927694396351,574831
2026-02-20,460.94183349609375,464.5646814640312,450.2262653694623,457.87342061989904,438159
2026-02-23,443.5732421875,466.46689539131324,432.37015873741103,460.7410973135469,917868
2026-02-24,437.6180419921875,452.9888413010377,433.9760864200543,444.4909255183376,1492777
2026-02-25,433.2496032714844,450.70424575040494,432.092979122756,438.7555647920167,1162654
2026-02-26,436.5665283203125,440.6099721809877,425.373012934506,433.0201682232162,769198
2026-02-27,440.198974609375,446.28801775586334,430.15251432870207,436.56655809653756,605266
2026-03-02,397.51824951171875,430.61133966981265,396.1800031243269,405.2992442888698,5321505
2026-03-03,419.6376647949219,428.66131076341867,391.91672566268335,396.80133231431415,2861423
2026-03-04,414.5045166015625,427.2848207793436,412.4684567478451,419.63766515018307,1031338
2026-03-05,437.3790588378906,439.71144361164426,414.5045118268388,414.5045118268388,1900341
2026-03-06,425.2774353027344,436.8437639910819,423.461241680633,436.8437639910819,996077
2026-03-09,409.5816650390625,416.7699808118453,391.9167250753591,401.95361681509394,1601118
2026-03-10,442.3305969238281,450.54172690589036,420.6987004388634,439.7114554156073,3486750
2026-03-11,436.5474548339844,448.3145136145324,434.7886124815879,442.33060480152943,1029850
2026-03-12,427.7436828613281,446.92846337318025,425.3730539912467,434.93199902475783,1289180
2026-03-13,425.1053771972656,430.15249868159975,420.6413373198955,427.74365519075275,453980
2026-03-16,411.469970703125,428.2811119215781,407.89603163432844,424.40610910524174,1482873
2026-03-17,413.90765380859375,421.7450919902761,411.4699798904466,416.6366701863191,337786
2026-03-18,430.505126953125,434.933710090813,417.60784402548944,417.60784402548944,684175
2026-03-19,424.7168884277344,427.3196464337798,415.7722899436371,427.3196464337798,974087
2026-03-20,424.7168884277344,424.7168884277344,424.7168884277344,424.7168884277344,0
2026-03-23,424.7168884277344,424.7168884277344,424.7168884277344,424.7168884277344,0
2026-03-24,424.57122802734375,445.7623757817058,422.463752131124,438.2454440210798,1405635
2026-03-25,450.71539306640625,453.54153337268724,427.58185420821604,428.29082701789093,2768694
2026-03-26,440.43060302734375,461.3109954531164,437.57532838970224,449.6374099852585,2738016
2026-03-27,444.6649169921875,452.57034453284365,440.9161725706245,440.9161725706245,1202815
2026-03-30,427.61102294921875,445.77212122472315,406.9248775450087,443.69377946157294,2710199
2026-03-31,439.4205627441406,442.37296138884864,432.16583922804676,432.1755605225854,1645297
2026-04-01,463.82635498046875,476.8013492445458,444.8009217319548,444.8009217319548,3846804
2026-04-02,458.2420654296875,461.25273262777375,438.9738368552665,460.32040711365005,1003131
2026-04-03,464.00115966796875,474.7132854657731,447.2774207985911,447.2774207985911,1211610
2026-04-06,464.48675537109375,470.0516335202937,452.57037442243154,466.1669092763243,1478842
2026-04-07,467.29345703125,470.05160753542395,457.5233784688132,463.23392753385895,1330715
2026-04-08,504.081787109375,509.8700474638201,492.0488694010374,509.8700474638201,6087017
2026-04-09,496.8367919921875,504.5382802974884,483.6481662817321,504.5382802974884,3297445
2026-04-10,486.5228576660156,502.10061023582836,482.6769889501096,497.2544262092316,2444510
2026-04-13,466.0018005371094,477.82108721904103,462.5347066365082,475.8787250758742,1320028
2026-04-14,473.34393310546875,476.84988237280095,471.0227962338258,471.0227962338258,758114
2026-04-15,481.084228515625,485.5905227934329,476.9470174153285,481.9000466754402,1313815
2026-04-16,477.81134033203125,486.56169080250953,475.87869958728476,484.6193287633778,1361155
2026-04-17,482.7837829589844,486.75593941504627,478.98649124968614,482.6769672729951,1773674
2026-04-20,476.0923767089844,482.18167123802243,465.195724115168,477.82107779679046,1052438
2026-04-21,479.40411376953125,485.3962843421423,477.82108389177847,480.73462708624055,1178870
2026-04-22,475.23773193359375,480.73462023875356,472.97489312555433,479.7634391877662,491274
2026-04-23,466.681640625,477.6268406668017,464.2245536916121,477.6268406668017,928013
2026-04-24,480.2296142578125,490.0191061599572,460.339815767592,465.1957209972079,1764997
2026-04-27,482.9974365234375,487.5328648608116,473.9654650256753,480.2490073180704,1478378
2026-04-28,482.9974365234375,482.9974365234375,482.9974365234375,482.9974365234375,0
2026-04-29,482.9974365234375,482.9974365234375,482.9974365234375,482.9974365234375,0
2026-04-30,478.1512451171875,485.5904950580478,468.10923723595806,475.8689638627963,1358821
2026-05-04,472.7709045410156,485.4836900630196,470.5372000698118,484.12401293645127,2872627
2026-05-05,476.7361755371094,477.8803775173764,468.5295041556616,472.77091709990384,420317
2026-05-06,484.8146057128906,489.73662174496144,469.5257484378717,482.3387875796297,1631999
2026-05-07,488.207763671875,489.2434484473986,484.31155884611434,485.2979367663712,966665
2026-05-08,479.3303527832031,485.2979270404136,478.39328173699306,485.2979270404136,1057466
2026-05-11,475.4637451171875,481.3524224732401,473.49098928737914,479.37966664343173,448867
2026-05-12,476.99261474609375,481.24393121651815,475.73005222993925,478.3439777634679,295200
2026-05-13,474.9902648925781,480.2476759476383,473.71785907709494,473.71785907709494,379228
2026-05-14,475.3946838378906,478.3932810797788,471.6661765832403,475.43414738237806,729880
2026-05-15,473.0569763183594,476.5388891224062,471.4886390600695,476.5388891224062,358652
2026-05-18,458.4980163574219,475.4341377886123,448.81180846080497,473.0569634874456,960069
2026-05-19,457.1960144042969,469.94987299007613,452.7474405950477,463.0057643833645,1815226
2026-05-20,468.7267761230469,469.51586637873623,454.72019832058277,458.67558321405886,685488
2026-05-21,474.89166259765625,478.39329218008396,469.51589088189684,469.51589088189684,1252169
2026-05-22,473.0273742675781,478.39327234908603,471.4886271811611,478.39327234908603,1150369
2026-05-25,483.5224609375,486.28430702998725,475.43415007799973,476.50929838192747,1104404
2026-05-26,483.5224609375,483.5224609375,483.5224609375,483.5224609375,0
2026-05-27,483.5224609375,483.5224609375,483.5224609375,483.5224609375,0
2026-05-28,483.5224609375,483.5224609375,483.5224609375,483.5224609375,0
2026-05-29,486.6492614746094,487.2706843701652,478.3932832379153,483.52246037729446,1177147
2026-06-01,479.15277099609375,490.7229943425911,477.40689298857103,489.2434275254777,1289167
2026-06-02,491.3246765136719,495.65488990120616,475.43414314901764,475.43414314901764,2571769
2026-06-03,491.3246765136719,491.3246765136719,491.3246765136719,491.3246765136719,0
2026-06-04,486.0870056152344,491.2161826150122,485.2979153545904,487.20161743224537,694518
2026-06-05,482.6445617675781,490.0325225130164,479.3993700888913,486.7774875247214,618768
2026-06-08,478.7187805175781,482.3388007125317,476.42053321912636,480.36604488139653,625423
2026-06-09,483.67041015625,488.2570613791356,479.5374843396593,482.3387939684794,849815
2026-06-10,489.13494873046875,492.0052819148674,479.48814402095894,481.3524126911372,1674545
2026-06-11,494.06683349609375,501.0306589592801,484.31154176001655,488.158409492931,1840728
2026-06-12,503.2598571777344,505.0254820375988,496.641269933459,498.02219296553267,1966348
2026-06-15,504.4928283691406,516.8323953325925,502.0663471825955,507.98461453641784,7259660
2026-06-16,513.26171875,514.8695195513379,505.0254873253076,508.1424150152525,1980632
2026-06-17,504.8972473144531,515.3824491341895,502.0663475776124,515.3824491341895,7613907
2026-06-18,507.7774658203125,511.40732932757425,505.02549310738664,505.02549310738664,963452
2026-06-19,505.99212646484375,510.6379881444023,501.7803035803813,507.9846291297308,1284857
2026-06-22,505.1931457519531,512.9165014676347,504.43364561529717,505.9921094326286,1455490
2026-06-23,504.27581787109375,507.9846083334646,502.1255213165761,507.9846083334646,1511977
2026-06-24,507.25469970703125,509.7403912372023,502.22416648372683,505.025476059018,1044374
2026-06-25,507.25469970703125,507.25469970703125,507.25469970703125,507.25469970703125,0
2026-06-26,507.25469970703125,507.25469970703125,507.25469970703125,507.25469970703125,0
2026-06-29,504.3251647949219,508.96112286265776,503.0527288757142,506.01186257498307,642943
2026-06-30,509.42474365234375,510.12503341960917,505.51866555829747,505.51866555829747,628601
2026-07-01,545.9108276367188,552.263103335026,508.08320134715916,508.08320134715916,3775484
2026-07-02,544.885009765625,556.2185428344931,542.5078654267605,546.4533771753188,1916238
2026-07-03,548.366943359375,551.3852573870115,544.4806119456715,544.8850004033086,969134
2026-07-06,559.0494384765625,564.2081757836562,548.3669486409566,548.3669486409566,1856345
2026-07-07,557.421875,574.0719387972212,556.3467568012207,560.9531247451783,2377619
2026-07-08,549.4815673828125,560.7262397995459,538.5623563402572,556.1790519357518,1951528
2026-07-09,537.181396484375,550.3988848251083,534.6661448041463,544.4806172463437,3260137
2026-07-10,550.1029663085938,552.3716234355296,540.5350886476253,540.5350886476253,1383382
2026-07-13,539.6276245117188,545.4669646725073,538.5623195500705,542.5078310486058,949159
2026-07-14,521.3697509765625,537.3589577081211,517.8483748034519,537.3589577081211,1762148
2026-07-15,530.6121215820312,537.5759470382677,520.8075230022117,520.8075230022117,830639
2026-07-16,540.0517578125,544.4805848209289,531.9141403763176,531.9141403763176,1136450
2026-07-17,533.5712890625,544.5299336048599,532.0522886974517,539.5487370132174,884337
2026-07-20,532.64404296875,534.6167986834491,527.7121536820024,532.436881945365,669201
2026-07-21,534.9817504882812,542.6064320149918,534.3800744477757,535.7116604657766,633058
2026-07-22,532.1409912109375,541.7384286886083,530.6811712182231,535.603187191679,533867
2026-07-23,531.1644897460938,539.5980086010381,528.6985450397516,532.644056569899,1529383
2026-07-24,532.7525634765625,536.5895880310475,523.7666750817762,528.49140364128,717473
2026-07-27,556.119873046875,558.6055647321132,541.5214915095852,552.3716488986662,2082728
2026-07-28,555.01513671875,562.2847373813406,553.4665161154886,558.289918731517,2208555
2026-07-29,548.2485961914062,554.3444046623558,540.8310147855342,554.3444046623558,725700
2026-07-30,551.2372436523438,555.330735857831,543.4942015233834,543.4942015233834,903940
2026-07-31,553.279052734375,557.3034912628386,549.4124683777011,557.3034912628386,541184
2026-08-03,561.39697265625,562.2353697401618,557.550074992327,557.5599484033397,694696
2026-08-04,565.885009765625,568.844143447296,561.7422105705399,564.2081553052657,920265
2026-08-05,582.59423828125,585.5632452958987,569.1400297156798,569.9784268218116,2528945
2026-08-06,579.921142578125,593.3062976991263,577.0310626001477,586.884968036569,4052268
2026-08-07,578.8460083007812,584.8924491789486,575.7487673797872,579.921126451213,1367419
2026-08-10,585.4547119140625,586.8948453086665,579.990200069741,580.976577961016,881925
2026-08-11,591.4420166015625,596.7586077375735,582.4660021203889,586.0169383494027,2412014
2026-08-12,583.0775756835938,594.2926876449266,580.4833969776586,591.333553930512,1024694
2026-08-13,579.8916015625,586.8455538375238,578.1654402075217,583.9357269412428,682451
2026-08-14,579.8916015625,579.8916015625,579.8916015625,579.8916015625,0
2026-08-17,579.280029296875,585.4152708024405,577.031058836441,581.9629482282055,780156
2026-08-18,587.280029296875,587.280029296875,587.280029296875,587.280029296875,0
2026-08-19,562.9000244140625,572.8900146484375,560.0599975585938,567.489990234375,466878
2026-08-20,567.489990234375,585.0,565.1599731445312,585.0,1395529
2026-08-21,569.9199829101562,574.4400024414062,567.0,568.0999755859375,379873
2026-08-24,563.7999877929688,572.6300048828125,562.0999755859375,571.6300048828125,807579
2026-08-25,571.8300170898438,574.5700073242188,561.5,564.0,766444
2026-08-26,571.8300170898438,571.8300170898438,571.8300170898438,571.8300170898438,0
2026-08-27,569.4000244140625,576.8800048828125,565.5,571.8300170898438,598894
2026-08-28,574.3400268554688,576.5,566.0,569.0,693845
2026-08-31,578.1500244140625,580.0,568.0,573.989990234375,779420
2026-09-01,572.2999877929688,582.0,571.0,578.0,476661
2026-09-02,562.72998046875,572.0,562.0,571.0,920644
2026-09-03,561.0,566.8900146484375,559.5,562.7999877929688,403198
2026-09-04,565.4600219726562,567.47998046875,559.0,561.0,388918
2026-09-07,564.7999877929688,567.0,562.0,565.4600219726562,503642
2026-09-08,560.0599975585938,567.3900146484375,558.0,562.02001953125,683029
2026-09-09,556.1199951171875,563.9500122070312,551.1099853515625,560.0599975585938,486009
2026-09-10,536.2100219726562,555.0,531.0,553.3499755859375,1472281
2026-09-11,554.0900268554688,556.9000244140625,527.0,534.5,1203940
2026-09-14,552.27001953125,570.0,540.5,552.7999877929688,936384
2026-09-15,543.02001953125,564.8800048828125,541.4000244140625,564.8800048828125,1525266
2026-09-16,541.7100219726562,548.0,540.010009765625,543.2000122070312,410517
2026-09-17,543.8599853515625,548.0999755859375,542.5,545.0,267479
2026-09-18,552.75,554.0,543.6099853515625,543.6099853515625,664646
2026-09-21,550.97998046875,554.7000122070312,549.0499877929688,553.0,420908
2026-09-22,550.4199829101562,553.3099975585938,550.0,553.3099975585938,311619
2026-09-23,555.510009765625,558.969970703125,550.5499877929688,550.5499877929688,732130
2026-09-24,551.6599731445312,555.8900146484375,549.52001953125,555.0,272765
2026-09-25,548.1199951171875,555.0,545.2000122070312,555.0,418869
2026-09-28,549.22998046875,550.7000122070312,545.010009765625,548.1199951171875,200646
2026-09-29,549.9299926757812,554.989990234375,547.0,549.25,432219
2026-09-30,554.9099731445312,562.0,551.1099853515625,551.1099853515625,557326
2026-10-01,553.6500244140625,560.0,552.0700073242188,557.0,200402
2026-10-02,548.7899780273438,556.0,545.1099853515625,554.0,546614
