Date,Close,High,Low,Open,Volume
2021-09-13,39.58000183105469,40.75,39.380001068115234,40.7400016784668,4362383
2021-09-14,38.709999084472656,40.0,37.88999938964844,39.79999923706055,5878005
2021-09-15,36.93000030517578,38.970001220703125,36.349998474121094,38.970001220703125,6243237
2021-09-16,36.540000915527344,37.45000076293945,36.25,36.599998474121094,2684244
2021-09-17,36.54999923706055,37.5,36.20000076293945,36.84000015258789,3072468
2021-09-20,36.56999969482422,36.790000915527344,35.599998474121094,36.599998474121094,2745953
2021-09-21,35.310001373291016,37.20000076293945,34.599998474121094,36.400001525878906,3984868
2021-09-22,35.040000915527344,35.310001373291016,33.400001525878906,35.310001373291016,4175553
2021-09-23,35.130001068115234,35.79999923706055,33.79999923706055,35.47999954223633,3346542
2021-09-24,34.060001373291016,35.369998931884766,33.720001220703125,35.0,3306694
2021-09-27,34.04999923706055,34.5,33.70000076293945,34.439998626708984,4259183
2021-09-28,34.04999923706055,34.04999923706055,34.04999923706055,34.04999923706055,0
2021-09-29,33.689998626708984,34.97999954223633,32.599998474121094,34.75,4392886
2021-09-30,35.20000076293945,35.9900016784668,33.11000061035156,33.25,5006753
2021-10-01,35.150001525878906,35.349998474121094,34.400001525878906,35.0,2538418
2021-10-04,35.209999084472656,35.58000183105469,34.25,35.150001525878906,1494312
2021-10-05,33.189998626708984,35.0099983215332,32.880001068115234,35.0099983215332,6103986
2021-10-06,32.540000915527344,33.29999923706055,31.799999237060547,33.0,4566995
2021-10-07,34.40999984741211,34.97999954223633,33.79999923706055,33.79999923706055,9664845
2021-10-08,33.529998779296875,34.650001525878906,33.36000061035156,34.5,2069714
2021-10-11,31.68000030517578,33.939998626708984,31.25,33.5,2949408
2021-10-12,32.18000030517578,33.36000061035156,30.899999618530273,31.100000381469727,3335191
2021-10-13,31.09000015258789,32.650001525878906,30.829999923706055,32.650001525878906,1697693
2021-10-14,33.41999816894531,33.41999816894531,31.0,31.299999237060547,3070248
2021-10-15,33.84000015258789,34.290000915527344,33.54999923706055,33.9900016784668,2082547
2021-10-18,32.66999816894531,33.5,32.29999923706055,33.5,2090974
2021-10-19,32.66999816894531,32.66999816894531,32.66999816894531,32.66999816894531,0
2021-10-20,35.119998931884766,35.119998931884766,33.29999923706055,33.29999923706055,6026898
2021-10-21,35.2400016784668,36.4900016784668,35.0,35.310001373291016,10013521
2021-10-22,35.38999938964844,37.880001068115234,34.599998474121094,36.25,15276101
2021-10-25,35.38999938964844,35.650001525878906,33.95000076293945,35.5,1276369
2021-10-26,34.02000045776367,34.29999923706055,33.599998474121094,34.25,1245431
2021-10-27,35.439998626708984,35.849998474121094,34.70000076293945,35.0,3659626
2021-10-28,36.4900016784668,37.400001525878906,35.79999923706055,36.0,8753379
2021-10-29,38.470001220703125,39.0,35.900001525878906,36.47999954223633,7744795
2021-11-01,39.91999816894531,41.20000076293945,39.68000030517578,40.209999084472656,16585104
2021-11-02,40.0099983215332,41.7400016784668,39.900001525878906,41.099998474121094,9880195
2021-11-03,39.40999984741211,40.150001525878906,39.099998474121094,39.810001373291016,4165109
2021-11-04,38.470001220703125,39.04999923706055,37.95000076293945,39.0099983215332,5165916
2021-11-05,38.650001525878906,40.099998474121094,38.25,38.70000076293945,7236703
2021-11-08,38.2599983215332,39.45000076293945,37.959999084472656,38.79999923706055,2356935
2021-11-09,36.529998779296875,38.20000076293945,35.7400016784668,38.20000076293945,6445433
2021-11-10,36.310001373291016,37.5,36.0,36.75,3956709
2021-11-11,35.97999954223633,37.20000076293945,35.5099983215332,36.70000076293945,5888488
2021-11-12,34.970001220703125,36.099998474121094,34.81999969482422,36.09000015258789,5080834
2021-11-15,35.0,35.83000183105469,34.7599983215332,35.38999938964844,1705727
2021-11-16,37.599998474121094,37.619998931884766,35.25,35.380001068115234,8401837
2021-11-17,36.400001525878906,37.5099983215332,35.86000061035156,37.5099983215332,3856498
2021-11-18,36.810001373291016,37.25,35.599998474121094,37.25,2027587
2021-11-19,37.81999969482422,38.20000076293945,36.29999923706055,37.38999938964844,10413910
2021-11-22,36.119998931884766,37.97999954223633,35.900001525878906,36.83000183105469,3784216
2021-11-23,34.31999969482422,36.77000045776367,34.0,36.77000045776367,3824418
2021-11-24,33.13999938964844,34.400001525878906,32.70000076293945,34.400001525878906,4897688
2021-11-25,32.97999954223633,33.47999954223633,32.15999984741211,33.47999954223633,2305561
2021-11-26,33.0,33.939998626708984,32.0,33.20000076293945,4508043
2021-11-29,35.38999938964844,35.470001220703125,32.70000076293945,32.7599983215332,5832670
2021-11-30,36.5,37.2400016784668,35.25,36.209999084472656,7894034
2021-12-01,37.16999816894531,38.13999938964844,36.630001068115234,36.630001068115234,10691494
2021-12-02,34.38999938964844,36.0,34.38999938964844,36.0,16139894
2021-12-03,32.15999984741211,34.0099983215332,31.81999969482422,33.689998626708984,6767330
2021-12-06,32.130001068115234,32.79999923706055,31.510000228881836,32.5,1736840
2021-12-07,33.25,33.650001525878906,32.25,32.25,2493221
2021-12-08,32.43000030517578,33.29999923706055,31.5,33.29999923706055,2662830
2021-12-09,31.510000228881836,32.45000076293945,31.0,32.29999923706055,1645230
2021-12-10,31.950000762939453,32.400001525878906,30.100000381469727,31.0,3657134
2021-12-13,31.920000076293945,32.72999954223633,31.25,31.25,2005000
2021-12-14,33.970001220703125,34.20000076293945,31.600000381469727,32.400001525878906,2858071
2021-12-15,36.459999084472656,36.5099983215332,35.099998474121094,35.79999923706055,11334393
2021-12-16,34.900001525878906,36.099998474121094,34.599998474121094,35.900001525878906,4507191
2021-12-17,35.689998626708984,36.2400016784668,34.400001525878906,34.88999938964844,6767915
2021-12-20,36.029998779296875,36.95000076293945,35.04999923706055,35.400001525878906,4827606
2021-12-21,35.25,36.5,35.099998474121094,36.029998779296875,3878123
2021-12-22,34.95000076293945,35.400001525878906,34.70000076293945,35.599998474121094,978778
2021-12-23,35.09000015258789,35.650001525878906,34.79999923706055,34.810001373291016,909507
2021-12-24,34.810001373291016,35.650001525878906,34.75,35.400001525878906,1458501
2021-12-27,34.5,35.22999954223633,34.2599983215332,35.22999954223633,839478
2021-12-28,34.06999969482422,34.7400016784668,33.75,34.5,1780371
2021-12-29,34.15999984741211,34.349998474121094,33.75,34.0099983215332,2975015
2021-12-30,34.97999954223633,35.349998474121094,34.599998474121094,34.70000076293945,4971601
2021-12-31,35.95000076293945,36.290000915527344,35.0,35.119998931884766,7168849
2022-01-03,36.529998779296875,36.61000061035156,35.599998474121094,36.0099983215332,3320010
2022-01-04,36.970001220703125,37.20000076293945,36.099998474121094,36.79999923706055,6400466
2022-01-05,35.900001525878906,36.599998474121094,35.75,36.459999084472656,2545326
2022-01-06,34.90999984741211,35.79999923706055,34.75,35.79999923706055,2182710
2022-01-07,34.810001373291016,35.25,34.599998474121094,34.599998474121094,972415
2022-01-10,35.4900016784668,35.79999923706055,34.70000076293945,35.0,2617615
2022-01-11,35.18000030517578,35.79999923706055,35.02000045776367,35.599998474121094,1063370
2022-01-12,35.0099983215332,35.91999816894531,34.900001525878906,35.790000915527344,2149729
2022-01-13,34.630001068115234,35.150001525878906,34.5099983215332,35.060001373291016,1131823
2022-01-14,34.130001068115234,34.970001220703125,34.04999923706055,34.84000015258789,897347
2022-01-17,34.18000030517578,34.400001525878906,33.72999954223633,34.130001068115234,1566050
2022-01-18,33.939998626708984,34.40999984741211,33.900001525878906,34.150001525878906,779139
2022-01-19,32.5099983215332,34.25,32.29999923706055,34.25,2113164
2022-01-20,33.75,34.20000076293945,32.15999984741211,32.54999923706055,2232252
2022-01-21,33.619998931884766,34.06999969482422,33.40999984741211,33.52000045776367,765773
2022-01-24,33.310001373291016,33.900001525878906,33.130001068115234,33.900001525878906,352090
2022-01-25,34.220001220703125,34.88999938964844,33.5,33.54999923706055,3308252
2022-01-26,33.90999984741211,34.47999954223633,33.650001525878906,34.0099983215332,1988534
2022-01-27,34.310001373291016,34.5,33.75,34.0099983215332,2081246
2022-01-28,34.29999923706055,34.939998626708984,34.0099983215332,34.349998474121094,1713166
2022-01-31,34.63999938964844,34.790000915527344,34.20000076293945,34.7400016784668,735764
2022-02-01,34.90999984741211,35.4900016784668,34.25,34.79999923706055,3126583
2022-02-02,35.58000183105469,35.75,35.0099983215332,35.0099983215332,4334712
2022-02-03,35.09000015258789,36.20000076293945,34.900001525878906,36.060001373291016,4678046
2022-02-04,34.939998626708984,35.13999938964844,34.41999816894531,35.02000045776367,1111372
2022-02-07,34.119998931884766,34.9900016784668,34.029998779296875,34.9900016784668,621366
2022-02-08,34.16999816894531,34.400001525878906,33.630001068115234,34.150001525878906,742355
2022-02-09,34.310001373291016,34.84000015258789,34.02000045776367,34.470001220703125,1337091
2022-02-10,34.0099983215332,34.599998474121094,33.900001525878906,34.310001373291016,607609
2022-02-11,33.47999954223633,34.43000030517578,33.400001525878906,34.43000030517578,2066780
2022-02-14,32.650001525878906,33.5,32.310001373291016,33.349998474121094,2159927
2022-02-15,33.65999984741211,33.79999923706055,32.40999984741211,32.5099983215332,1840955
2022-02-16,33.0099983215332,33.65999984741211,32.900001525878906,33.65999984741211,869369
2022-02-17,32.81999969482422,33.45000076293945,32.599998474121094,33.0099983215332,664691
2022-02-18,32.88999938964844,33.06999969482422,32.540000915527344,32.54999923706055,595245
2022-02-21,32.58000183105469,32.9900016784668,32.5,32.56999969482422,399616
2022-02-22,31.809999465942383,32.77000045776367,30.950000762939453,32.4900016784668,3658265
2022-02-23,33.959999084472656,34.189998626708984,32.0099983215332,32.0099983215332,10588676
2022-02-24,32.18000030517578,33.4900016784668,31.829999923706055,33.209999084472656,6488773
2022-02-25,32.83000183105469,33.25,32.40999984741211,32.650001525878906,3320127
2022-02-28,33.439998626708984,33.790000915527344,32.0,32.599998474121094,1805968
2022-03-01,33.290000915527344,33.900001525878906,32.5,33.75,2415920
2022-03-02,32.81999969482422,33.22999954223633,31.5,32.5,3838597
2022-03-03,32.619998931884766,33.150001525878906,32.04999923706055,32.900001525878906,2450411
2022-03-04,32.65999984741211,33.400001525878906,32.41999816894531,32.790000915527344,1624727
2022-03-07,30.469999313354492,32.099998474121094,30.219999313354492,32.04999923706055,5680412
2022-03-08,30.110000610351562,31.600000381469727,29.850000381469727,30.049999237060547,4242646
2022-03-09,31.6200008392334,32.0,30.200000762939453,30.200000762939453,6569781
2022-03-10,33.90999984741211,33.9900016784668,32.29999923706055,32.29999923706055,7322772
2022-03-11,34.189998626708984,34.75,33.310001373291016,33.599998474121094,5984252
2022-03-14,32.970001220703125,34.38999938964844,32.81999969482422,34.0099983215332,2186069
2022-03-15,33.720001220703125,33.81999969482422,33.040000915527344,33.349998474121094,1740940
2022-03-16,34.90999984741211,35.900001525878906,33.9900016784668,33.9900016784668,8201285
2022-03-17,34.40999984741211,35.5,34.099998474121094,35.5,3020713
2022-03-18,33.47999954223633,34.099998474121094,33.25,34.0,2868961
2022-03-21,33.970001220703125,34.18000030517578,33.06999969482422,33.470001220703125,1170154
2022-03-22,34.209999084472656,34.29999923706055,33.68000030517578,34.2400016784668,807727
2022-03-23,34.209999084472656,34.209999084472656,34.209999084472656,34.209999084472656,0
2022-03-24,34.619998931884766,34.93000030517578,33.54999923706055,34.29999923706055,2019950
2022-03-25,34.029998779296875,34.880001068115234,33.900001525878906,34.5,1570435
2022-03-28,35.209999084472656,35.70000076293945,33.5,34.0,2540258
2022-03-29,36.2599983215332,36.4900016784668,35.20000076293945,35.4900016784668,6732877
2022-03-30,35.97999954223633,36.29999923706055,35.119998931884766,35.900001525878906,6129672
2022-03-31,36.04999923706055,36.849998474121094,35.36000061035156,35.70000076293945,6700482
2022-04-01,35.58000183105469,36.29999923706055,35.5,36.0,3053315
2022-04-04,33.439998626708984,34.779998779296875,32.91999816894531,34.0,5196212
2022-04-05,33.45000076293945,34.0,33.04999923706055,33.099998474121094,1555339
2022-04-06,33.40999984741211,33.900001525878906,33.25,33.2599983215332,3383069
2022-04-07,32.91999816894531,33.70000076293945,32.7599983215332,33.5,2503312
2022-04-08,33.209999084472656,33.900001525878906,32.79999923706055,32.79999923706055,3454959
2022-04-11,35.70000076293945,35.70000076293945,35.0,35.0,12437237
2022-04-12,37.400001525878906,37.900001525878906,35.029998779296875,35.79999923706055,9694825
2022-04-13,36.470001220703125,37.45000076293945,36.25,37.36000061035156,5591098
2022-04-14,38.439998626708984,38.619998931884766,36.20000076293945,36.470001220703125,22780489
2022-04-15,37.619998931884766,38.650001525878906,37.459999084472656,38.52000045776367,10811427
2022-04-18,37.52000045776367,39.02000045776367,37.5,37.619998931884766,9149668
2022-04-19,37.959999084472656,38.650001525878906,37.099998474121094,37.880001068115234,9496998
2022-04-20,35.650001525878906,38.349998474121094,35.130001068115234,38.2400016784668,12459961
2022-04-21,35.599998474121094,36.099998474121094,34.720001220703125,35.650001525878906,5732589
2022-04-22,35.41999816894531,35.79999923706055,35.220001220703125,35.310001373291016,1092520
2022-04-25,34.849998474121094,36.150001525878906,34.720001220703125,35.84000015258789,3818400
2022-04-26,34.540000915527344,35.20000076293945,34.459999084472656,34.650001525878906,2637509
2022-04-27,34.220001220703125,34.599998474121094,34.119998931884766,34.540000915527344,1296873
2022-04-28,33.369998931884766,34.02000045776367,32.5,34.0099983215332,4180945
2022-04-29,33.369998931884766,33.369998931884766,33.369998931884766,33.369998931884766,0
2022-05-02,33.369998931884766,33.369998931884766,33.369998931884766,33.369998931884766,0
2022-05-03,33.369998931884766,33.369998931884766,33.369998931884766,33.369998931884766,0
2022-05-04,33.369998931884766,33.369998931884766,33.369998931884766,33.369998931884766,0
2022-05-05,33.369998931884766,33.369998931884766,33.369998931884766,33.369998931884766,0
2022-05-06,32.27000045776367,33.45000076293945,31.68000030517578,33.20000076293945,1593506
2022-05-09,29.850000381469727,32.0,29.850000381469727,31.979999542236328,8166126
2022-05-10,29.09000015258789,29.850000381469727,28.5,29.850000381469727,8142762
2022-05-11,28.6200008392334,29.399999618530273,27.149999618530273,29.110000610351562,8499675
2022-05-12,29.280000686645508,29.850000381469727,27.850000381469727,28.5,2492654
2022-05-13,29.6200008392334,29.799999237060547,29.0,29.200000762939453,2865593
2022-05-16,28.729999542236328,29.479999542236328,27.450000762939453,29.25,6839113
2022-05-17,28.020000457763672,28.860000610351562,27.5,28.850000381469727,5067702
2022-05-18,28.969999313354492,29.299999237060547,27.700000762939453,27.989999771118164,5567502
2022-05-19,28.68000030517578,29.3799991607666,28.600000381469727,28.969999313354492,1618368
2022-05-20,28.649999618530273,28.8700008392334,28.420000076293945,28.5,1518847
2022-05-23,27.600000381469727,28.399999618530273,27.200000762939453,27.75,4928900
2022-05-24,26.399999618530273,27.799999237060547,26.100000381469727,27.25,6437722
2022-05-25,26.34000015258789,26.68000030517578,25.84000015258789,26.399999618530273,7465628
2022-05-26,27.15999984741211,27.299999237060547,26.0,26.25,7035996
2022-05-27,27.59000015258789,28.520000457763672,27.399999618530273,27.5,9949498
2022-05-30,27.459999084472656,28.1200008392334,27.399999618530273,27.600000381469727,3964020
2022-05-31,27.270000457763672,27.850000381469727,27.219999313354492,27.700000762939453,1199453
2022-06-01,26.790000915527344,27.450000762939453,26.75,27.270000457763672,2526817
2022-06-02,25.780000686645508,26.989999771118164,25.65999984741211,26.549999237060547,4109300
2022-06-03,23.950000762939453,25.700000762939453,23.850000381469727,25.700000762939453,5393129
2022-06-06,24.959999084472656,25.170000076293945,23.649999618530273,24.0,4914359
2022-06-07,24.93000030517578,25.510000228881836,24.549999237060547,25.010000228881836,2345239
2022-06-08,25.450000762939453,25.649999618530273,24.5,24.600000381469727,4137805
2022-06-09,25.75,25.920000076293945,25.549999237060547,25.690000534057617,1255177
2022-06-10,25.75,25.950000762939453,25.25,25.950000762939453,1025334
2022-06-13,25.229999542236328,25.829999923706055,25.190000534057617,25.5,1960248
2022-06-14,25.559999465942383,25.700000762939453,24.799999237060547,25.020000457763672,1256050
2022-06-15,26.739999771118164,26.889999389648438,25.790000915527344,25.790000915527344,2728221
2022-06-16,27.729999542236328,28.0,26.200000762939453,26.899999618530273,10230095
2022-06-17,28.010000228881836,28.389999389648438,27.709999084472656,27.899999618530273,8884822
2022-06-20,27.0,28.110000610351562,26.899999618530273,28.049999237060547,2844839
2022-06-21,28.1299991607666,28.5,27.059999465942383,27.059999465942383,6103821
2022-06-22,27.700000762939453,28.399999618530273,27.549999237060547,28.200000762939453,2560737
2022-06-23,27.770000457763672,28.399999618530273,27.649999618530273,27.899999618530273,4233818
2022-06-24,25.950000762939453,27.760000228881836,25.690000534057617,27.600000381469727,8860102
2022-06-27,26.809999465942383,27.100000381469727,26.0,26.0,7038095
2022-06-28,26.989999771118164,27.3799991607666,26.549999237060547,26.950000762939453,3203815
2022-06-29,26.969999313354492,27.25,26.25,26.75,2821190
2022-06-30,27.350000381469727,27.5,26.899999618530273,27.0,3884188
2022-07-01,26.979999542236328,27.350000381469727,26.8700008392334,27.350000381469727,1032109
2022-07-04,26.829999923706055,27.25,26.459999084472656,26.90999984741211,3281902
2022-07-05,25.440000534057617,27.079999923706055,25.010000228881836,26.75,6536342
2022-07-06,25.760000228881836,26.25,25.610000610351562,25.729999542236328,1402562
2022-07-07,25.84000015258789,26.219999313354492,25.600000381469727,25.649999618530273,774619
2022-07-08,25.84000015258789,25.84000015258789,25.84000015258789,25.84000015258789,0
2022-07-11,25.84000015258789,25.84000015258789,25.84000015258789,25.84000015258789,0
2022-07-12,25.84000015258789,25.84000015258789,25.84000015258789,25.84000015258789,0
2022-07-13,27.459999084472656,27.610000610351562,25.700000762939453,25.799999237060547,3015430
2022-07-14,28.15999984741211,28.299999237060547,27.010000228881836,27.579999923706055,2902137
2022-07-15,27.729999542236328,28.219999313354492,27.549999237060547,28.170000076293945,1171563
2022-07-18,26.639999389648438,27.25,26.5,27.100000381469727,1089869
2022-07-19,24.760000228881836,27.0,24.649999618530273,26.65999984741211,3217832
2022-07-20,24.270000457763672,25.290000915527344,23.799999237060547,24.760000228881836,2959156
2022-07-21,23.219999313354492,24.690000534057617,23.100000381469727,24.43000030517578,2431220
2022-07-22,24.079999923706055,24.549999237060547,22.709999084472656,23.200000762939453,2870481
2022-07-25,23.959999084472656,24.09000015258789,23.559999465942383,23.559999465942383,315063
2022-07-26,24.270000457763672,24.43000030517578,23.049999237060547,24.079999923706055,792215
2022-07-27,24.610000610351562,24.989999771118164,23.81999969482422,24.059999465942383,1911789
2022-07-28,24.75,25.100000381469727,24.5,24.729999542236328,2432007
2022-07-29,24.030000686645508,24.799999237060547,23.920000076293945,24.700000762939453,928997
2022-08-01,23.979999542236328,24.799999237060547,23.700000762939453,24.799999237060547,2486816
2022-08-02,24.639999389648438,25.100000381469727,23.450000762939453,23.6200008392334,2007079
2022-08-03,26.469999313354492,26.479999542236328,24.700000762939453,24.950000762939453,5288907
2022-08-04,27.059999465942383,27.520000457763672,26.510000228881836,26.600000381469727,4158995
2022-08-05,28.940000534057617,29.06999969482422,27.149999618530273,27.149999618530273,8264809
2022-08-08,28.940000534057617,28.940000534057617,28.940000534057617,28.940000534057617,0
2022-08-09,28.940000534057617,28.940000534057617,28.940000534057617,28.940000534057617,0
2022-08-10,28.75,29.299999237060547,28.200000762939453,29.0,4577856
2022-08-11,28.299999237060547,28.969999313354492,28.190000534057617,28.649999618530273,2486635
2022-08-12,28.3700008392334,28.600000381469727,28.010000228881836,28.260000228881836,1772773
2022-08-15,29.360000610351562,29.799999237060547,28.399999618530273,28.399999618530273,9287252
2022-08-16,28.450000762939453,29.5,28.209999084472656,29.1299991607666,6355314
2022-08-17,28.979999542236328,29.110000610351562,28.100000381469727,28.299999237060547,4745145
2022-08-18,28.56999969482422,29.25,28.5,28.75,2694555
2022-08-19,28.309999465942383,28.56999969482422,28.049999237060547,28.309999465942383,622476
2022-08-22,27.540000915527344,28.5,27.489999771118164,28.299999237060547,860248
2022-08-23,28.239999771118164,28.700000762939453,27.540000915527344,27.90999984741211,4934189
2022-08-24,28.139999389648438,28.450000762939453,28.0,28.239999771118164,1253957
2022-08-25,28.06999969482422,28.299999237060547,27.75,28.299999237060547,2460748
2022-08-26,27.440000534057617,28.420000076293945,27.350000381469727,28.389999389648438,3624687
2022-08-29,28.059999465942383,28.200000762939453,26.68000030517578,27.719999313354492,3902784
2022-08-30,27.6299991607666,29.100000381469727,27.5,28.75,5312580
2022-08-31,28.6200008392334,28.969999313354492,27.610000610351562,27.889999389648438,4889747
2022-09-01,28.889999389648438,29.799999237060547,28.559999465942383,28.899999618530273,23497128
2022-09-02,28.559999465942383,29.100000381469727,28.200000762939453,28.5,5813770
2022-09-05,27.889999389648438,29.040000915527344,27.530000686645508,28.510000228881836,6076152
2022-09-06,27.950000762939453,28.110000610351562,27.600000381469727,27.889999389648438,1352404
2022-09-07,27.760000228881836,28.239999771118164,27.600000381469727,28.239999771118164,1310986
2022-09-08,28.649999618530273,28.81999969482422,27.600000381469727,28.0,8407442
2022-09-09,28.600000381469727,29.149999618530273,28.549999237060547,29.0,6396627
2022-09-12,28.309999465942383,28.850000381469727,28.209999084472656,28.850000381469727,1489263
2022-09-13,28.5,28.75,28.299999237060547,28.489999771118164,1131876
2022-09-14,28.309999465942383,28.6299991607666,28.18000030517578,28.360000610351562,1520073
2022-09-15,28.239999771118164,28.639999389648438,28.100000381469727,28.25,1851524
2022-09-16,28.0,28.399999618530273,27.75,28.1299991607666,2573646
2022-09-19,27.780000686645508,28.25,27.299999237060547,28.010000228881836,712071
2022-09-20,27.90999984741211,28.100000381469727,27.459999084472656,27.5,1409777
2022-09-21,27.3700008392334,28.100000381469727,27.299999237060547,27.760000228881836,725013
2022-09-22,27.40999984741211,27.610000610351562,26.5,27.56999969482422,2436310
2022-09-23,27.190000534057617,27.700000762939453,27.0,27.700000762939453,1574064
2022-09-26,28.030000686645508,28.389999389648438,27.1200008392334,27.1200008392334,8333879
2022-09-27,28.40999984741211,28.75,28.149999618530273,28.149999618530273,3666464
2022-09-28,28.270000457763672,28.649999618530273,28.229999542236328,28.399999618530273,2309981
2022-09-29,28.200000762939453,28.649999618530273,28.0,28.270000457763672,1962083
2022-09-30,27.860000610351562,28.559999465942383,27.75,28.059999465942383,1484302
2022-10-03,27.6200008392334,28.200000762939453,27.270000457763672,28.010000228881836,855267
2022-10-04,27.899999618530273,28.200000762939453,27.450000762939453,27.649999618530273,4142266
2022-10-05,28.610000610351562,28.700000762939453,28.0,28.190000534057617,10055596
2022-10-06,28.81999969482422,29.25,28.6200008392334,28.950000762939453,10262413
2022-10-07,28.829999923706055,29.489999771118164,28.450000762939453,28.5,7980419
2022-10-10,29.1200008392334,29.200000762939453,28.610000610351562,29.100000381469727,5265286
2022-10-11,28.540000915527344,29.239999771118164,28.5,29.239999771118164,2893931
2022-10-12,28.290000915527344,28.889999389648438,28.209999084472656,28.540000915527344,2461190
2022-10-13,28.299999237060547,28.700000762939453,28.200000762939453,28.5,1447385
2022-10-14,28.270000457763672,28.700000762939453,28.100000381469727,28.510000228881836,1222837
2022-10-17,27.670000076293945,28.389999389648438,27.610000610351562,28.219999313354492,1515751
2022-10-18,28.139999389648438,28.399999618530273,27.81999969482422,28.25,2028646
2022-10-19,28.690000534057617,28.8799991607666,28.290000915527344,28.299999237060547,3588641
2022-10-20,28.469999313354492,29.190000534057617,28.31999969482422,28.520000457763672,3762117
2022-10-21,28.6200008392334,28.829999923706055,28.0,28.399999618530273,2576946
2022-10-24,28.510000228881836,29.059999465942383,28.389999389648438,28.8799991607666,1681344
2022-10-25,27.950000762939453,28.510000228881836,27.760000228881836,28.31999969482422,1224650
2022-10-26,27.0,27.75,26.200000762939453,27.75,3424681
2022-10-27,27.200000762939453,27.43000030517578,26.700000762939453,27.020000457763672,1358778
2022-10-28,26.280000686645508,27.0,26.100000381469727,27.0,1788296
2022-10-31,26.40999984741211,26.719999313354492,26.059999465942383,26.719999313354492,424853
2022-11-01,27.5,27.649999618530273,27.030000686645508,27.170000076293945,2282692
2022-11-02,27.530000686645508,27.850000381469727,27.1200008392334,27.3799991607666,1394978
2022-11-03,27.860000610351562,28.1299991607666,27.420000076293945,27.479999542236328,2251386
2022-11-04,27.489999771118164,28.049999237060547,27.200000762939453,27.600000381469727,1845365
2022-11-07,27.56999969482422,28.190000534057617,27.450000762939453,27.90999984741211,685306
2022-11-08,27.979999542236328,28.200000762939453,27.700000762939453,28.200000762939453,3200763
2022-11-09,27.979999542236328,27.979999542236328,27.979999542236328,27.979999542236328,0
2022-11-10,28.360000610351562,28.56999969482422,27.899999618530273,27.899999618530273,3060403
2022-11-11,28.049999237060547,28.600000381469727,27.90999984741211,28.510000228881836,1071411
2022-11-14,27.5,28.010000228881836,27.399999618530273,28.0,1587468
2022-11-15,27.34000015258789,27.809999465942383,27.280000686645508,27.799999237060547,2242647
2022-11-16,27.209999084472656,27.520000457763672,27.079999923706055,27.25,661484
2022-11-17,27.260000228881836,27.540000915527344,27.209999084472656,27.219999313354492,1279247
2022-11-18,27.18000030517578,27.489999771118164,27.100000381469727,27.459999084472656,679251
2022-11-21,27.139999389648438,27.389999389648438,27.100000381469727,27.200000762939453,518627
2022-11-22,27.3799991607666,27.59000015258789,27.200000762939453,27.260000228881836,1030459
2022-11-23,27.25,27.549999237060547,27.149999618530273,27.5,333411
2022-11-24,27.780000686645508,27.950000762939453,27.299999237060547,27.34000015258789,2184328
2022-11-25,27.450000762939453,28.100000381469727,27.299999237060547,28.079999923706055,706731
2022-11-28,25.399999618530273,26.049999237060547,25.399999618530273,26.0,7470508
2022-11-29,25.280000686645508,25.649999618530273,24.75,25.549999237060547,2312237
2022-11-30,25.3700008392334,25.5,25.0,25.399999618530273,1009402
2022-12-01,24.989999771118164,25.520000457763672,24.860000610351562,25.399999618530273,771142
2022-12-02,24.489999771118164,25.399999618530273,24.25,24.799999237060547,1877699
2022-12-05,23.68000030517578,24.5,23.40999984741211,24.5,1986774
2022-12-06,23.559999465942383,24.049999237060547,23.399999618530273,23.899999618530273,2599117
2022-12-07,24.049999237060547,24.149999618530273,23.65999984741211,23.850000381469727,1860898
2022-12-08,23.75,24.149999618530273,23.649999618530273,24.059999465942383,1320895
2022-12-09,23.56999969482422,23.889999389648438,23.350000381469727,23.889999389648438,1882750
2022-12-12,23.389999389648438,23.799999237060547,23.299999237060547,23.56999969482422,564856
2022-12-13,23.459999084472656,23.780000686645508,23.350000381469727,23.780000686645508,693714
2022-12-14,23.3700008392334,23.6299991607666,23.149999618530273,23.56999969482422,1346028
2022-12-15,22.899999618530273,23.399999618530273,22.299999237060547,23.399999618530273,4526229
2022-12-16,22.809999465942383,22.950000762939453,22.709999084472656,22.850000381469727,1684045
2022-12-19,22.290000915527344,23.0,22.020000457763672,23.0,1479252
2022-12-20,22.75,23.959999084472656,21.299999237060547,22.450000762939453,4679827
2022-12-21,22.079999923706055,22.899999618530273,21.950000762939453,22.200000762939453,1229223
2022-12-22,22.450000762939453,22.59000015258789,21.799999237060547,22.200000762939453,2147774
2022-12-23,21.670000076293945,22.290000915527344,21.200000762939453,22.1299991607666,5075205
2022-12-26,22.010000228881836,22.219999313354492,21.25,21.450000762939453,4747382
2022-12-27,21.739999771118164,22.139999389648438,21.459999084472656,22.139999389648438,2563179
2022-12-28,21.360000610351562,21.989999771118164,20.700000762939453,21.989999771118164,4252139
2022-12-29,22.209999084472656,22.739999771118164,21.1200008392334,21.389999389648438,3899780
2022-12-30,22.56999969482422,23.0,21.81999969482422,22.200000762939453,5228335
2023-01-02,21.8700008392334,22.479999542236328,21.739999771118164,22.450000762939453,2877392
2023-01-03,21.25,22.0,21.149999618530273,21.8700008392334,1585215
2023-01-04,21.360000610351562,21.860000610351562,21.25,21.25,1906157
2023-01-05,21.200000762939453,21.510000228881836,21.09000015258789,21.34000015258789,466037
2023-01-06,21.760000228881836,21.899999618530273,21.200000762939453,21.270000457763672,2705020
2023-01-09,20.790000915527344,21.75,20.68000030517578,21.75,3163889
2023-01-10,21.290000915527344,21.81999969482422,20.860000610351562,21.0,3899432
2023-01-11,20.56999969482422,21.489999771118164,20.399999618530273,21.489999771118164,4936592
2023-01-12,21.440000534057617,21.979999542236328,20.399999618530273,20.510000228881836,8047272
2023-01-13,20.950000762939453,21.299999237060547,20.799999237060547,20.989999771118164,2368202
2023-01-16,20.260000228881836,21.0,20.079999923706055,21.0,3210545
2023-01-17,19.540000915527344,20.5,19.059999465942383,20.100000381469727,4851542
2023-01-18,19.979999542236328,20.0,19.209999084472656,19.649999618530273,1313266
2023-01-19,19.739999771118164,20.149999618530273,19.600000381469727,19.899999618530273,1288379
2023-01-20,19.34000015258789,19.860000610351562,19.149999618530273,19.790000915527344,2121942
2023-01-23,19.549999237060547,19.799999237060547,19.0,19.450000762939453,371449
2023-01-24,20.5,20.6299991607666,19.309999465942383,19.889999389648438,12487144
2023-01-25,20.950000762939453,21.559999465942383,20.399999618530273,20.510000228881836,5502053
2023-01-26,22.520000457763672,22.520000457763672,20.799999237060547,20.799999237060547,13339412
2023-01-27,21.649999618530273,23.190000534057617,21.510000228881836,22.649999618530273,5509833
2023-01-30,20.780000686645508,21.75,20.700000762939453,21.299999237060547,3590048
2023-01-31,21.360000610351562,21.489999771118164,20.709999084472656,20.979999542236328,6561607
2023-02-01,21.75,22.100000381469727,21.25,21.530000686645508,4990557
2023-02-02,21.510000228881836,22.0,21.440000534057617,21.75,2010782
2023-02-03,21.3700008392334,21.790000915527344,21.049999237060547,21.520000457763672,1284912
2023-02-06,21.670000076293945,21.799999237060547,21.25,21.450000762939453,2112887
2023-02-07,21.450000762939453,22.18000030517578,21.399999618530273,21.850000381469727,3583105
2023-02-08,21.579999923706055,21.68000030517578,21.139999389648438,21.40999984741211,1854563
2023-02-09,22.440000534057617,22.989999771118164,21.510000228881836,21.510000228881836,16326483
2023-02-10,22.170000076293945,22.889999389648438,21.600000381469727,22.0,9112089
2023-02-13,22.489999771118164,23.049999237060547,22.049999237060547,22.3700008392334,7661527
2023-02-14,21.690000534057617,22.600000381469727,21.520000457763672,22.579999923706055,7584291
2023-02-15,22.100000381469727,22.299999237060547,21.399999618530273,21.899999618530273,6539056
2023-02-16,22.149999618530273,23.25,21.950000762939453,22.290000915527344,11712356
2023-02-17,22.09000015258789,22.440000534057617,21.93000030517578,22.219999313354492,2434875
2023-02-20,21.979999542236328,22.139999389648438,21.700000762939453,22.059999465942383,3166596
2023-02-21,22.360000610351562,22.579999923706055,21.979999542236328,22.18000030517578,1987431
2023-02-22,24.030000686645508,24.030000686645508,23.100000381469727,23.25,22383945
2023-02-23,23.780000686645508,24.149999618530273,23.350000381469727,23.809999465942383,10480725
2023-02-24,24.719999313354492,25.149999618530273,23.799999237060547,23.799999237060547,10541476
2023-02-27,25.09000015258789,25.700000762939453,24.299999237060547,24.899999618530273,4510311
2023-02-28,24.850000381469727,25.25,24.549999237060547,25.100000381469727,2664985
2023-03-01,24.219999313354492,24.850000381469727,23.899999618530273,24.850000381469727,7500828
2023-03-02,23.809999465942383,24.600000381469727,23.6200008392334,24.25,7626212
2023-03-03,24.290000915527344,24.40999984741211,23.360000610351562,23.360000610351562,6229142
2023-03-06,24.520000457763672,25.290000915527344,24.299999237060547,24.389999389648438,6526828
2023-03-07,25.510000228881836,25.719999313354492,24.700000762939453,24.700000762939453,10086629
2023-03-08,25.059999465942383,26.09000015258789,24.899999618530273,25.489999771118164,7335426
2023-03-09,25.940000534057617,26.25,24.950000762939453,25.1200008392334,12410932
2023-03-10,25.709999084472656,26.170000076293945,25.34000015258789,26.09000015258789,5557717
2023-03-13,25.81999969482422,26.350000381469727,25.719999313354492,25.799999237060547,3478091
2023-03-14,25.670000076293945,26.0,25.649999618530273,25.700000762939453,1726276
2023-03-15,27.40999984741211,27.59000015258789,25.299999237060547,25.5,32849018
2023-03-16,27.020000457763672,28.149999618530273,26.850000381469727,27.75,11817956
2023-03-17,26.65999984741211,27.239999771118164,26.399999618530273,27.239999771118164,4228542
2023-03-20,25.520000457763672,26.850000381469727,25.399999618530273,26.719999313354492,9688020
2023-03-21,25.729999542236328,25.989999771118164,25.350000381469727,25.530000686645508,2930789
2023-03-22,24.90999984741211,25.940000534057617,24.799999237060547,25.899999618530273,3522701
2023-03-23,24.90999984741211,24.90999984741211,24.90999984741211,24.90999984741211,0
2023-03-24,24.579999923706055,25.0,24.440000534057617,25.0,984019
2023-03-27,24.889999389648438,25.0,24.049999237060547,24.8799991607666,924703
2023-03-28,25.469999313354492,25.6299991607666,24.950000762939453,25.0,2560318
2023-03-29,25.40999984741211,25.899999618530273,25.149999618530273,25.5,1194268
2023-03-30,25.850000381469727,25.989999771118164,25.010000228881836,25.389999389648438,2381150
2023-03-31,25.979999542236328,26.1200008392334,25.530000686645508,26.0,3435004
2023-04-03,25.299999237060547,25.979999542236328,25.18000030517578,25.979999542236328,1280354
2023-04-04,25.450000762939453,25.510000228881836,24.799999237060547,25.479999542236328,1724730
2023-04-05,25.530000686645508,26.100000381469727,25.450000762939453,25.899999618530273,1662627
2023-04-06,26.65999984741211,26.75,25.600000381469727,25.700000762939453,3426454
2023-04-07,26.459999084472656,27.25,26.290000915527344,26.899999618530273,4123260
2023-04-10,26.040000915527344,26.65999984741211,25.860000610351562,26.65999984741211,2594667
2023-04-11,26.5,26.600000381469727,25.950000762939453,26.010000228881836,3103848
2023-04-12,26.6200008392334,26.780000686645508,26.399999618530273,26.5,2373627
2023-04-13,26.520000457763672,27.149999618530273,26.25,27.100000381469727,1286562
2023-04-14,26.520000457763672,26.520000457763672,26.520000457763672,26.520000457763672,0
2023-04-17,26.299999237060547,26.899999618530273,26.15999984741211,26.84000015258789,3006080
2023-04-18,26.260000228881836,26.579999923706055,26.149999618530273,26.579999923706055,2479212
2023-04-19,26.31999969482422,26.420000076293945,26.190000534057617,26.420000076293945,1612216
2023-04-20,26.790000915527344,27.0,26.209999084472656,26.299999237060547,3248766
2023-04-21,26.790000915527344,26.790000915527344,26.790000915527344,26.790000915527344,0
2023-04-24,26.790000915527344,26.790000915527344,26.790000915527344,26.790000915527344,0
2023-04-25,26.790000915527344,26.790000915527344,26.790000915527344,26.790000915527344,0
2023-04-26,26.969999313354492,27.059999465942383,26.799999237060547,26.90999984741211,6180416
2023-04-27,27.610000610351562,27.969999313354492,26.809999465942383,26.90999984741211,7275458
2023-04-28,27.700000762939453,28.100000381469727,27.350000381469727,27.899999618530273,5388983
2023-05-01,27.700000762939453,27.700000762939453,27.700000762939453,27.700000762939453,0
2023-05-02,28.40999984741211,28.850000381469727,27.440000534057617,27.5,8694059
2023-05-03,28.770000457763672,28.950000762939453,27.950000762939453,28.690000534057617,16457412
2023-05-04,28.65999984741211,29.450000762939453,28.559999465942383,28.739999771118164,23414897
2023-05-05,28.6200008392334,29.25,28.299999237060547,28.719999313354492,6808446
2023-05-08,27.899999618530273,28.780000686645508,27.829999923706055,28.719999313354492,5639044
2023-05-09,27.899999618530273,28.360000610351562,27.510000228881836,27.850000381469727,5483486
2023-05-10,27.889999389648438,28.389999389648438,27.610000610351562,27.899999618530273,3314925
2023-05-11,28.0,28.5,27.799999237060547,28.149999618530273,3793515
2023-05-12,28.110000610351562,28.6200008392334,27.6200008392334,28.25,5407794
2023-05-15,28.399999618530273,28.489999771118164,27.799999237060547,28.0,2138668
2023-05-16,27.969999313354492,28.790000915527344,27.799999237060547,28.790000915527344,4062502
2023-05-17,27.530000686645508,28.079999923706055,27.5,27.920000076293945,1957650
2023-05-18,27.0,27.889999389648438,26.940000534057617,27.600000381469727,4211107
2023-05-19,27.190000534057617,27.350000381469727,26.799999237060547,27.100000381469727,1661840
2023-05-22,26.989999771118164,27.25,26.899999618530273,27.25,1289394
2023-05-23,26.93000030517578,27.200000762939453,26.799999237060547,26.799999237060547,975798
2023-05-24,26.579999923706055,27.049999237060547,26.450000762939453,26.93000030517578,2026507
2023-05-25,26.489999771118164,26.84000015258789,26.399999618530273,26.5,5237867
2023-05-26,27.84000015258789,27.979999542236328,26.5,26.5,9791080
2023-05-29,27.6200008392334,28.59000015258789,27.479999542236328,28.0,10944386
2023-05-30,28.040000915527344,28.110000610351562,27.40999984741211,27.899999618530273,4134881
2023-05-31,28.170000076293945,28.489999771118164,27.920000076293945,28.25,8728086
2023-06-01,27.860000610351562,28.389999389648438,27.600000381469727,28.25,3969700
2023-06-02,28.389999389648438,28.549999237060547,27.850000381469727,27.850000381469727,4793566
2023-06-05,28.690000534057617,28.729999542236328,28.110000610351562,28.110000610351562,2128667
2023-06-06,28.700000762939453,29.200000762939453,28.510000228881836,28.649999618530273,7233895
2023-06-07,29.079999923706055,29.25,28.34000015258789,28.700000762939453,3287599
2023-06-08,28.56999969482422,29.239999771118164,28.350000381469727,29.100000381469727,4001107
2023-06-09,28.56999969482422,28.84000015258789,28.270000457763672,28.5,1515029
2023-06-12,28.579999923706055,29.100000381469727,26.43000030517578,28.5,4591597
2023-06-13,28.309999465942383,28.790000915527344,28.149999618530273,28.600000381469727,985431
2023-06-14,28.40999984741211,28.5,27.260000228881836,28.139999389648438,1260059
2023-06-15,27.84000015258789,28.5,27.799999237060547,28.5,2376962
2023-06-16,28.270000457763672,28.399999618530273,27.899999618530273,27.950000762939453,1354956
2023-06-19,27.510000228881836,28.520000457763672,27.299999237060547,28.200000762939453,1493909
2023-06-20,27.309999465942383,27.75,27.020000457763672,27.75,1034397
2023-06-21,27.170000076293945,27.530000686645508,27.100000381469727,27.110000610351562,386071
2023-06-22,27.049999237060547,27.350000381469727,26.899999618530273,27.100000381469727,1020288
2023-06-23,27.1299991607666,27.450000762939453,26.610000610351562,27.219999313354492,1345512
2023-06-26,28.65999984741211,28.729999542236328,27.389999389648438,27.389999389648438,4376389
2023-06-27,28.329999923706055,28.600000381469727,27.899999618530273,28.290000915527344,2063098
2023-06-28,28.329999923706055,28.329999923706055,28.329999923706055,28.329999923706055,0
2023-06-29,28.329999923706055,28.329999923706055,28.329999923706055,28.329999923706055,0
2023-06-30,28.329999923706055,28.329999923706055,28.329999923706055,28.329999923706055,0
2023-07-03,30.450000762939453,30.450000762939453,30.450000762939453,30.450000762939453,1478869
2023-07-04,30.1200008392334,31.520000457763672,29.90999984741211,30.979999542236328,20928257
2023-07-05,30.850000381469727,31.25,30.0,30.0,8646259
2023-07-06,31.06999969482422,31.5,30.799999237060547,30.950000762939453,6404536
2023-07-07,31.030000686645508,31.399999618530273,30.75,31.229999542236328,3014081
2023-07-10,31.059999465942383,31.5,30.8700008392334,30.989999771118164,4605666
2023-07-11,31.920000076293945,32.369998931884766,31.399999618530273,31.399999618530273,12428659
2023-07-12,32.119998931884766,33.04999923706055,31.8799991607666,32.349998474121094,12066419
2023-07-13,31.3799991607666,32.5,31.25,32.41999816894531,5945614
2023-07-14,31.18000030517578,31.3799991607666,30.799999237060547,31.25,3093512
2023-07-17,31.229999542236328,31.3799991607666,30.610000610351562,30.610000610351562,2351937
2023-07-18,30.739999771118164,31.350000381469727,30.559999465942383,31.059999465942383,1655761
2023-07-19,30.09000015258789,30.75,29.969999313354492,30.56999969482422,3656601
2023-07-20,30.56999969482422,31.010000228881836,30.059999465942383,30.25,4590865
2023-07-21,31.219999313354492,32.0,30.510000228881836,30.510000228881836,6044918
2023-07-24,31.0,31.389999389648438,30.75,31.200000762939453,969674
2023-07-25,30.920000076293945,31.440000534057617,30.780000686645508,31.0,1251936
2023-07-26,31.110000610351562,31.549999237060547,30.850000381469727,31.010000228881836,2210987
2023-07-27,31.110000610351562,31.110000610351562,31.110000610351562,31.110000610351562,0
2023-07-28,31.110000610351562,31.110000610351562,31.110000610351562,31.110000610351562,0
2023-07-31,32.61000061035156,32.79999923706055,30.950000762939453,31.0,8967512
2023-08-01,32.9900016784668,34.599998474121094,32.810001373291016,33.79999923706055,8164936
2023-08-02,33.38999938964844,33.7400016784668,32.45000076293945,33.0,4722419
2023-08-03,33.380001068115234,34.47999954223633,33.25,33.45000076293945,9451677
2023-08-04,32.869998931884766,33.88999938964844,32.599998474121094,33.599998474121094,4716050
2023-08-07,32.56999969482422,33.33000183105469,32.45000076293945,33.0,4233209
2023-08-08,30.68000030517578,33.2400016784668,30.1299991607666,32.75,14618336
2023-08-09,31.799999237060547,32.20000076293945,30.510000228881836,30.950000762939453,13267888
2023-08-10,32.130001068115234,33.0,31.799999237060547,32.0,6437271
2023-08-11,31.950000762939453,32.84000015258789,31.709999084472656,32.25,4257208
2023-08-14,31.950000762939453,31.950000762939453,31.950000762939453,31.950000762939453,0
2023-08-15,31.389999389648438,32.0,31.25,31.65999984741211,1258171
2023-08-16,30.799999237060547,31.520000457763672,30.75,31.520000457763672,2544779
2023-08-17,30.93000030517578,31.200000762939453,30.110000610351562,31.100000381469727,3016529
2023-08-18,30.3799991607666,31.549999237060547,30.299999237060547,31.09000015258789,3338973
2023-08-21,30.149999618530273,31.100000381469727,30.049999237060547,30.649999618530273,2926273
2023-08-22,30.09000015258789,30.489999771118164,29.809999465942383,30.389999389648438,2468979
2023-08-23,29.520000457763672,30.34000015258789,29.399999618530273,30.34000015258789,1900234
2023-08-24,29.56999969482422,30.170000076293945,29.5,29.700000762939453,1753722
2023-08-25,29.889999389648438,30.25,29.299999237060547,29.899999618530273,2640724
2023-08-28,29.93000030517578,30.049999237060547,29.059999465942383,29.459999084472656,3262770
2023-08-29,29.3799991607666,30.200000762939453,28.899999618530273,30.139999389648438,2991088
2023-08-30,29.030000686645508,29.68000030517578,28.520000457763672,29.25,2700273
2023-08-31,27.149999618530273,29.200000762939453,26.899999618530273,29.149999618530273,7196578
2023-09-01,27.049999237060547,27.649999618530273,26.520000457763672,27.049999237060547,1715563
2023-09-04,27.6200008392334,27.969999313354492,27.170000076293945,27.350000381469727,2930664
2023-09-05,28.360000610351562,29.049999237060547,27.850000381469727,27.850000381469727,8453574
2023-09-06,29.110000610351562,29.520000457763672,28.010000228881836,28.010000228881836,12896825
2023-09-07,28.8799991607666,30.100000381469727,28.389999389648438,29.899999618530273,10866031
2023-09-08,28.709999084472656,29.100000381469727,28.5,29.100000381469727,2893805
2023-09-11,28.31999969482422,28.709999084472656,28.110000610351562,28.510000228881836,1591711
2023-09-12,28.280000686645508,28.489999771118164,27.969999313354492,28.299999237060547,1794603
2023-09-13,28.43000030517578,28.940000534057617,28.1200008392334,28.399999618530273,4161532
2023-09-14,28.530000686645508,28.700000762939453,28.200000762939453,28.5,8145582
2023-09-15,29.420000076293945,29.649999618530273,28.799999237060547,29.440000534057617,24656852
2023-09-18,28.969999313354492,29.799999237060547,28.8799991607666,29.450000762939453,3868268
2023-09-19,28.649999618530273,29.100000381469727,28.5,29.100000381469727,1741041
2023-09-20,28.510000228881836,28.940000534057617,28.299999237060547,28.600000381469727,3068649
2023-09-21,29.780000686645508,30.239999771118164,28.450000762939453,28.700000762939453,15320162
2023-09-22,29.25,30.100000381469727,29.149999618530273,29.989999771118164,6752226
2023-09-25,29.579999923706055,29.799999237060547,29.3700008392334,29.600000381469727,2832042
2023-09-26,29.479999542236328,29.799999237060547,29.299999237060547,29.75,2239136
2023-09-27,30.18000030517578,30.920000076293945,29.350000381469727,29.5,11085943
2023-09-28,30.18000030517578,30.18000030517578,30.18000030517578,30.18000030517578,0
2023-09-29,30.18000030517578,30.18000030517578,30.18000030517578,30.18000030517578,0
2023-10-02,29.700000762939453,30.450000762939453,29.649999618530273,29.989999771118164,3015993
2023-10-03,29.829999923706055,30.34000015258789,29.75,29.850000381469727,3073236
2023-10-04,30.260000228881836,30.399999618530273,29.799999237060547,29.809999465942383,6395916
2023-10-05,32.349998474121094,32.5099983215332,30.5,30.5,21305930
2023-10-06,31.950000762939453,32.529998779296875,31.899999618530273,32.29999923706055,9535620
2023-10-09,32.25,32.349998474121094,31.25,31.510000228881836,4656325
2023-10-10,32.75,33.20000076293945,32.209999084472656,32.209999084472656,10934078
2023-10-11,33.02000045776367,33.5,32.470001220703125,32.70000076293945,6865449
2023-10-12,32.84000015258789,33.279998779296875,32.619998931884766,33.279998779296875,2218697
2023-10-13,33.41999816894531,33.70000076293945,32.599998474121094,33.20000076293945,6191548
2023-10-16,34.709999084472656,34.95000076293945,33.65999984741211,33.90999984741211,15081993
2023-10-17,35.58000183105469,36.0099983215332,34.25,34.900001525878906,20668090
2023-10-18,34.459999084472656,35.79999923706055,34.29999923706055,35.599998474121094,9213154
2023-10-19,34.93000030517578,35.25,34.349998474121094,34.790000915527344,10481148
2023-10-20,35.119998931884766,35.650001525878906,34.90999984741211,35.20000076293945,5040574
2023-10-23,34.70000076293945,35.439998626708984,34.61000061035156,35.439998626708984,3783642
2023-10-24,34.779998779296875,34.97999954223633,34.310001373291016,34.70000076293945,3253974
2023-10-25,35.220001220703125,35.75,34.52000045776367,34.52000045776367,9847237
2023-10-26,35.560001373291016,36.029998779296875,35.0,35.279998779296875,6112756
2023-10-27,35.689998626708984,36.099998474121094,35.0,35.0,7349579
2023-10-30,36.04999923706055,36.25,35.25,35.70000076293945,11324063
2023-10-31,35.900001525878906,36.310001373291016,35.63999938964844,35.95000076293945,7146142
2023-11-01,36.15999984741211,36.400001525878906,35.86000061035156,36.189998626708984,6513657
2023-11-02,36.70000076293945,37.060001373291016,36.20000076293945,36.400001525878906,15275315
2023-11-03,36.099998474121094,36.900001525878906,35.95000076293945,36.70000076293945,4708732
2023-11-06,36.68000030517578,37.150001525878906,35.70000076293945,36.130001068115234,12447134
2023-11-07,36.29999923706055,37.349998474121094,36.15999984741211,36.900001525878906,11659479
2023-11-08,36.630001068115234,37.150001525878906,36.20000076293945,36.61000061035156,5365590
2023-11-09,36.630001068115234,36.630001068115234,36.630001068115234,36.630001068115234,0
2023-11-10,37.150001525878906,37.68000030517578,36.900001525878906,36.97999954223633,11148639
2023-11-13,38.279998779296875,38.5,36.95000076293945,37.25,21778867
2023-11-14,38.93000030517578,39.369998931884766,37.86000061035156,38.470001220703125,16702471
2023-11-15,38.52000045776367,39.2599983215332,38.349998474121094,38.75,10172241
2023-11-16,38.79999923706055,39.4900016784668,38.349998474121094,38.790000915527344,9889921
2023-11-17,39.06999969482422,39.70000076293945,38.81999969482422,38.81999969482422,13758673
2023-11-20,38.5,39.349998474121094,38.099998474121094,39.349998474121094,18047696
2023-11-21,38.75,39.20000076293945,38.54999923706055,38.75,9542244
2023-11-22,38.869998931884766,39.099998474121094,38.75,39.0,4744610
2023-11-23,38.959999084472656,39.70000076293945,38.75,39.0,8815725
2023-11-24,38.47999954223633,39.349998474121094,38.380001068115234,39.0099983215332,10686088
2023-11-27,39.16999816894531,39.439998626708984,38.470001220703125,38.70000076293945,17865589
2023-11-28,39.290000915527344,39.58000183105469,39.0,39.20000076293945,11213927
2023-11-29,39.13999938964844,39.79999923706055,38.900001525878906,39.459999084472656,13497925
2023-11-30,39.54999923706055,39.84000015258789,38.900001525878906,39.45000076293945,13230930
2023-12-01,42.36000061035156,42.5,39.20000076293945,39.54999923706055,43072746
2023-12-04,41.810001373291016,43.04999923706055,41.709999084472656,42.900001525878906,22423667
2023-12-05,41.540000915527344,42.29999923706055,41.29999923706055,41.9900016784668,9996001
2023-12-06,42.099998474121094,42.79999923706055,41.70000076293945,41.75,10587800
2023-12-07,42.119998931884766,43.099998474121094,41.90999984741211,42.400001525878906,10095805
2023-12-08,42.709999084472656,43.20000076293945,41.810001373291016,42.20000076293945,11810799
2023-12-11,41.7599983215332,43.20000076293945,41.25,42.709999084472656,6463320
2023-12-12,42.369998931884766,42.7400016784668,41.84000015258789,41.95000076293945,4284916
2023-12-13,41.279998779296875,43.29999923706055,40.5,42.810001373291016,10277634
2023-12-14,41.209999084472656,41.75,40.7599983215332,41.75,5697575
2023-12-15,41.06999969482422,41.810001373291016,40.5,41.25,6741224
2023-12-18,40.61000061035156,41.70000076293945,40.29999923706055,41.70000076293945,4779907
2023-12-19,38.22999954223633,40.560001373291016,37.79999923706055,40.560001373291016,9339107
2023-12-20,38.2599983215332,38.849998474121094,36.40999984741211,38.75,8820069
2023-12-21,38.97999954223633,39.2400016784668,37.75,38.7400016784668,3612273
2023-12-22,37.79999923706055,39.4900016784668,37.20000076293945,39.0099983215332,1942380
2023-12-25,37.79999923706055,37.79999923706055,37.79999923706055,37.79999923706055,0
2023-12-26,36.2400016784668,38.0,36.0,38.0,5815890
2023-12-27,38.040000915527344,38.25,36.0,36.2400016784668,6801292
2023-12-28,38.5,39.45000076293945,37.709999084472656,38.0,6928866
2023-12-29,38.91999816894531,39.2400016784668,38.11000061035156,38.75,4080137
2024-01-01,40.83000183105469,41.20000076293945,39.189998626708984,39.189998626708984,5607766
2024-01-02,40.900001525878906,41.97999954223633,40.25,41.0,10870203
2024-01-03,40.68000030517578,41.9900016784668,40.400001525878906,41.0,6967398
2024-01-04,40.72999954223633,41.189998626708984,40.040000915527344,40.599998474121094,1557515
2024-01-05,40.54999923706055,41.5,39.5,40.5099983215332,3012885
2024-01-08,39.93000030517578,40.79999923706055,39.75,40.54999923706055,817993
2024-01-09,39.58000183105469,40.5,39.29999923706055,40.04999923706055,1419820
2024-01-10,39.33000183105469,39.79999923706055,39.25,39.400001525878906,1269331
2024-01-11,39.939998626708984,41.4900016784668,39.5,39.5,5324457
2024-01-12,39.54999923706055,40.75,39.209999084472656,40.5099983215332,2840231
2024-01-15,38.4900016784668,39.79999923706055,38.33000183105469,39.560001373291016,3529412
2024-01-16,38.099998474121094,38.790000915527344,37.599998474121094,38.790000915527344,2819853
2024-01-17,37.86000061035156,38.849998474121094,37.599998474121094,38.099998474121094,3552887
2024-01-18,38.18000030517578,38.599998474121094,37.11000061035156,37.650001525878906,5603198
2024-01-19,38.150001525878906,38.779998779296875,38.029998779296875,38.45000076293945,1098479
2024-01-22,38.220001220703125,38.4900016784668,37.5,38.400001525878906,1317723
2024-01-23,38.470001220703125,39.0,37.90999984741211,38.5,4373509
2024-01-24,38.790000915527344,39.5,38.099998474121094,38.5,4546201
2024-01-25,38.869998931884766,39.77000045776367,38.70000076293945,39.0,3434021
2024-01-26,38.5099983215332,39.189998626708984,38.25,39.189998626708984,1228477
2024-01-29,38.040000915527344,38.439998626708984,37.650001525878906,38.2599983215332,4192739
2024-01-30,38.0,38.63999938964844,37.75,38.0,2980059
2024-01-31,38.119998931884766,38.63999938964844,37.849998474121094,38.08000183105469,1166024
2024-02-01,37.91999816894531,38.4900016784668,37.79999923706055,38.47999954223633,830826
2024-02-02,38.689998626708984,38.83000183105469,37.810001373291016,38.119998931884766,1379179
2024-02-06,39.0,39.5,38.560001373291016,38.75,1940681
2024-02-07,38.880001068115234,39.5,38.75,39.11000061035156,1758260
2024-02-08,38.880001068115234,38.880001068115234,38.880001068115234,38.880001068115234,0
2024-02-09,37.599998474121094,38.279998779296875,36.25,38.279998779296875,4671527
2024-02-12,36.540000915527344,37.529998779296875,35.400001525878906,37.02000045776367,2738356
2024-02-13,37.66999816894531,37.79999923706055,35.310001373291016,36.02000045776367,2216783
2024-02-14,38.310001373291016,38.75,37.97999954223633,37.97999954223633,1300865
2024-02-15,37.0099983215332,38.400001525878906,36.25,38.310001373291016,2704267
2024-02-16,35.869998931884766,36.900001525878906,35.599998474121094,36.75,1819752
2024-02-19,36.04999923706055,36.880001068115234,35.54999923706055,36.25,3172755
2024-02-20,36.34000015258789,36.689998626708984,35.79999923706055,36.45000076293945,1157827
2024-02-21,37.41999816894531,37.75,36.650001525878906,37.099998474121094,3304819
2024-02-22,37.349998474121094,37.70000076293945,37.0099983215332,37.5,1390222
2024-02-23,37.72999954223633,37.97999954223633,37.04999923706055,37.400001525878906,2007130
2024-02-26,38.02000045776367,38.599998474121094,37.72999954223633,37.72999954223633,2523828
2024-02-27,38.0099983215332,38.540000915527344,37.52000045776367,37.900001525878906,2898081
2024-02-28,38.88999938964844,39.2400016784668,37.599998474121094,37.75,4412669
2024-02-29,38.70000076293945,39.599998474121094,38.25,39.2400016784668,3258138
2024-03-01,38.5,38.70000076293945,38.20000076293945,38.70000076293945,871834
2024-03-04,38.720001220703125,39.20000076293945,38.5,38.900001525878906,2105779
2024-03-05,38.88999938964844,39.47999954223633,38.349998474121094,38.79999923706055,3783683
2024-03-06,38.709999084472656,39.38999938964844,38.61000061035156,38.91999816894531,1202511
2024-03-07,37.95000076293945,39.0,37.650001525878906,38.650001525878906,6710863
2024-03-08,37.86000061035156,38.5,37.720001220703125,38.099998474121094,3851083
2024-03-11,37.97999954223633,38.47999954223633,37.709999084472656,37.72999954223633,4689531
2024-03-12,37.060001373291016,38.25,36.650001525878906,38.0099983215332,1726118
2024-03-13,36.599998474121094,37.650001525878906,36.25,37.04999923706055,1261764
2024-03-14,37.54999923706055,37.70000076293945,36.650001525878906,37.25,2205071
2024-03-15,36.81999969482422,37.75,36.5,37.75,1671107
2024-03-18,36.77000045776367,37.099998474121094,36.5099983215332,37.099998474121094,695286
2024-03-19,35.869998931884766,36.84000015258789,35.790000915527344,36.61000061035156,3146628
2024-03-20,35.33000183105469,36.2400016784668,35.20000076293945,36.04999923706055,2997255
2024-03-21,34.59000015258789,35.70000076293945,34.400001525878906,35.45000076293945,2958890
2024-03-22,34.470001220703125,35.0,34.29999923706055,34.900001525878906,1658807
2024-03-26,35.40999984741211,35.599998474121094,34.349998474121094,34.400001525878906,2442212
2024-03-27,35.779998779296875,36.25,35.209999084472656,35.209999084472656,2135145
2024-03-28,36.11000061035156,36.4900016784668,35.79999923706055,35.900001525878906,2396049
2024-03-29,35.58000183105469,36.29999923706055,35.209999084472656,36.11000061035156,1433676
2024-04-01,35.2400016784668,35.779998779296875,34.70000076293945,35.54999923706055,1469985
2024-04-02,35.0099983215332,35.29999923706055,34.650001525878906,35.29999923706055,912709
2024-04-03,37.63999938964844,37.63999938964844,35.29999923706055,35.29999923706055,7691795
2024-04-04,36.36000061035156,38.0,36.209999084472656,37.75,5614353
2024-04-08,36.560001373291016,36.70000076293945,36.150001525878906,36.310001373291016,2522920
2024-04-09,37.27000045776367,37.70000076293945,36.810001373291016,36.95000076293945,5015039
2024-04-15,37.66999816894531,37.900001525878906,36.650001525878906,36.7599983215332,6375632
2024-04-16,37.040000915527344,37.84000015258789,36.95000076293945,37.79999923706055,4829895
2024-04-17,36.91999816894531,37.5,36.5,37.0,2883508
2024-04-18,36.95000076293945,37.689998626708984,36.720001220703125,36.900001525878906,3754213
2024-04-19,36.47999954223633,36.900001525878906,36.349998474121094,36.900001525878906,2270667
2024-04-22,37.0,37.75,36.45000076293945,36.45000076293945,6689851
2024-04-23,38.47999954223633,39.779998779296875,37.2599983215332,37.439998626708984,24160391
2024-04-24,38.869998931884766,39.7400016784668,38.5,38.849998474121094,10156381
2024-04-25,37.470001220703125,39.400001525878906,37.29999923706055,39.0,6985600
2024-04-26,37.66999816894531,37.849998474121094,37.0,37.47999954223633,3303092
2024-04-29,37.130001068115234,38.29999923706055,36.779998779296875,37.849998474121094,10120966
2024-04-30,36.13999938964844,37.45000076293945,36.0,36.9900016784668,4114225
2024-05-02,36.5099983215332,37.25,35.5099983215332,36.130001068115234,6204848
2024-05-03,37.650001525878906,37.79999923706055,36.599998474121094,36.900001525878906,4282467
2024-05-06,38.470001220703125,39.38999938964844,37.900001525878906,37.900001525878906,10327462
2024-05-07,38.13999938964844,39.150001525878906,38.0,38.650001525878906,7982325
2024-05-08,37.5099983215332,38.349998474121094,37.04999923706055,38.20000076293945,2177093
2024-05-09,38.11000061035156,38.4900016784668,37.20000076293945,37.7400016784668,7516852
2024-05-10,39.93000030517578,40.38999938964844,38.400001525878906,38.5,20467297
2024-05-13,40.90999984741211,41.88999938964844,39.52000045776367,40.0,16268606
2024-05-14,40.77000045776367,41.15999984741211,39.61000061035156,41.0,8941888
2024-05-15,39.77000045776367,41.20000076293945,39.52000045776367,40.79999923706055,6728398
2024-05-16,40.130001068115234,40.650001525878906,39.29999923706055,39.75,12188305
2024-05-17,39.88999938964844,40.970001220703125,39.52000045776367,40.400001525878906,11725969
2024-05-20,38.459999084472656,39.900001525878906,38.04999923706055,39.88999938964844,5108683
2024-05-21,38.31999969482422,38.75,37.81999969482422,38.47999954223633,4622694
2024-05-22,37.5099983215332,38.70000076293945,37.209999084472656,38.5,3686385
2024-05-23,37.689998626708984,38.18000030517578,37.5,37.88999938964844,3751429
2024-05-24,38.09000015258789,38.5,37.849998474121094,37.900001525878906,3320319
2024-05-27,37.66999816894531,38.38999938964844,37.400001525878906,38.29999923706055,4596470
2024-05-28,37.66999816894531,37.66999816894531,37.66999816894531,37.66999816894531,0
2024-05-29,37.529998779296875,37.97999954223633,37.0,37.97999954223633,3323971
2024-05-30,38.09000015258789,38.470001220703125,37.540000915527344,37.540000915527344,7614540
2024-05-31,38.47999954223633,38.95000076293945,38.099998474121094,38.25,4275329
2024-06-03,39.02000045776367,39.689998626708984,38.2400016784668,38.849998474121094,6271174
2024-06-04,38.16999816894531,39.47999954223633,37.810001373291016,38.900001525878906,6001705
2024-06-05,37.779998779296875,38.59000015258789,37.599998474121094,38.20000076293945,2516953
2024-06-06,37.59000015258789,38.380001068115234,37.29999923706055,37.95000076293945,1926722
2024-06-07,38.369998931884766,38.849998474121094,36.599998474121094,37.29999923706055,4791439
2024-06-10,37.970001220703125,38.900001525878906,37.599998474121094,38.04999923706055,2261818
2024-06-11,36.68000030517578,39.189998626708984,36.5,39.0,5942630
2024-06-12,37.13999938964844,37.5,36.52000045776367,36.75,1602088
2024-06-13,39.310001373291016,39.5,37.599998474121094,37.650001525878906,14728584
2024-06-14,38.310001373291016,39.47999954223633,38.209999084472656,39.38999938964844,3242658
2024-06-20,38.81999969482422,39.040000915527344,38.25,38.25,3770768
2024-06-21,38.18000030517578,39.66999816894531,37.79999923706055,38.79999923706055,6266997
2024-06-24,37.939998626708984,38.5099983215332,37.70000076293945,38.45000076293945,1116420
2024-06-25,37.880001068115234,38.400001525878906,37.7599983215332,38.0099983215332,1797328
2024-06-26,37.970001220703125,38.25,37.720001220703125,38.0,2652744
2024-06-27,38.0,38.45000076293945,37.70000076293945,37.93000030517578,1736756
2024-06-28,38.0,38.29999923706055,37.79999923706055,38.25,1417089
2024-07-01,37.77000045776367,38.79999923706055,37.5,37.810001373291016,3275985
2024-07-02,37.72999954223633,38.20000076293945,37.61000061035156,37.79999923706055,2237425
2024-07-03,38.209999084472656,38.95000076293945,37.70000076293945,38.0,4949336
2024-07-04,37.91999816894531,38.70000076293945,37.75,38.380001068115234,5920909
2024-07-05,37.470001220703125,38.0,37.369998931884766,37.75,1546701
2024-07-08,38.52000045776367,39.29999923706055,37.2599983215332,37.5099983215332,6903610
2024-07-09,39.72999954223633,40.29999923706055,38.5,38.79999923706055,25551147
2024-07-10,38.70000076293945,40.0099983215332,38.5,40.0,4740473
2024-07-11,38.34000015258789,38.75,38.25,38.5099983215332,2879322
2024-07-12,38.56999969482422,38.939998626708984,37.0,38.79999923706055,7053021
2024-07-15,38.75,39.400001525878906,38.61000061035156,38.75,9309908
2024-07-16,38.75,38.75,38.75,38.75,0
2024-07-17,38.75,38.75,38.75,38.75,0
2024-07-18,38.81999969482422,39.150001525878906,38.0099983215332,39.150001525878906,1877323
2024-07-19,37.63999938964844,39.0,37.220001220703125,38.97999954223633,3955461
2024-07-22,36.93000030517578,37.9900016784668,36.5099983215332,37.9900016784668,3948868
2024-07-23,36.779998779296875,37.400001525878906,36.5099983215332,36.9900016784668,6671010
2024-07-24,36.689998626708984,37.13999938964844,36.52000045776367,37.0,3279347
2024-07-25,36.43000030517578,37.150001525878906,36.25,36.400001525878906,4076627
2024-07-26,36.33000183105469,36.61000061035156,36.15999984741211,36.61000061035156,2424151
2024-07-29,37.400001525878906,37.75,36.150001525878906,36.150001525878906,4695943
2024-07-30,36.279998779296875,37.720001220703125,36.119998931884766,37.720001220703125,4711217
2024-07-31,35.689998626708984,36.540000915527344,35.599998474121094,36.400001525878906,3525000
2024-08-01,35.04999923706055,36.0,34.720001220703125,36.0,5382118
2024-08-02,34.61000061035156,35.459999084472656,33.25,35.20000076293945,12978326
2024-08-05,33.779998779296875,34.75,33.25,34.75,5272658
2024-08-06,33.66999816894531,34.18000030517578,33.20000076293945,34.0,2746844
2024-08-07,33.619998931884766,34.5,33.4900016784668,33.54999923706055,2584253
2024-08-08,34.040000915527344,34.279998779296875,33.810001373291016,34.099998474121094,1843221
2024-08-09,33.9900016784668,34.349998474121094,33.81999969482422,34.04999923706055,1422216
2024-08-12,32.93000030517578,34.38999938964844,32.540000915527344,34.02000045776367,2406735
2024-08-13,32.4900016784668,33.25,32.349998474121094,33.25,4120267
2024-08-15,32.349998474121094,32.97999954223633,32.29999923706055,32.709999084472656,2565178
2024-08-16,32.81999969482422,34.099998474121094,32.349998474121094,32.349998474121094,6313584
2024-08-19,32.83000183105469,33.2400016784668,32.75,32.869998931884766,1726163
2024-08-20,32.709999084472656,33.20000076293945,32.5,32.83000183105469,980163
2024-08-21,33.060001373291016,33.470001220703125,32.599998474121094,32.900001525878906,1554212
2024-08-22,34.029998779296875,34.900001525878906,33.099998474121094,33.099998474121094,5055437
2024-08-23,33.540000915527344,34.47999954223633,33.470001220703125,34.290000915527344,1624560
2024-08-26,33.20000076293945,34.08000183105469,33.060001373291016,33.77000045776367,1082628
2024-08-27,32.7400016784668,33.79999923706055,32.66999816894531,33.43000030517578,2299023
2024-08-28,32.95000076293945,33.130001068115234,32.75,32.959999084472656,988021
2024-08-29,32.970001220703125,33.25,32.709999084472656,32.9900016784668,522367
2024-08-30,32.61000061035156,33.79999923706055,32.45000076293945,33.79999923706055,2588922
2024-09-02,32.439998626708984,33.099998474121094,32.279998779296875,32.84000015258789,1608531
2024-09-03,32.7599983215332,32.900001525878906,32.45000076293945,32.68000030517578,839000
2024-09-04,33.88999938964844,34.099998474121094,32.959999084472656,32.9900016784668,6174110
2024-09-05,33.689998626708984,34.25,33.599998474121094,34.189998626708984,6278986
2024-09-06,33.380001068115234,33.70000076293945,33.25,33.56999969482422,1457389
2024-09-09,33.4900016784668,33.70000076293945,33.0,33.5,2480057
2024-09-10,34.290000915527344,34.43000030517578,33.5,33.54999923706055,8790305
2024-09-11,33.25,34.349998474121094,33.150001525878906,34.02000045776367,7569987
2024-09-12,34.72999954223633,35.150001525878906,33.25,33.310001373291016,13328552
2024-09-13,33.900001525878906,35.75,33.84000015258789,35.75,11955928
2024-09-16,32.959999084472656,33.9900016784668,32.79999923706055,33.9900016784668,3550939
2024-09-17,32.959999084472656,32.959999084472656,32.959999084472656,32.959999084472656,0
2024-09-18,32.779998779296875,33.34000015258789,32.70000076293945,32.79999923706055,3109403
2024-09-19,32.720001220703125,33.22999954223633,32.560001373291016,33.0,2447731
2024-09-20,33.290000915527344,33.400001525878906,32.0,32.900001525878906,4817043
2024-09-23,32.27000045776367,33.45000076293945,32.150001525878906,33.45000076293945,6073577
2024-09-24,32.150001525878906,32.59000015258789,31.5,32.59000015258789,3131796
2024-09-25,33.130001068115234,33.349998474121094,31.799999237060547,32.099998474121094,8192694
2024-09-26,32.72999954223633,33.560001373291016,32.099998474121094,33.4900016784668,4486416
2024-09-27,32.560001373291016,32.79999923706055,32.0099983215332,32.5,1953602
2024-09-30,32.439998626708984,32.7599983215332,32.0,32.560001373291016,2554557
2024-10-01,33.689998626708984,34.04999923706055,32.29999923706055,32.5,8816537
2024-10-02,33.25,33.650001525878906,33.0,33.0,3402703
2024-10-03,33.79999923706055,34.4900016784668,33.5,33.599998474121094,9199096
2024-10-04,34.560001373291016,34.7599983215332,33.45000076293945,33.5099983215332,8453660
2024-10-07,34.93000030517578,35.400001525878906,34.0,34.560001373291016,10212382
2024-10-08,35.34000015258789,35.900001525878906,34.93000030517578,34.93000030517578,13010007
2024-10-09,35.34000015258789,35.34000015258789,35.34000015258789,35.34000015258789,0
2024-10-10,35.08000183105469,35.7599983215332,34.7599983215332,35.20000076293945,7229711
2024-10-11,36.11000061035156,36.400001525878906,35.25,35.45000076293945,15981226
2024-10-14,36.27000045776367,36.70000076293945,35.970001220703125,36.650001525878906,5173951
2024-10-15,36.61000061035156,37.2400016784668,36.0099983215332,36.400001525878906,7113080
2024-10-16,38.119998931884766,38.41999816894531,36.099998474121094,36.099998474121094,15836054
2024-10-17,37.810001373291016,39.0,37.65999984741211,38.38999938964844,10273591
2024-10-18,37.099998474121094,37.95000076293945,36.720001220703125,37.810001373291016,3365163
2024-10-21,37.47999954223633,37.79999923706055,37.29999923706055,37.5,3509289
2024-10-22,37.88999938964844,38.5,37.29999923706055,37.5,6947963
2024-10-23,38.81999969482422,38.970001220703125,37.619998931884766,37.95000076293945,10749535
2024-10-24,38.20000076293945,39.279998779296875,37.75,38.5,22958366
2024-10-25,37.88999938964844,38.900001525878906,37.5,38.20000076293945,19104042
2024-10-28,37.65999984741211,38.470001220703125,37.209999084472656,37.88999938964844,5442497
2024-10-29,38.790000915527344,39.29999923706055,37.5099983215332,37.5099983215332,12916797
2024-10-30,38.2400016784668,39.25,37.79999923706055,39.099998474121094,5622639
2024-10-31,37.5099983215332,38.650001525878906,37.0099983215332,38.5,11753454
2024-11-01,38.779998779296875,39.0,37.400001525878906,37.75,5016390
2024-11-04,41.529998779296875,41.849998474121094,38.79999923706055,38.9900016784668,36957197
2024-11-05,41.68000030517578,42.9900016784668,40.79999923706055,42.25,27524316
2024-11-06,42.599998474121094,43.58000183105469,41.75,41.779998779296875,18729222
2024-11-07,41.9900016784668,43.150001525878906,41.5,42.5,10327789
2024-11-08,42.9900016784668,43.2400016784668,41.5099983215332,41.599998474121094,11018414
2024-11-11,42.9900016784668,43.79999923706055,42.709999084472656,43.099998474121094,9544222
2024-11-12,41.650001525878906,43.25,41.25,43.0099983215332,4994394
2024-11-13,41.380001068115234,41.939998626708984,41.099998474121094,41.75,3595183
2024-11-14,40.52000045776367,42.20000076293945,40.150001525878906,41.380001068115234,7724688
2024-11-15,40.33000183105469,41.38999938964844,40.15999984741211,40.97999954223633,6388842
2024-11-18,40.209999084472656,40.70000076293945,40.13999938964844,40.5,1490760
2024-11-19,40.06999969482422,41.0099983215332,39.7599983215332,40.290000915527344,4325936
2024-11-20,39.43000030517578,40.5,38.709999084472656,39.900001525878906,5870009
2024-11-21,39.790000915527344,39.95000076293945,38.900001525878906,39.84000015258789,4719755
2024-11-22,38.599998474121094,40.099998474121094,38.349998474121094,39.970001220703125,4943738
2024-11-25,38.900001525878906,39.47999954223633,38.099998474121094,38.5099983215332,4808827
2024-11-26,36.439998626708984,39.0,36.060001373291016,38.5,7368061
2024-11-27,39.79999923706055,40.08000183105469,37.25,37.5,9991455
2024-11-28,41.369998931884766,41.900001525878906,39.5099983215332,39.9900016784668,15675469
2024-11-29,40.779998779296875,41.599998474121094,40.5,41.459999084472656,4837042
2024-12-02,44.529998779296875,44.83000183105469,40.900001525878906,41.13999938964844,26486507
2024-12-03,45.65999984741211,46.900001525878906,44.0,45.45000076293945,18871614
2024-12-04,45.4900016784668,46.400001525878906,44.119998931884766,45.880001068115234,8500617
2024-12-05,48.11000061035156,48.45000076293945,45.150001525878906,45.790000915527344,14702681
2024-12-06,46.540000915527344,48.70000076293945,46.029998779296875,47.900001525878906,7043750
2024-12-09,49.61000061035156,50.54999923706055,45.529998779296875,46.0,18158655
2024-12-10,48.099998474121094,51.189998626708984,46.5,50.0,17180120
2024-12-11,49.470001220703125,50.29999923706055,48.099998474121094,48.5,10124028
2024-12-12,49.470001220703125,50.5,48.79999923706055,50.20000076293945,9801925
2024-12-13,48.779998779296875,49.70000076293945,47.599998474121094,49.02000045776367,6023349
2024-12-16,49.97999954223633,51.400001525878906,48.70000076293945,49.75,15704290
2024-12-17,47.279998779296875,50.9900016784668,46.5,50.9900016784668,10311700
2024-12-18,45.59000015258789,48.20000076293945,45.130001068115234,47.279998779296875,6244795
2024-12-19,42.11000061035156,46.68000030517578,41.29999923706055,45.0,12634840
2024-12-20,44.70000076293945,45.25,42.09000015258789,42.11000061035156,9012717
2024-12-23,45.869998931884766,46.400001525878906,43.79999923706055,45.20000076293945,7847437
2024-12-24,44.779998779296875,46.75,44.5,46.25,4967423
2024-12-26,42.97999954223633,44.81999969482422,42.84000015258789,44.779998779296875,5652182
2024-12-27,44.099998474121094,44.849998474121094,42.900001525878906,43.0,6003419
2024-12-30,46.380001068115234,46.5,44.5,44.5,9326147
2024-12-31,45.939998626708984,46.849998474121094,45.400001525878906,46.849998474121094,5683852
2025-01-01,45.939998626708984,45.939998626708984,45.939998626708984,45.939998626708984,0
2025-01-02,48.18000030517578,50.880001068115234,47.849998474121094,50.68000030517578,16070910
2025-01-03,45.630001068115234,48.88999938964844,44.400001525878906,48.400001525878906,19847661
2025-01-06,43.7599983215332,46.54999923706055,43.5,45.849998474121094,15305685
2025-01-07,45.20000076293945,45.790000915527344,42.79999923706055,44.189998626708984,18841941
2025-01-08,43.630001068115234,45.790000915527344,43.099998474121094,45.70000076293945,6723507
2025-01-09,42.220001220703125,43.97999954223633,41.959999084472656,43.709999084472656,6999844
2025-01-10,43.279998779296875,43.68000030517578,42.0,42.47999954223633,9165581
2025-01-13,44.150001525878906,44.95000076293945,43.43000030517578,43.779998779296875,8609379
2025-01-14,44.619998931884766,45.0,43.599998474121094,44.13999938964844,9724572
2025-01-15,44.34000015258789,45.59000015258789,44.0,44.790000915527344,8703889
2025-01-16,43.33000183105469,44.540000915527344,43.16999816894531,44.540000915527344,6315430
2025-01-17,44.310001373291016,44.650001525878906,43.119998931884766,43.5,7531992
2025-01-20,46.310001373291016,46.939998626708984,44.310001373291016,44.689998626708984,19744679
2025-01-21,44.97999954223633,46.9900016784668,44.29999923706055,46.349998474121094,12014298
2025-01-22,45.38999938964844,46.75,44.5,44.5,15315552
2025-01-23,47.599998474121094,47.95000076293945,45.38999938964844,45.38999938964844,26433374
2025-01-24,46.7400016784668,48.5,46.310001373291016,48.0099983215332,15337516
2025-01-27,45.56999969482422,46.900001525878906,45.400001525878906,46.79999923706055,6486182
2025-01-28,44.790000915527344,45.84000015258789,44.400001525878906,45.45000076293945,7594154
2025-01-29,43.959999084472656,45.18000030517578,43.70000076293945,44.5,5775495
2025-01-30,44.290000915527344,44.650001525878906,43.70000076293945,44.400001525878906,3922759
2025-01-31,44.849998474121094,45.5,44.31999969482422,44.31999969482422,7655678
2025-02-03,44.619998931884766,46.20000076293945,44.400001525878906,45.0,7328498
2025-02-04,44.25,45.54999923706055,44.02000045776367,44.77000045776367,4707285
2025-02-06,42.88999938964844,44.88999938964844,42.25,44.5,6079916
2025-02-07,42.27000045776367,43.20000076293945,41.849998474121094,42.880001068115234,7138448
2025-02-10,43.41999816894531,43.689998626708984,41.75,42.79999923706055,5396896
2025-02-11,45.06999969482422,45.349998474121094,43.61000061035156,43.66999816894531,8456133
2025-02-12,46.31999969482422,46.849998474121094,44.79999923706055,45.25,21940356
2025-02-13,45.68000030517578,47.25,45.5,46.5099983215332,9159640
2025-02-14,45.939998626708984,47.900001525878906,45.70000076293945,46.150001525878906,15290520
2025-02-17,45.650001525878906,46.25,44.45000076293945,45.900001525878906,7645374
2025-02-18,46.88999938964844,47.11000061035156,45.349998474121094,46.0,7420340
2025-02-19,47.13999938964844,47.599998474121094,46.349998474121094,47.150001525878906,10081529
2025-02-20,49.5099983215332,50.900001525878906,48.5,49.400001525878906,53404357
2025-02-21,46.939998626708984,50.0,46.70000076293945,50.0,13258231
2025-02-24,49.040000915527344,49.599998474121094,46.11000061035156,47.0,13911011
2025-02-25,51.130001068115234,51.54999923706055,49.40999984741211,50.400001525878906,33825226
2025-02-26,51.709999084472656,52.70000076293945,51.02000045776367,51.5,20527070
2025-02-27,51.22999954223633,52.29999923706055,51.099998474121094,51.81999969482422,6668546
2025-02-28,53.15999984741211,53.4900016784668,50.45000076293945,51.470001220703125,16566639
2025-03-03,52.86000061035156,53.95000076293945,52.68000030517578,53.5,6307589
2025-03-04,52.86000061035156,53.189998626708984,51.900001525878906,53.0,4677650
2025-03-05,53.189998626708984,53.790000915527344,52.650001525878906,52.91999816894531,8046475
2025-03-06,54.5099983215332,55.25,53.40999984741211,53.40999984741211,19463600
2025-03-07,56.630001068115234,56.900001525878906,54.470001220703125,54.9900016784668,22469287
2025-03-10,56.029998779296875,58.7400016784668,54.5099983215332,56.79999923706055,19750525
2025-03-11,55.029998779296875,55.75,53.70000076293945,54.04999923706055,12034376
2025-03-12,56.41999816894531,57.59000015258789,55.0,55.0,10635015
2025-03-13,58.029998779296875,58.2400016784668,56.400001525878906,57.0,16104740
2025-03-14,58.810001373291016,59.38999938964844,57.40999984741211,58.400001525878906,18454533
2025-03-17,59.16999816894531,60.099998474121094,58.400001525878906,58.400001525878906,12077230
2025-03-18,59.16999816894531,60.20000076293945,58.84000015258789,59.150001525878906,8395910
2025-03-19,60.369998931884766,60.849998474121094,58.75,58.75,13702492
2025-03-20,59.25,61.38999938964844,58.599998474121094,60.529998779296875,13021268
2025-03-21,59.400001525878906,59.900001525878906,59.029998779296875,59.70000076293945,3979369
2025-03-24,58.86000061035156,60.29999923706055,58.29999923706055,59.349998474121094,6793965
2025-03-25,58.45000076293945,59.189998626708984,57.599998474121094,58.86000061035156,4054605
2025-03-26,59.5,60.0099983215332,58.939998626708984,58.939998626708984,6249424
2025-03-27,59.65999984741211,60.900001525878906,59.099998474121094,59.5099983215332,11305147
2025-03-28,59.65999984741211,59.65999984741211,59.65999984741211,59.65999984741211,0
2025-03-31,59.65999984741211,59.65999984741211,59.65999984741211,59.65999984741211,0
2025-04-03,62.02000045776367,62.900001525878906,58.599998474121094,59.310001373291016,12836849
2025-04-04,61.79999923706055,63.810001373291016,61.45000076293945,62.900001525878906,13284108
2025-04-07,59.43000030517578,60.599998474121094,55.619998931884766,60.11000061035156,33262071
2025-04-08,60.790000915527344,61.70000076293945,60.0099983215332,60.900001525878906,11111096
2025-04-09,60.880001068115234,61.599998474121094,59.25,60.0099983215332,16883029
2025-04-10,62.2599983215332,64.75,61.79999923706055,63.5,21075820
2025-04-11,62.400001525878906,63.0,61.0,61.88999938964844,7689548
2025-04-14,62.33000183105469,63.650001525878906,61.560001373291016,63.04999923706055,8622497
2025-04-15,61.900001525878906,62.900001525878906,61.61000061035156,62.5,5047320
2025-04-16,60.7599983215332,62.869998931884766,60.400001525878906,61.90999984741211,6963882
2025-04-17,64.56999969482422,65.5,60.369998931884766,60.79999923706055,23794610
2025-04-18,65.51000213623047,67.0,65.19999694824219,65.5999984741211,12813509
2025-04-21,69.44000244140625,71.5,64.41999816894531,65.94000244140625,25090099
2025-04-22,67.30000305175781,71.11000061035156,66.9000015258789,69.51000213623047,19746017
2025-04-23,66.29000091552734,69.19999694824219,65.8499984741211,68.48999786376953,21856530
2025-04-24,64.79000091552734,66.0,63.0,64.9000015258789,9421281
2025-04-25,67.45999908447266,67.98999786376953,63.79999923706055,64.80000305175781,11794891
2025-04-28,66.47000122070312,70.38999938964844,65.22000122070312,67.5,14648408
2025-04-29,68.91999816894531,69.69000244140625,66.19999694824219,66.5999984741211,13415249
2025-04-30,67.05000305175781,69.0,65.51000213623047,68.9000015258789,15370507
2025-05-02,69.44000244140625,71.1500015258789,68.02999877929688,69.5999984741211,13169594
2025-05-05,71.5999984741211,72.79000091552734,67.44999694824219,70.0,23586230
2025-05-06,70.19999694824219,73.12999725341797,69.98999786376953,72.0,15288695
2025-05-07,67.08999633789062,71.01000213623047,65.55000305175781,66.0,13073334
2025-05-08,60.869998931884766,69.87000274658203,60.380001068115234,68.6500015258789,19535579
2025-05-09,63.31999969482422,65.0,59.900001525878906,61.060001373291016,13544491
2025-05-12,69.6500015258789,69.6500015258789,69.6500015258789,69.6500015258789,1705893
2025-05-13,75.91999816894531,76.62000274658203,72.1500015258789,72.9000015258789,41052877
2025-05-14,75.30999755859375,77.5,74.80000305175781,75.91999816894531,13457427
2025-05-15,76.36000061035156,77.69999694824219,75.0,75.30999755859375,11528406
2025-05-16,74.77999877929688,76.37999725341797,74.5,76.25,4428001
2025-05-19,73.79000091552734,75.4000015258789,73.44999694824219,74.66999816894531,4157357
2025-05-20,74.87999725341797,75.94999694824219,73.48999786376953,73.9800033569336,7592783
2025-05-21,76.30999755859375,77.0,74.55000305175781,75.01000213623047,8047779
2025-05-22,74.37999725341797,77.19999694824219,74.0199966430664,76.30000305175781,7086047
2025-05-23,74.55999755859375,74.88999938964844,73.75,74.37999725341797,2594076
2025-05-26,74.4000015258789,75.19999694824219,73.98999786376953,74.5999984741211,3119798
2025-05-27,75.66000366210938,76.69999694824219,74.01000213623047,74.5,8938381
2025-05-28,75.66000366210938,75.66000366210938,75.66000366210938,75.66000366210938,0
2025-05-29,78.23999786376953,78.73999786376953,75.01000213623047,75.66000366210938,13662263
2025-05-30,77.83000183105469,79.19999694824219,77.4000015258789,78.75,5099419
2025-06-02,74.7699966430664,77.72000122070312,74.3499984741211,77.72000122070312,10080299
2025-06-03,76.87000274658203,77.69999694824219,73.80000305175781,74.98999786376953,10931044
2025-06-04,78.12000274658203,78.4000015258789,76.51000213623047,77.0199966430664,7447046
2025-06-05,77.43000030517578,78.69999694824219,76.80000305175781,78.69999694824219,6113981
2025-06-06,77.43000030517578,77.43000030517578,77.43000030517578,77.43000030517578,0
2025-06-09,77.43000030517578,77.43000030517578,77.43000030517578,77.43000030517578,0
2025-06-10,77.29000091552734,78.30000305175781,76.62000274658203,77.77999877929688,3201681
2025-06-11,83.01000213623047,83.75,78.30000305175781,79.26000213623047,23693667
2025-06-12,83.75,91.30999755859375,83.0,83.01000213623047,40260789
2025-06-13,82.83999633789062,84.0999984741211,80.0,82.4800033569336,21044118
2025-06-16,82.83999633789062,82.83999633789062,82.83999633789062,82.83999633789062,0
2025-06-17,82.54000091552734,87.0,81.4000015258789,83.44999694824219,19191850
2025-06-18,81.76000213623047,83.69999694824219,81.25,83.5199966430664,5468866
2025-06-19,79.44000244140625,83.44999694824219,78.5,82.0,5915219
2025-06-20,81.3499984741211,81.69999694824219,79.0,80.0,7309554
2025-06-23,76.33000183105469,81.0,74.9000015258789,80.0,14036410
2025-06-24,83.95999908447266,83.95999908447266,82.01000213623047,83.0,15534495
2025-06-25,84.5199966430664,85.75,84.0,84.7699966430664,11139830
2025-06-26,83.30999755859375,85.0999984741211,82.80000305175781,85.0,5237439
2025-06-27,85.45999908447266,86.47000122070312,83.41000366210938,83.48999786376953,12886153
2025-06-30,84.27999877929688,86.19999694824219,83.9000015258789,85.55000305175781,4958160
2025-07-01,83.44999694824219,85.0,82.5,84.52999877929688,11369739
2025-07-02,83.61000061035156,84.5,83.0,84.0,6782834
2025-07-03,83.45999908447266,84.25,83.0,83.62000274658203,3266319
2025-07-04,82.66000366210938,83.9800033569336,82.0,83.9800033569336,3515802
2025-07-07,84.62999725341797,85.16999816894531,81.9000015258789,83.01000213623047,12693209
2025-07-08,85.25,86.9000015258789,83.11000061035156,85.33999633789062,15130701
2025-07-09,84.93000030517578,85.5,84.01000213623047,85.44000244140625,3117366
2025-07-10,84.06999969482422,85.5,83.69999694824219,85.5,3784454
2025-07-11,84.7300033569336,87.8499984741211,84.01000213623047,84.51000213623047,13747900
2025-07-14,84.83000183105469,86.19999694824219,84.5999984741211,85.0999984741211,2858626
2025-07-15,84.4800033569336,85.37000274658203,82.79000091552734,84.5,3859934
2025-07-16,84.87000274658203,85.1500015258789,83.9000015258789,84.01000213623047,3334011
2025-07-17,85.44000244140625,86.30000305175781,84.69999694824219,85.0,4451577
2025-07-18,84.0199966430664,85.98999786376953,83.0,85.43000030517578,4598030
2025-07-21,83.19000244140625,84.80000305175781,83.02999877929688,84.80000305175781,1874506
2025-07-22,83.56999969482422,84.55000305175781,83.19000244140625,83.19999694824219,4404946
2025-07-23,82.72000122070312,84.19999694824219,82.44999694824219,84.16000366210938,3017793
2025-07-24,82.51000213623047,83.5,82.0999984741211,83.38999938964844,1958654
2025-07-25,81.54000091552734,83.0,81.30000305175781,82.87999725341797,3166984
2025-07-28,83.30000305175781,84.01000213623047,81.5999984741211,82.4800033569336,5729101
2025-07-29,81.75,83.88999938964844,81.01000213623047,83.6500015258789,3562736
2025-07-30,79.62000274658203,83.0,78.11000061035156,82.26000213623047,14501544
2025-07-31,81.3499984741211,81.97000122070312,79.0,80.0,4855419
2025-08-01,82.70999908447266,84.05000305175781,81.11000061035156,81.76000213623047,7083559
2025-08-04,84.9800033569336,85.54000091552734,83.2300033569336,83.88999938964844,12138161
2025-08-05,84.41000366210938,86.75,84.19999694824219,85.25,9577738
2025-08-06,85.08000183105469,85.9000015258789,84.19999694824219,84.44999694824219,5518269
2025-08-07,83.30000305175781,85.75,82.20999908447266,85.51000213623047,6886062
2025-08-08,83.19000244140625,84.0,82.05999755859375,83.55000305175781,3883865
2025-08-11,84.58000183105469,85.0,82.0,83.75,4068468
2025-08-12,85.66000366210938,86.5,84.0999984741211,84.6500015258789,8204992
2025-08-13,85.9800033569336,87.5,85.0999984741211,85.87999725341797,10464915
2025-08-15,85.94999694824219,87.23999786376953,85.51000213623047,86.5,2468596
2025-08-18,89.55000305175781,90.08000183105469,85.75,85.75,14553824
2025-08-19,92.48999786376953,95.44999694824219,89.75,89.98999786376953,20615863
2025-08-20,93.04000091552734,94.9000015258789,91.4000015258789,92.94999694824219,5585020
2025-08-21,93.77999877929688,96.5,91.5,93.94000244140625,14950735
2025-08-22,95.31999969482422,97.79000091552734,93.5999984741211,94.23999786376953,8317198
2025-08-25,94.63999938964844,96.0,94.44999694824219,96.0,1777164
2025-08-26,96.19999694824219,98.0,94.63999938964844,95.30999755859375,6671215
2025-08-27,94.1500015258789,96.94000244140625,93.83999633789062,96.94000244140625,4478123
2025-08-28,95.86000061035156,96.25,93.13999938964844,94.87999725341797,3784353
2025-08-29,102.68000030517578,105.0999984741211,96.05000305175781,96.26000213623047,19323994
2025-09-01,104.83000183105469,106.73999786376953,100.4000015258789,103.0,12381084
2025-09-02,103.7699966430664,105.75,103.19999694824219,104.80000305175781,5074570
2025-09-03,103.80000305175781,105.94000244140625,103.25,103.86000061035156,5694921
2025-09-04,105.9800033569336,107.80000305175781,104.0,104.73999786376953,10161321
2025-09-05,109.33000183105469,110.98999786376953,105.69999694824219,105.9800033569336,14764166
2025-09-08,109.12999725341797,114.5,107.0999984741211,110.51000213623047,12992430
2025-09-09,107.05999755859375,109.23999786376953,105.83000183105469,108.98999786376953,6032009
2025-09-10,106.83999633789062,108.4800033569336,105.98999786376953,107.0,7107537
2025-09-11,106.23999786376953,108.75,106.0,106.94999694824219,3829794
2025-09-12,102.3499984741211,106.9800033569336,101.01000213623047,106.23999786376953,8399946
2025-09-15,105.5,106.19999694824219,102.0,102.5,4869255
2025-09-16,106.12999725341797,107.5999984741211,105.73999786376953,105.9800033569336,4746783
2025-09-17,107.1500015258789,107.98999786376953,105.0999984741211,106.72000122070312,5729029
2025-09-18,108.12999725341797,109.75,107.5,108.47000122070312,5677606
2025-09-19,107.52999877929688,108.69000244140625,103.01000213623047,108.0,3522156
2025-09-22,105.94000244140625,109.5999984741211,105.0,107.5,3466660
2025-09-23,105.94000244140625,105.94000244140625,105.94000244140625,105.94000244140625,0
2025-09-24,107.4800033569336,108.94999694824219,107.0,107.5,3037327
2025-09-25,107.4800033569336,108.48999786376953,107.1500015258789,107.91999816894531,2145227
2025-09-26,110.7699966430664,113.5,107.55000305175781,107.55000305175781,14195919
2025-09-29,108.77999877929688,111.30000305175781,107.98999786376953,111.0,3900367
2025-09-30,109.61000061035156,111.51000213623047,107.7699966430664,108.77999877929688,9749794
2025-10-01,108.58999633789062,110.30000305175781,107.0199966430664,110.0999984741211,4744326
2025-10-02,107.97000122070312,109.4000015258789,107.69999694824219,108.97000122070312,2510511
2025-10-03,108.91000366210938,112.0,108.0999984741211,108.55999755859375,6723576
2025-10-06,107.3499984741211,108.9000015258789,106.25,108.9000015258789,3045097
2025-10-07,107.3499984741211,107.3499984741211,107.3499984741211,107.3499984741211,0
2025-10-08,104.13999938964844,106.5999984741211,104.0,105.5,2215884
2025-10-09,102.0999984741211,105.83999633789062,100.5,104.0999984741211,3419709
2025-10-10,105.0,106.79000091552734,99.5,102.0,5221281
2025-10-13,100.47000122070312,104.69999694824219,98.5999984741211,102.11000061035156,11175634
2025-10-14,105.56999969482422,106.0,102.38999938964844,104.30000305175781,5605124
2025-10-15,102.47000122070312,107.48999786376953,102.01000213623047,107.48999786376953,5098090
2025-10-16,102.54000091552734,104.87000274658203,102.05000305175781,103.4800033569336,7301562
2025-10-17,100.95999908447266,103.9000015258789,100.0,102.69999694824219,5954788
2025-10-20,101.4000015258789,102.37999725341797,100.01000213623047,102.0,3162526
2025-10-21,101.37999725341797,102.55000305175781,101.01000213623047,101.4000015258789,3080039
2025-10-22,101.0999984741211,102.69999694824219,100.5,102.0999984741211,2395660
2025-10-23,98.83999633789062,101.5999984741211,97.5199966430664,101.5999984741211,2909047
2025-10-24,97.5,99.80000305175781,96.91999816894531,99.19999694824219,2144532
2025-10-27,97.83999633789062,98.98999786376953,95.0999984741211,97.5,1837866
2025-10-28,94.12999725341797,98.9800033569336,93.0,97.0,2942175
2025-10-29,92.29000091552734,95.4000015258789,92.0,94.12999725341797,2028851
2025-10-30,92.1500015258789,93.80000305175781,90.55000305175781,92.9800033569336,3996884
2025-10-31,95.88999938964844,96.5,93.01000213623047,93.19999694824219,3258567
2025-11-03,97.01000213623047,98.0,95.9800033569336,96.5999984741211,2120136
2025-11-04,95.3499984741211,97.5,94.9000015258789,97.19999694824219,2172659
2025-11-05,94.37000274658203,96.0,92.25,95.3499984741211,4525576
2025-11-06,91.83000183105469,95.9000015258789,90.5,95.9000015258789,3126303
2025-11-07,91.29000091552734,93.38999938964844,91.01000213623047,91.98999786376953,3190763
2025-11-10,94.44999694824219,96.4800033569336,91.01000213623047,92.5,5872627
2025-11-11,90.37999725341797,95.47000122070312,89.75,95.47000122070312,5808627
2025-11-12,90.13999938964844,92.48999786376953,89.75,90.81999969482422,3410337
2025-11-13,99.1500015258789,99.1500015258789,92.9000015258789,92.9000015258789,22759448
2025-11-14,105.79000091552734,108.0,103.30000305175781,105.0,27755407
2025-11-17,102.58999633789062,105.9000015258789,101.81999969482422,105.47000122070312,14287409
2025-11-18,101.13999938964844,105.88999938964844,99.19999694824219,102.98999786376953,20223601
2025-11-19,104.45999908447266,108.38999938964844,100.62999725341797,102.87999725341797,25418565
2025-11-20,105.72000122070312,107.05000305175781,103.83000183105469,105.4800033569336,9700956
2025-11-21,102.77999877929688,106.0,102.0,105.0999984741211,4796688
2025-11-24,104.66999816894531,105.18000030517578,102.0,102.9000015258789,5800345
2025-11-25,103.05999755859375,105.25,102.5999984741211,104.66999816894531,3213506
2025-11-26,102.48999786376953,103.5,99.5,103.0999984741211,7524515
2025-11-27,104.5999984741211,105.0,102.5,102.5,4707541
2025-11-28,105.4000015258789,106.0,104.11000061035156,104.9000015258789,7799344
2025-12-01,105.30000305175781,106.5,103.5999984741211,105.0,7568979
2025-12-02,105.38999938964844,107.97000122070312,104.12000274658203,105.9000015258789,9519361
2025-12-03,104.12000274658203,106.25,103.9000015258789,106.0,4056334
2025-12-04,104.81999969482422,105.9000015258789,103.81999969482422,104.94000244140625,5761447
2025-12-05,105.11000061035156,107.23999786376953,104.61000061035156,106.0,8064109
2025-12-08,105.9800033569336,106.88999938964844,104.80000305175781,105.11000061035156,5457026
2025-12-09,110.93000030517578,111.9800033569336,106.26000213623047,106.5,26095718
2025-12-10,122.0199966430664,122.0199966430664,111.0,111.0,22694037
2025-12-11,119.52999877929688,126.3499984741211,118.61000061035156,123.5999984741211,22621137
2025-12-12,123.33999633789062,124.25,118.0,119.80000305175781,10495201
2025-12-15,130.3800048828125,132.99000549316406,123.0,124.0,22034043
2025-12-16,126.4000015258789,132.89999389648438,125.5,132.89999389648438,12590798
2025-12-17,127.12999725341797,130.5,126.06999969482422,126.38999938964844,8788354
2025-12-18,123.93000030517578,129.94000244140625,123.0,128.33999633789062,12515509
2025-12-19,118.9800033569336,125.47000122070312,117.5,125.0,11761471
2025-12-22,119.30999755859375,122.54000091552734,117.0,118.69999694824219,12631515
2025-12-23,117.91000366210938,120.75,117.0,119.5,4149040
2025-12-24,117.26000213623047,119.25,116.94999694824219,118.66000366210938,2644654
2025-12-26,121.94000244140625,125.0,117.0,117.86000061035156,11104545
2025-12-29,121.48999786376953,125.0,120.5,123.0,4432371
2025-12-30,119.4800033569336,122.29000091552734,118.9000015258789,121.48999786376953,3932226
2025-12-31,117.43000030517578,121.5,115.0,121.0,12221022
2026-01-01,117.43000030517578,117.43000030517578,117.43000030517578,117.43000030517578,0
2026-01-02,116.76000213623047,119.4000015258789,116.30000305175781,118.54000091552734,5760092
2026-01-05,116.8499984741211,120.80000305175781,116.3499984741211,116.76000213623047,12370813
2026-01-06,118.76000213623047,120.01000213623047,116.30000305175781,117.25,10007002
2026-01-07,120.88999938964844,122.25,118.76000213623047,118.76000213623047,10874404
2026-01-08,119.69000244140625,122.94999694824219,118.5999984741211,121.44000244140625,7927503
2026-01-09,117.98999786376953,120.19999694824219,117.0,120.19999694824219,5443365
2026-01-12,117.29000091552734,120.0,116.6500015258789,117.98999786376953,6048415
2026-01-13,117.79000091552734,118.69999694824219,116.55000305175781,117.31999969482422,7908210
2026-01-14,116.94000244140625,119.7300033569336,116.66000366210938,118.0999984741211,7421312
2026-01-15,115.06999969482422,118.0,114.19999694824219,117.48999786376953,5799356
2026-01-16,115.93000030517578,117.9000015258789,115.5,115.61000061035156,5383244
2026-01-19,118.94999694824219,119.44999694824219,116.26000213623047,116.4000015258789,6893560
2026-01-20,122.4800033569336,123.25,118.25,119.4000015258789,18462082
2026-01-21,120.5999984741211,123.80000305175781,120.0,122.9000015258789,8151363
2026-01-22,122.18000030517578,123.5,120.0,120.87000274658203,8929196
2026-01-23,120.30000305175781,122.4000015258789,120.0,122.30000305175781,4011367
2026-01-26,121.52999877929688,122.9000015258789,120.4000015258789,120.4000015258789,8462736
2026-01-27,117.68000030517578,119.94000244140625,117.0,119.94000244140625,6299536
2026-01-28,117.05999755859375,119.1500015258789,116.69999694824219,117.69999694824219,4971525
2026-01-29,113.5199966430664,117.75,112.11000061035156,117.0,6444326
2026-01-30,115.19000244140625,119.0,113.62000274658203,114.0,4509070
2026-02-02,115.01000213623047,116.5,114.5,115.19999694824219,2618372
2026-02-03,114.5199966430664,115.98999786376953,114.0,115.01000213623047,3497756
2026-02-04,114.38999938964844,116.0,114.05000305175781,114.5199966430664,2128518
2026-02-06,112.36000061035156,114.69999694824219,111.0999984741211,114.38999938964844,3155523
2026-02-09,109.8499984741211,113.5,108.98999786376953,113.0,3508467
2026-02-10,109.1500015258789,110.5999984741211,108.05999755859375,109.8499984741211,1613819
2026-02-11,112.9000015258789,113.80000305175781,108.98999786376953,109.94999694824219,4049647
2026-02-12,111.31999969482422,114.58999633789062,109.0,113.5999984741211,4478272
2026-02-13,112.87000274658203,113.80000305175781,109.5199966430664,110.0,2824279
2026-02-16,106.25,113.44000244140625,104.55000305175781,113.44000244140625,5372281
2026-02-17,105.19999694824219,108.30000305175781,103.5,106.0,4733246
2026-02-18,108.26000213623047,109.0999984741211,103.80999755859375,106.3499984741211,4867844
2026-02-19,100.44000244140625,108.94999694824219,97.70999908447266,108.94999694824219,4905983
2026-02-20,108.43000030517578,110.0,97.02999877929688,102.87000274658203,5336405
2026-02-23,101.81999969482422,109.5,100.5,108.5,3895329
2026-02-24,96.20999908447266,103.75,94.88999938964844,101.81999969482422,14096419
2026-02-25,93.29000091552734,98.0,92.5,97.0,9283892
2026-02-26,96.66999816894531,98.0,90.0,93.29000091552734,12610870
2026-02-27,95.0,97.4000015258789,93.0,96.37000274658203,5956379
2026-03-02,85.5,88.5,85.5,85.5,14033928
2026-03-03,84.54000091552734,86.5,79.0,79.0,18735179
2026-03-04,84.05999755859375,86.30000305175781,81.0999984741211,83.01000213623047,11666790
2026-03-05,86.2699966430664,87.0999984741211,83.01000213623047,84.0999984741211,10829560
2026-03-06,84.26000213623047,86.0,82.80000305175781,86.0,11055952
2026-03-09,75.83000183105469,77.55000305175781,75.83000183105469,77.55000305175781,2284792
2026-03-10,80.61000061035156,83.41000366210938,79.0,83.41000366210938,11429715
2026-03-11,80.56999969482422,83.5,79.55000305175781,82.01000213623047,9133915
2026-03-12,77.66999816894531,78.98999786376953,77.0,78.98999786376953,6208356
2026-03-13,78.98999786376953,79.5999984741211,76.52999877929688,77.0,4685506
2026-03-16,78.62999725341797,81.80000305175781,77.20999908447266,79.19999694824219,8195712
2026-03-17,79.77999877929688,81.19999694824219,78.8499984741211,79.0,3582631
2026-03-18,83.22000122070312,84.30999755859375,79.30000305175781,80.9000015258789,7973035
2026-03-19,82.0,82.5,79.4000015258789,81.98999786376953,6061434
2026-03-20,82.0,82.0,82.0,82.0,0
2026-03-23,82.0,82.0,82.0,82.0,0
2026-03-24,81.56999969482422,86.5,81.0199966430664,85.0,6718854
2026-03-25,85.8499984741211,86.55000305175781,82.0,82.38999938964844,12853017
2026-03-26,80.6500015258789,84.9800033569336,80.08000183105469,84.0999984741211,6267655
2026-03-27,79.02999877929688,81.5,78.5,80.6500015258789,3830577
2026-03-30,72.87000274658203,79.80000305175781,71.52999877929688,79.80000305175781,9488003
2026-03-31,73.52999877929688,75.37000274658203,73.0,73.0199966430664,6044143
2026-04-01,78.56999969482422,80.87999725341797,75.30000305175781,75.30000305175781,20481330
2026-04-02,75.36000061035156,75.63999938964844,73.0,74.98999786376953,5239081
2026-04-03,73.19999694824219,74.23999786376953,71.0,71.5,4053201
2026-04-06,74.94999694824219,76.33000183105469,71.0,73.20999908447266,8451521
2026-04-07,75.62000274658203,76.08000183105469,72.8499984741211,74.43000030517578,4375283
2026-04-08,83.18000030517578,83.18000030517578,83.18000030517578,83.18000030517578,2332507
2026-04-09,87.6500015258789,89.5999984741211,79.25,83.55000305175781,28894168
2026-04-10,92.5199966430664,94.58999633789062,88.19999694824219,88.19999694824219,24901822
2026-04-13,86.86000061035156,90.48999786376953,85.37999725341797,88.0,11934463
2026-04-14,93.80000305175781,94.38999938964844,88.5,90.0,20991076
2026-04-15,95.22000122070312,100.80000305175781,94.5,97.0,20002955
2026-04-16,94.16999816894531,97.55999755859375,93.0,96.9800033569336,12855328
2026-04-17,95.87000274658203,96.4000015258789,94.01000213623047,95.25,10916161
2026-04-20,93.30000305175781,95.87000274658203,89.11000061035156,94.0,11639947
2026-04-21,92.04000091552734,94.9000015258789,91.19999694824219,94.0,7119071
2026-04-22,88.88999938964844,90.47000122070312,87.5999984741211,90.01000213623047,9543226
2026-04-23,86.5199966430664,88.0,85.62999725341797,88.0,4308587
2026-04-24,87.56999969482422,88.79000091552734,82.66000366210938,85.0199966430664,8785204
2026-04-27,83.87000274658203,87.75,83.06999969482422,86.55000305175781,5179018
2026-04-28,83.87000274658203,83.87000274658203,83.87000274658203,83.87000274658203,0
2026-04-29,83.87000274658203,83.87000274658203,83.87000274658203,83.87000274658203,0
2026-04-30,79.61000061035156,80.88999938964844,74.75,79.25,12843176
2026-05-04,77.87000274658203,83.38999938964844,76.5,81.9800033569336,12828416
2026-05-05,78.88999938964844,79.2699966430664,76.0,76.0,5108883
2026-05-06,86.66000366210938,86.77999877929688,81.0,81.48999786376953,21597885
2026-05-07,89.62000274658203,92.0999984741211,85.30000305175781,87.3499984741211,36500653
2026-05-08,88.95999908447266,91.47000122070312,87.0,88.0,19499165
2026-05-11,87.2699966430664,88.30000305175781,86.0,87.0,5950591
2026-05-12,83.88999938964844,88.29000091552734,83.5,87.12000274658203,7735072
2026-05-13,84.30999755859375,85.36000061035156,83.5,83.8499984741211,5042838
2026-05-14,83.79000091552734,85.75,83.19999694824219,84.5,7445291
2026-05-15,83.91000366210938,84.44000244140625,82.05999755859375,83.38999938964844,7479551
2026-05-18,82.44000244140625,83.80000305175781,80.80999755859375,83.80000305175781,6897296
2026-05-19,81.95999908447266,84.38999938964844,81.6500015258789,83.4000015258789,4836220
2026-05-20,83.55999755859375,83.98999786376953,80.61000061035156,82.4000015258789,8917688
2026-05-21,85.54000091552734,86.98999786376953,85.0999984741211,85.61000061035156,11257708
2026-05-22,84.36000061035156,86.48999786376953,84.0999984741211,86.25,4130482
2026-05-25,89.37999725341797,89.88999938964844,87.19999694824219,88.47000122070312,17487229
2026-05-26,89.37999725341797,89.37999725341797,89.37999725341797,89.37999725341797,0
2026-05-27,89.37999725341797,89.37999725341797,89.37999725341797,89.37999725341797,0
2026-05-28,89.37999725341797,89.37999725341797,89.37999725341797,89.37999725341797,0
2026-05-29,91.55999755859375,93.0,90.20999908447266,90.26000213623047,19021707
2026-06-01,88.0199966430664,91.23999786376953,87.77999877929688,90.61000061035156,9840463
2026-06-02,87.87999725341797,90.1500015258789,87.30000305175781,88.9000015258789,11262863
2026-06-03,87.87999725341797,87.87999725341797,87.87999725341797,87.87999725341797,0
2026-06-04,88.05000305175781,89.0,86.75,87.16000366210938,19271458
2026-06-05,87.4000015258789,89.5999984741211,87.05000305175781,88.9000015258789,14973631
2026-06-08,85.3499984741211,86.13999938964844,84.23999786376953,86.0,10327926
2026-06-09,86.01000213623047,87.12000274658203,85.7699966430664,86.9000015258789,14574799
2026-06-10,85.5999984741211,87.25,85.1500015258789,85.51000213623047,15465699
2026-06-11,86.51000213623047,86.98999786376953,84.51000213623047,84.9000015258789,35476080
2026-06-12,90.5199966430664,91.9000015258789,88.01000213623047,88.11000061035156,35896472
2026-06-15,98.12999725341797,98.58999633789062,95.0,98.44999694824219,45547716
2026-06-16,97.66999816894531,99.83000183105469,97.4000015258789,99.0,28293781
2026-06-17,98.75,99.5,96.6500015258789,98.4000015258789,22843442
2026-06-18,102.47000122070312,103.19000244140625,100.01000213623047,100.01000213623047,32650385
2026-06-19,100.5199966430664,104.0,98.30000305175781,103.4000015258789,23842938
2026-06-22,100.76000213623047,102.25,100.19999694824219,101.88999938964844,8546058
2026-06-23,103.30000305175781,104.30000305175781,100.44999694824219,101.0,19003792
2026-06-24,107.1500015258789,107.55000305175781,104.01000213623047,104.05000305175781,27194838
2026-06-25,107.1500015258789,107.1500015258789,107.1500015258789,107.1500015258789,0
2026-06-26,107.1500015258789,107.1500015258789,107.1500015258789,107.1500015258789,0
2026-06-29,106.51000213623047,108.75,106.0,107.0,20938723
2026-06-30,106.91000366210938,107.75,106.11000061035156,107.0,10339995
2026-07-01,107.43000030517578,107.88999938964844,105.80000305175781,107.4800033569336,20049681
2026-07-02,108.29000091552734,110.19999694824219,108.01000213623047,109.05000305175781,20406901
2026-07-03,107.16999816894531,108.30000305175781,106.75,107.19000244140625,7981696
2026-07-06,109.51000213623047,109.88999938964844,107.5,107.5,19843892
2026-07-07,107.05999755859375,109.8499984741211,106.76000213623047,109.5999984741211,10774566
2026-07-08,102.16999816894531,105.73999786376953,98.55000305175781,105.0,32660508
2026-07-09,102.7699966430664,103.5999984741211,100.61000061035156,101.0,10892169
2026-07-10,104.23999786376953,106.04000091552734,103.5,103.5,11460361
2026-07-13,100.94000244140625,102.48999786376953,100.5,101.01000213623047,12914927
2026-07-14,93.31999969482422,98.9000015258789,93.0,98.51000213623047,27034381
2026-07-15,95.66999816894531,96.05000305175781,93.75,93.75,10777520
2026-07-16,98.16000366210938,98.69999694824219,96.05000305175781,96.9000015258789,14612486
2026-07-17,95.5,98.69999694824219,95.0,98.4000015258789,7493009
2026-07-20,96.36000061035156,96.88999938964844,92.55000305175781,93.5,13521739
2026-07-21,94.36000061035156,97.69999694824219,94.01000213623047,97.25,13714389
2026-07-22,92.16000366210938,94.19999694824219,91.48999786376953,93.94000244140625,13943190
2026-07-23,88.81999969482422,92.5,88.19999694824219,92.0,12819857
2026-07-24,88.16999816894531,90.73999786376953,86.55000305175781,87.55000305175781,13125605
2026-07-27,96.55999755859375,96.98999786376953,92.69999694824219,93.7300033569336,25438242
2026-07-28,96.91000366210938,99.01000213623047,96.1500015258789,98.0,24346490
2026-07-29,95.66999816894531,96.29000091552734,93.25,94.0,18349587
2026-07-30,95.58999633789062,96.19999694824219,93.55000305175781,94.5,14869171
2026-07-31,94.87000274658203,98.1500015258789,94.5,96.75,12857399
2026-08-03,97.44999694824219,99.43000030517578,96.76000213623047,99.0,16769843
2026-08-04,95.93000030517578,97.0,95.62000274658203,97.0,4827260
2026-08-05,97.94000244140625,99.19000244140625,97.19999694824219,98.98999786376953,13720705
2026-08-06,103.08999633789062,103.51000213623047,98.05999755859375,98.94999694824219,30408553
2026-08-07,102.06999969482422,102.5999984741211,100.95999908447266,102.0,12492335
2026-08-10,102.9800033569336,105.1500015258789,102.5,103.0,24143152
2026-08-11,100.6500015258789,101.98999786376953,100.0,101.98999786376953,9302551
2026-08-12,102.75,103.47000122070312,100.05999755859375,100.6500015258789,14568596
2026-08-13,101.93000030517578,103.44999694824219,101.69999694824219,103.05999755859375,8524664
2026-08-14,101.93000030517578,101.93000030517578,101.93000030517578,101.93000030517578,0
2026-08-17,101.87000274658203,102.75,101.75,102.01000213623047,6448946
2026-08-18,101.87000274658203,101.87000274658203,101.87000274658203,101.87000274658203,0
2026-08-19,98.12999725341797,99.69999694824219,97.30999755859375,98.52999877929688,7687663
2026-08-20,99.41000366210938,101.73999786376953,98.75,101.44999694824219,12544462
2026-08-21,97.9000015258789,98.26000213623047,95.51000213623047,97.0999984741211,6353458
2026-08-24,101.69999694824219,102.0999984741211,98.80000305175781,98.98999786376953,14664556
2026-08-25,103.41999816894531,103.88999938964844,100.62000274658203,102.5,18871822
2026-08-26,103.41999816894531,103.41999816894531,103.41999816894531,103.41999816894531,0
2026-08-27,102.08999633789062,105.44999694824219,101.6500015258789,104.4000015258789,17095624
2026-08-28,101.43000030517578,102.80000305175781,101.05000305175781,102.30000305175781,5905918
2026-08-31,99.58000183105469,100.98999786376953,99.0999984741211,100.0,4963425
2026-09-01,99.2699966430664,100.38999938964844,98.80999755859375,99.55000305175781,3377583
2026-09-02,97.44000244140625,98.0,95.69999694824219,98.0,9894318
2026-09-03,99.05999755859375,101.69999694824219,98.05000305175781,98.05000305175781,12280702
2026-09-04,101.45999908447266,102.05000305175781,98.47000122070312,100.0,10106528
2026-09-08,98.68000030517578,99.30000305175781,96.48999786376953,98.75,6795494
2026-09-09,97.62000274658203,99.0,97.05999755859375,97.05999755859375,2382145
2026-09-10,94.08999633789062,97.62000274658203,93.5,97.30000305175781,9087463
