Date,Close,High,Low,Open,Volume
2021-09-27,267.2314147949219,268.7172625846098,263.12404875667795,266.2610952734984,119202
2021-09-28,267.2314147949219,267.2314147949219,267.2314147949219,267.2314147949219,0
2021-09-29,263.5277404785156,267.5037807073129,262.1732186377284,267.5037807073129,116944
2021-09-30,260.9839782714844,265.0694557693807,258.62752478098247,263.8583975258838,404345
2021-10-01,262.6328125,264.0967725756443,261.4217540348564,263.3234421088362,78487
2021-10-04,263.8998107910156,266.28544005447674,262.6376894306589,263.12406802997555,119202
2021-10-05,262.9562683105469,266.03496472956476,262.1707751583108,264.09678862472134,81772
2021-10-06,266.0640869140625,267.25810736484664,263.3671810762204,263.3671810762204,55085
2021-10-07,268.641845703125,270.17388088289505,265.8428141795442,265.8428141795442,161012
2021-10-08,272.59356689453125,275.28318553861857,270.1763253020854,270.1763253020854,200838
2021-10-11,271.2633972167969,272.3649919936933,269.9331753107474,272.3649919936933,93268
2021-10-12,265.7893371582031,272.36257001964236,264.6755543912318,272.36257001964236,364246
2021-10-13,261.8692321777344,267.4989342909599,261.4217791046796,266.04226150154864,563169
2021-10-14,261.5482482910156,263.85363983085574,259.23315710948265,262.6377059519408,210213
2021-10-15,265.5169372558594,267.45267549081575,260.2082637001362,260.2082637001362,74792
2021-10-18,267.5062255859375,268.7148465785787,261.4217828850474,263.36724651273255,103327
2021-10-19,267.5062255859375,267.5062255859375,267.5062255859375,267.5062255859375,0
2021-10-20,272.46466064453125,274.0672339745729,267.50372698591,269.44675256441,251475
2021-10-21,269.0119323730469,272.8619764106367,267.46772465275336,269.26380831424535,102985
2021-10-22,265.7885437011719,268.36425820226293,262.3672941621326,267.6446089504817,31420
2021-10-25,265.7885437011719,266.5261952726329,265.36577618219775,266.5261952726329,25546
2021-10-26,267.290771484375,271.3627131576056,266.1153766684213,266.5291429862879,95458
2021-10-27,268.87701416015625,271.35976912484693,267.0149740269594,269.85153983734335,25318
2021-10-28,268.5591735839844,270.4332152071271,265.69563046981,267.1648807721344,18931
2021-10-29,267.161865234375,269.85749089366226,266.86500958583633,269.85749089366226,43053
2021-11-01,272.5621337890625,274.36121775360334,265.96545779865556,269.5636518180552,52233
2021-11-02,271.4377136230469,273.16184023342225,269.8635019908537,271.3627561339557,39175
2021-11-03,265.8185729980469,271.3627661834804,259.3688369557661,269.8635119848557,224731
2021-11-04,266.8919982910156,269.2637907807127,263.8665128972587,263.8665128972587,109086
2021-11-05,266.8770446777344,269.2518379839066,265.36281455860245,266.8920466129923,63182
2021-11-08,268.14239501953125,269.5606910017954,266.8650389555208,266.9280209922969,93177
2021-11-09,268.13336181640625,268.9639471110063,266.26532109053636,266.865007064979,82000
2021-11-10,268.4062805175781,269.8335516129877,267.76458903432064,268.6341533947796,53545
2021-11-11,269.4617004394531,269.8634913501693,268.3642633565015,269.8634913501693,18931
2021-11-12,267.12890625,271.05990879182485,266.8650287456161,269.8605106551794,50067
2021-11-15,267.1678771972656,269.8635029694512,263.8665385559363,266.8350429850126,49553
2021-11-16,269.4287109375,270.46319203746367,266.8619976549722,268.3642520624075,57594
2021-11-17,267.9474792480469,269.56367019393423,266.86801835960944,269.56367019393423,204145
2021-11-18,267.470703125,269.17382683977394,266.9399478057554,268.5291611963972,138169
2021-11-19,268.05841064453125,268.9639534459752,265.6656152830575,265.6656152830575,177857
2021-11-22,267.71063232421875,268.3642992608338,265.9715036157936,265.9715036157936,334901
2021-11-23,265.8545227050781,268.3642547587916,263.86651874124664,268.18433592557534,361703
2021-11-24,265.48272705078125,268.96395841615595,265.36278985085147,266.2653322822568,818693
2021-11-25,266.94000244140625,268.35829845550376,266.2893358919392,266.8650449452509,419981
2021-11-26,267.767578125,268.3642898669977,265.8635586458557,265.866559032823,240071
2021-11-29,268.6131591796875,269.8335339372886,266.86502941200075,266.86502941200075,39004
2021-11-30,267.31781005859375,269.8335432426658,263.8665562076621,269.5636910448431,1197846
2021-12-01,268.54412841796875,269.86346352695006,266.87998369025036,267.31775310556435,475066
2021-12-02,267.6356506347656,269.8605026736026,265.3657927939117,267.7645629059341,1291821
2021-12-03,265.6026306152344,268.36423843130507,264.196336468023,266.8649844865665,315513
2021-12-06,263.0659484863281,266.2653260524967,262.36730192018155,266.26232566579466,24007
2021-12-07,263.905517578125,266.26233445552845,262.36731058133455,262.36731058133455,28340
2021-12-08,265.36578369140625,265.9654696762616,263.8965334607713,264.7660716162318,46189
2021-12-09,264.2623596191406,265.51571252452294,262.66714524455153,265.36579754306354,99563
2021-12-10,263.86651611328125,263.86651611328125,262.5172031485516,262.6671181145267,91124
2021-12-13,262.1333923339844,265.3657740321056,261.5277055977796,265.3507720991606,104867
2021-12-14,262.5052185058594,263.8635327176897,262.18738623417335,263.5667031531706,29823
2021-12-15,262.0944519042969,263.56672877465815,260.9070552598345,262.3673305820766,83654
2021-12-16,260.6221923828125,265.3658041178204,260.2683815380613,262.66715175244605,166224
2021-12-17,259.4737854003906,261.1679343819497,259.0689940514996,260.2683922532314,43851
2021-12-20,258.2414245605469,260.26840790426786,256.37338346920967,260.26840790426786,107718
2021-12-21,257.8665771484375,260.26837376837267,256.01351214598367,257.86957753527713,43965
2021-12-22,259.287841796875,259.81857102855025,257.56969005059915,257.8695460657227,131497
2021-12-23,260.5082702636719,261.46779405633794,259.4138334130654,259.4138334130654,65862
2021-12-24,259.34783935546875,261.4677823294068,259.098963779763,261.4677823294068,18589
2021-12-27,259.6266784667969,259.96851383884893,259.06897178743617,259.4287833899373,258603
2021-12-28,262.139404296875,262.36730323577603,259.66865106116506,259.66865106116506,107775
2021-12-29,256.0734558105469,262.36727503431666,246.0255270395818,262.0674190270756,78864
2021-12-30,257.72564697265625,262.3672972995844,256.3103515450759,257.86956117054245,116956
2021-12-31,258.5412292480469,261.16789816129614,256.37033211005235,257.86956008655164,137028
2022-01-03,260.6221923828125,261.2998623836655,257.8126300623436,257.8126300623436,14826
2022-01-04,263.4527587890625,263.86355089729426,260.8680689328419,260.89804671196913,39346
2022-01-05,266.7601013183594,267.5097284370924,262.99698988012534,265.3328302780458,32076
2022-01-06,265.22186279296875,269.86351353512003,265.0659470345383,265.69563693241645,83682
2022-01-07,263.9924621582031,265.66560819845864,263.5666942492863,265.66560819845864,20243
2022-01-10,266.25335693359375,267.14989867967125,263.9925000524616,263.9925000524616,30507
2022-01-11,267.161865234375,268.36426367158316,265.0989037182953,266.86500958583633,37635
2022-01-12,267.2938537597656,268.3343358716155,267.17991731587273,267.5037504144756,15539
2022-01-13,267.33880615234375,267.46474413229714,265.9654899205625,266.86503201147485,7698
2022-01-14,268.3702392578125,268.66409449209783,266.26829900255535,266.2712993889482,17107
2022-01-17,268.3582763671875,268.3642771408376,267.7645650403116,268.3642771408376,15681
2022-01-18,269.0929260253906,269.6116538192118,268.42425714761964,269.2638437287063,32361
2022-01-19,266.1124267578125,269.86351043914766,265.36880043656015,269.26382441732517,43338
2022-01-20,264.8470153808594,265.36576916742797,263.5666852210102,264.5321835173316,35212
2022-01-21,265.1349182128906,269.5636982673554,262.99699892074574,263.90554221926254,35497
2022-01-24,266.1963806152344,266.8290447910556,265.36579526997195,266.52918874038494,9123
2022-01-25,265.70465087890625,266.20537634406514,265.39579364377954,266.19640127320156,14826
2022-01-26,265.20086669921875,266.865011613108,263.98046593269294,263.98046593269294,55598
2022-01-27,264.13641357421875,266.85004163379733,263.86653530745065,265.06593339345176,37920
2022-01-28,264.1334228515625,265.04794077044,263.5667149970624,263.59669277547135,158669
2022-01-31,265.05694580078125,265.3508010863768,263.8665488141362,263.8665488141362,52034
2022-02-01,264.4152526855469,265.36577516098447,263.86652111156235,265.36577516098447,50181
2022-02-02,267.0149230957031,268.06437997517884,263.86650027664365,264.4152318073003,147121
2022-02-03,269.7405700683594,274.3612440917848,266.865025399484,268.6611352402019,96228
2022-02-04,278.9369201660156,280.3551898931881,268.067406381854,269.53365620520503,145696
2022-02-07,279.1887512207031,282.4571113206623,278.5590875104077,278.8589174332848,38633
2022-02-08,279.3656921386719,281.857448063527,275.8604577686987,279.22477832525743,277706
2022-02-09,280.8858947753906,281.8574198902998,277.35968414133225,279.3656642145096,35069
2022-02-10,283.1707763671875,283.35666988665986,278.2592478150208,281.82443766047436,312634
2022-02-11,281.5426025390625,282.15429009720924,278.8589521986499,280.4211623039667,47187
2022-02-14,279.21881103515625,281.8574818632403,278.5621437151906,281.25476932962647,36495
2022-02-15,284.9578857421875,287.85443317815975,279.49165041156766,279.5336297380357,42197
2022-02-16,288.1932067871094,289.3536258515123,285.12576812438823,285.1557458995304,76982
2022-02-17,291.5755310058594,293.2516775407088,289.35365324211006,289.35365324211006,92806
2022-02-18,289.5095520019531,292.35211831785534,288.6070096061421,292.35211831785534,25945
2022-02-21,287.2547302246094,290.8529247776817,286.9549002462614,290.8529247776817,25660
2022-02-22,293.7824401855469,296.22021562619165,284.85894956591784,284.8619499530884,641947
2022-02-23,299.3625793457031,299.8483288874539,295.3505928657569,298.3490748501155,338294
2022-02-24,295.41961669921875,298.3491162895059,292.35215148783635,297.7944099600607,199013
2022-02-25,298.11224365234375,298.3491176840719,295.35063526922147,295.80040632693294,195449
2022-02-28,299.8753356933594,302.84684058033514,296.8498760233305,299.83935714121714,172640
2022-03-01,300.4180908203125,304.04626328030497,298.34912822753085,304.04626328030497,129587
2022-03-02,300.58892822265625,301.3475302438016,299.2485904309276,300.79282404034956,61443
2022-03-03,300.18115234375,301.44650663439205,299.54846215327035,300.44800410738816,86676
2022-03-04,297.84234619140625,303.1466643515654,296.84984441019657,299.84832636937443,361389
2022-03-07,282.9186706542969,292.294919519846,273.70516142318445,291.0336605336413,181443
2022-03-08,276.09454345703125,281.10262277753657,266.86995711214615,277.4408734338398,150282
2022-03-09,278.4617004394531,279.6231110906176,273.70515994673235,275.9243782160293,77740
2022-03-10,292.7498474121094,293.6782249709754,279.99296996670205,280.36283519995607,147017
2022-03-11,295.2464599609375,298.85642050224294,287.3903846764161,287.3903846764161,47895
2022-03-14,288.42974853515625,295.8604971677482,286.6506621001365,290.3493950281527,51231
2022-03-15,290.44921875,291.08907398171857,288.4999908917846,288.4999908917846,93224
2022-03-16,289.3877258300781,291.82887393289275,288.9068822501155,289.9795209349616,62082
2022-03-17,287.5494079589844,290.34934451687116,287.39036941695116,287.39036941695116,26169
2022-03-18,288.5517883300781,290.275412321411,284.43142907999356,286.6432719537909,53844
2022-03-21,289.9609680175781,292.19499014897923,287.3903634812372,292.19499014897923,36792
2022-03-22,292.0544738769531,294.0443598980977,289.7945441560551,289.7945441560551,298073
2022-03-23,292.0544738769531,292.0544738769531,292.0544738769531,292.0544738769531,0
2022-03-24,293.4415283203125,294.417992954265,292.19874783546743,294.04810088825184,39344
2022-03-25,298.20916748046875,299.596182248681,294.04809635651213,295.52388307365374,104118
2022-03-28,311.8944396972656,314.3910771432656,295.93447610234233,298.20918366397484,464163
2022-03-29,322.93878173828125,327.3402340898784,316.2403889080408,316.2403889080408,225026
2022-03-30,320.0907897949219,326.596835125383,318.0897734703261,322.93881390072124,39969
2022-03-31,320.660400390625,323.6193491604596,318.18224157263285,318.4596606199837,86871
2022-04-01,323.81170654296875,324.3776210329922,318.0897776125399,321.7811084813778,64971
2022-04-04,319.20306396484375,325.4871787654441,299.59615805806885,316.2403875713328,72767
2022-04-05,323.6563415527344,324.69567060678816,321.4186180659569,321.6627275039358,30184
2022-04-06,323.5860595703125,326.04201193952696,321.82547851860073,323.67853258414885,19038
2022-04-07,323.70440673828125,324.7474636936253,321.4186229974856,323.5860530834439,38659
2022-04-08,325.5389709472656,327.1516165439462,323.4528839283632,323.63782994590366,101616
2022-04-11,332.7884521484375,342.131417672538,325.5389758062795,327.706432668615,166084
2022-04-12,332.7626037597656,333.65029646847853,327.70646443220886,333.62441582362794,139269
2022-04-13,337.9888610839844,343.2373482131763,329.9256595852239,329.9256595852239,111930
2022-04-14,339.1946716308594,341.72459175391094,337.32311218266545,341.72459175391094,86937
2022-04-15,337.4673767089844,340.8369025074897,336.95325033354584,340.6519564727988,66309
2022-04-18,338.54736328125,341.3916860941509,333.25449033707554,334.9189240562914,40061
2022-04-19,337.34527587890625,340.6519099187714,335.843581867128,340.27834365352294,63586
2022-04-20,337.6522521972656,339.5423167507565,335.1075549326165,335.1075549326165,49838
2022-04-21,336.3207092285156,338.41417137390005,335.84356678278897,337.31935326814687,11171
2022-04-22,334.9928894042969,339.16873770804443,334.7339757062668,337.3711729048057,8377
2022-04-25,337.2528076171875,339.54231909541494,335.1038561808656,336.9532090237651,72544
2022-04-26,337.98150634765625,339.1724719279657,334.73400842641615,335.2666401381946,63995
2022-04-27,334.48614501953125,338.37349768265545,332.8883037754568,336.58333511928095,27381
2022-04-28,342.1055603027344,345.8301738692425,325.4872098443128,332.8846488698036,278735
2022-04-29,342.1055603027344,342.1055603027344,342.1055603027344,342.1055603027344,0
2022-05-02,342.1055603027344,342.1055603027344,342.1055603027344,342.1055603027344,0
2022-05-03,342.1055603027344,342.1055603027344,342.1055603027344,342.1055603027344,0
2022-05-04,342.1055603027344,342.1055603027344,342.1055603027344,342.1055603027344,0
2022-05-05,342.1055603027344,342.1055603027344,342.1055603027344,342.1055603027344,0
2022-05-06,353.49017333984375,362.4743767522446,347.3577216730096,347.3577216730096,217518
2022-05-09,352.9168701171875,355.07692474391473,345.83013373985904,355.07692474391473,239046
2022-05-10,348.9703369140625,355.03995085664417,347.67949632165636,348.0493615355491,65993
2022-05-11,346.166748046875,355.03997359870567,341.0218370384453,350.6384941315595,196388
2022-05-12,349.5436706542969,351.1933001633617,345.0904031472379,347.67951341038,110239
2022-05-13,362.93304443359375,363.9538950483809,348.4148344003557,348.41928640755555,128551
2022-05-16,358.47235107421875,368.3923067600295,355.52520317973904,366.6169216321389,79235
2022-05-17,361.4905090332031,363.94498621090065,358.62770773668393,359.5154003481046,57279
2022-05-18,361.4372253417969,364.61960545265873,360.4030724926916,361.73459792454787,346921
2022-05-19,362.70220947265625,363.90060389688045,360.8469294824012,361.73462210274397,53917
2022-05-20,363.1860046386719,363.9538685474509,362.1784832995254,363.5055836382531,82072
2022-05-23,361.4638977050781,363.8651118514844,357.76221474874427,359.9592534146396,141573
2022-05-24,358.5877685546875,363.0661926656225,357.29617693413167,361.734640258617,40500
2022-05-25,361.290771484375,363.0661566379949,355.07692344670545,356.85230860032533,47745
2022-05-26,368.01507568359375,372.83080630592787,360.8469421025223,362.17849448926484,62581
2022-05-27,375.5337829589844,378.60075957463255,372.8307712921453,372.8307712921453,276409
2022-05-30,387.5709228515625,390.14080369796807,377.71310644793687,379.04020684161145,288862
2022-05-31,397.8858947753906,408.3384555333251,392.8038486853241,395.02306674104534,649180
2022-06-01,404.2107238769531,406.11926709928355,397.8859237965436,401.2369441096802,174133
2022-06-02,401.7739562988281,408.33401471897093,399.4615143843713,408.33401471897093,251861
2022-06-03,376.7898864746094,401.68078852954807,371.6412746595656,401.68078852954807,206438
2022-06-06,366.39501953125,379.42633877457024,359.5154083445509,377.2692609678509,129335
2022-06-07,369.2711181640625,372.8307655754447,363.9538400313325,366.39498785113426,53861
2022-06-08,368.4766540527344,369.9457895121475,366.1730891304118,366.21747510287076,53974
2022-06-09,372.46240234375,379.48847373002826,366.66133014305086,367.9484696892786,95447
2022-06-10,383.9491271972656,390.1407688729376,370.6115320804074,370.6115320804074,95566
2022-06-13,389.2264709472656,407.89464799876646,386.1950028568062,402.1246324205388,181142
2022-06-14,387.8904724121094,391.4723263744687,384.3707856279519,384.3707856279519,72345
2022-06-15,390.9619140625,392.8038648563854,386.1905695679197,386.1905695679197,67723
2022-06-16,389.41729736328125,392.803853065298,387.19362727607887,390.96190232670375,42031
2022-06-17,393.6649475097656,395.0231046919808,387.92159013982064,388.3654230658782,607553
2022-06-20,398.05010986328125,399.46153008078784,393.69154167455116,395.91075973254453,116528
2022-06-21,400.0962829589844,403.90004037438695,397.6861915363717,397.6861915363717,117162
2022-06-22,400.11846923828125,406.11926509206216,399.01772391997036,403.9000200661239,82130
2022-06-23,400.4602355957031,402.56850231967337,399.7057008544211,401.65860325919584,44902
2022-06-24,388.321044921875,400.34926879367583,376.38159300093974,399.9054358586684,305999
2022-06-27,394.4682922363281,397.242321580392,388.40978146759284,388.40978146759284,46559
2022-06-28,392.5597839355469,397.2423568260739,390.58467508188465,395.0231116984638,20811
2022-06-29,390.1851806640625,394.9521000652082,388.36540941063936,392.8038726117545,42667
2022-06-30,387.2957458496094,392.3600378359658,385.9286847077328,390.58465256396016,99475
2022-07-01,389.3774108886719,390.5402966453146,383.92697392947036,387.0339118042348,20346
2022-07-04,386.3858642578125,394.57927382638667,386.14620681337715,389.25311776996375,23403
2022-07-05,386.2704162597656,388.36538038909555,386.14616236403396,386.58557005401195,28767
2022-07-06,387.6463623046875,389.5415761990455,386.5855778374254,386.5855778374254,44302
2022-07-07,388.3654479980469,390.34943413895166,387.2602773900875,387.27803178104233,56384
2022-07-08,388.3654479980469,388.3654479980469,388.3654479980469,388.3654479980469,0
2022-07-11,388.3654479980469,388.3654479980469,388.3654479980469,388.3654479980469,0
2022-07-12,388.3654479980469,388.3654479980469,388.3654479980469,388.3654479980469,0
2022-07-13,389.0400695800781,390.36274482415195,387.544302442066,388.1479517058969,56131
2022-07-14,387.00726318359375,390.14080568681686,386.1462021028888,389.9188758156765,77689
2022-07-15,384.6326599121094,389.47502193354745,382.5954108529724,389.47502193354745,98699
2022-07-18,384.6859436035156,386.1462019259706,380.6202956433656,383.92695685422314,44856
2022-07-19,379.0979309082031,386.1462091904316,378.1569750566169,385.702349440004,34351
2022-07-20,376.4526062011719,379.4884996083283,375.050036213062,379.4884996083283,32440
2022-07-21,369.4753112792969,377.71307926805383,368.39674559832537,377.2692463792932,41243
2022-07-22,367.2782897949219,369.28003012283597,361.7346292903377,368.392337484855,56736
2022-07-25,367.8197937011719,368.61428925300646,359.5154324681981,364.5087072059671,23104
2022-07-26,367.58453369140625,369.2800241889669,367.5046389415331,367.7265688022919,32206
2022-07-27,365.3298034667969,368.8361882152743,363.9538918801398,367.5845573586441,26046
2022-07-28,363.58990478515625,368.39233289269015,361.77901075347575,366.1730879157419,66500
2022-07-29,363.9627685546875,365.84022824660826,359.5154279616863,361.7346462510322,60134
2022-08-01,362.3515930175781,366.1731047220794,361.7390933908831,364.39771938676296,21987
2022-08-02,361.3085632324219,366.17310511030007,357.31838482116433,366.17310511030007,116544
2022-08-03,366.0310363769531,366.3950013335745,361.2907756627161,361.2907756627161,41888
2022-08-04,366.9853515625,367.2383382045052,366.16867646065526,366.6169613881563,32741
2022-08-05,377.3802490234375,379.04468292524916,365.72929216871984,366.1731251176102,82257
2022-08-08,377.3802490234375,377.3802490234375,377.3802490234375,377.3802490234375,0
2022-08-09,377.3802490234375,377.3802490234375,377.3802490234375,377.3802490234375,0
2022-08-10,375.7380065917969,380.82005322964545,370.6115739788906,377.7131154335652,51816
2022-08-11,379.8569030761719,380.82006535593405,375.05004933061866,377.2692945155311,53598
2022-08-12,392.817138671875,394.135361718426,378.60075536060083,379.04461504933005,106064
2022-08-15,401.5876159667969,403.01233870103897,393.46964918874426,395.02310465879503,81403
2022-08-16,399.30621337890625,404.7877066730499,395.0230877071155,404.7877066730499,67442
2022-08-17,398.6226806640625,400.7930875926402,395.0230722919133,400.3492278836684,55669
2022-08-18,400.0030517578125,400.57116537681225,395.6888694009264,398.138894583218,38724
2022-08-19,399.02655029296875,401.2324658363055,398.1299805659898,399.90091362647064,12747
2022-08-22,394.77008056640625,398.1300046522951,393.6915417165178,398.1300046522951,24581
2022-08-23,396.1060791015625,399.421617393385,395.0186629998012,395.4669479142426,47189
2022-08-24,394.39727783203125,397.6817324636165,393.6915542910033,396.10607069577674,28456
2022-08-25,392.9902648925781,395.46692154520764,392.3600109418191,395.46692154520764,25577
2022-08-26,382.0450134277344,394.5792360315762,377.7397083840746,394.13537632639606,132444
2022-08-29,375.9022216796875,391.4679138104714,371.49926704599585,391.4679138104714,122053
2022-08-30,377.890625,383.30555254914043,377.2692482249681,378.60077371708184,68834
2022-08-31,370.23870849609375,377.8772789861096,368.39230582224246,377.8772789861096,98693
2022-09-01,372.49346923828125,375.93771347342744,371.49925026020003,374.6061879191188,37867
2022-09-02,369.8880615234375,374.1622827069907,368.3922946408232,373.27459017224834,39948
2022-09-05,363.7851867675781,370.16770156486706,363.10166964391453,369.8880833614881,51975
2022-09-06,365.2987365722656,368.3923450770963,363.9538817957183,364.39771471419635,44643
2022-09-07,365.3431396484375,366.61697692656793,364.5131353095618,365.72928422873775,44702
2022-09-08,362.5024719238281,366.28404931258285,359.9592228763095,366.17307097727786,69347
2022-09-09,360.45635986328125,364.3977000800424,358.18385173566037,362.1829071256771,61704
2022-09-12,358.8807067871094,361.73463098810714,357.74002750810365,360.4031054345457,37303
2022-09-13,372.1383972167969,376.82539492080724,358.6277096968771,358.6277096968771,123744
2022-09-14,369.0181579589844,375.05001039022716,368.39232916538054,372.38693253642487,42888
2022-09-15,368.0950012207031,372.38697771426877,367.509106321036,369.7238995373828,39449
2022-09-16,369.1912536621094,371.05095885411237,365.7292550982535,368.3923329796287,101991
2022-09-19,363.00408935546875,372.83085003630094,359.0715989162572,369.28007901426673,92044
2022-09-20,366.4927062988281,368.3479865021844,359.959278207708,363.06621614543604,58023
2022-09-21,367.9351806640625,368.8361756971978,366.1730977449658,366.21748371846894,31183
2022-09-22,362.98187255859375,368.392375705928,362.62235955074686,368.392375705928,55390
2022-09-23,369.58624267578125,376.8253661562288,362.9817983143562,364.39767047706715,316623
2022-09-26,374.3975830078125,376.49254742571327,370.62045715637146,370.62045715637146,137522
2022-09-27,373.1414794921875,377.18049578704813,371.7211819845798,376.3815750866039,63993
2022-09-28,371.454833984375,373.2790571009162,371.05538707839634,373.2790571009162,53905
2022-09-29,367.14068603515625,372.3869471999914,366.61695836587273,372.3869471999914,79293
2022-09-30,365.74700927734375,368.3923327682724,365.3741671100513,368.3923327682724,60035
2022-10-03,366.8743896484375,369.2800289118749,366.6169510066647,367.0607839145403,63631
2022-10-04,367.553466796875,369.11579944894726,367.2827257641104,368.3923482989893,72640
2022-10-05,368.6053771972656,370.1632577417666,367.94846482195567,368.3967497224744,47090
2022-10-06,368.2724304199219,369.72381130055226,366.1730412454505,369.72381130055226,32565
2022-10-07,367.2649841308594,369.71946153930026,365.72928300994755,368.39678628247395,96895
2022-10-10,366.62139892578125,369.72388474361696,366.23970635604695,368.3923591181132,139186
2022-10-11,366.6391296386719,371.05541322594286,364.8415647964631,367.06078296876075,91563
2022-10-12,367.2250061035156,370.6115349569089,366.21745798545084,366.21745798545084,81364
2022-10-13,369.084716796875,369.7238479607585,367.50462986592953,367.6599673549654,114529
2022-10-14,371.8143310546875,372.3868966268432,369.28441136043534,369.28441136043534,100455
2022-10-17,375.16986083984375,376.78100454832787,370.6559282495176,371.96527417274405,119960
2022-10-18,373.5409240722656,379.48845629733495,371.49922309766623,377.26923826264107,174550
2022-10-19,385.16680908203125,397.67520804237444,369.9405959043599,372.82051094063274,418517
2022-10-20,389.58123779296875,394.4279111071482,389.0301276225287,393.3526803638726,73185
2022-10-21,386.4366149902344,392.8123635928659,381.46565868767834,392.8123635928659,54596
2022-10-24,386.7445373535156,394.2982234330214,386.05834318991515,394.2982234330214,39938
2022-10-25,383.1297912597656,387.3550776776445,381.4656052048886,387.3010712800946,53578
2022-10-26,372.37200927734375,381.4655981668321,369.03825019296943,376.3325690487698,112431
2022-10-27,367.6496276855469,373.9011471048273,366.8769688991388,368.2277818181281,94436
2022-10-28,359.08013916015625,369.30840618934343,356.6108906098118,367.64960725520115,187679
2022-10-31,361.7493896484375,367.9576501483719,357.15125455776104,357.15125455776104,28401
2022-11-01,357.3187561035156,361.7493759513266,355.53028719898646,361.7493759513266,102016
2022-11-02,359.1774597167969,361.20366568724705,354.44965485483175,356.61094485094605,71857
2022-11-03,359.6150817871094,362.82458543012706,357.15122012976997,357.15122012976997,51252
2022-11-04,359.7123718261719,362.01413282223825,356.52988477245054,357.1512440664088,45391
2022-11-07,360.86865234375,362.2843002431999,359.36656699472,359.8528422658391,18991
2022-11-08,367.4605712890625,369.01127604157256,359.86367969824715,359.86367969824715,54945
2022-11-09,367.4605712890625,367.4605712890625,367.4605712890625,367.4605712890625,0
2022-11-10,372.43145751953125,375.4680589934462,367.9522186784192,367.9522186784192,76792
2022-11-11,371.1184997558594,374.97637946205487,367.12012179299376,369.5785692121863,45086
2022-11-14,366.6933288574219,371.7399215215066,366.3367233268555,367.4497722515117,49099
2022-11-15,365.7423400878906,367.94683512910825,365.25603761255275,366.87699144916894,113747
2022-11-16,365.52081298828125,367.4173492224482,361.473842401577,365.3911432034384,121887
2022-11-17,361.8898010253906,366.6068038395053,360.93343892795366,364.71568220232143,79214
2022-11-18,359.24224853515625,361.4737873798741,358.7721888348369,360.93345134651526,56839
2022-11-21,356.42724609375,359.2422992790748,355.5303044760303,359.2422992790748,55367
2022-11-22,353.52032470703125,357.15126920355254,352.8395175125728,356.61096028476777,97642
2022-11-23,353.5364685058594,355.5302431090345,350.1270461883735,352.28833583953855,77800
2022-11-24,348.59796142578125,353.9093069270262,347.4254648610375,351.20770833346864,137293
2022-11-25,348.1765441894531,355.5140687174808,347.42548792264233,349.58677782385286,183603
2022-11-28,335.4520263671875,345.2642416297655,329.5949571197884,345.2642416297655,291168
2022-11-29,338.5264587402344,342.10336961366454,330.94578233795534,330.94578233795534,122857
2022-11-30,337.9914855957031,343.1029121971672,335.133200435521,338.24005105815576,133473
2022-12-01,336.7001647949219,339.320713323708,336.0896067524533,336.6191143778944,43461
2022-12-02,333.0530090332031,337.159454718386,330.675611725694,335.13866292591473,66084
2022-12-05,322.857177734375,334.99814323819544,321.4901492032271,334.4578343596987,90192
2022-12-06,315.6546936035156,322.57077748542605,310.68373790795226,320.6796556976061,161470
2022-12-07,317.4377746582031,319.32889660376713,315.54665271263906,318.5130054127737,82877
2022-12-08,319.73956298828125,321.49018681350566,317.97811067427097,318.7777864089315,118603
2022-12-09,319.0478820800781,320.4094962177594,318.78851534598317,318.79392958914747,74301
2022-12-12,313.6717224121094,323.11111589678086,308.0415893337149,319.05870426271923,81508
2022-12-13,309.8948974609375,313.3853433160878,308.5224819347404,310.68374459069895,105184
2022-12-14,308.3279724121094,310.41359886836136,307.98216821602864,309.7111891964324,50701
2022-12-15,297.9916687011719,307.9822005611885,297.1758046951198,307.9822005611885,191266
2022-12-16,289.1466369628906,298.78595011286194,283.6731900257353,297.17579749432,173400
2022-12-19,276.2060241699219,286.37481878969845,275.563035021342,286.37481878969845,103128
2022-12-20,264.29193115234375,275.049679905861,262.5953139178456,275.049679905861,205763
2022-12-21,265.38336181640625,275.5629830036119,262.05498963962305,262.05498963962305,177907
2022-12-22,269.9976806640625,271.2404263730833,265.3239098630373,265.3239098630373,38550
2022-12-23,269.9220886230469,273.9420697843852,267.998535500244,270.7001345728742,94609
2022-12-26,269.8842468261719,272.85059946336446,267.72837111884434,269.62488006084226,49330
2022-12-27,269.4033508300781,271.5105799041462,268.5442273523716,269.8896260910924,22869
2022-12-28,258.0620422363281,270.1543885412811,251.5187789232168,269.6194938992034,161417
2022-12-29,259.00213623046875,261.5092298950519,255.03080279030146,257.8404682811188,146318
2022-12-30,262.11444091796875,264.6107064795853,257.73244057623623,257.73244057623623,73066
2023-01-02,263.4598083496094,269.619476162983,262.05498901429837,262.05498901429837,80808
2023-01-03,265.9669494628906,268.26871073714955,261.7848673481534,263.45985500891953,57560
2023-01-04,268.041748046875,269.0737736716019,264.7566079525577,267.45279258187287,43172
2023-01-05,270.4677734375,275.5629847023771,267.99849748900897,268.91704158756784,57344
2023-01-06,262.5412902832031,270.4677979347559,257.1921260260294,257.1921260260294,114524
2023-01-09,259.0454406738281,263.67597986126384,258.27278176854895,260.0018029816371,277987
2023-01-10,267.0745544433594,267.9984855369835,260.61231499500997,263.13562443719235,128917
2023-01-11,273.9906921386719,277.18398080811465,267.45822948215084,267.72839755453424,200913
2023-01-12,280.2529296875,287.99031860637996,275.71427023868654,275.71427023868654,248470
2023-01-13,283.4571228027344,288.53070541432294,272.856031656039,278.25923022084163,346445
2023-01-16,279.15069580078125,287.4446094718198,278.2645827508995,283.6677801173589,77342
2023-01-17,270.6082458496094,281.50649235133193,270.1597886814967,280.4258474286681,135377
2023-01-18,277.83770751953125,279.87471446231314,271.24579851549885,272.32105631415897,147703
2023-01-19,273.4773864746094,280.9662110880526,271.7807691541647,277.99444406067556,105661
2023-01-20,274.0284729003906,275.56298925234194,270.15979178422225,272.8668047618955,115425
2023-01-23,274.6660461425781,276.7084675069521,272.86138897252226,274.02847134801925,62680
2023-01-24,276.62744140625,278.2646108634178,274.54181473895005,275.13074301478105,136745
2023-01-25,280.6852111816406,281.49568806316347,276.6436280537592,280.42584443178134,80107
2023-01-26,283.5111389160156,285.82908848400234,275.5900449764635,280.6852570450482,81173
2023-01-27,280.09088134765625,285.5589138280768,279.34523931817824,283.66779195020484,65295
2023-01-30,282.0792541503906,283.66780421451506,279.3452513956039,280.6312023569624,64901
2023-01-31,285.4238586425781,296.6192642887465,282.5871755391899,282.5871755391899,207147
2023-02-01,290.1300048828125,292.85320624057067,285.8560716132127,285.8560716132127,57840
2023-02-02,291.5888977050781,293.87983029480466,290.1516471916179,290.1516471916179,127594
2023-02-03,290.3893737792969,293.6637125251662,289.611300695786,290.74597927288306,42103
2023-02-06,292.7937927246094,293.92847132099183,290.6973648486795,290.6973648486795,42002
2023-02-07,296.2626647949219,299.3370849787888,294.4742228801758,295.5548407639176,133991
2023-02-08,294.80914306640625,299.33702854767057,294.2039993421734,297.10551685277557,68677
2023-02-09,289.5410461425781,295.01449280731276,289.02233983236636,295.0090785636342,79275
2023-02-10,295.72772216796875,302.57899904948823,282.046852588247,289.0818056574383,169057
2023-02-13,286.3910217285156,295.5548342178449,283.6678201018973,292.31292622390606,126170
2023-02-14,286.282958984375,287.4446544902073,281.53355118353863,282.07388732916206,88872
2023-02-15,291.8806457519531,295.5547949603393,285.2887362049656,290.69193361534775,581306
2023-02-16,288.8602600097656,296.6354402522035,286.3693814840823,292.3128877599812,80729
2023-02-17,288.9413146972656,296.63547257545173,285.28876764605377,289.07101169160546,135471
2023-02-20,286.48284912109375,292.30751438335363,284.74844100684686,291.2322564445453,58842
2023-02-21,288.7089538574219,290.6919273184922,286.28832451721786,286.9096837717034,177356
2023-02-22,287.9633483886719,290.1516552691149,287.4500562798278,289.07101023194866,23698
2023-02-23,290.7189636230469,292.3075136372915,286.3693941353653,288.8008249182965,69380
2023-02-24,294.0041198730469,294.7443477083629,289.8814858743725,291.2322717591731,97076
2023-02-27,298.4455261230469,298.79674458300855,293.9338557890467,294.0041049224901,66465
2023-02-28,303.1678771972656,304.14586907261133,298.9263754613591,299.8827375714764,102489
2023-03-01,304.6700134277344,306.3612164867729,301.465923668231,304.19995365857403,118580
2023-03-02,301.98760986328125,309.40614633184157,300.1029727765119,302.503787327041,180681
2023-03-03,307.71356201171875,309.1060624793558,300.1029735476779,300.70317031804075,107827
2023-03-06,307.70758056640625,310.27646127701615,306.1050317930876,307.9056496271646,28165
2023-03-07,305.9430236816406,307.60557861821934,304.33445761403414,306.76530300510126,10615
2023-03-08,306.45318603515625,309.1061138994962,301.90364155601475,306.1050745979618,180195
2023-03-09,305.95501708984375,307.3054805873341,305.5048625906803,307.3054805873341,17730
2023-03-10,306.5372009277344,307.905660639487,305.65488826639137,307.2994467522802,23167
2023-03-13,305.19873046875,307.89965719505705,303.10399012715277,306.4051411094708,33603
2023-03-14,305.74493408203125,306.40516432852644,305.50485535153297,305.50485535153297,19716
2023-03-15,306.84332275390625,307.3054839424499,303.1040235875533,306.70525962017865,37033
2023-03-16,303.72821044921875,306.8432991600945,301.90360667952314,306.8432991600945,110242
2023-03-17,303.1820373535156,306.70524348944264,302.5818405380614,305.38481049544333,19042
2023-03-20,301.7175598144531,305.3247853598342,301.3033978990668,305.3247853598342,24334
2023-03-21,303.3381042480469,304.3044362561437,301.90362145987666,304.3044362561437,32377
2023-03-22,304.5865173339844,305.1747349412392,300.13299926237215,300.13299926237215,46689
2023-03-23,304.5865173339844,304.5865173339844,304.5865173339844,304.5865173339844,0
2023-03-24,304.53253173828125,304.9046565491994,303.58422342103086,304.45450202305625,47715
2023-03-27,305.09674072265625,305.8049703002126,303.7042674627683,303.7042674627683,88900
2023-03-28,308.5838928222656,309.40617208031546,304.90462725142993,305.5048515454475,40560
2023-03-29,317.6710510253906,320.5100137691488,309.10610857997443,310.0064176074158,90910
2023-03-30,326.3979797363281,326.66207179894025,317.658983255793,317.658983255793,59020
2023-03-31,323.9671630859375,329.51306940908745,321.1161939571165,326.51203047463235,245154
2023-04-03,317.44293212890625,324.7114269334547,316.6086461807,324.1052405058151,22314
2023-04-04,316.5006103515625,318.09716960340023,311.5669348153461,316.30855836012665,24340
2023-04-05,315.006103515625,320.51000053553895,313.30752861339204,318.10918571990663,38539
2023-04-06,316.608642578125,318.1091758320978,313.907715691273,314.98809743611343,22252
2023-04-07,318.64935302734375,322.01051029544794,316.6146733676461,318.10317252697064,46239
2023-04-10,317.67706298828125,320.5100363266887,316.90879996346746,318.7094181450781,17169
2023-04-11,316.5186767578125,320.2099220255605,316.3086009746434,320.2099220255605,9744
2023-04-12,313.547607421875,317.5089614849464,312.1071075420536,317.5089614849464,48675
2023-04-13,312.8753662109375,315.1081423679488,311.6269458205815,315.1081423679488,23647
2023-04-14,312.8753662109375,312.8753662109375,312.8753662109375,312.8753662109375,0
2023-04-17,318.6133117675781,320.50995548006074,313.30748457039647,313.30748457039647,40242
2023-04-18,316.6386413574219,318.1091440170665,312.1070665519592,318.1091440170665,21936
2023-04-19,318.7033386230469,319.6096370633124,316.9087105529182,316.9087105529182,31801
2023-04-20,313.3135070800781,319.90979232815346,312.10709637303455,318.7033816211098,65988
2023-04-21,313.3135070800781,313.3135070800781,313.3135070800781,313.3135070800781,0
2023-04-24,313.3135070800781,313.3135070800781,313.3135070800781,313.3135070800781,0
2023-04-25,313.3135070800781,313.3135070800781,313.3135070800781,313.3135070800781,0
2023-04-26,308.85394287109375,315.1080776986599,308.2057194408182,315.1080776986599,61540
2023-04-27,314.5559387207031,318.1091753037721,307.60555244440405,308.80597355053874,69964
2023-04-28,313.343505859375,317.50891803381523,312.1070648301667,314.5079067930635,104823
2023-05-01,313.343505859375,313.343505859375,313.343505859375,313.343505859375,0
2023-05-02,313.06744384765625,315.70833734644617,309.7062866853786,315.6483314017177,86115
2023-05-03,311.698974609375,313.30754065460246,309.7423246091893,312.10711946302604,76783
2023-05-04,309.79632568359375,312.107104080066,309.6762863178776,312.107104080066,102579
2023-05-05,310.90667724609375,311.6569163329491,310.00636836166996,310.30046340252915,25302
2023-05-08,308.6258850097656,312.1070813120813,308.2057609980318,312.1070813120813,41071
2023-05-09,303.1460266113281,307.9056740510786,302.20370796579016,306.7052529080574,71137
2023-05-10,302.56982421875,305.5048401295898,300.10298653677927,300.16299247878925,21481
2023-05-11,302.6238098144531,306.10500583008616,301.93357669996703,302.50377046737924,70026
2023-05-12,303.34405517578125,306.10501519342506,302.5037797205613,303.1039764742898,37587
2023-05-15,304.5385437011719,305.5048757673915,301.3034152771529,303.10403335146907,35149
2023-05-16,305.9609680175781,306.7052175007271,303.6981891234665,303.6981891234665,35844
2023-05-17,304.7906188964844,310.30649522740697,304.5385334735562,306.10506235352057,38107
2023-05-18,304.6225280761719,306.1050375199713,303.1039985819477,304.3044196522068,55105
2023-05-19,305.9909973144531,306.1050470734003,303.134038488964,303.134038488964,24849
2023-05-22,306.42913818359375,306.7052369553954,304.30442226947645,304.30442226947645,13648
2023-05-23,304.5865173339844,305.81095180861234,304.2443955326141,305.5828797661152,18793
2023-05-24,302.30572509765625,305.32476024714634,301.90359737475404,305.2947572768396,45867
2023-05-25,301.9396057128906,305.44481555049066,301.9036131367425,303.10400676415765,72003
2023-05-26,302.515869140625,304.30448068363927,301.9396581192561,301.9396581192561,278145
2023-05-29,302.07159423828125,306.40509958132606,301.9095452507253,302.5157590285203,86047
2023-05-30,302.12567138671875,304.2384081543592,301.30339212665393,302.5038132423814,73266
2023-05-31,301.9635925292969,303.6981872698781,301.9035865908268,302.50378335176003,228858
2023-06-01,302.6118469238281,303.10401106557765,301.9216137094569,302.5038142433525,19027
2023-06-02,302.5458068847656,304.29842546749654,301.9036004423892,302.50379723085985,94414
2023-06-05,302.04766845703125,302.5038125443105,301.3694144551896,302.5038125443105,48655
2023-06-06,301.98760986328125,302.4977977232139,300.7031695453324,301.90359055822046,54807
2023-06-07,302.2757568359375,304.29244023647,301.84359861785885,302.50382889190234,125721
2023-06-08,301.2193908691406,302.4738284001167,300.70321333022116,301.91564120254986,54345
2023-06-09,301.2193908691406,301.90363451790046,300.70321333022116,300.70920293492037,18904
2023-06-12,323.81109619140625,323.81109619140625,302.50379443245663,302.50379443245663,298702
2023-06-13,328.82281494140625,347.51323596894764,324.4472995240109,335.51509808704293,1146831
2023-06-14,335.6951904296875,336.7155387153234,327.41233731076215,330.1132640919011,301969
2023-06-15,340.5088195800781,342.7175821991899,334.91491414631173,336.11533518338814,195768
2023-06-16,342.1714172363281,345.0463997860958,340.2627666589405,341.51720408929384,263928
2023-06-19,339.5665283203125,344.8183398701367,336.71555903767916,342.1174129259842,185752
2023-06-20,332.8442077636719,339.1163395514731,331.31367165992674,338.8162549048443,117961
2023-06-21,334.0926513671875,338.51616642685946,333.11431270728195,333.11431270728195,205882
2023-06-22,346.8440246582031,354.721728008649,335.81523996757886,337.6158578762522,281761
2023-06-23,344.665283203125,351.21054723289956,343.0177298183047,351.1205108376347,46450
2023-06-26,355.036865234375,355.62206059853764,344.6652878069357,351.1205155276701,126906
2023-06-27,351.3995666503906,355.62201761451695,351.12047308775095,354.8207295006339,72311
2023-06-28,351.3995666503906,351.3995666503906,351.3995666503906,351.3995666503906,0
2023-06-29,351.3995666503906,351.3995666503906,351.3995666503906,351.3995666503906,0
2023-06-30,351.3995666503906,351.3995666503906,351.3995666503906,351.3995666503906,0
2023-07-03,362.1132507324219,369.126665061663,355.6220309740412,369.126665061663,193438
2023-07-04,350.13916015625,362.82451007756475,347.5192577914144,362.82451007756475,183421
2023-07-05,342.4415283203125,350.6703660151821,341.8473485407157,348.41959344769054,129388
2023-07-06,357.01751708984375,358.3229761084796,342.1624188340902,346.6009630123022,451629
2023-07-07,359.92547607421875,365.52539829989195,357.42261853462344,358.32292739743104,154859
2023-07-10,359.0792236328125,362.8335240989591,358.05288570175924,360.12358532729155,83029
2023-07-11,356.8644714355469,361.83416702419396,355.7300733491794,360.12358548817497,102092
2023-07-12,357.7828063964844,360.12361539157996,356.52237923766415,356.52237923766415,270495
2023-07-13,361.6991271972656,370.92729410148957,358.32296857376906,360.0335501146241,343991
2023-07-14,360.6727294921875,364.1659323645495,358.5480137101716,360.22257504936243,69644
2023-07-17,358.44000244140625,362.3743481105669,357.1165472014707,358.3229578832438,154960
2023-07-18,355.87408447265625,360.1235433835925,354.73968651891926,357.6476940228303,101907
2023-07-19,357.17962646484375,359.2053218679918,355.7121182878561,355.84715915301547,68472
2023-07-20,357.071533203125,358.773130372182,355.63106080792835,358.1429030928461,93622
2023-07-21,356.9184875488281,358.7731218148952,355.7120768352383,355.7120768352383,150022
2023-07-24,357.1075439453125,358.32296653791553,355.62203965446395,358.3139546562243,116865
2023-07-25,356.20721435546875,357.8187749956692,352.2188524826059,352.2188524826059,62181
2023-07-26,355.45098876953125,358.3229766345467,354.74874885905643,358.3229766345467,39052
2023-07-27,355.45098876953125,355.45098876953125,355.45098876953125,355.45098876953125,0
2023-07-28,355.45098876953125,355.45098876953125,355.45098876953125,355.45098876953125,0
2023-07-31,355.9371337890625,360.1235647340463,354.7217112630356,355.6220201748707,221108
2023-08-01,357.4586486816406,359.22324640953065,355.61299897559144,359.22324640953065,191969
2023-08-02,357.8907775878906,358.90813102259796,357.42262685941546,357.4316387403322,92589
2023-08-03,383.0004577636719,384.7290356700634,359.6734481075278,359.6734481075278,1085820
2023-08-04,398.0805969238281,403.33839774019737,388.94246684507635,388.94246684507635,495844
2023-08-07,386.7007141113281,397.24335234682445,383.5316363033856,397.24335234682445,255996
2023-08-08,377.0404052734375,387.35793848695806,374.7986172309824,387.2228976350631,190903
2023-08-09,383.94573974609375,387.1328410609206,369.13567428833073,378.0397153456028,152331
2023-08-10,383.15350341796875,387.1238695219593,376.50924588144994,379.0751046268358,126520
2023-08-11,389.15850830078125,396.1359020297137,385.6653054959344,385.6653054959344,336712
2023-08-14,389.15850830078125,389.15850830078125,389.15850830078125,389.15850830078125,0
2023-08-15,390.4729919433594,393.4350161193413,388.02415046941894,393.4350161193413,93667
2023-08-16,390.5180358886719,391.63441024303177,386.23255630864514,391.63441024303177,112898
2023-08-17,390.4369812011719,393.43499781394024,386.2775309139536,386.32256284507645,85126
2023-08-18,392.2466125488281,393.43502700477893,389.4286410257287,389.4736729601927,103993
2023-08-21,390.44598388671875,392.98486175258216,389.83378038686845,390.76109751833997,211828
2023-08-22,390.427978515625,393.1649253883849,390.0588485529133,391.4093119639447,57031
2023-08-23,390.5540466308594,391.6164321685573,389.23960313876006,391.6164321685573,173068
2023-08-24,395.2536315917969,400.6374890890723,389.39263891773066,391.5263667669517,739333
2023-08-25,396.694091796875,397.93652243944484,393.4349780679579,394.43430773030974,122339
2023-08-28,398.64776611328125,402.8341967993879,397.03620556768146,397.03620556768146,67176
2023-08-29,394.0382385253906,400.63749117861636,390.7340925202685,400.63749117861636,116891
2023-08-30,397.00018310546875,404.2296620774682,392.53465889913457,392.53465889913457,260284
2023-08-31,396.80218505859375,399.72818934686956,390.73411111129576,394.3533434475498,235429
2023-09-01,398.0445556640625,400.6374496216986,396.2259416265314,400.6374496216986,62582
2023-09-04,397.9815673828125,400.27737173098865,396.38803040427194,400.27737173098865,56647
2023-09-05,398.026611328125,399.73719291989437,397.0362659407059,397.9365749337687,46311
2023-09-06,398.3417053222656,399.233002389354,396.13593740796273,397.0362463566172,50709
2023-09-07,398.8818664550781,405.13902460293394,397.93655305443735,405.13902460293394,30458
2023-09-08,399.31402587890625,402.4380990217765,397.94556617153245,398.02659067967477,51150
2023-09-11,398.36871337890625,400.45740925800413,397.03624624418546,397.03624624418546,119680
2023-09-12,398.4947509765625,399.73718174830657,398.2606618528283,399.6471453564666,16604
2023-09-13,399.17901611328125,399.51212605333063,397.0362762580706,397.0362762580706,69103
2023-09-14,402.3660888671875,403.3293985645193,398.8368656866745,399.28702016261883,54395
2023-09-15,399.09796142578125,405.54417679329816,397.93655518928585,404.2387178280302,139813
2023-09-18,403.0323181152344,404.23872884191974,398.03558683036835,398.03558683036835,37417
2023-09-19,407.85797119140625,408.6502475033718,403.34744180777284,403.34744180777284,146841
2023-09-20,410.7929382324219,413.2417795062838,408.7852395215095,408.7852395215095,144602
2023-09-21,402.90625,411.89134318058063,398.2156480800186,405.238046875293,147749
2023-09-22,398.3417053222656,404.68887242018013,397.93655530527167,404.1937134885196,80935
2023-09-25,382.05511474609375,402.3300910470946,379.9303986903531,402.3300910470946,248621
2023-09-26,377.5715637207031,379.93938060428127,373.85328344119057,379.03005979227265,118826
2023-09-27,375.12274169921875,378.1297703857325,374.52853447729694,378.09375033357827,55982
2023-09-28,375.12274169921875,375.12274169921875,375.12274169921875,375.12274169921875,0
2023-09-29,375.12274169921875,375.12274169921875,375.12274169921875,375.12274169921875,0
2023-10-02,376.3471374511719,379.6512833873367,375.42883221310706,375.42883221310706,58236
2023-10-03,378.79595947265625,378.9850441246722,376.3291218678029,378.7149349683268,44012
2023-10-04,381.163818359375,381.53294834778546,377.22947241070204,378.1297814140689,88454
2023-10-05,385.3322448730469,386.00747661055806,378.354850252098,378.354850252098,54211
2023-10-06,399.2510070800781,400.6374905832563,385.34125001576405,385.4222745258184,162419
2023-10-09,401.2856750488281,405.13899595579784,397.08122049057835,399.73714267638724,118142
2023-10-10,397.3423767089844,403.7795806602636,396.40604764190266,401.97896263331836,56609
2023-10-11,397.99053955078125,398.8368320922925,394.5153604773279,396.135905464128,64909
2023-10-12,405.11199951171875,411.43215814043594,398.83684533820036,398.83684533820036,234308
2023-10-13,422.26287841796875,424.94580888208463,405.1390127053773,405.1390127053773,485057
2023-10-16,425.3509521484375,433.9488911806947,423.19018880136485,423.19018880136485,225822
2023-10-17,418.4815673828125,423.23519702465853,415.94268982488734,423.23519702465853,88946
2023-10-18,416.3769226074219,426.88198120132705,411.88390633520964,415.4435572677438,176402
2023-10-19,415.4435729980469,420.92485701829395,413.6134250993771,420.0189427447214,77851
2023-10-20,412.3597717285156,419.03980028256706,411.78327068142715,415.4435664208176,101303
2023-10-23,413.5676574707031,418.6463064109263,408.122956632291,416.3128791520863,107310
2023-10-24,419.9091491699219,423.63350694198147,411.8107389242523,416.34949801078915,67283
2023-10-25,419.3509216308594,435.57519253204674,416.8161768872842,420.92484991418524,398212
2023-10-26,423.313232421875,430.5423113417001,417.05412969523485,417.05412969523485,220658
2023-10-27,420.4123840332031,424.58511867255186,419.1953480658257,422.7641305960795,68835
2023-10-30,420.7326965332031,424.52111606286644,418.19795176356615,424.52111606286644,67869
2023-10-31,414.01605224609375,422.65435240278833,412.88136950608526,418.22539792067766,81334
2023-11-01,418.40838623046875,419.7352545720752,413.6134078719388,413.6134078719388,89649
2023-11-02,419.0306396484375,420.47644407846576,417.2736855272696,419.799298349624,98676
2023-11-03,420.9614562988281,421.3915421603033,417.7312464629282,420.00063984860316,71472
2023-11-06,421.16278076171875,426.88199288504467,420.0189383370536,422.4255872666836,92822
2023-11-07,420.8058776855469,422.7641492705538,419.28687955944355,419.28687955944355,114417
2023-11-08,432.5737609863281,434.2025915086737,417.30117444819393,417.30117444819393,270907
2023-11-09,432.5737609863281,432.5737609863281,432.5737609863281,432.5737609863281,0
2023-11-10,444.8815002441406,445.86060811549737,433.287501383325,433.287501383325,218890
2023-11-13,478.24505615234375,478.24505615234375,449.5300339434552,449.5300339434552,520317
2023-11-14,500.527099609375,504.6540917988583,479.5078791174391,484.97084344426383,491669
2023-11-15,485.79443359375,504.20571588346576,484.98916409843343,503.38212703772166,246376
2023-11-16,478.1627197265625,485.90426541779016,462.11234281729577,485.90426541779016,397294
2023-11-17,476.9090881347656,484.98920697625636,474.9233932465605,474.9691357749952,137458
2023-11-20,475.11553955078125,479.4987234235642,471.2630583265946,477.0005895500205,64936
2023-11-21,476.387451171875,486.81931599822263,473.0932074644382,473.0932074644382,116190
2023-11-22,481.0177307128906,482.152469285564,477.6685847508706,480.1850380230256,100035
2023-11-23,480.7249755859375,484.07412168295485,480.3040214604773,482.2439737748907,98522
2023-11-24,479.745849609375,484.97088624917086,479.4987617641717,484.97088624917086,79506
2023-11-27,484.24798583984375,485.44673048028955,478.5836758552147,483.70806763459797,100668
2023-11-28,485.89508056640625,489.4638911122424,482.2439446466216,484.074092444142,152001
2023-11-29,498.5780029296875,506.2280633475251,485.91341115488586,485.91341115488586,345719
2023-11-30,535.9679565429688,535.9679565429688,498.7152777958693,498.7152777958693,457812
2023-12-01,576.1671752929688,576.1671752929688,549.9594439600846,549.9594439600846,690405
2023-12-04,600.14208984375,619.3769052007191,589.7651272656104,594.7980337046497,1113204
2023-12-05,577.3292846679688,612.1844762063878,574.6664440323043,608.5241803845261,304921
2023-12-06,575.279541015625,585.8303707706873,567.3458652799397,585.647344805099,171994
2023-12-07,572.1041870117188,581.0718996469587,570.594292805824,580.1568257892469,159596
2023-12-08,567.1902465820312,576.0389951744386,564.6005719183933,572.8362366627458,187960
2023-12-11,559.27490234375,571.0061573426389,558.1951217612335,566.4307874921369,642614
2023-12-12,576.1671752929688,585.6381683349698,559.1101834602524,559.1101834602524,441382
2023-12-13,569.7799072265625,584.2747028155513,561.3978546238696,579.333281265476,250418
2023-12-14,564.8385620117188,569.8623091205266,558.2042757955423,569.8623091205266,117714
2023-12-15,580.7608032226562,584.7322487040872,561.8554001632388,569.0753469671339,256176
2023-12-18,577.3201904296875,594.7980809286089,575.5815275447616,592.9679329872902,163501
2023-12-19,560.345458984375,580.1568305055587,558.1950577419414,577.2285829667411,179267
2023-12-20,545.0180053710938,564.5091245827609,536.233318064296,557.7375552221645,213091
2023-12-21,545.9789428710938,549.0444185339002,539.8936782250017,549.0444185339002,123529
2023-12-22,543.4898681640625,554.0772805406749,541.723782130602,548.4495533687467,74710
2023-12-25,543.4898681640625,543.4898681640625,543.4898681640625,543.4898681640625,0
2023-12-26,528.3544921875,542.181244356476,522.9646939235882,542.181244356476,178837
2023-12-27,531.6396484375,537.1484115184558,512.4414147365165,522.0496912628262,165580
2023-12-28,529.7454223632812,539.2073113406723,527.082581811162,531.6945342954049,154997
2023-12-29,531.9049682617188,548.9436380348955,526.1674376344565,533.6618943280472,58054
2024-01-01,547.5985107421875,549.0443431509551,534.4031606669296,535.3182345721813,163115
2024-01-02,543.8193359375,558.1951693397257,542.1813734980122,549.0444288587465,93566
2024-01-03,535.87646484375,549.0443929388031,535.318283115333,549.0352332626513,75495
2024-01-04,537.7340698242188,540.8087048943414,535.3182611898303,535.8672832196088,60889
2024-01-05,535.290771484375,551.7987409717091,531.2004178149169,541.2662310723916,164424
2024-01-08,533.2684936523438,539.4360830189548,531.2004176293525,538.5210090867768,61600
2024-01-09,530.7153930664062,538.292231911295,528.9218839333747,535.3274013551835,64454
2024-01-10,529.7271728515625,537.7432295978768,527.0825957290047,530.7428915326783,99450
2024-01-11,530.5416259765625,532.5730634303234,528.455230465656,529.8278414538784,54948
2024-01-12,530.806884765625,536.6908028068996,528.9126752299879,536.6908028068996,61129
2024-01-15,526.1766357421875,534.8515181707241,503.29062928167434,534.3939812350136,41141
2024-01-16,518.7096557617188,528.3545711172732,514.2715693632251,523.8981653669043,30035
2024-01-17,509.0738830566406,522.4980005899428,507.9117214125881,522.4980005899428,40636
2024-01-18,493.2523193359375,511.5171589388796,490.4796185639805,511.5171589388796,96223
2024-01-19,499.1178894042969,529.8277659716249,497.80018080926413,498.7152546710459,66525
2024-01-22,495.97918701171875,503.28145847156037,494.13987963458857,499.6303227416396,46994
2024-01-23,490.8639221191406,495.97005008132595,489.74755877831655,494.1490619702479,76144
2024-01-24,491.1933898925781,501.46049213813376,489.5645315582145,501.46049213813376,111506
2024-01-25,487.8350524902344,494.0484402591411,485.4467229222962,492.30977744051904,91215
2024-01-26,488.8233337402344,492.7398210283416,486.81931964522164,492.7398210283416,143761
2024-01-29,478.4921569824219,490.47960253964135,475.83842037427894,489.79329712564,125688
2024-01-30,474.25537109375,484.7512419858478,471.26306154885407,478.5836527962149,50813
2024-01-31,479.6084899902344,487.7343500463831,474.00824263419594,475.8292306146116,64080
2024-02-01,489.11614990234375,493.59087459245495,475.8384189301588,484.0649241980868,57070
2024-02-02,516.6416625976562,521.5921884430495,492.30981996905376,492.30981996905376,134030
2024-02-06,515.314697265625,534.4031242230249,507.8659827804432,517.9317950517673,76410
2024-02-07,513.7591552734375,520.5856275061373,508.84521229959915,520.5856275061373,84298
2024-02-08,513.7591552734375,513.7591552734375,513.7591552734375,513.7591552734375,0
2024-02-09,514.152587890625,516.101699842206,494.2405701093802,501.55200192087585,119420
2024-02-12,499.6852722167969,518.8469227074679,495.97007426357607,517.4743118008345,147390
2024-02-13,503.6108703613281,507.8659860990443,489.56450912250216,500.5270759589148,92587
2024-02-14,513.9603271484375,519.7619196288903,495.0824059933424,513.3564030137454,58976
2024-02-15,508.7810974121094,517.9318365741976,505.1208017472741,513.9603912031124,71167
2024-02-16,493.6274719238281,508.32355667481505,491.02863744637745,503.2906501730842,73989
2024-02-19,500.23431396484375,503.2906856122112,482.2439842138823,486.64548779398723,53823
2024-02-20,498.3127136230469,517.9319031422189,496.1074097762824,503.2907186010961,218789
2024-02-21,507.6555480957031,511.4348076421971,500.5545659371414,507.8659972130027,66834
2024-02-22,514.1891479492188,516.971008336091,507.46337715922664,511.52630748855165,79785
2024-02-23,515.3695678710938,517.0166895169195,510.6203326837653,514.2714681566528,45098
2024-02-26,515.1317138671875,535.3182422733779,512.4413943129772,517.9318378234734,275100
2024-02-27,515.0767822265625,520.2011735361322,510.6112172917905,515.1865866223621,180415
2024-02-28,515.7631225585938,523.3124824653522,514.2715475876695,515.1866215157614,180874
2024-02-29,554.443359375,554.443359375,518.8377987301649,519.3044954067999,1601178
2024-03-01,570.74072265625,576.4965169810932,559.1192737626454,562.7612497592917,444589
2024-03-04,570.6127319335938,581.0720216205614,568.2609849234151,581.0720216205614,174398
2024-03-05,564.14306640625,571.4636576978153,559.1101598932988,571.0061207420924,190065
2024-03-06,564.2620239257812,570.0818805305421,560.4919239225704,565.5156707017593,95037
2024-03-07,567.1810913085938,569.0661412417513,560.7115123625682,566.421564360029,143045
2024-03-08,556.7493896484375,565.0144543202323,555.7220564398432,565.0144543202323,113162
2024-03-11,563.3427734375,565.481402647963,551.0058258667187,557.5431831227645,144820
2024-03-12,551.3046875,562.6796823715289,551.0058300401694,560.4009441163983,44956
2024-03-13,534.970703125,555.4513051382997,532.3277266970172,552.8737091309371,63038
2024-03-14,543.6839599609375,547.1768244285722,534.9706376988886,534.9706376988886,43928
2024-03-15,537.8096923828125,546.80323260471,534.19547233116,546.80323260471,95538
2024-03-18,534.45703125,538.7623345263161,532.4304093423323,536.987886082099,22529
2024-03-19,538.267333984375,541.6667736232725,536.0633242409629,541.6667736232725,23341
2024-03-20,543.0769653320312,546.3175994184569,532.3276728529954,541.6667548328726,53911
2024-03-21,544.0575561523438,546.1495013903046,541.1997993538379,546.1495013903046,54888
2024-03-22,542.6006469726562,547.2701878244003,541.6667388023075,545.3090034671602,21607
2024-03-26,550.6790161132812,551.4728153162059,546.4296880234044,549.1380447179155,36011
2024-03-27,545.9254150390625,553.3406489694366,544.2350433534839,551.0058782986795,45517
2024-03-28,547.933349609375,551.9397956257047,545.4024376402903,549.1380707748128,42317
2024-03-29,546.4856567382812,549.1379809102933,544.4684402562942,549.1379809102933,33984
2024-04-01,546.3829956054688,552.9203531801035,544.5245273580201,551.0058527192073,36058
2024-04-02,546.7098999023438,548.2041302678269,537.0252761304538,546.3363138103556,77981
2024-04-03,548.353515625,552.4067023082779,537.977809165575,537.977809165575,148861
2024-04-04,548.7271118164062,551.0058501547227,546.3363090517165,551.0058501547227,40172
2024-04-08,550.0345458984375,551.4633956788604,541.6667086376618,548.7270517322692,50191
2024-04-09,563.8096923828125,567.8161377024088,551.0057915204295,551.47274558104,135145
2024-04-15,556.9828491210938,564.9584042827064,555.2084008175682,558.9440334555333,82625
2024-04-16,557.3190307617188,558.4770677351535,554.3678491185503,556.8427284901092,76573
2024-04-17,554.77880859375,558.8973756911855,553.1071334302089,555.7220649993243,37280
2024-04-18,555.0123291015625,561.1855061299548,553.8076079453647,558.0101951894695,66542
2024-04-19,556.067626953125,561.8859140350676,551.9397685026726,553.8075849781469,67155
2024-04-22,560.3262329101562,568.4232581796444,552.9670316117224,560.1581362715099,182098
2024-04-23,568.6753540039062,571.4116981359638,556.6092762574619,563.1466335289422,192676
2024-04-24,609.842041015625,611.3269801010902,571.551805668549,571.551805668549,594365
2024-04-25,577.2019653320312,625.7185088757,568.7501073213451,615.445518431472,533326
2024-04-26,567.76953125,577.1552977500571,560.4476654989701,577.1552977500571,213849
2024-04-29,557.0015258789062,569.684015495697,555.6753921638357,569.684015495697,147815
2024-04-30,560.5223388671875,574.3068323807034,555.6753532537151,555.6753532537151,152646
2024-05-02,559.1121826171875,565.0144895798893,555.6754071074945,560.354296546362,194906
2024-05-03,562.7730712890625,567.3959283842037,557.8047297134137,560.3449327144602,135969
2024-05-06,568.8715209960938,574.3535577104017,565.0144754712081,571.5424848362069,201191
2024-05-07,571.318359375,578.0891940386188,569.6840199734369,571.5518364323661,183034
2024-05-08,564.7249145507812,571.3183037285557,562.9131304820384,571.3183037285557,69936
2024-05-09,566.8355712890625,570.1509338695485,565.0144389698228,565.9483471334092,118316
2024-05-10,566.1724853515625,568.750081045958,562.2127237925562,567.8161728669006,174386
2024-05-13,567.367919921875,571.5518103586157,566.181838284168,569.6839939848948,137710
2024-05-14,568.2177734375,571.5424844322537,566.9850077426496,569.4038551214343,96722
2024-05-15,568.3672485351562,572.8593449501506,567.1157863961179,569.6840340907894,68568
2024-05-16,567.4239501953125,569.6839920394519,566.8822674884383,569.6746438374181,42567
2024-05-17,567.1531372070312,569.403888076041,565.9484160497472,569.403888076041,35345
2024-05-20,567.92822265625,569.6839745477414,565.4813878502581,567.1717593307521,67370
2024-05-21,570.4685668945312,572.0188295806865,567.1158110414235,567.1158110414235,44886
2024-05-22,566.6954956054688,574.260186376325,565.0144722123564,571.0848756328198,45764
2024-05-23,564.2300415039062,566.8917144920019,561.1388071572436,566.8823662883389,50854
2024-05-24,568.44189453125,571.0848707273409,563.1466509379993,569.590640391017,74497
2024-05-27,567.4706420898438,571.5518163491007,566.8822753658563,570.6179081524518,33448
2024-05-28,567.4706420898438,567.4706420898438,567.4706420898438,567.4706420898438,0
2024-05-29,566.51806640625,570.6179372791083,565.9483960575117,569.6840290347891,60252
2024-05-30,586.6064453125,605.1631976761872,566.5554625496062,569.4972393357759,470494
2024-05-31,590.7716674804688,594.8995257806422,588.6423294153559,589.2960765582186,144125
2024-06-03,598.392333984375,607.040333080457,593.0410582116142,593.0410582116142,297781
2024-06-04,593.2464599609375,604.7055312805786,592.0977711689371,599.5783846220412,136243
2024-06-05,595.1516723632812,602.3707642118135,590.6969121922048,590.6969121922048,91125
2024-06-06,598.3643798828125,601.9038716565151,592.0978349576891,597.6546004872711,125542
2024-06-07,613.596435546875,621.9829136496834,591.1919850597819,597.7012984020981,342181
2024-06-10,615.93115234375,626.7925092352746,611.7098690527928,626.7925092352746,172150
2024-06-11,605.5928344726562,623.8507299134383,602.370839512227,623.8507299134383,115312
2024-06-12,604.4347534179688,614.0446483832488,602.3707957523886,607.0403368047328,123598
2024-06-13,618.2378540039062,620.1150185265706,605.1724879596653,611.7004968808851,448363
2024-06-14,614.89453125,618.2192424775471,610.776020777595,614.5116539321981,106636
2024-06-20,612.8585815429688,621.0489749873321,610.7759844236319,614.8944946508993,298110
2024-06-21,616.1832885742188,620.1057145278805,607.0403475522986,613.5777051413233,94422
2024-06-24,596.0855712890625,607.0402956141364,569.7866859460753,607.0402956141364,185808
2024-06-25,596.2257080078125,600.4936756864913,593.9656659311256,597.7012990501893,40634
2024-06-26,597.8693237304688,601.9038138535448,593.9655944311163,599.3822504014684,57218
2024-06-27,597.2249755859375,604.7055897625022,595.8334614184964,597.7012779119714,40401
2024-06-28,594.0403442382812,602.370789427853,593.0317074212196,597.7012484245363,41880
2024-07-01,591.1919555664062,597.6919203814667,590.6969568427673,594.0403642742548,196022
2024-07-02,594.0776977539062,597.7012662405887,590.6969545268317,590.6969545268317,47481
2024-07-03,590.0245361328125,595.8334176401235,587.8951981261093,592.5647390167059,200417
2024-07-04,592.6488037109375,593.862872917413,590.2299564985428,590.2299564985428,37203
2024-07-05,589.9497680664062,593.0316534478583,588.5022218873696,593.0316534478583,21611
2024-07-08,579.7328491210938,588.3901961629704,574.3535289009463,588.3901961629704,80772
2024-07-09,587.7364501953125,595.8334181461386,569.2357314511063,571.551805494415,224772
2024-07-10,570.7579956054688,587.428233484955,569.665282015811,586.4943253236116,172411
2024-07-11,568.4979248046875,576.2026675151205,565.014465431759,573.4196392976861,69817
2024-07-12,570.7113037109375,578.7429487904193,560.3449450284062,573.4196604124023,92152
2024-07-15,567.92822265625,577.1552397877118,566.788882067745,571.9253769202246,99671
2024-07-16,567.92822265625,567.92822265625,567.92822265625,567.92822265625,0
2024-07-17,567.92822265625,567.92822265625,567.92822265625,567.92822265625,0
2024-07-18,587.8671264648438,596.7672983533005,568.750054299155,569.6839624342931,261947
2024-07-19,578.2012329101562,595.833424063223,574.4562519553298,590.2299749341017,124539
2024-07-22,573.3075561523438,579.0230696344433,568.7500796893161,577.1646014827492,89160
2024-07-23,582.8614501953125,586.0274127668913,574.8205140366878,579.0231010605141,97472
2024-07-24,580.7694702148438,583.132285249998,577.6222042360972,582.6653311641159,85748
2024-07-25,578.9110717773438,584.1596317745153,578.0892279271383,579.0231362113501,56789
2024-07-26,578.0891723632812,579.8262279246586,570.6179068076976,579.0230805577293,66359
2024-07-29,585.4110107421875,586.4943191173408,575.5208983376772,579.0230539056549,71758
2024-07-30,591.9109497070312,597.561082381729,584.626477837102,587.4655379758051,111449
2024-07-31,586.7372436523438,593.9656848477454,581.824876824128,592.0978682287273,50679
2024-08-01,588.3995361328125,590.696970959281,585.560475559635,590.696970959281,36327
2024-08-02,582.1610107421875,589.2960831792017,532.430398334434,588.3621749649716,29237
2024-08-05,575.5769653320312,583.692629938749,573.4663236619754,583.692629938749,33236
2024-08-06,577.2019653320312,579.0230977655731,570.6179237657502,579.0230977655731,34114
2024-08-07,574.1387939453125,578.9297478350245,571.7386428991007,572.4857580999627,35571
2024-08-08,572.1215209960938,577.1553001583541,571.5518506422535,573.5410797805681,51387
2024-08-09,575.5863647460938,578.0892321258113,572.121544466057,572.121544466057,30005
2024-08-12,566.6394653320312,575.287464585445,565.0051259440045,575.287464585445,57026
2024-08-13,557.9635009765625,565.9484051941535,555.7407947591004,560.3449556377757,86072
2024-08-15,548.5123291015625,561.2788384687848,545.6825598431991,561.2788384687848,62975
2024-08-16,536.7637329101562,550.0719246352014,535.1293935755016,542.6006591053515,103121
2024-08-19,519.7572021484375,536.997166483282,517.6652570896382,536.7636894543762,115197
2024-08-20,529.7781372070312,530.4598719711062,504.31044166267134,504.31044166267134,54807
2024-08-21,532.4957885742188,537.9311413214693,530.4598754697822,533.2616001641649,30670
2024-08-22,522.1480102539062,540.4993277235425,518.3190097392071,536.9878240508785,70586
2024-08-23,515.3959350585938,520.8873200614742,513.6495312125699,518.8327105363769,36163
2024-08-26,501.4153137207031,515.3305110988643,496.8391409378883,509.9138551730959,59753
2024-08-27,482.3729248046875,500.57478617429837,481.4296684194978,495.9052452584934,116660
2024-08-28,476.9749755859375,485.63229489039566,475.35930403694493,482.37296418527137,90289
2024-08-29,523.15673828125,524.6696651487218,477.4139285448422,477.4139285448422,201549
2024-08-30,540.5367431640625,563.1466827377083,531.1136407085968,531.1136407085968,293317
2024-09-02,530.1983642578125,548.1947944732779,525.790344679001,543.5346014266049,62214
2024-09-03,557.2256469726562,560.3449254716578,532.327679198075,541.6667612892693,183115
2024-09-04,560.0647583007812,574.3535423442202,557.5618911677869,560.3449193602148,140599
2024-09-05,555.0123291015625,565.0145072629774,551.0058831159615,565.0051590600148,74065
2024-09-06,556.1236572265625,561.2788489212762,551.9397665764963,555.2084453971693,63743
2024-09-09,519.6825561523438,563.6135755559287,500.57477464453655,560.3448969901528,348759
2024-09-10,529.3017578125,530.3570785135083,524.8563461872304,524.8563461872304,67358
2024-09-11,516.5913696289062,532.327700790373,513.6495358503599,532.327700790373,99246
2024-09-12,514.8449096679688,522.5216072612435,511.7723153893454,516.5913133394674,73375
2024-09-13,517.4131469726562,519.2435704208264,513.649469860182,519.1595506100825,57439
2024-09-16,514.3312377929688,522.0546767429593,508.9799621197009,515.5640034404524,103503
2024-09-17,514.3312377929688,514.3312377929688,514.3312377929688,514.3312377929688,0
2024-09-18,513.5468139648438,520.1868878475565,512.7156219538753,518.3190713741362,123568
2024-09-19,513.2666015625,518.2723355303486,510.96916700951385,518.2723355303486,81250
2024-09-20,519.0755004882812,530.4598434220538,504.3104145209667,516.3578527794601,1384871
2024-09-23,513.8456420898438,527.6581236013725,512.7155926675283,517.3851335843547,96855
2024-09-24,510.6610107421875,521.1207943589584,508.4196651822448,516.2644601438967,58778
2024-09-25,517.3103637695312,518.8793225524815,509.9138275067008,513.6494599426474,34542
2024-09-26,512.332763671875,525.0618809695213,511.7817327112218,522.988631967672,207974
2024-09-27,512.1085205078125,518.3190326180527,511.781675449897,518.3190326180527,26595
2024-09-30,517.2077026367188,519.2529638932541,510.100674850778,513.6588628448893,46487
2024-10-01,515.0597534179688,518.3190841240645,511.78172630628353,517.2077310149923,42710
2024-10-02,513.8269653320312,520.1868780238716,513.1825663808213,513.6401722879698,158236
2024-10-03,519.1876220703125,522.9886356013494,513.8269976755968,513.8269976755968,48575
2024-10-04,518.5338134765625,522.9885736748655,516.4512165039297,518.3190328384828,144011
2024-10-07,515.377197265625,520.1681507048377,513.8362829964728,517.3851226177928,40263
2024-10-08,517.0863037109375,518.3190694188928,514.583436486144,516.4699493575773,56856
2024-10-09,517.0863037109375,517.0863037109375,517.0863037109375,517.0863037109375,0
2024-10-10,518.991455078125,521.120793206659,517.8521143962229,520.1868849751057,38068
2024-10-11,515.9842529296875,521.1207477552318,514.630074711798,518.7859773799844,52563
2024-10-14,509.5310363769531,520.1775564180025,508.5130512855709,518.3190880872211,129012
2024-10-15,509.18536376953125,514.5740319252261,506.17820694861814,514.5740319252261,57164
2024-10-16,507.9713134765625,511.7816747525833,504.3104094277281,504.35709343576224,70269
2024-10-17,504.2637634277344,509.91389685527935,503.39523560840377,508.9799886192807,106128
2024-10-18,499.5661926269531,506.17827909653084,496.83919645637343,505.24437083251513,108898
2024-10-21,525.6595458984375,543.5345621909936,502.4519503648302,502.4519503648302,307031
2024-10-22,525.8369750976562,532.3182999712503,522.7084055799386,524.8750793389657,726886
2024-10-23,519.066162109375,527.6581288825768,508.99866143257486,527.6581288825768,139594
2024-10-24,524.6696166992188,528.5453585396066,513.7896203421822,519.0661674849133,183669
2024-10-25,519.6732788085938,555.675431948901,481.8966771187107,525.3234125567341,942791
2024-10-28,504.0022277832031,525.743638274875,501.975662927636,525.743638274875,259132
2024-10-29,508.6157531738281,518.3190734728322,495.9052757010341,504.3104498654584,451918
2024-10-30,507.9806823730469,518.319053027638,506.1782463801438,515.4239603968057,371180
2024-10-31,503.07763671875,513.5561158298189,500.62145371772215,502.44258601523524,193116
2024-11-01,514.6114501953125,522.9885791834273,500.6214669413184,508.9799565267284,220255
2024-11-04,526.6495361328125,535.036071165814,519.2623467909975,522.9792834685524,525258
2024-11-05,538.0992431640625,542.6006877233615,522.9979628757221,531.3471048257317,363175
2024-11-06,532.3556518554688,551.0057689103721,526.7241587549997,538.0991523645617,408914
2024-11-07,533.9246826171875,537.8844443026262,525.7903215974297,536.0539636927844,119067
2024-11-08,548.5776977539062,552.8736526598921,529.5259477333764,534.1394565069052,1656252
2024-11-11,555.59130859375,565.9483757318274,551.0058443593699,557.54320183482,509202
2024-11-12,545.7385864257812,564.0712090981434,543.5345767364929,560.3449244706112,207974
2024-11-13,536.8291015625,550.7163115017602,535.1293818515497,550.7163115017602,197131
2024-11-14,545.0941772460938,558.4490529616012,536.0633010099814,541.5733821309602,297692
2024-11-15,538.6502075195312,547.6437473237617,533.2708875991061,544.4684368981353,175438
2024-11-18,544.0015258789062,551.0058373709094,538.8650307847706,551.0058373709094,154541
2024-11-19,541.7975463867188,547.2702350569921,540.7328773003385,546.7939327288095,216195
2024-11-20,541.0690307617188,544.4684702252389,536.9972047676026,544.4684702252389,292809
2024-11-21,544.2069702148438,546.3269601131468,537.0999423459413,541.0690522781481,308946
2024-11-22,542.068359375,552.8736846809569,538.9864735464513,546.3363269229051,205387
2024-11-25,537.968505859375,545.3090682716036,536.9972617672329,541.5734351462662,99254
2024-11-26,529.7967529296875,541.4706052241518,522.9979309940321,541.4706052241518,229062
2024-11-27,533.8966064453125,547.2608298441656,532.3836797964785,536.9971883556177,484849
2024-11-28,540.3873291015625,541.6667788293882,535.1294211538612,538.8650541113052,84129
2024-11-29,553.6581420898438,557.5431749790051,545.4023688236834,546.3362769894775,440365
2024-12-02,555.8715209960938,561.8298598802706,553.8075633508516,556.6653201666768,252140
2024-12-03,551.6129150390625,555.7781092352961,545.8693566637492,555.6753930110021,300776
2024-12-04,565.6776123046875,573.2328984694383,547.2702593412121,551.0058925107767,466332
2024-12-05,600.904541015625,605.6861463975894,569.6933452057077,574.3535379626383,1124578
2024-12-06,587.6243896484375,606.1064121105325,585.560432038989,605.1725039254623,328884
2024-12-09,615.5762939453125,621.9828908221328,588.3621940209365,589.2961022654141,724848
2024-12-10,602.1279296875,639.7270808128428,591.1638571598971,616.379377133542,883192
2024-12-11,602.2026977539062,615.8937670078998,597.70125334947,606.106427224697,248131
2024-12-12,594.5726928710938,610.757281332009,593.0317215029153,607.0403448455038,322404
2024-12-13,586.5504150390625,596.748677200432,579.0231168007028,596.748677200432,457342
2024-12-16,586.1207885742188,595.8334570698961,583.692649950917,593.0317323501317,350586
2024-12-17,577.1085815429688,588.3621639128004,574.3535409624957,586.5410315290143,282928
2024-12-18,570.9727783203125,592.0977764466874,560.3542470472897,579.0230621402936,257367
2024-12-19,553.6395263671875,578.0892388705458,551.005898115706,570.6179724554177,236133
2024-12-20,565.34130859375,570.6179127478032,534.1954927851774,560.3262260974564,183185
2024-12-23,581.74072265625,593.9656058830325,566.8916167099134,591.1638813269805,317188
2024-12-24,583.169677734375,593.031746706644,577.1553062436315,587.5216651572214,281091
2024-12-26,571.4771118164062,592.0978216277631,569.235766250733,577.2019738632214,268486
2024-12-27,575.6983642578125,581.8247996757941,568.750085076338,568.750085076338,131268
2024-12-30,582.2077026367188,584.6265500248728,572.11215698423,581.2645032086102,163972
2024-12-31,580.227783203125,587.4282356743619,575.2874295316485,584.9066722290906,201956
2025-01-01,580.227783203125,580.227783203125,580.227783203125,580.227783203125,0
2025-01-02,675.0382080078125,675.0382080078125,621.0489753066894,621.1423433295498,1803338
2025-01-03,682.9577026367188,703.2328700479198,658.4052767380923,686.4131743545978,1133063
2025-01-06,672.14306640625,691.0920425664464,662.6078435147213,691.0920425664464,537413
2025-01-07,659.3111572265625,671.4800086663234,638.7932210400072,671.4800086663234,654488
2025-01-08,643.2293090820312,668.6783089694873,639.7271531342162,659.3205300365299,226667
2025-01-09,630.369384765625,649.06624653943,628.9872187687859,644.3967051974198,199655
2025-01-10,637.1962280273438,647.1236771081933,625.7185163596391,632.3212544097316,215285
2025-01-13,672.6754150390625,687.3564243507452,640.1940609951573,644.2939316087408,1201545
2025-01-14,662.3837890625,677.0834961201379,660.2731472509482,674.2817713086063,228283
2025-01-15,668.2300415039062,709.7702617400888,664.9426662617674,700.4311793487718,1362027
2025-01-16,646.3017578125,667.7349606651776,640.8477662873402,663.0747682451721,629881
2025-01-17,656.4441528320312,660.27315397965,639.7271718190386,649.0662546193165,354027
2025-01-20,665.7644653320312,681.7249241455359,655.6035398130075,661.6645947574635,377131
2025-01-21,651.195556640625,668.6782913098084,649.0662185199956,667.744383081722,254594
2025-01-22,640.5116577148438,662.9814878755695,635.1603246944173,646.7314615642902,310024
2025-01-23,648.291015625,651.8678998610867,634.59059879027,640.5116016431887,226553
2025-01-24,650.5884399414062,657.2845454252775,645.5173255204533,652.8017976996888,177363
2025-01-27,638.9800415039062,656.537505353511,636.0195682864849,651.8679640636568,145055
2025-01-28,636.6732177734375,641.6976484402858,629.454125641123,637.485713345843,161690
2025-01-29,638.4663696289062,649.7199521426248,635.2910589190783,639.7271229100604,328225
2025-01-30,640.0819702148438,644.2004800616969,636.9253561185566,638.8025206138242,136599
2025-01-31,642.1272583007812,646.2644647246947,639.7271074225663,639.7271074225663,137754
2025-02-03,625.9613037109375,637.8592847633392,583.6926105081801,631.5087205612565,365227
2025-02-04,597.7479248046875,620.5539468134457,593.965608040525,611.7098636266413,349067
2025-02-06,577.2206420898438,590.2112799379719,574.3628853072237,588.3621599613448,210827
2025-02-07,585.6912231445312,593.0223799758487,576.2213799780478,579.0231046781032,136615
2025-02-10,605.5274658203125,616.3794756651051,579.0324920097767,579.0324920097767,226063
2025-02-11,611.9246215820312,621.0489224881532,605.1724838681553,607.2737772149196,148715
2025-02-12,599.2796020507812,611.7099188858004,596.767386516071,607.04037752026,187352
2025-02-13,592.2471923828125,602.3427376314293,589.2960675844847,599.5690576691588,98965
2025-02-14,588.352783203125,601.3434774219729,583.6925906793379,588.3714796064202,81985
2025-02-17,581.3485107421875,594.8714833411755,579.023088426607,588.3621704980039,94743
2025-02-18,598.8032836914062,605.1725447837539,578.0892055881847,583.5712424445683,126070
2025-02-19,624.6071166992188,646.2644492959936,602.3707656010345,606.1063982559245,925528
2025-02-20,621.5346069335938,627.4929458425664,618.2472318110617,625.7091492500342,167371
2025-02-21,620.29248046875,623.8506683781028,618.069774425508,623.8506683781028,110759
2025-02-24,615.7537231445312,621.9828750165588,607.0403434846294,621.0489667958132,317378
2025-02-25,613.6524047851562,619.6387311570508,607.9742270727342,616.379400718901,212128
2025-02-26,616.9024047851562,622.9167759363148,614.5116020481187,619.1811430971165,194516
2025-02-27,625.3916015625,629.4540791243094,618.714135637767,621.0022219547109,224332
2025-02-28,632.4520263671875,635.524563988583,625.7465719737752,625.7465719737752,388311
2025-03-03,591.7639770507812,608.6979839417817,589.2620026054445,608.6979839417817,174448
2025-03-04,588.3056640625,595.0483480561368,586.3639880457246,595.0483480561368,89161
2025-03-05,580.0366821289062,591.65767094527,576.7136284823678,591.65767094527,104904
2025-03-06,579.3604736328125,583.80406518624,572.3569497748085,579.6019744555023,96297
2025-03-07,584.3546752929688,586.3543091155756,577.6796187115507,580.5679590241518,77422
2025-03-10,577.5154418945312,589.2523466760302,576.6170069357968,585.3980029220999,222564
2025-03-11,573.5838012695312,579.582644058998,569.9419499424773,579.5054062459161,125989
2025-03-12,566.9280395507812,573.5838166510673,561.2479352483224,573.5838166510673,142587
2025-03-13,567.8843383789062,575.7379496913409,566.077916978399,567.5269218853402,114145
2025-03-14,566.416015625,574.7816372835209,565.1119347442707,574.7816372835209,90830
2025-03-17,566.213134765625,571.8738994168474,565.1118769575265,571.8738994168474,94147
2025-03-18,567.2467651367188,571.8738992785355,565.5948784249706,566.0778800290909,65331
2025-03-19,568.1837768554688,571.7773395563407,567.0439001110437,571.7773395563407,77315
2025-03-20,577.428466796875,579.6019742001255,568.009934716123,569.9516107633193,204850
2025-03-21,586.7407836914062,597.9463988677335,579.6020048479231,579.6020048479231,283258
2025-03-24,570.3959350585938,592.1600175103832,568.975938521396,592.1117291378551,211287
2025-03-25,569.2850341796875,574.7525865536015,568.009902832803,569.9419093050234,87164
2025-03-26,570.7340698242188,579.988397834258,569.2850648918815,579.6116424014115,90399
2025-03-27,577.8148803710938,579.5633439339186,565.1119137681388,575.2259397188043,144798
2025-03-28,577.8148803710938,577.8148803710938,577.8148803710938,577.8148803710938,0
2025-03-31,577.8148803710938,577.8148803710938,577.8148803710938,577.8148803710938,0
2025-04-03,581.9107055664062,589.165399328347,576.7039339552997,576.7039339552997,261611
2025-04-04,581.9590454101562,590.1314547644552,581.5533405225449,583.3404230895412,180267
2025-04-07,578.945068359375,584.4319596824974,545.9850425565731,574.7719272910512,1520831
2025-04-08,568.8406372070312,584.4319431974811,565.1118789595478,581.5339335617911,499625
2025-04-09,566.82177734375,573.7576739886615,565.0153558827573,569.9419491472532,83134
2025-04-10,585.0308837890625,589.0687703005059,571.873924235458,571.873924235458,322905
2025-04-11,577.0324096679688,582.9636248376136,574.7719361112124,579.1189507540703,103638
2025-04-14,576.0953369140625,581.5339397719316,574.771917216444,581.5339397719316,45360
2025-04-15,577.9984130859375,580.5679557997523,571.7869602762177,577.022740365527,110496
2025-04-16,583.147216796875,589.0688219579112,579.6020010658682,579.6985778153133,665666
2025-04-17,583.34033203125,584.5284970681523,579.5922349989021,580.567907638375,76148
2025-04-18,587.7647094726562,588.7886705944724,579.6019699373397,585.378650703797,258608
2025-04-21,599.134521484375,605.6260941361079,588.2959930657163,588.2959930657163,306588
2025-04-22,595.4927368164062,603.2690514684427,594.9807267744907,602.786049825954,99740
2025-04-23,582.2198486328125,591.6769993643417,580.7611742701417,591.2616250359255,113314
2025-04-24,582.3550415039062,587.8612718760186,561.247893864329,574.771939499614,601180
2025-04-25,580.75146484375,587.3299442623613,561.2768663185719,581.5339250755617,670247
2025-04-28,575.1390380859375,595.2415640026015,571.9898579566495,580.751514789432,243901
2025-04-29,573.0814819335938,584.4320211880729,564.1942394061389,566.0779577127449,121281
2025-04-30,542.7006225585938,582.4999688740252,539.0298219431278,573.0814370389975,238878
2025-05-02,550.447998046875,560.2819043971083,545.7821856789988,545.8401435175989,169935
2025-05-05,557.325927734375,559.3158921078202,548.6898561610395,550.4479891838171,75178
2025-05-06,554.8046264648438,560.2721785565212,551.2980301819625,556.4275047425165,49487
2025-05-07,537.2716674804688,554.3892753146345,502.321677818256,502.321677818256,198457
2025-05-08,513.6046142578125,547.7238570114148,483.54259705188247,545.8015199274873,215118
2025-05-09,521.2843627929688,526.4717957702591,487.831663970607,513.9137529353721,100920
2025-05-12,573.3712158203125,573.4098936847183,550.6218511313896,573.4098936847183,260492
2025-05-13,568.1934814453125,574.7719615374439,562.2139186803232,569.9419450539359,129996
2025-05-14,563.4986572265625,571.8738883734586,560.2818500956182,571.8738883734586,82988
2025-05-15,560.6103515625,566.0779040103,557.8668763924032,562.2138910136428,83243
2025-05-16,561.0450439453125,566.6575208455766,559.3159192375771,562.2139291818132,88038
2025-05-19,567.642822265625,579.5826082266584,558.3498757629914,563.1798919893148,238465
2025-05-20,557.6929931640625,567.5172295280158,556.4178618221678,565.2181371182575,114291
2025-05-21,559.9534301757812,562.2139037725954,558.6976377154003,560.185320487377,36500
2025-05-22,558.0986938476562,565.082878298029,557.3935303605685,565.082878298029,37039
2025-05-23,558.60107421875,562.1945781715309,556.8043222423595,559.7989088696769,25330
2025-05-26,556.0314331054688,561.2478741080924,555.4518547541362,561.2478741080924,34804
2025-05-27,550.8923950195312,558.832913913763,549.6558824838914,556.031480735316,41051
2025-05-28,550.8923950195312,550.8923950195312,550.8923950195312,550.8923950195312,0
2025-05-29,548.7575073242188,553.52956603348,548.4000908163727,553.0368949118102,71665
2025-05-30,542.1307373046875,548.3904198686147,534.199828926254,548.3904198686147,214451
2025-06-02,539.3775634765625,545.7821697759869,538.0638131997985,544.8258359868695,152246
2025-06-03,543.4541625976562,544.8258707989781,540.0924309615174,544.8258707989781,130975
2025-06-04,542.719970703125,547.7238606262192,541.9278409370529,545.7918540631638,52482
2025-06-05,540.5464477539062,545.5986259035602,536.131805809231,542.7199550747545,63628
2025-06-06,540.5464477539062,540.5464477539062,540.5464477539062,540.5464477539062,0
2025-06-09,540.5464477539062,540.5464477539062,540.5464477539062,540.5464477539062,0
2025-06-10,543.14501953125,545.791859113502,540.9618426611702,540.9618426611702,82507
2025-06-11,547.6466064453125,552.5539200059601,540.9618797261148,545.5986840460198,82679
2025-06-12,547.1152954101562,551.5782260299369,545.791875579105,546.757878898714,56002
2025-06-13,536.8466186523438,542.8938082274346,535.1657824875423,538.4985053799023,108855
2025-06-16,536.8466186523438,536.8466186523438,536.8466186523438,536.8466186523438,0
2025-06-17,539.5514526367188,549.6558682058446,536.1318222394442,536.6148238811013,57108
2025-06-18,536.0932006835938,539.9958327032328,535.6488179498078,539.9958327032328,25778
2025-06-19,530.0266723632812,542.4978077203151,527.4377906492333,542.4978077203151,58347
2025-06-20,528.7998657226562,535.1658537156453,527.4378269471883,535.1658537156453,42898
2025-06-23,512.387451171875,525.5057924254588,507.2096876616513,525.5057924254588,48159
2025-06-24,532.1615600585938,537.0881531931693,521.632100742534,536.1221499150047,88140
2025-06-25,529.9010620117188,536.1317946606171,528.4037687916352,532.2774511920877,65434
2025-06-26,531.1279296875,534.1032362942786,529.36979664532,532.7508081202444,64700
2025-06-27,533.1178588867188,534.6827793778414,529.3697616965801,532.4609837758908,46096
2025-06-30,539.6673583984375,542.8938352478973,535.1175207521259,535.1175207521259,120721
2025-07-01,537.87060546875,542.1693317845077,532.518968613185,539.9958244410509,52301
2025-07-02,550.621826171875,553.5198357833059,539.0297877261513,540.527080900026,950415
2025-07-03,533.54296875,555.4519172997514,531.0120447305952,551.5879039620139,372580
2025-07-04,538.3439331054688,538.9332399011255,533.2337971088332,538.5468150148089,81988
2025-07-07,540.7686157226562,541.8988230333758,536.1318118446802,538.0638183738503,78660
2025-07-08,539.6190185546875,547.723799330133,537.0977644224938,540.942438185463,155698
2025-07-09,538.5081787109375,539.9958024508878,536.2767136209332,539.9958024508878,57335
2025-07-10,538.5758666992188,540.9618666315181,537.0978532984359,538.0735260986654,54654
2025-07-11,553.4619140625,563.1799045685178,543.8501697653963,543.9371360018825,308695
2025-07-14,556.611083984375,558.2533013000566,554.4858650440906,555.4518682932962,133992
2025-07-15,548.428955078125,556.6110325013902,547.7237916386789,556.6110325013902,82662
2025-07-16,544.3814697265625,548.4290258470618,541.7346301606336,548.4290258470618,41954
2025-07-17,553.973876953125,555.4518902838012,545.8015268758006,545.811196342301,138454
2025-07-18,549.1438598632812,554.4858863374094,547.7238633332946,553.9738762947918,89138
2025-07-21,553.2493286132812,561.8853996454069,545.8497699874403,551.1048297938369,178722
2025-07-22,555.7803344726562,560.1756374576473,553.5198609305744,554.4761947121693,139097
2025-07-23,556.5820922851562,559.3158980712755,553.0368767630487,555.7803520155755,65482
2025-07-24,552.119140625,559.3158765627878,550.6218473934181,556.5820708817971,60647
2025-07-25,551.3173217773438,556.417847009136,547.9653189512716,551.5878309760706,56863
2025-07-28,549.201904296875,553.5199109030408,548.2068925610395,552.5539075681314,51350
2025-07-29,547.7528686523438,550.621870095649,546.7578569721707,550.621870095649,41920
2025-07-30,547.946044921875,550.6218929883867,547.2408813647738,550.1388913278706,23428
2025-07-31,547.3471069335938,551.4816292925352,546.6129350036762,548.6898656496187,68038
2025-08-01,549.2887573242188,555.4035743390597,540.9618141165939,547.3374119131903,51261
2025-08-04,550.4093627929688,551.5878584628886,547.2505132826815,550.6218552081374,37140
2025-08-05,548.4966430664062,551.1048636786528,545.7918457115492,550.3320728572879,49075
2025-08-06,548.4386596679688,551.5781701385719,545.0190294887225,549.6461636951237,33010
2025-08-07,548.1585693359375,550.6218658913139,536.1318167889109,548.2068577075801,108742
2025-08-08,543.2898559570312,548.6898400080308,539.0491465455631,548.6898400080308,95182
2025-08-11,541.155029296875,543.859826589123,539.2326922741729,543.2898587324655,69453
2025-08-12,541.98583984375,547.3954350461452,539.0298719366973,543.3478786314397,118079
2025-08-13,542.3915405273438,545.7918911767954,539.995871093502,542.0824123810149,65038
2025-08-15,545.936767578125,549.4819830439033,543.8598369789548,549.4819830439033,68364
2025-08-18,550.1678466796875,554.4761833415649,544.3428189146496,546.4873177796842,65503
2025-08-19,550.55419921875,555.9348441425773,549.65582331386,552.5538329271141,196518
2025-08-20,575.8248901367188,579.1189352018192,546.2748254489221,552.0611753511748,651319
2025-08-21,560.764892578125,578.8291653369286,556.4178779069767,577.6699496325904,290665
2025-08-22,557.7316284179688,565.1022380135347,556.4178781339243,560.7648928068455,67986
2025-08-25,552.9982299804688,560.1852963662933,552.5538472692457,557.7316104288832,75290
2025-08-26,554.7177124023438,556.4178876036473,551.587871218199,553.5102083059817,36840
2025-08-27,552.7180786132812,557.8668925896638,551.1531580210114,551.1531580210114,88948
2025-08-28,553.432861328125,556.4178371260091,550.6218179892797,555.4518339365542,45135
2025-08-29,552.6697998046875,555.9348956549736,550.7281237502683,553.3266749693383,68155
2025-09-01,547.3567504882812,552.5538526301821,541.9278170026785,552.5538526301821,80933
2025-09-02,543.14501953125,545.791859113502,536.1801145813292,544.8258558230357,55844
2025-09-03,552.4668579101562,555.4421642412901,542.0437047259054,543.8597954381419,131085
2025-09-04,550.8923950195312,555.4422328676266,546.7578725586687,552.4669261688857,58804
2025-09-05,552.1094970703125,554.4858863804583,550.6218732349499,550.718449979523,64645
2025-09-08,550.3417358398438,553.4136191166864,549.655852302877,551.5878588136076,93086
2025-09-09,549.3853759765625,551.5878918315141,545.3088702957788,551.5878918315141,74064
2025-09-10,551.3270263671875,553.0368710190742,545.9367705821948,551.104864482763,113824
2025-09-11,554.9012451171875,563.1219422867555,551.5878610132901,551.5878610132901,218747
2025-09-12,553.8579711914062,560.2819167520247,553.61647036522,554.9206102027232,76231
2025-09-15,548.2261962890625,556.4178851757879,545.7918491741669,555.7899594643551,230064
2025-09-16,546.912353515625,550.505916129803,544.8258125165414,546.9993197473254,129061
2025-09-17,548.428955078125,552.4572307060376,545.7917853189658,547.7237916386789,115341
2025-09-18,550.0712280273438,552.070861846258,548.2165182811669,550.6025180271148,167006
2025-09-19,548.2744750976562,551.5878591906048,545.7918396544513,550.6218559345792,108364
2025-09-22,546.5453491210938,552.0708594307931,545.7918382824114,550.6218545503973,134208
2025-09-23,546.5453491210938,546.5453491210938,546.5453491210938,546.5453491210938,0
2025-09-24,546.0140380859375,546.7578795101206,544.5843720385698,546.1686316349394,72329
2025-09-25,543.6279907226562,546.7578317748089,541.9374850590415,546.0139904155677,75773
2025-09-26,537.0108642578125,545.6469360490238,536.1511661374241,543.8888619420529,251179
2025-09-29,521.632080078125,536.131798142598,520.6757463042528,531.4467060131631,485778
2025-09-30,511.5084228515625,523.5737947772875,510.0497484177266,521.6417881544932,382034
2025-10-01,503.77069091796875,511.0157152360603,503.28768929676266,511.0157152360603,207866
2025-10-02,493.6952819824219,503.28768706175805,489.7636417280448,502.3216838236357,399045
2025-10-03,502.7756652832031,517.7777235211753,484.93361419333957,493.1446415252985,334529
2025-10-06,516.406005859375,518.7437170886216,504.3502458609456,506.99714414878554,309895
2025-10-07,516.406005859375,516.406005859375,516.406005859375,516.406005859375,0
2025-10-08,513.884765625,521.6418007029995,512.9477706912828,519.7194635007017,90378
2025-10-09,509.3252258300781,515.8360784582727,507.44150765517514,512.9477381048298,65337
2025-10-10,508.166015625,509.3735197296883,507.15172396909406,509.325231357533,44259
2025-10-13,502.2926940917969,505.12313556961976,491.6956664766642,503.28770576491564,519870
2025-10-14,514.0682983398438,515.8361009157306,502.3217239679873,502.3217239679873,116014
2025-10-15,506.41595458984375,519.2025527264633,505.57333037911206,519.2025527264633,172631
2025-10-16,507.3467712402344,514.9011452190581,506.5629334006001,506.5629334006001,89681
2025-10-17,506.435546875,516.8509557533786,505.8280680714345,507.7876925482246,98907
2025-10-20,507.91510009765625,511.46201580617196,506.5629543520899,511.44240042339686,71514
2025-10-21,510.0902404785156,511.46200156867155,506.57274794207854,511.46200156867155,68620
2025-10-22,508.7577209472656,511.4522047291744,507.5427632831752,510.48220013616657,50421
2025-10-23,500.8800354003906,511.3346153889298,499.70424873688154,509.5121789521374,122600
2025-10-24,502.45751953125,504.6033107594147,499.7042494899058,502.49669049232824,37863
2025-10-27,491.35626220703125,504.6033131787579,489.42603086153025,502.5457313568966,160299
2025-10-28,488.3482360839844,494.1683233480471,487.9465094659231,491.35626692311564,98587
2025-10-29,482.0382385253906,490.88594203304,480.59791330779666,489.89632208241846,256505
2025-10-30,480.09820556640625,487.9465114332394,478.1483887136964,486.37880581781303,97383
2025-10-31,490.5920104980469,493.3354728651989,480.5979134863556,480.5979134863556,71224
2025-11-03,496.2651062011719,497.25472616063087,488.926321880108,494.79538779872667,67195
2025-11-04,503.76068115234375,508.42459699920255,492.8847592707805,497.2351280234058,136598
2025-11-05,518.7420043945312,530.0784395668018,507.5525649843738,507.5525649843738,559606
2025-11-06,514.4798583984375,521.2601427586546,511.95192592367863,519.2907104703539,103922
2025-11-07,519.2613525390625,524.199585044798,511.3640677247131,514.4798636893673,136270
2025-11-10,522.0929565429688,525.6692953345703,519.3005154283733,524.1995768946787,175099
2025-11-11,514.5581665039062,522.1811343900077,511.4619861577242,521.2601084979104,140404
2025-11-12,504.4563293457031,517.340884772116,503.24137168479336,516.3610724903507,194134
2025-11-13,503.3099670410156,509.5023878543745,498.2443542758408,505.77911313449937,77587
2025-11-14,506.41595458984375,509.38481451302084,501.66388893809335,509.38481451302084,35862
2025-11-17,503.5549011230469,509.4044113375017,499.71405385812955,506.3179788370364,44750
2025-11-18,501.87939453125,505.0932073689273,500.78203951329397,503.65291208826824,28195
2025-11-19,500.9388427734375,504.6033311828686,499.70426971507374,501.6638943021917,38334
2025-11-20,498.7244567871094,502.82987268401894,496.7648322024842,502.1537998102034,59849
2025-11-21,499.00860595703125,501.6638888714117,498.5284776053662,499.70426430550776,26293
2025-11-24,496.3141174316406,501.4581318679357,495.71641639597806,501.4483241767207,30835
2025-11-25,493.2571105957031,498.6264627470644,491.75799900506064,498.6264627470644,43959
2025-11-26,495.5008544921875,497.25472682720914,493.81557619239794,495.1971150807281,40722
2025-11-27,497.666259765625,499.70425612413914,496.7550116322606,496.7550116322606,36076
2025-11-28,497.32330322265625,499.70423977699926,495.3048924109708,499.70423977699926,45291
2025-12-01,501.644287109375,507.5427460967715,491.4248226047212,497.3233114936147,75271
2025-12-02,504.05462646484375,504.60331894380846,498.7342530162228,498.7342530162228,54257
2025-12-03,497.009765625,506.54331971530905,494.80518805446036,504.6033105901922,184534
2025-12-04,496.353271484375,499.70424250252097,481.64631009197535,498.71462257143907,58476
2025-12-05,497.7054443359375,501.17398822805853,496.35329858639045,497.7446452001051,34397
2025-12-08,496.2455139160156,499.70424997961857,495.39308203852516,497.7054246072809,38553
2025-12-09,496.81378173828125,499.70423979179316,495.7849908522497,496.2455037987059,39212
2025-12-10,499.12615966796875,504.5934988422916,496.75500087672685,499.69443761381365,315826
2025-12-11,497.5094909667969,501.66388544969794,495.3440843071642,501.6442999687117,105744
2025-12-12,498.9106140136719,501.663884110518,495.3440829848548,499.7042595632113,53897
2025-12-15,498.20513916015625,501.6540675378157,496.9313951875568,500.19415684439826,57696
2025-12-16,502.10479736328125,505.08340506168753,497.54864649872843,498.1365398265575,242932
2025-12-17,501.2425537109375,503.6234902726377,497.74461684533065,501.66386579686866,137059
2025-12-18,502.42816162109375,503.6235038781687,500.69387477622814,503.1335977459915,66811
2025-12-19,503.6235046386719,507.5427537020078,499.7042555753359,502.64369237283785,178631
2025-12-22,508.44415283203125,513.42161577561,500.69386429652184,504.60330558099076,231884
2025-12-23,520.1431274414062,526.9234714098127,514.4014418903583,515.3812541606258,575502
2025-12-24,510.49200439453125,520.4370631318093,509.6493801883925,520.143131409086,91943
2025-12-26,502.7319030761719,511.46200407376847,502.2517448301693,510.6095721845518,78432
2025-12-29,503.13360595703125,507.05285507841023,501.6638875365141,507.05285507841023,39010
2025-12-30,503.3687438964844,504.60331691995214,501.6638801223602,504.60331691995214,50059
2025-12-31,514.5875854492188,520.2802920910901,502.93760372745527,504.60329647252615,210641
2026-01-01,514.5875854492188,514.5875854492188,514.5875854492188,514.5875854492188,0
2026-01-02,523.3961181640625,526.6491021200285,518.3206977144094,524.9050075508255,138726
2026-01-05,529.4513549804688,537.9169475237252,524.2289985298802,524.2289985298802,344162
2026-01-06,520.486083984375,530.0784243299559,518.8105835170271,529.0986120853534,226212
2026-01-07,523.885986328125,528.1187822602619,520.6722333703676,520.6722333703676,60381
2026-01-08,522.8768310546875,526.6392766044424,521.0739502016427,526.159178170494,116457
2026-01-09,522.6416625976562,524.1995904976881,519.3005289042518,521.2601535416263,64616
2026-01-12,526.4432983398438,533.889907265999,518.3304840680194,519.3102963106983,233227
2026-01-13,523.5038452148438,526.1591578384125,519.4474681074803,526.1591578384125,100641
2026-01-14,519.9177856445312,526.9430228219518,519.2515204823778,524.5424708181821,80722
2026-01-15,514.4112548828125,523.0237832981408,513.9115410513472,519.3984659001918,124625
2026-01-16,519.173095703125,522.2007417731854,513.4216027617697,515.3714195091229,62090
2026-01-19,531.528564453125,532.5181844577977,519.3005259230656,519.3005259230656,258334
2026-01-20,527.5994873046875,532.0282579270877,525.1891873807757,531.0582533427821,108750
2026-01-21,526.1199951171875,529.5787011821129,524.3073066148281,527.599461345945,60986
2026-01-22,523.6900634765625,527.0410646295759,522.2399603970346,525.639880401873,57647
2026-01-23,520.9857788085938,525.0716392468275,518.8106241606116,523.6900703840296,142091
2026-01-26,539.0632934570312,542.3162773312662,520.9857453290215,520.9857453290215,745622
2026-01-27,548.322509765625,553.5840966027229,542.0811107085387,542.0811107085387,1088516
2026-01-28,541.679443359375,552.1242158770226,538.9947074966371,548.6948729212647,190982
2026-01-29,539.484619140625,543.7958171073591,524.3465672094924,541.8361925412065,336185
2026-01-30,541.5029907226562,547.6170691595077,534.2915871956927,541.836153188023,169200
2026-02-02,556.3275756835938,562.2064491813236,542.1301057550552,542.1399134460304,495010
2026-02-03,559.355224609375,564.3718585679618,556.5333605322957,559.4727972956705,271356
2026-02-04,562.2162475585938,565.3516586660404,559.4727852657003,562.4122219658703,270537
2026-02-06,564.940185546875,579.069061989669,562.422060791305,565.351689962841,824425
2026-02-09,559.28662109375,568.2616748791183,557.5131633353653,568.1441021948161,178084
2026-02-10,561.6577758789062,565.2537300158766,551.6343153602079,558.483193650286,363728
2026-02-11,557.1212158203125,570.2507237593364,556.533352397428,563.8819441984504,341141
2026-02-12,546.7156372070312,561.4324367990004,539.8765666252167,557.1212388430454,234147
2026-02-13,545.2263793945312,553.5939549904405,543.7958318932644,553.5939549904405,142504
2026-02-16,520.5546875,546.735242447233,519.2025417935791,545.7554301847828,298356
2026-02-17,537.8287353515625,539.876569341694,517.1155490851726,520.77022977334,524195
2026-02-18,539.0437622070312,544.7658325646478,536.5746160674723,540.2685275853049,166568
2026-02-19,533.65478515625,543.7860106974553,531.0582586787808,539.0437527258687,102651
2026-02-20,526.815673828125,537.916964168649,502.653528308295,533.9879071934001,109763
2026-02-23,518.5950927734375,535.9573383562484,509.5024057499985,527.1390274874984,172361
2026-02-24,521.0641479492188,524.1995591420692,510.48218750096834,518.5950617198567,125669
2026-02-25,519.741455078125,526.0416410948008,517.3409029428851,522.2399645237837,62128
2026-02-26,524.7874145507812,526.1493679241794,514.4014286739895,519.7414173703468,233299
2026-02-27,519.6238403320312,524.1995467334459,513.4216121277116,522.2399222596761,122877
2026-03-02,485.3500061035156,518.3206824774026,475.2089432921366,475.74782807135364,344536
2026-03-03,488.510009765625,494.8900146484375,475.010009765625,491.0,220885
2026-03-04,494.6099853515625,501.0,480.0,495.0,150042
2026-03-05,496.3500061035156,498.0,480.0,494.0,109310
2026-03-06,500.45001220703125,503.0,492.0,496.3500061035156,191582
2026-03-09,498.1300048828125,500.0,465.0,490.0,772168
2026-03-10,505.9100036621094,519.8900146484375,504.0,505.0,97919
2026-03-11,499.5799865722656,512.0,496.0,512.0,52040
2026-03-12,497.2300109863281,500.07000732421875,495.0,500.07000732421875,32428
2026-03-13,496.57000732421875,499.9700012207031,495.0,498.0,24436
2026-03-16,497.95001220703125,500.0,494.0,500.0,68271
2026-03-17,498.489990234375,503.5,497.95001220703125,500.0199890136719,50591
2026-03-18,498.3900146484375,501.9800109863281,497.5,498.4800109863281,41283
2026-03-19,497.7200012207031,498.989990234375,493.0,495.2099914550781,33856
2026-03-20,497.7200012207031,497.7200012207031,497.7200012207031,497.7200012207031,0
2026-03-23,497.7200012207031,497.7200012207031,497.7200012207031,497.7200012207031,0
2026-03-24,494.2300109863281,503.0,493.55999755859375,499.0,58807
2026-03-25,497.0,499.0,493.55999755859375,496.0,168915
2026-03-26,493.0799865722656,498.0,491.7699890136719,498.0,59816
2026-03-27,494.69000244140625,498.5,490.0,494.9800109863281,64326
2026-03-30,497.8800048828125,499.5,485.0,497.79998779296875,307667
2026-03-31,498.19000244140625,501.0,497.0,499.9599914550781,24166
2026-04-01,511.1600036621094,520.0,499.0,502.0,89360
2026-04-02,501.67999267578125,508.989990234375,500.0,505.0,48889
2026-04-03,497.05999755859375,499.989990234375,495.0,495.0,243780
2026-04-06,499.0,500.0,491.0,499.989990234375,27025
2026-04-07,497.20001220703125,499.5,491.0,499.0,234723
2026-04-08,528.3800048828125,536.2000122070312,523.0,535.3499755859375,233336
2026-04-09,516.0599975585938,527.9000244140625,513.030029296875,527.9000244140625,90270
2026-04-10,519.469970703125,521.0,517.0,518.0,54967
2026-04-13,504.6499938964844,514.989990234375,504.0,514.989990234375,73171
2026-04-14,511.6700134277344,513.0,504.75,506.1099853515625,71367
2026-04-15,516.1500244140625,524.75,512.0,515.0,97123
2026-04-16,517.3099975585938,520.0,515.0,516.2000122070312,54505
2026-04-17,519.2100219726562,521.5499877929688,515.0,520.0,89986
2026-04-20,518.3900146484375,519.0,511.0199890136719,516.0,62604
2026-04-21,519.2899780273438,524.0,517.5999755859375,518.3900146484375,135330
2026-04-22,517.1900024414062,522.0,515.510009765625,522.0,24387
2026-04-23,515.530029296875,517.989990234375,513.5,516.0,29189
2026-04-24,511.8900146484375,514.0,509.0,514.0,74236
2026-04-27,508.4599914550781,517.4500122070312,505.010009765625,510.04998779296875,52490
2026-04-28,508.4599914550781,508.4599914550781,508.4599914550781,508.4599914550781,0
2026-04-29,508.4599914550781,508.4599914550781,508.4599914550781,508.4599914550781,0
2026-04-30,524.0399780273438,533.7999877929688,515.5599975585938,533.7999877929688,247448
2026-05-04,530.72998046875,539.97998046875,526.25,530.0,258015
2026-05-05,531.8300170898438,534.0,521.260009765625,521.260009765625,58583
2026-05-06,542.0900268554688,544.8900146484375,535.5,535.5,235328
2026-05-07,564.530029296875,577.0,539.0,543.0999755859375,857844
2026-05-08,569.7100219726562,579.9400024414062,565.0,565.0,533556
2026-05-11,573.8200073242188,580.0,565.5599975585938,569.7100219726562,318603
2026-05-12,576.1099853515625,587.5,574.0999755859375,576.0,889287
2026-05-13,567.0,581.0,551.0,577.0,306243
2026-05-14,566.239990234375,572.0,563.0,569.0,119892
2026-05-15,564.5499877929688,569.97998046875,562.0,569.9000244140625,89908
2026-05-18,276.625,282.0,276.25,280.07501220703125,269630
2026-05-19,276.625,281.25,276.260009765625,280.0,226582
2026-05-20,276.5799865722656,277.5,275.5,276.625,211960
2026-05-21,277.2900085449219,279.0950012207031,277.0,278.0,342086
2026-05-22,273.2200012207031,279.4949951171875,272.75,278.5,424236
2026-05-25,275.19000244140625,277.45001220703125,273.2200012207031,275.0,552420
2026-05-26,275.19000244140625,275.19000244140625,275.19000244140625,275.19000244140625,0
2026-05-27,275.19000244140625,275.19000244140625,275.19000244140625,275.19000244140625,0
2026-05-28,275.19000244140625,275.19000244140625,275.19000244140625,275.19000244140625,0
2026-05-29,284.7850036621094,286.239990234375,275.5,275.5,1509610
2026-06-01,567.7899780273438,572.0,563.0,570.0,257960
2026-06-02,564.4299926757812,569.5,563.0,567.7899780273438,104605
2026-06-03,564.4299926757812,564.4299926757812,564.4299926757812,564.4299926757812,0
2026-06-04,558.3699951171875,563.0,556.0999755859375,560.0,163179
2026-06-05,563.6300048828125,565.0,561.0,561.0,146045
2026-06-08,552.6300048828125,559.7899780273438,551.010009765625,558.0,115367
2026-06-09,558.6900024414062,563.0,555.010009765625,555.0499877929688,169118
2026-06-10,278.7200012207031,280.0,277.75,279.0,131174
2026-06-11,277.9599914550781,279.1499938964844,276.54998779296875,277.5,97198
2026-06-12,283.0450134277344,284.5,279.0,279.0,419882
2026-06-15,286.9649963378906,290.75,284.05499267578125,290.0,903772
2026-06-16,296.7300109863281,298.1199951171875,287.010009765625,289.239990234375,1695422
2026-06-17,313.9549865722656,318.4949951171875,297.5,299.8999938964844,2968852
2026-06-18,308.9150085449219,317.44000244140625,307.5299987792969,316.5,1312652
2026-06-19,303.6300048828125,310.989990234375,300.5,309.75,656346
2026-06-22,312.3800048828125,314.510009765625,308.0,310.0,1349413
2026-06-23,308.6499938964844,314.8500061035156,307.0,314.5,554519
2026-06-24,310.2200012207031,312.5,308.6499938964844,309.989990234375,440165
2026-06-25,310.2200012207031,310.2200012207031,310.2200012207031,310.2200012207031,0
2026-06-26,310.2200012207031,310.2200012207031,310.2200012207031,310.2200012207031,0
2026-06-29,304.5299987792969,311.75,303.6000061035156,310.2200012207031,493675
2026-06-30,304.95001220703125,308.5,304.0,306.5,267639
2026-07-01,305.2099914550781,307.0,304.0,305.20001220703125,317997
2026-07-02,304.010009765625,306.0,303.5,305.0,328348
2026-07-03,302.5199890136719,305.0,300.1499938964844,305.0,325812
2026-07-06,303.2900085449219,306.0,300.55999755859375,302.54998779296875,392545
2026-07-07,302.3900146484375,304.9700012207031,301.95001220703125,304.1000061035156,150137
2026-07-08,296.510009765625,302.0,292.5,301.6700134277344,449579
2026-07-09,298.4700012207031,299.0,291.05999755859375,292.5199890136719,268202
2026-07-10,298.6700134277344,300.29998779296875,296.0,297.989990234375,171681
2026-07-13,294.4200134277344,297.0,293.1099853515625,296.0,231676
2026-07-14,286.42999267578125,292.010009765625,286.0,291.0,357192
2026-07-15,286.69000244140625,291.989990234375,284.510009765625,284.510009765625,221830
2026-07-16,290.3599853515625,291.5899963378906,286.70001220703125,286.70001220703125,213979
2026-07-17,290.2900085449219,295.0,286.8999938964844,290.4700012207031,300961
2026-07-20,285.1199951171875,289.0,281.0,281.0,148167
2026-07-21,287.5799865722656,292.0,286.0,286.0,102743
2026-07-22,286.6199951171875,291.0,286.3399963378906,287.6499938964844,92995
2026-07-23,284.3599853515625,287.989990234375,283.9200134277344,287.989990234375,113521
2026-07-24,284.1099853515625,284.9800109863281,279.0,282.0199890136719,114631
2026-07-27,294.82000732421875,297.0,288.0,290.0,297629
2026-07-28,297.7699890136719,299.6000061035156,293.010009765625,295.0,207573
2026-07-29,296.57000732421875,298.69000244140625,292.3500061035156,298.0,214401
2026-07-30,298.8299865722656,303.5,295.010009765625,295.010009765625,435590
2026-07-31,299.6600036621094,304.0,298.010009765625,298.8299865722656,244899
2026-08-03,300.0199890136719,304.04998779296875,299.4100036621094,303.0,155279
2026-08-04,302.2099914550781,305.0,298.0,300.9100036621094,268335
2026-08-05,310.45001220703125,313.25,302.54998779296875,302.54998779296875,897491
2026-08-06,311.2799987792969,314.92999267578125,309.04998779296875,312.9700012207031,760939
2026-08-07,310.3399963378906,312.5400085449219,307.5,312.0,225339
2026-08-10,310.9800109863281,311.8999938964844,307.70001220703125,310.0,334886
2026-08-11,305.8599853515625,311.0,305.1099853515625,311.0,137747
2026-08-12,304.5,307.989990234375,304.29998779296875,305.8599853515625,106191
2026-08-13,303.5899963378906,307.0,301.0,307.0,122173
2026-08-14,303.5899963378906,303.5899963378906,303.5899963378906,303.5899963378906,0
2026-08-17,303.260009765625,307.489990234375,302.6000061035156,305.0,127953
2026-08-18,303.260009765625,303.260009765625,303.260009765625,303.260009765625,0
2026-08-19,301.8599853515625,303.510009765625,299.010009765625,299.989990234375,91079
2026-08-20,299.95001220703125,304.0,299.8599853515625,303.0,128953
2026-08-21,299.04998779296875,300.989990234375,296.0,299.79998779296875,97037
2026-08-24,299.260009765625,302.0,299.0,300.0,97371
2026-08-25,304.2699890136719,305.1499938964844,298.5,299.0,255909
2026-08-26,304.2699890136719,304.2699890136719,304.2699890136719,304.2699890136719,0
2026-08-27,301.7099914550781,307.0,300.1499938964844,304.0,149115
2026-08-28,301.20001220703125,303.8900146484375,300.5199890136719,303.0,142763
2026-08-31,301.45001220703125,305.0400085449219,298.0,301.25,206314
2026-09-01,301.70001220703125,304.79998779296875,300.04998779296875,301.989990234375,72687
2026-09-02,301.9599914550781,302.3999938964844,298.0,299.0,142565
2026-09-03,304.2900085449219,305.04998779296875,300.9599914550781,300.9599914550781,146489
2026-09-04,305.04998779296875,306.0,301.0,305.0,187575
2026-09-07,306.6400146484375,307.0,303.010009765625,305.0,216296
2026-09-08,304.6000061035156,308.0,302.0,305.510009765625,379458
2026-09-09,303.4200134277344,306.0,303.0,304.75,150975
2026-09-10,298.8299865722656,305.0,298.0,303.29998779296875,153307
2026-09-11,302.92999267578125,304.0,292.1099853515625,298.0,152266
2026-09-14,302.2799987792969,309.94000244140625,298.1000061035156,302.0,359945
2026-09-15,306.6300048828125,309.0,299.9800109863281,304.0,322470
2026-09-16,300.45001220703125,318.8999938964844,298.0,306.6300048828125,833380
2026-09-17,298.32000732421875,302.989990234375,297.5,299.0,281313
2026-09-18,300.489990234375,301.75,298.1000061035156,298.5,169026
2026-09-21,298.7799987792969,301.0,298.0,300.489990234375,165053
2026-09-22,297.989990234375,300.0,297.510009765625,298.7799987792969,105345
2026-09-23,299.5799865722656,301.0,298.0199890136719,299.0,158360
2026-09-24,298.5400085449219,300.8999938964844,298.1000061035156,299.989990234375,97459
2026-09-25,297.989990234375,300.0,271.010009765625,298.5400085449219,124694
