Date,Close,High,Low,Open,Volume
2021-10-11,4567.74951171875,4567.74951171875,4563.822872506043,4563.822872506043,60
2021-10-12,4548.07861328125,4563.808225294299,4426.114567423362,4426.114567423362,140
2021-10-13,4496.93115234375,4505.154041031214,4496.93115234375,4497.167058037335,60
2021-10-14,4603.15673828125,4642.49995826656,4603.15673828125,4634.182939877674,240
2021-10-15,4642.50146484375,4642.50146484375,4642.50146484375,4642.50146484375,60
2021-10-18,4642.50146484375,4642.50146484375,4642.50146484375,4642.50146484375,0
2021-10-19,4642.50146484375,4642.50146484375,4642.50146484375,4642.50146484375,0
2021-10-20,4544.15185546875,4563.902238579098,4544.15185546875,4563.902238579098,40
2021-10-21,4563.81494140625,4572.470452502021,4563.81494140625,4572.470452502021,100
2021-10-22,4500.8662109375,4500.8662109375,4500.8662109375,4500.8662109375,20
2021-10-25,4500.8662109375,4500.8662109375,4500.8662109375,4500.8662109375,0
2021-10-26,4500.8662109375,4500.8662109375,4500.8662109375,4500.8662109375,0
2021-10-27,4500.8662109375,4500.8662109375,4500.8662109375,4500.8662109375,0
2021-10-28,4626.7646484375,4642.494258934138,4622.8303247568565,4642.494258934138,80
2021-10-29,4563.81494140625,4563.81494140625,4563.81494140625,4563.81494140625,20
2021-11-01,4642.50146484375,4642.50146484375,4642.50146484375,4642.50146484375,20
2021-11-02,4721.18798828125,4721.18798828125,4719.700706485788,4719.700706485788,60
2021-11-03,4607.1083984375,4721.188022998093,4607.0926457756395,4721.188022998093,1020
2021-11-04,4718.025390625,4721.109839038063,4718.025390625,4721.109839038063,160
2021-11-05,4618.8955078125,4721.18022836006,4544.9302305153315,4721.18022836006,120
2021-11-08,4666.759765625,4706.638810831054,4618.895562900641,4706.638810831054,60
2021-11-09,4567.04345703125,4567.05124743016,4547.100035821507,4547.107826220416,80
2021-11-10,4543.92431640625,4567.840447633006,4531.942295320137,4531.982026348088,80
2021-11-11,4535.18115234375,4626.067436843996,4535.18115234375,4547.107082564786,100
2021-11-12,4547.099609375,4626.865496334277,4535.181468720185,4535.213409352721,3140
2021-11-15,4547.099609375,4547.099609375,4547.099609375,4547.099609375,40
2021-11-16,4547.099609375,4547.099609375,4547.099609375,4547.099609375,80
2021-11-17,4547.099609375,4547.099609375,4547.099609375,4547.099609375,0
2021-11-18,4547.099609375,4547.099609375,4547.099609375,4547.099609375,0
2021-11-19,4547.099609375,4547.099609375,4547.099609375,4547.099609375,20
2021-11-22,4547.099609375,4547.099609375,4547.099609375,4547.099609375,20
2021-11-23,4435.4228515625,4435.4228515625,4435.4228515625,4435.4228515625,20
2021-11-24,4435.4228515625,4435.4228515625,4435.4228515625,4435.4228515625,0
2021-11-25,4468.9208984375,4468.9208984375,4468.913108040204,4468.9208984375,40
2021-11-26,4387.81591796875,4388.350339326226,4387.55260248941,4388.350339326226,60
2021-11-29,4387.5673828125,4451.370342135651,4387.551412499298,4451.370342135651,160
2021-11-30,4299.9453125,4427.439474398658,4188.11842172846,4395.530000709297,560
2021-12-01,4404.73583984375,4527.156502401726,4359.631768392147,4367.601346279601,320
2021-12-02,4267.89111328125,4267.89111328125,4267.89111328125,4267.89111328125,20
2021-12-03,4267.89111328125,4267.89111328125,4267.89111328125,4267.89111328125,0
2021-12-06,4168.57275390625,4275.868330482729,3947.799141879926,4275.868330482729,320
2021-12-07,4299.80126953125,4342.879055905033,4149.029017223012,4342.871265506745,500
2021-12-08,4188.11767578125,4228.00451078869,4188.11767578125,4228.00451078869,120
2021-12-09,4228.0048828125,4228.0048828125,4227.207146042158,4227.207146042158,60
2021-12-10,4539.11279296875,4539.11279296875,4539.11279296875,4539.11279296875,20
2021-12-13,4272.87744140625,4307.778424008168,4212.050014585764,4307.778424008168,240
2021-12-14,4339.68798828125,4339.68798828125,4339.680197883178,4339.680197883178,60
2021-12-15,4371.59716796875,4387.544111760863,4355.642433779083,4355.642433779083,40
2021-12-16,4371.59716796875,4371.59716796875,4371.59716796875,4371.59716796875,0
2021-12-17,4347.6650390625,4347.6650390625,4347.6650390625,4347.6650390625,40
2021-12-20,4347.6650390625,4347.6650390625,4347.6650390625,4347.6650390625,0
2021-12-21,4299.0029296875,4307.77024269104,4120.309914981618,4148.238488926607,320
2021-12-22,4455.359375,4620.490868397494,4291.8233549686665,4620.490868397494,100
2021-12-23,4455.359375,4455.359375,4455.359375,4455.359375,0
2021-12-24,4523.1669921875,4610.918027309303,4523.1669921875,4610.918027309303,60
2021-12-27,4307.77880859375,4307.77880859375,4307.77880859375,4307.77880859375,20
2021-12-28,4387.55224609375,4626.075540926846,4387.55224609375,4626.075540926846,80
2021-12-29,4347.6650390625,4610.918151519496,4312.5646240682345,4610.918151519496,80
2021-12-30,4325.73388671875,4611.714626619722,4312.56344430137,4611.714626619722,100
2021-12-31,4567.4326171875,4650.006136722053,4327.72058530059,4327.72058530059,260
2022-01-03,4567.4326171875,4567.4326171875,4567.4326171875,4567.4326171875,0
2022-01-04,4567.4326171875,4567.4326171875,4567.4326171875,4567.4326171875,0
2022-01-05,4397.1640625,4397.1640625,4397.1640625,4397.1640625,20
2022-01-06,4427.43896484375,4427.43896484375,4391.859827870936,4404.0412836306805,120
2022-01-07,4427.43896484375,4427.43896484375,4427.43896484375,4427.43896484375,0
2022-01-10,4427.43896484375,4427.43896484375,4427.43896484375,4427.43896484375,0
2022-01-11,4539.12158203125,4579.008414913774,4467.325282842707,4539.12158203125,120
2022-01-12,4395.57763671875,4397.16493038514,4395.57763671875,4397.16493038514,120
2022-01-13,4307.77880859375,4395.577769349814,4232.073662620783,4232.073662620783,100
2022-01-14,4406.8974609375,4407.495763529834,4307.77866480744,4387.544553387018,400
2022-01-17,4315.755859375,4399.518218937731,4267.995266204312,4399.518218937731,320
2022-01-18,4387.55224609375,4387.55224609375,4387.520305461277,4387.520305461277,200
2022-01-19,4387.55224609375,4387.55224609375,4387.55224609375,4387.55224609375,0
2022-01-20,4307.77880859375,4307.77880859375,4307.77880859375,4307.77880859375,80
2022-01-21,4347.6650390625,4387.551874283257,4347.6650390625,4387.551874283257,80
2022-01-24,4347.6650390625,4347.6650390625,4347.6650390625,4347.6650390625,0
2022-01-25,4347.6650390625,4347.6650390625,4347.6650390625,4347.6650390625,0
2022-01-26,4347.6650390625,4347.6650390625,4347.6650390625,4347.6650390625,20
2022-01-27,4347.6650390625,4347.6650390625,4347.6650390625,4347.6650390625,0
2022-01-28,4467.3251953125,4467.3251953125,4387.551531110491,4387.551531110491,80
2022-01-31,4467.3251953125,4467.3251953125,4467.3251953125,4467.3251953125,0
2022-02-01,4553.744140625,4586.985764704474,4387.551601021671,4387.551601021671,420
2022-02-02,4553.744140625,4553.744140625,4553.744140625,4553.744140625,0
2022-02-03,4553.744140625,4553.744140625,4553.744140625,4553.744140625,0
2022-02-04,4507.212890625,4507.212890625,4507.212890625,4507.212890625,20
2022-02-07,4507.212890625,4507.212890625,4507.212890625,4507.212890625,0
2022-02-08,4507.212890625,4507.212890625,4507.212890625,4507.212890625,20
2022-02-09,4507.212890625,4507.212890625,4467.326050884956,4507.212890625,100
2022-02-10,4387.5595703125,4467.325448640893,4387.5595703125,4467.325448640893,40
2022-02-11,4467.40625,4507.213241253274,4467.40625,4507.213241253274,80
2022-02-14,4467.40625,4467.40625,4467.40625,4467.40625,0
2022-02-15,4467.40625,4467.40625,4467.40625,4467.40625,0
2022-02-16,4547.099609375,4547.099609375,4547.091818976821,4547.091818976821,60
2022-02-17,4507.212890625,4547.099730365045,4307.786482323166,4547.099730365045,380
2022-02-18,4586.189453125,4778.444046654853,4586.189453125,4778.444046654853,100
2022-02-21,4587.7841796875,4614.907229958649,4507.2127656467355,4586.986442914819,160
2022-02-22,4582.9169921875,4582.9169921875,4582.9169921875,4582.9169921875,20
2022-02-23,4467.3251953125,4467.3251953125,4395.528897530692,4395.536687927587,200
2022-02-24,4307.77880859375,4459.348803710938,4307.77880859375,4455.360119628906,280
2022-02-25,4307.77880859375,4307.77880859375,4307.77880859375,4307.77880859375,0
2022-02-28,4307.77880859375,4307.77880859375,4307.77880859375,4307.77880859375,0
2022-03-01,4387.55224609375,4427.439084694602,4307.778568892045,4347.665407492897,140
2022-03-02,4582.99755859375,4582.99755859375,4582.99755859375,4582.99755859375,40
2022-03-03,4419.4619140625,4423.450598100462,4387.552441758799,4396.327546642317,240
2022-03-04,4419.4619140625,4419.4619140625,4419.4619140625,4419.4619140625,0
2022-03-07,4419.4619140625,4419.4619140625,4419.4619140625,4419.4619140625,0
2022-03-08,4307.77880859375,4307.77880859375,4228.005126953125,4228.005126953125,260
2022-03-09,4283.84619140625,4426.641064453125,4283.84619140625,4426.641064453125,1860
2022-03-10,4347.6650390625,4387.551874283257,4347.6650390625,4387.551874283257,160
2022-03-11,4347.6650390625,4347.6650390625,4347.6650390625,4347.6650390625,20
2022-03-14,4347.6650390625,4347.6650390625,4347.6650390625,4347.6650390625,0
2022-03-15,4347.6650390625,4387.551874283257,4192.920088720847,4379.5745072391055,340
2022-03-16,4362.62255859375,4387.551830357143,4309.3736341071435,4379.574463392857,620
2022-03-17,4467.3251953125,4467.3251953125,4467.3251953125,4467.3251953125,20
2022-03-18,4499.2353515625,4499.2353515625,4499.2353515625,4499.2353515625,40
2022-03-21,4499.2353515625,4499.2353515625,4387.552204537898,4387.552204537898,60
2022-03-22,4399.9970703125,4467.325976772735,4316.553725056655,4316.561515454912,320
2022-03-23,4399.9970703125,4399.9970703125,4399.9970703125,4399.9970703125,0
2022-03-24,4387.55224609375,4387.55224609375,4387.55224609375,4387.55224609375,20
2022-03-25,4387.55224609375,4387.55224609375,4387.55224609375,4387.55224609375,0
2022-03-28,4387.55224609375,4387.55224609375,4387.55224609375,4387.55224609375,0
2022-03-29,4460.54296875,4460.54296875,4460.54296875,4460.54296875,0
2022-03-30,4460.54296875,4460.54296875,4387.552265625,4460.54296875,80
2022-03-31,4721.4677734375,4768.725207275444,4621.121808002632,4621.121808002632,440
2022-04-01,4778.48193359375,4778.48193359375,4778.474013596002,4778.474013596002,40
2022-04-04,4778.48193359375,4778.48193359375,4778.48193359375,4778.48193359375,0
2022-04-05,4778.48193359375,4778.48193359375,4778.48193359375,4778.48193359375,0
2022-04-06,4460.54296875,4541.64375,4424.866544998169,4541.64375,220
2022-04-07,4460.54296875,4460.54296875,4460.54296875,4460.54296875,0
2022-04-08,4460.54296875,4460.54296875,4460.54296875,4460.54296875,200
2022-04-11,4453.19482421875,4540.832368750192,4379.441827335423,4501.092989205852,300
2022-04-12,4505.14794921875,4509.202987876913,4501.092910560587,4501.092910560587,120
2022-04-13,4415.93701171875,4419.9920502970035,4410.349057677954,4410.349057677954,140
2022-04-14,4501.0859375,4501.0859375,4379.572560145579,4379.572560145579,180
2022-04-15,4525.4150390625,4525.4150390625,4525.4150390625,4525.4150390625,20
2022-04-18,4525.4150390625,4525.4150390625,4525.4150390625,4525.4150390625,0
2022-04-19,4527.69384765625,4541.643339169362,4517.313106995241,4541.643339169362,120
2022-04-20,4541.64306640625,4541.64306640625,4541.64306640625,4541.64306640625,1020
2022-04-21,4461.35400390625,4541.643777835849,4461.35400390625,4541.63585783763,60
2022-04-22,4556.345703125,4663.293362639961,4461.352484849117,4622.735065578006,320
2022-04-25,4622.74462890625,4663.295020387884,4622.74462890625,4622.74462890625,560
2022-04-26,4744.38818359375,4744.38818359375,4695.7356307352275,4703.83778954595,120
2022-04-27,4703.85302734375,4866.046662771649,4703.85302734375,4866.038742773825,840
2022-04-28,4764.6708984375,4784.94609375,4622.744531249999,4622.744531249999,260
2022-04-29,4764.6708984375,4764.6708984375,4764.6708984375,4764.6708984375,0
2022-05-02,4764.6708984375,4764.6708984375,4764.6708984375,4764.6708984375,0
2022-05-03,4764.6708984375,4764.6708984375,4764.6708984375,4764.6708984375,0
2022-05-04,4764.6708984375,4764.6708984375,4764.6708984375,4764.6708984375,0
2022-05-05,4764.6708984375,4764.6708984375,4764.6708984375,4764.6708984375,0
2022-05-06,4703.8447265625,4704.655734273976,4703.8447265625,4703.8447265625,220
2022-05-09,4627.8125,4703.852388780976,4622.743702081051,4703.8444687842275,1540
2022-05-10,4703.85302734375,4711.955185117213,4703.845107345926,4703.845107345926,700
2022-05-11,4663.29443359375,4703.844819972826,4582.193660835598,4703.844819972826,680
2022-05-12,4554.48876953125,4618.688257527014,4541.642535935255,4614.6332195485,160
2022-05-13,4694.923828125,4694.923828125,4694.923828125,4694.923828125,20
2022-05-16,4622.28955078125,4699.7894919773935,4541.650914832642,4622.743762600715,720
2022-05-17,4623.55615234375,4744.396332434825,4622.745144423676,4744.396332434825,140
2022-05-18,4695.73486328125,4703.844940765328,4695.73486328125,4703.844940765328,40
2022-05-19,4703.8369140625,4728.175065960173,4624.3660765188515,4643.019254309089,900
2022-05-20,4687.6259765625,4687.6259765625,4687.6259765625,4687.6259765625,20
2022-05-23,4687.6171875,4687.625107498086,4566.78494469234,4566.78494469234,340
2022-05-24,4687.6259765625,4687.6259765625,4574.084862943339,4574.084862943339,360
2022-05-25,4687.54345703125,4687.54345703125,4622.751939187584,4622.751939187584,520
2022-05-26,4683.56982421875,4686.813855265828,4630.854319703733,4630.854319703733,260
2022-05-27,4683.56982421875,4699.78997945414,4557.879857139711,4557.879857139711,220
2022-05-30,4682.2802734375,4699.789803639124,4679.514610353364,4679.514610353364,1040
2022-05-31,4630.8544921875,4695.735115545644,4622.744414267732,4622.744414267732,60
2022-06-01,4687.6259765625,4687.6259765625,4687.6259765625,4687.6259765625,20
2022-06-02,4602.46875,4602.46875,4602.46875,4602.46875,20
2022-06-03,4590.30322265625,4590.30322265625,4557.870837192232,4557.870837192232,60
2022-06-06,4590.30322265625,4590.30322265625,4590.30322265625,4590.30322265625,0
2022-06-07,4582.2099609375,4582.2099609375,4582.2099609375,4582.2099609375,20
2022-06-08,4703.8447265625,4703.8447265625,4622.7439554148705,4622.7439554148705,1120
2022-06-09,4683.65087890625,4724.120085936011,4683.65087890625,4703.844892434139,140
2022-06-10,4683.65087890625,4683.65087890625,4683.65087890625,4683.65087890625,20
2022-06-13,4683.65087890625,4683.65087890625,4683.65087890625,4683.65087890625,0
2022-06-14,4683.65087890625,4683.65087890625,4683.65087890625,4683.65087890625,0
2022-06-15,4683.65087890625,4683.65087890625,4683.65087890625,4683.65087890625,0
2022-06-16,4768.7255859375,4784.9457409917095,4703.844965720664,4703.844965720664,300
2022-06-17,4768.7255859375,4768.7255859375,4768.7255859375,4768.7255859375,0
2022-06-20,4768.7255859375,4768.7255859375,4768.7255859375,4768.7255859375,0
2022-06-21,4768.7255859375,4768.7255859375,4768.7255859375,4768.7255859375,0
2022-06-22,4785.0107421875,4825.49618632692,4744.516982050516,4768.725642958369,140
2022-06-23,4785.0107421875,4785.0107421875,4785.0107421875,4785.0107421875,0
2022-06-24,4622.74462890625,4622.74462890625,4622.74462890625,4622.74462890625,20
2022-06-27,4622.74462890625,4622.74462890625,4622.74462890625,4622.74462890625,0
2022-06-28,4857.9365234375,4857.9365234375,4857.9365234375,4857.9365234375,20
2022-06-29,4703.8447265625,4703.8447265625,4703.8447265625,4703.8447265625,20
2022-06-30,4703.8447265625,4703.8447265625,4703.8447265625,4703.8447265625,0
2022-07-01,4703.8447265625,4703.8447265625,4703.8447265625,4703.8447265625,0
2022-07-04,4703.8447265625,4703.92590653362,4703.8447265625,4703.8447265625,160
2022-07-05,4590.30322265625,4590.30322265625,4590.30322265625,4590.30322265625,20
2022-07-06,4590.30322265625,4590.30322265625,4590.30322265625,4590.30322265625,0
2022-07-07,4744.39501953125,4744.39501953125,4744.39501953125,4744.39501953125,20
2022-07-08,4744.39501953125,4744.39501953125,4744.39501953125,4744.39501953125,0
2022-07-11,4744.39501953125,4744.39501953125,4744.39501953125,4744.39501953125,0
2022-07-12,4744.39501953125,4744.39501953125,4744.39501953125,4744.39501953125,0
2022-07-13,4744.39501953125,4744.39501953125,4744.39501953125,4744.39501953125,0
2022-07-14,4866.046875,4866.046875,4784.94609375,4784.94609375,360
2022-07-15,4819.4140625,4825.496621266302,4703.853365938655,4703.853365938655,120
2022-07-18,4819.4140625,4819.4140625,4819.4140625,4819.4140625,0
2022-07-19,4849.826171875,4849.826171875,4744.395168138587,4744.395168138587,300
2022-07-20,4849.826171875,4849.826171875,4849.826171875,4849.826171875,0
2022-07-21,4786.5673828125,4786.5673828125,4784.945367433709,4784.945367433709,60
2022-07-22,4786.5673828125,4786.5673828125,4786.5673828125,4786.5673828125,0
2022-07-25,4786.5673828125,4786.5673828125,4786.5673828125,4786.5673828125,0
2022-07-26,4864.52978515625,4866.046464677711,4857.936387236581,4857.936387236581,160
2022-07-27,4776.83642578125,4866.047292816214,4744.396110495809,4866.047292816214,100
2022-07-28,4776.83642578125,4776.83642578125,4776.83642578125,4776.83642578125,0
2022-07-29,4776.83642578125,4776.83642578125,4776.83642578125,4776.83642578125,0
2022-08-01,5101.23876953125,5109.348847066276,5028.248071716018,5109.348847066276,60
2022-08-02,4861.5849609375,5016.0819056465825,4784.94474427079,4866.045502648261,480
2022-08-03,5003.91748046875,5003.91748046875,4861.585629930296,4861.585629930296,100
2022-08-04,4987.61669921875,5028.248268459019,4838.480366711855,5028.240348461116,140
2022-08-05,5145.775390625,5145.775390625,4987.616554040531,5075.057377981003,100
2022-08-08,5145.775390625,5145.775390625,5145.775390625,5145.775390625,0
2022-08-09,5145.775390625,5145.775390625,5145.775390625,5145.775390625,0
2022-08-10,5037.61865234375,5199.013998844169,5033.475424846198,5033.475424846198,80
2022-08-11,5075.0576171875,5157.423306384478,5075.0576171875,5157.423306384478,80
2022-08-12,4908.662109375,5191.534163135593,4908.662109375,5191.534163135593,80
2022-08-15,5116.65576171875,5116.663886489713,5033.458107056656,5033.458107056656,540
2022-08-16,5116.65576171875,5116.65576171875,5116.65576171875,5116.65576171875,0
2022-08-17,4991.85986328125,4991.85986328125,4991.85986328125,4991.85986328125,40
2022-08-18,4991.85986328125,4991.85986328125,4991.85986328125,4991.85986328125,0
2022-08-19,4991.85986328125,5108.336593424479,4991.85986328125,5108.336593424479,240
2022-08-22,4954.42041015625,5075.057011243178,4954.42041015625,5075.057011243178,360
2022-08-23,5155.7587890625,5157.422742197586,5075.057062010852,5075.057062010852,480
2022-08-24,5050.0986328125,5050.0986328125,5012.659680839425,5012.659680839425,40
2022-08-25,5050.0986328125,5050.0986328125,5050.0986328125,5050.0986328125,0
2022-08-26,5075.0576171875,5392.04072409708,5059.250060674949,5392.04072409708,100
2022-08-29,4817.1611328125,4956.5505238058495,4800.546381493036,4825.464242967236,480
2022-08-30,4825.45556640625,4825.45556640625,4817.160581971466,4817.160581971466,40
2022-08-31,4825.45556640625,4827.152424723704,4772.225320044596,4772.225320044596,160
2022-09-01,4766.39404296875,4825.464382827501,4751.418463849631,4808.824850472923,200
2022-09-02,4796.3359375,4796.3359375,4675.707481345338,4690.791116345751,160
2022-09-05,4796.3359375,4796.3359375,4796.3359375,4796.3359375,0
2022-09-06,4796.3359375,4796.3359375,4796.3359375,4796.3359375,0
2022-09-07,4792.1845703125,4792.1845703125,4792.1845703125,4792.1845703125,20
2022-09-08,4792.1845703125,4792.1845703125,4792.1845703125,4792.1845703125,20
2022-09-09,4792.1845703125,4792.1845703125,4792.1845703125,4792.1845703125,40
2022-09-12,4792.1845703125,4792.1845703125,4792.1845703125,4792.1845703125,0
2022-09-13,4792.1845703125,4792.1845703125,4792.1845703125,4792.1845703125,20
2022-09-14,4742.26611328125,4742.26611328125,4742.26611328125,4742.26611328125,100
2022-09-15,4708.98681640625,4783.864698645925,4708.98681640625,4742.265875179439,140
2022-09-16,4708.98681640625,4708.98681640625,4708.98681640625,4708.98681640625,0
2022-09-19,4708.98681640625,4708.98681640625,4708.98681640625,4708.98681640625,0
2022-09-20,4700.66748046875,4700.66748046875,4700.66748046875,4700.66748046875,20
2022-09-21,4700.66748046875,4700.66748046875,4700.66748046875,4700.66748046875,0
2022-09-22,4700.66748046875,4700.66748046875,4700.66748046875,4700.66748046875,20
2022-09-23,4746.4267578125,4746.4267578125,4746.4267578125,4746.4267578125,60
2022-09-26,4659.068359375,4742.266008649553,4659.068359375,4742.266008649553,240
2022-09-27,4742.26611328125,4742.26611328125,4742.26611328125,4742.26611328125,20
2022-09-28,4742.26611328125,4742.26611328125,4742.26611328125,4742.26611328125,0
2022-09-29,4742.26611328125,4742.26611328125,4742.26611328125,4742.26611328125,0
2022-09-30,4742.26611328125,4742.26611328125,4742.26611328125,4742.26611328125,0
2022-10-03,4742.26611328125,4742.26611328125,4742.26611328125,4742.26611328125,0
2022-10-04,4742.26611328125,4742.26611328125,4742.26611328125,4742.26611328125,40
2022-10-05,4742.26611328125,4742.26611328125,4742.26611328125,4742.26611328125,0
2022-10-06,4783.86572265625,4783.86572265625,4575.87156080163,4643.261669242527,160
2022-10-07,4783.86572265625,4783.86572265625,4783.86572265625,4783.86572265625,0
2022-10-10,4867.0625,4882.870053418803,4804.664262820513,4882.870053418803,960
2022-10-11,4808.82470703125,4825.46423888949,4808.82470703125,4825.46423888949,40
2022-10-12,4975.2197265625,4991.859257420569,4975.2197265625,4991.859257420569,40
2022-10-13,4975.2197265625,4975.2197265625,4975.2197265625,4975.2197265625,0
2022-10-14,4991.85986328125,4991.85986328125,4991.85986328125,4991.85986328125,40
2022-10-17,4991.85986328125,4991.85986328125,4991.85986328125,4991.85986328125,40
2022-10-18,4867.0625,4867.0625,4867.0625,4867.0625,20
2022-10-19,4991.85986328125,5033.45869547526,4925.301731770834,4991.85986328125,600
2022-10-20,4991.85986328125,5158.255192057291,4991.85986328125,5158.255192057291,160
2022-10-21,4991.85986328125,4991.85986328125,4991.85986328125,4991.85986328125,20
2022-10-24,4998.099609375,5000.179550951935,4991.85165987241,4991.85165987241,440
2022-10-25,5000.17919921875,5158.254747946132,5000.17919921875,5116.6559193336625,1280
2022-10-26,5000.17919921875,5000.17919921875,5000.17919921875,5000.17919921875,0
2022-10-27,4975.2197265625,4983.539491991534,4975.2197265625,4983.539491991534,40
2022-10-28,4975.2197265625,4975.2197265625,4975.2197265625,4975.2197265625,20
2022-10-31,4810.6455078125,4979.431845111178,4810.6455078125,4979.431845111178,60
2022-11-01,4895.04248046875,4895.04248046875,4895.04248046875,4895.04248046875,20
2022-11-02,4869.7236328125,4886.60309081185,4869.7236328125,4886.60309081185,40
2022-11-03,4768.4462890625,4768.4545309843215,4768.4462890625,4768.4545309843215,80
2022-11-04,4768.4462890625,4768.4462890625,4768.4462890625,4768.4462890625,0
2022-11-07,4769.29052734375,4769.29052734375,4769.29052734375,4769.29052734375,20
2022-11-08,4769.29052734375,4769.29052734375,4769.29052734375,4769.29052734375,0
2022-11-09,4769.29052734375,4769.29052734375,4769.29052734375,4769.29052734375,0
2022-11-10,4769.29052734375,4769.29052734375,4769.29052734375,4769.29052734375,0
2022-11-11,4979.4404296875,4979.4404296875,4810.645838850635,4810.645838850635,60
2022-11-14,4979.4404296875,4979.4404296875,4979.4404296875,4979.4404296875,0
2022-11-15,4979.4404296875,4979.4404296875,4979.4404296875,4979.4404296875,20
2022-11-16,4979.4404296875,4979.4404296875,4979.4404296875,4979.4404296875,20
2022-11-17,4857.06298828125,4861.282851867942,4857.06298828125,4861.282851867942,60
2022-11-18,4857.06298828125,4857.06298828125,4857.06298828125,4857.06298828125,0
2022-11-21,4895.04248046875,4895.04248046875,4894.1985076272895,4894.1985076272895,80
2022-11-22,4895.04248046875,4895.04248046875,4895.04248046875,4895.04248046875,20
2022-11-23,4895.04248046875,4895.04248046875,4895.04248046875,4895.04248046875,0
2022-11-24,4930.48876953125,5021.637825866302,4852.843277097687,5021.637825866302,200
2022-11-25,4866.34716796875,4938.084856015462,4810.644963132479,4937.240883214912,380
2022-11-28,4937.24072265625,4937.24072265625,4937.24072265625,4937.24072265625,40
2022-11-29,4979.4404296875,5291.7104227356995,4979.4404296875,5283.2706931938565,80
2022-11-30,4903.48193359375,5046.957308587027,4827.524382126721,4895.050447574787,220
2022-12-01,4861.28369140625,4903.482334560818,4861.28369140625,4861.28369140625,60
2022-12-02,4879.00634765625,5020.793766166239,4831.743874819586,4852.843193050239,180
2022-12-05,4879.00634765625,4879.00634765625,4879.00634765625,4879.00634765625,0
2022-12-06,4879.00634765625,4879.00634765625,4879.00634765625,4879.00634765625,100
2022-12-07,4879.00634765625,4879.00634765625,4879.00634765625,4879.00634765625,0
2022-12-08,4879.00634765625,4936.3964932436265,4543.1052014242505,4543.1052014242505,280
2022-12-09,4879.00634765625,4879.00634765625,4810.6445565889335,4810.6445565889335,100
2022-12-12,4768.4462890625,4768.4462890625,4557.697875509515,4557.697875509515,60
2022-12-13,4768.4462890625,4768.4462890625,4768.4462890625,4768.4462890625,0
2022-12-14,4641.8583984375,4641.8583984375,4414.061992163693,4414.061992163693,40
2022-12-15,4625.81591796875,4625.81591796875,4389.511724747134,4389.511724747134,140
2022-12-16,4625.81591796875,4625.81591796875,4625.81591796875,4625.81591796875,0
2022-12-19,4507.05126953125,4726.248085265166,4494.619565605103,4726.248085265166,80
2022-12-20,4430.85693359375,4557.452845982142,4405.537751116071,4405.537751116071,300
2022-12-21,4515.25439453125,4519.474258451372,4135.55112141783,4135.55112141783,100
2022-12-22,4430.94140625,4430.94140625,4430.94140625,4430.94140625,20
2022-12-23,4105.927734375,4634.254715201054,4105.927734375,4634.254715201054,40
2022-12-26,4413.86865234375,4413.86865234375,4388.6508409781545,4388.6508409781545,40
2022-12-27,4707.470703125,4743.128564665412,4460.482071229416,4726.249103581194,280
2022-12-28,4570.11279296875,4937.283001275472,4570.11279296875,4906.013973319916,240
2022-12-29,4879.20947265625,4912.867008772842,4557.453086913998,4557.453086913998,1180
2022-12-30,4954.1201171875,5063.836576341568,4879.20929257427,4895.042023796848,380
2023-01-02,4937.24072265625,4937.24072265625,4937.24072265625,4937.24072265625,20
2023-01-03,4937.24072265625,4937.24072265625,4937.24072265625,4937.24072265625,0
2023-01-04,4852.84326171875,4979.439172894022,4852.84326171875,4979.439172894022,100
2023-01-05,4734.68798828125,4734.68798828125,4734.68798828125,4734.68798828125,20
2023-01-06,4557.53759765625,4557.53759765625,4397.9422588285715,4397.9422588285715,40
2023-01-09,4726.248046875,4726.248046875,4405.622837685687,4405.622837685687,40
2023-01-10,4726.33251953125,4810.645326251057,4523.779032110153,4523.779032110153,80
2023-01-11,4726.33251953125,4726.33251953125,4726.33251953125,4726.33251953125,0
2023-01-12,4937.24072265625,4937.24072265625,4937.24072265625,4937.24072265625,20
2023-01-13,4768.4462890625,4878.162752350664,4726.247649336283,4878.162752350664,320
2023-01-16,4556.60986328125,4603.956827221148,4439.297625645374,4603.956827221148,180
2023-01-17,4722.0283203125,4722.0283203125,4722.0283203125,4722.0283203125,20
2023-01-18,4479.8076171875,4574.332570677515,4439.2969228346365,4557.453114697155,220
2023-01-19,4439.29736328125,4479.808061653398,4430.857634453719,4477.276143005139,380
2023-01-20,4481.49609375,4506.815280720339,4388.659074858757,4390.363916598606,120
2023-01-23,4380.2275390625,4401.403099088497,4380.2275390625,4401.326861303058,80
2023-01-24,4380.21923828125,4430.857610978143,4198.849549157771,4198.849549157771,360
2023-01-25,4399.62939453125,4641.706134019922,4274.729685101014,4380.2180237132525,180
2023-01-26,4494.14697265625,4494.14697265625,4266.282555810879,4266.282555810879,260
2023-01-27,4456.17578125,4456.17578125,4388.657966382576,4430.856600674716,60
2023-01-30,4354.8994140625,4430.856961982195,4354.8994140625,4430.856961982195,260
2023-01-31,4451.95654296875,4473.047621155689,4304.2613022067535,4316.920894272067,520
2023-02-01,4392.88623046875,4392.88623046875,4388.658124965994,4388.658124965994,40
2023-02-02,4473.056640625,4489.9360996462265,4392.887452197525,4472.195771731071,160
2023-02-03,4527.06982421875,4527.06982421875,4527.06982421875,4527.06982421875,20
2023-02-06,4473.0478515625,4473.0478515625,4390.363650338565,4397.183016884389,300
2023-02-07,4505.96337890625,4505.96337890625,4405.538838870734,4405.538838870734,160
2023-02-08,4485.716796875,4485.716796875,4473.057201023048,4473.057201023048,40
2023-02-09,4671.380859375,4785.317178918812,4485.723340997983,4785.317178918812,100
2023-02-10,4592.62109375,4662.949408409858,4557.452815459409,4557.452815459409,260
2023-02-13,4599.6513671875,4895.041821961009,4589.523694452408,4641.006030855791,180
2023-02-14,4556.60986328125,4641.0071565444705,4485.80061665264,4541.41835049387,260
2023-02-15,4519.43310546875,4629.191622584171,4505.127599153017,4629.191622584171,100
2023-02-16,4541.4599609375,4556.609438504445,4536.354090009519,4556.609438504445,100
2023-02-17,4541.4599609375,4541.4599609375,4541.4599609375,4541.4599609375,0
2023-02-20,4556.60986328125,4556.60986328125,4484.028191074881,4484.028191074881,60
2023-02-21,4556.60986328125,4556.60986328125,4556.60986328125,4556.60986328125,0
2023-02-22,4484.8720703125,4502.603743450508,4484.8720703125,4502.603743450508,80
2023-02-23,4473.056640625,4473.056640625,4473.056640625,4473.056640625,260
2023-02-24,4473.056640625,4473.056640625,4473.056640625,4473.056640625,0
2023-02-27,4473.056640625,4489.9360996462265,4431.0689863096995,4431.0689863096995,60
2023-02-28,4422.41796875,4422.41796875,4388.659052958015,4388.659052958015,60
2023-03-01,4611.4677734375,4616.53161067041,4608.0918819488925,4616.53161067041,80
2023-03-02,4472.86962890625,4557.452757517103,4436.39335816525,4557.452757517103,5220
2023-03-03,4557.45361328125,4557.45361328125,4464.616595232928,4464.616595232928,140
2023-03-06,4444.38623046875,4595.432234947814,4444.377988546267,4595.432234947814,60
2023-03-07,4443.51708984375,4443.51708984375,4443.51708984375,4443.51708984375,20
2023-03-08,4637.63037109375,4637.63037109375,4637.63037109375,4637.63037109375,20
2023-03-09,4637.63037109375,4637.63037109375,4637.63037109375,4637.63037109375,0
2023-03-10,4637.63037109375,4637.63037109375,4637.63037109375,4637.63037109375,0
2023-03-13,4519.474609375,4623.350853633791,4519.474609375,4623.283269870448,60
2023-03-14,4468.83642578125,4519.483040800626,4464.616561356527,4519.483040800626,240
2023-03-15,4468.83642578125,4468.83642578125,4468.83642578125,4468.83642578125,0
2023-03-16,4316.9208984375,4316.9208984375,4316.9208984375,4316.9208984375,20
2023-03-17,4316.9208984375,4316.9208984375,4316.9208984375,4316.9208984375,0
2023-03-20,4316.9208984375,4316.9208984375,4316.9208984375,4316.9208984375,0
2023-03-21,4372.623046875,4633.4106402902435,4010.5587181528663,4633.4106402902435,60
2023-03-22,4219.990234375,4389.510484383397,4219.990234375,4389.510484383397,120
2023-03-23,4219.990234375,4219.990234375,4219.990234375,4219.990234375,0
2023-03-24,4304.3466796875,4473.056796047489,4304.3466796875,4473.048554123852,240
2023-03-27,4350.7216796875,4388.658420681632,4219.948345736568,4219.948345736568,60
2023-03-28,4417.1005859375,4473.055817457064,4388.743017581196,4473.055817457064,60
2023-03-29,4307.21484375,4308.48080284976,4305.94888465024,4305.94888465024,40
2023-03-30,4200.78955078125,4350.679181731096,4097.487376780693,4325.360001236056,300
2023-03-31,4234.6337890625,4456.176662929745,4232.523856930431,4456.176662929745,60
2023-04-03,4234.6337890625,4234.6337890625,4234.6337890625,4234.6337890625,0
2023-04-04,4316.9208984375,4549.772912964304,4124.579578558791,4549.772912964304,60
2023-04-05,4325.3603515625,4325.3603515625,4177.749599740098,4177.749599740098,360
2023-04-06,4469.998046875,4493.043537642705,4325.360573079963,4471.545721673123,460
2023-04-07,4360.90087890625,4470.685859559772,4303.862805750464,4469.99809739266,80
2023-04-10,4319.92626953125,4630.6297669134765,4319.513528241347,4630.6297669134765,180
2023-04-11,4385.640625,4385.640625,4342.567314502243,4342.567314502243,100
2023-04-12,4355.54345703125,4355.54345703125,4303.94870028739,4303.94870028739,40
2023-04-13,4424.4658203125,4471.5460406442835,4386.414683332017,4407.05258813499,220
2023-04-14,4424.4658203125,4424.4658203125,4424.4658203125,4424.4658203125,0
2023-04-17,4514.5419921875,4557.537630208333,4471.546354166667,4471.546354166667,140
2023-04-18,4600.53271484375,4600.53271484375,4514.541449145736,4557.537081994743,220
2023-04-19,4469.1123046875,4600.532826421832,4394.153783741226,4471.545924746453,980
2023-04-20,4471.54638671875,4555.886698055084,4471.54638671875,4555.877880590191,60
2023-04-21,4471.54638671875,4471.54638671875,4471.54638671875,4471.54638671875,0
2023-04-24,4471.54638671875,4471.54638671875,4471.54638671875,4471.54638671875,0
2023-04-25,4471.54638671875,4471.54638671875,4471.54638671875,4471.54638671875,0
2023-04-26,4471.54638671875,4471.54638671875,4471.54638671875,4471.54638671875,0
2023-04-27,4586.7568359375,4643.5282855872,4471.545756491378,4471.63183173177,380
2023-04-28,4535.462890625,4561.836342885666,4532.5993144864,4557.536779885774,240
2023-05-01,4535.462890625,4535.462890625,4535.462890625,4535.462890625,0
2023-05-02,4523.14892578125,4643.528298909259,4497.343148758412,4540.33878115572,440
2023-05-03,4544.64697265625,4557.537265445273,4523.149155366414,4557.537265445273,60
2023-05-04,4885.4912109375,4885.4912109375,4660.727307354944,4885.164544849343,740
2023-05-05,5064.884765625,5064.884765625,4858.505759894949,4858.505759894949,260
2023-05-08,4967.474609375,5064.88532611236,4686.695924212733,4901.5019284958325,800
2023-05-09,4967.474609375,4967.474609375,4967.474609375,4967.474609375,0
2023-05-10,4987.49365234375,4987.49365234375,4944.498017409752,4944.498017409752,80
2023-05-11,4901.50244140625,4978.894585217928,4901.50244140625,4978.894585217928,40
2023-05-12,4987.49365234375,4987.49365234375,4987.49365234375,4987.49365234375,100
2023-05-15,4987.49365234375,4987.49365234375,4987.407577098033,4987.407577098033,400
2023-05-16,4987.4853515625,4987.493749147611,4987.4853515625,4987.493749147611,120
2023-05-17,5116.47998046875,5159.475610556723,4987.484692620831,4987.484692620831,460
2023-05-18,5374.45458984375,5374.45458984375,5159.47640625,5159.47640625,600
2023-05-19,5517.41455078125,5546.436602772501,5331.458439874343,5331.458439874343,340
2023-05-22,5663.96142578125,5708.100814262945,5417.450305793394,5517.415162626487,1060
2023-05-23,5589.4326171875,5590.300927482898,5589.4326171875,5589.4326171875,180
2023-05-24,5761.41455078125,5804.410181757229,5589.432026877332,5589.432026877332,320
2023-05-25,5761.41455078125,5847.405812733209,5761.406153197075,5761.406153197075,360
2023-05-26,5763.134765625,5763.134765625,5763.134765625,5763.134765625,40
2023-05-29,5641.02734375,5778.61337652439,5610.930399080602,5778.61337652439,300
2023-05-30,5924.79833984375,5975.533187746621,5924.79833984375,5975.533187746621,40
2023-05-31,5924.79833984375,5924.79833984375,5924.79833984375,5924.79833984375,0
2023-06-01,5623.830078125,5633.2891195408065,5589.433563885703,5589.433563885703,320
2023-06-02,5623.830078125,5623.830078125,5623.830078125,5623.830078125,0
2023-06-05,5580.81640625,5580.833621299782,5434.648457105488,5580.833621299782,60
2023-06-06,5580.81640625,5580.81640625,5580.81640625,5580.81640625,0
2023-06-07,5589.4326171875,5589.4326171875,5546.436981670673,5546.445379255735,380
2023-06-08,5675.42333984375,5675.42333984375,5589.432077118845,5675.42333984375,100
2023-06-09,5546.4365234375,5546.4365234375,5417.974056687392,5417.974056687392,40
2023-06-12,5924.79833984375,5962.419519432743,5920.498776462151,5962.419519432743,180
2023-06-13,5924.79833984375,5924.79833984375,5924.79833984375,5924.79833984375,0
2023-06-14,5632.42822265625,5632.42822265625,5481.083586444418,5481.083586444418,140
2023-06-15,5632.42822265625,5632.42822265625,5632.42822265625,5632.42822265625,0
2023-06-16,5632.42822265625,5632.42822265625,5632.42822265625,5632.42822265625,80
2023-06-19,5632.42822265625,5632.42822265625,5632.42822265625,5632.42822265625,0
2023-06-20,5718.4189453125,5718.4189453125,5632.427682976974,5632.427682976974,40
2023-06-21,5718.4189453125,5718.4189453125,5718.4189453125,5718.4189453125,0
2023-06-22,5544.287109375,5709.820303412175,5378.753915337825,5378.753915337825,40
2023-06-23,5544.287109375,5544.287109375,5544.287109375,5544.287109375,0
2023-06-26,5544.287109375,5544.287109375,5544.287109375,5544.287109375,0
2023-06-27,5544.287109375,5544.287109375,5544.287109375,5544.287109375,0
2023-06-28,5544.287109375,5544.287109375,5544.287109375,5544.287109375,0
2023-06-29,5544.287109375,5544.287109375,5544.287109375,5544.287109375,0
2023-06-30,5544.287109375,5544.287109375,5544.287109375,5544.287109375,0
2023-07-03,5675.42333984375,5718.410573621953,5512.908250877929,5512.908250877929,80
2023-07-04,5546.4365234375,5546.4365234375,5503.440891472868,5503.741944872464,280
2023-07-05,5546.4365234375,5546.4365234375,5546.4365234375,5546.4365234375,0
2023-07-06,5550.73583984375,5550.73583984375,5550.73583984375,5550.73583984375,20
2023-07-07,5550.73583984375,5550.73583984375,5550.73583984375,5550.73583984375,0
2023-07-10,5739.91650390625,5752.815192679072,5448.414535224286,5448.414535224286,80
2023-07-11,5787.2119140625,5791.975863552377,5525.033038624329,5653.065545772195,140
2023-07-12,5804.4111328125,5804.4111328125,5761.415494791667,5761.415494791667,80
2023-07-13,5761.41455078125,5931.677249446128,5590.291939496851,5590.300337081027,100
2023-07-14,5761.41455078125,5761.41455078125,5761.41455078125,5761.41455078125,0
2023-07-17,5761.41455078125,5761.41455078125,5761.41455078125,5761.41455078125,0
2023-07-18,5761.41455078125,5761.41455078125,5589.432026877332,5598.899463276222,120
2023-07-19,5847.40576171875,5847.40576171875,5846.545849106733,5847.40576171875,180
2023-07-20,5761.41455078125,5830.207560342817,5761.41455078125,5830.207560342817,140
2023-07-21,5761.41455078125,5761.41455078125,5761.41455078125,5761.41455078125,0
2023-07-24,5847.40576171875,5933.397022920497,5847.40576171875,5933.397022920497,40
2023-07-25,5851.318359375,5890.401556633106,5847.405924832865,5847.405924832865,640
2023-07-26,5847.40576171875,5849.125586942785,5847.40576171875,5849.125586942785,300
2023-07-27,5847.40576171875,5847.40576171875,5847.40576171875,5847.40576171875,0
2023-07-28,5847.40576171875,5847.40576171875,5847.40576171875,5847.40576171875,0
2023-07-31,5976.392578125,6027.987334195144,5894.700881013939,6015.088645177608,1180
2023-08-01,6019.388671875,6027.987798549107,5976.393038504464,6018.528759207589,2180
2023-08-02,6148.375,6191.370629370629,6019.37971430425,6019.388111888112,3120
2023-08-03,6079.58203125,6156.974164603961,6079.58203125,6105.387806618568,420
2023-08-04,6104.80419921875,6105.3802735568415,6079.582892119277,6079.582892119277,160
2023-08-07,6184.9990234375,6211.243715191832,6036.2791034962875,6211.243715191832,180
2023-08-08,6123.75341796875,6124.636784300759,6123.75341796875,6123.761961163451,1520
2023-08-09,6123.7353515625,6124.198819833148,6122.886585245655,6123.761408303983,560
2023-08-10,6207.0,6211.242976761125,6132.508910858519,6210.368153806651,2300
2023-08-11,6282.1044921875,6298.726130587662,6281.229669113807,6281.229669113807,500
2023-08-14,6282.1044921875,6282.1044921875,6282.1044921875,6282.1044921875,0
2023-08-15,6385.33349609375,6386.208319151167,6298.726013409371,6298.726013409371,1040
2023-08-16,6386.20849609375,6386.217039287907,6386.20849609375,6386.20849609375,120
2023-08-17,6386.20849609375,6473.690804259418,6386.20849609375,6386.217039287907,940
2023-08-18,6473.68994140625,6473.68994140625,6386.20764490076,6386.20764490076,1120
2023-08-21,6298.7255859375,6298.7255859375,6298.7255859375,6298.7255859375,360
2023-08-22,6298.7255859375,6298.7255859375,6132.517759501934,6132.517759501934,320
2023-08-23,6298.7255859375,6298.7255859375,6298.7255859375,6298.7255859375,0
2023-08-24,6209.3447265625,6254.984172099253,6123.760727929338,6254.984172099253,480
2023-08-25,6211.244140625,6254.9852965448945,6211.244140625,6211.244140625,120
2023-08-28,6211.244140625,6211.244140625,6211.244140625,6211.244140625,0
2023-08-29,6211.244140625,6211.244140625,6211.244140625,6211.244140625,0
2023-08-30,6210.701171875,6211.252207879033,6210.360298439947,6211.252207879033,1460
2023-08-31,6045.90185546875,6211.243405271035,6045.90185546875,6211.243405271035,2720
2023-09-01,6123.76123046875,6123.76123046875,6123.76123046875,6123.76123046875,1360
2023-09-04,6123.76123046875,6123.76123046875,6123.76123046875,6123.76123046875,20
2023-09-05,6123.76123046875,6123.76123046875,6123.76123046875,6123.76123046875,40
2023-09-06,6123.76123046875,6123.76123046875,6123.76123046875,6123.76123046875,440
2023-09-07,6123.76123046875,6123.76123046875,6123.76123046875,6123.76123046875,0
2023-09-08,6211.244140625,6211.244140625,6211.244140625,6211.244140625,580
2023-09-11,6211.244140625,6211.244140625,5861.411004204146,5883.185471225792,580
2023-09-12,6211.244140625,6211.244140625,6211.244140625,6211.244140625,0
2023-09-13,6211.244140625,6211.244140625,6211.244140625,6211.244140625,20
2023-09-14,6136.8837890625,6136.8837890625,6136.8837890625,6136.8837890625,200
2023-09-15,6143.4453125,6202.495872641509,6036.2794811320755,6036.28802432654,700
2023-09-18,6123.76123046875,6123.76123046875,6123.76123046875,6123.76123046875,20
2023-09-19,6211.244140625,6211.244140625,6210.369317506602,6210.369317506602,460
2023-09-20,6205.7060546875,6211.243753026948,6106.264985370154,6106.264985370154,140
2023-09-21,6202.49560546875,6211.243836223995,6202.49560546875,6211.243836223995,100
2023-09-22,6123.76123046875,6123.76123046875,6123.76123046875,6123.76123046875,460
2023-09-25,6123.76123046875,6123.76123046875,6123.76123046875,6123.76123046875,1500
2023-09-26,6289.9775390625,6289.9775390625,6289.9775390625,6289.9775390625,20
2023-09-27,6248.67724609375,6298.725837639217,6123.761231038128,6210.8061228221695,420
2023-09-28,6248.67724609375,6248.67724609375,6248.67724609375,6248.67724609375,0
2023-09-29,6248.67724609375,6248.67724609375,6248.67724609375,6248.67724609375,0
2023-10-02,6211.244140625,6211.244140625,6211.244140625,6211.244140625,160
2023-10-03,6211.244140625,6211.244140625,6211.244140625,6211.244140625,100
2023-10-04,6211.244140625,6211.244140625,6211.244140625,6211.244140625,420
2023-10-05,6211.244140625,6211.244140625,6184.9994470730635,6184.9994470730635,1100
2023-10-06,6211.244140625,6211.244140625,6211.244140625,6211.244140625,20
2023-10-09,6211.244140625,6211.244140625,6211.244140625,6211.244140625,600
2023-10-10,6123.76123046875,6211.2435337611605,6123.76123046875,6211.2435337611605,700
2023-10-11,6247.2080078125,6298.726460928904,6202.495917775824,6210.369325851985,720
2023-10-12,6247.2080078125,6247.2080078125,6247.2080078125,6247.2080078125,0
2023-10-13,6296.97607421875,6296.97607421875,6296.97607421875,6296.97607421875,140
2023-10-16,6386.20849609375,6387.083319175407,6298.726187928082,6298.726187928082,1080
2023-10-17,6397.06494140625,6429.949403090957,6324.970637326207,6324.970637326207,1620
2023-10-18,6386.20849609375,6473.690804259418,6386.20849609375,6429.949650176584,820
2023-10-19,6464.94189453125,6561.172423407899,6386.207825450355,6398.289182198483,2560
2023-10-20,6298.7255859375,6298.7255859375,6298.7255859375,6298.7255859375,20
2023-10-23,6298.7255859375,6298.7255859375,6298.7255859375,6298.7255859375,40
2023-10-24,6298.7255859375,6386.199342548847,6289.977355957031,6289.977355957031,320
2023-10-25,6386.20849609375,6386.20849609375,6297.851364846426,6298.726187928082,840
2023-10-26,6386.19921875,6386.19921875,6299.600286815452,6299.608830008627,60
2023-10-27,6233.11328125,6298.725,6233.11328125,6298.725,120
2023-10-30,6354.74462890625,6363.558421734137,6354.74462890625,6363.558421734137,120
2023-10-31,6354.74462890625,6354.74462890625,6354.74462890625,6354.74462890625,0
2023-11-01,6345.93017578125,6345.93017578125,6345.93017578125,6345.93017578125,680
2023-11-02,6345.93017578125,6345.93017578125,6345.93017578125,6345.93017578125,20
2023-11-03,6434.06884765625,6434.06884765625,6363.558504120291,6363.558504120291,220
2023-11-06,6434.06884765625,6434.06884765625,6257.7929888163535,6257.7929888163535,380
2023-11-07,6434.06884765625,6434.06884765625,6363.558504120291,6363.558504120291,40
2023-11-08,6434.06884765625,6533.664707900793,6434.06884765625,6533.664707900793,220
2023-11-09,6434.06884765625,6434.06884765625,6434.06884765625,6434.06884765625,0
2023-11-10,6434.06884765625,6434.06884765625,6434.06884765625,6434.06884765625,220
2023-11-13,6916.62353515625,6916.62353515625,6345.930481443134,6522.206328149889,1820
2023-11-14,7403.5859375,7403.5859375,6918.8273344494055,6918.8273344494055,3620
2023-11-15,7403.5859375,7403.5859375,7390.365248325893,7403.5859375,340
2023-11-16,7756.13818359375,7756.13818359375,7756.13818359375,7756.13818359375,20
2023-11-17,7579.8623046875,7835.462312636265,7579.8623046875,7835.462312636265,80
2023-11-20,7491.72265625,7492.604035386029,7187.6468543198525,7188.096151105993,680
2023-11-21,7491.72265625,7491.72265625,7328.667516084559,7491.72265625,200
2023-11-22,7535.79248046875,7535.79248046875,7491.723518594664,7491.723518594664,1100
2023-11-23,7491.72265625,7535.79161305147,7271.377872242647,7271.377872242647,5440
2023-11-24,7551.216796875,7579.861622775022,7491.723696928801,7491.723696928801,600
2023-11-27,7447.65478515625,7447.65478515625,7385.958236640163,7385.958236640163,60
2023-11-28,7491.72265625,7491.72265625,7491.72265625,7491.72265625,200
2023-11-29,7491.72265625,7491.72265625,7491.72265625,7491.72265625,80
2023-11-30,7491.72265625,7491.72265625,7491.72265625,7491.72265625,40
2023-12-01,7491.72265625,7491.72265625,7491.72265625,7491.72265625,0
2023-12-04,7579.87060546875,7597.489584291442,7491.724068036805,7535.793033142903,100
2023-12-05,7579.87060546875,7579.87060546875,7579.87060546875,7579.87060546875,0
2023-12-06,7668.00048828125,7668.00048828125,7579.862551634339,7579.862551634339,220
2023-12-07,7667.982421875,7667.999636313839,7579.949503097734,7579.949503097734,120
2023-12-08,7844.27587890625,7923.6000170075495,7844.27587890625,7923.6000170075495,80
2023-12-11,7535.79248046875,7535.79248046875,7447.742350355561,7492.604897832146,60
2023-12-12,7668.00048828125,7668.00048828125,7668.00048828125,7668.00048828125,20
2023-12-13,7497.01171875,7497.01171875,7496.130339521367,7496.130339521367,60
2023-12-14,7491.72265625,7491.72265625,7447.65369944853,7447.65369944853,40
2023-12-15,7491.72265625,7491.72265625,7491.72265625,7491.72265625,0
2023-12-18,7491.72265625,7491.72265625,7491.72265625,7491.72265625,0
2023-12-19,7139.171875,7192.05462962963,6930.284994212963,7183.240837191358,900
2023-12-20,7139.171875,7139.171875,7139.171875,7139.171875,0
2023-12-21,6968.18505859375,7051.034716512775,6830.689881621751,7051.034716512775,240
2023-12-22,6968.18505859375,6968.18505859375,6968.18505859375,6968.18505859375,0
2023-12-25,6968.18505859375,6968.18505859375,6968.18505859375,6968.18505859375,0
2023-12-26,6874.75830078125,6874.75830078125,6874.75830078125,6874.75830078125,60
2023-12-27,6874.75830078125,6874.75830078125,6874.75830078125,6874.75830078125,20
2023-12-28,7051.0341796875,7051.0341796875,7051.0341796875,7051.0341796875,20
2023-12-29,7229.95458984375,7315.448384213473,6747.840099944379,6747.840099944379,340
2024-01-01,7229.95458984375,7229.95458984375,7229.95458984375,7229.95458984375,0
2024-01-02,7227.31005859375,7227.31005859375,7051.034203506098,7051.034203506098,120
2024-01-03,7227.31005859375,7227.31005859375,7227.31005859375,7227.31005859375,0
2024-01-04,7227.31005859375,7227.31005859375,7227.31005859375,7227.31005859375,0
2024-01-05,7403.5859375,7403.5859375,7227.3100818452385,7227.3100818452385,120
2024-01-08,7271.37939453125,7271.37939453125,7271.37939453125,7271.37939453125,20
2024-01-09,7227.31005859375,7227.31005859375,7051.034203506098,7227.31005859375,360
2024-01-10,7227.31005859375,7271.379022365663,7051.034203506098,7051.034203506098,360
2024-01-11,7227.31005859375,7227.31005859375,7227.31005859375,7227.31005859375,0
2024-01-12,7227.31005859375,7227.31005859375,7227.31005859375,7227.31005859375,300
2024-01-15,7051.0341796875,7051.0341796875,7051.0341796875,7051.0341796875,100
2024-01-16,7227.31005859375,7227.31005859375,7139.172131049924,7139.172131049924,320
2024-01-17,7227.31005859375,7227.31005859375,7227.31005859375,7227.31005859375,0
2024-01-18,7227.31005859375,7227.31005859375,7226.428679318312,7227.31005859375,140
2024-01-19,7227.31005859375,7227.31005859375,7227.31005859375,7227.31005859375,40
2024-01-22,7289.0068359375,7359.517180178734,7227.310284726421,7271.379249877192,120
2024-01-23,7359.5166015625,7447.654524934506,7271.378678190494,7271.378678190494,60
2024-01-24,7315.4482421875,7315.4482421875,7315.4482421875,7315.4482421875,20
2024-01-25,7315.4482421875,7315.4482421875,7315.4482421875,7315.4482421875,0
2024-01-26,7315.4482421875,7315.4482421875,7227.310311558735,7315.4482421875,100
2024-01-29,7315.4482421875,7315.4482421875,7315.4482421875,7315.4482421875,0
2024-01-30,7315.4482421875,7315.4482421875,7315.4482421875,7315.4482421875,0
2024-01-31,7227.31005859375,7227.31005859375,7227.31005859375,7227.31005859375,120
2024-02-01,7227.31005859375,7227.31005859375,7227.31005859375,7227.31005859375,0
2024-02-02,7227.31005859375,7227.397852232514,7227.31005859375,7227.31005859375,540
2024-02-06,7227.31005859375,7227.31005859375,7226.428679318312,7226.428679318312,1440
2024-02-07,7227.31005859375,7227.31005859375,7227.31005859375,7227.31005859375,0
2024-02-08,7227.31005859375,7227.31005859375,7227.31005859375,7227.31005859375,0
2024-02-09,7227.31005859375,7227.31005859375,7227.31005859375,7227.31005859375,100
2024-02-12,7227.31005859375,7227.31005859375,7227.31005859375,7227.31005859375,0
2024-02-13,7227.31005859375,7227.31005859375,7227.31005859375,7227.31005859375,0
2024-02-14,7227.31005859375,7227.31005859375,7227.31005859375,7227.31005859375,0
2024-02-15,7227.31005859375,7227.31005859375,7227.31005859375,7227.31005859375,0
2024-02-16,7227.31005859375,7227.31005859375,7227.31005859375,7227.31005859375,0
2024-02-19,6971.80615234375,7139.171365511094,6918.8265702792705,6918.8265702792705,60
2024-02-20,6971.80615234375,6971.80615234375,6971.80615234375,6971.80615234375,0
2024-02-21,6971.80615234375,6971.80615234375,6971.80615234375,6971.80615234375,0
2024-02-22,6971.80615234375,6971.80615234375,6971.80615234375,6971.80615234375,0
2024-02-23,6971.80615234375,6971.80615234375,6971.80615234375,6971.80615234375,0
2024-02-26,6680.85498046875,6817.4687696472,6663.227394768304,6808.654976796977,120
2024-02-27,6857.130859375,6953.192594529669,6180.231566315874,6180.231566315874,60
2024-02-28,6857.130859375,6857.130859375,6857.130859375,6857.130859375,0
2024-02-29,6857.130859375,6857.130859375,6857.130859375,6857.130859375,0
2024-03-01,6936.455078125,6936.455078125,6936.455078125,6936.455078125,20
2024-03-04,6936.455078125,6936.455078125,6936.455078125,6936.455078125,0
2024-03-05,6766.7900390625,6786.621074670303,6746.959003454697,6786.621074670303,40
2024-03-06,7227.31005859375,7227.31005859375,7139.172131049924,7139.172131049924,40
2024-03-07,6954.08251953125,7033.4066547350285,6786.620456323273,7033.4066547350285,80
2024-03-08,7095.10302734375,7403.585767663043,6720.516842670322,6720.516842670322,140
2024-03-11,6678.8896484375,6742.551658186566,6567.218718764709,6733.834696391442,220
2024-03-12,6592.716796875,6610.352989112629,6592.716796875,6610.352989112629,80
2024-03-13,6549.42333984375,7033.406417030074,6549.42333984375,7033.406417030074,40
2024-03-14,6610.34423828125,6610.34423828125,6610.34423828125,6610.34423828125,20
2024-03-15,6610.34423828125,6610.34423828125,6610.34423828125,6610.34423828125,0
2024-03-18,6610.34423828125,6610.34423828125,6610.34423828125,6610.34423828125,0
2024-03-19,6539.833984375,6539.833984375,6169.918943869136,6169.918943869136,140
2024-03-20,6619.15869140625,6619.15869140625,6619.15869140625,6619.15869140625,20
2024-03-21,6619.15869140625,6619.15869140625,6619.15869140625,6619.15869140625,0
2024-03-22,6345.93017578125,6354.840798902015,6345.93017578125,6354.840798902015,200
2024-03-26,6522.20654296875,6522.20654296875,6522.20654296875,6522.20654296875,0
2024-03-27,6729.3310546875,6742.551744382367,6522.206916134577,6522.206916134577,100
2024-03-28,6698.77392578125,6953.201631675125,6698.483001740518,6953.201631675125,160
2024-03-29,6698.77392578125,6698.77392578125,6698.77392578125,6698.77392578125,0
2024-04-01,6698.77392578125,6698.77392578125,6698.77392578125,6698.77392578125,0
2024-04-02,6698.77392578125,6698.77392578125,6698.77392578125,6698.77392578125,0
2024-04-03,6698.77392578125,6698.77392578125,6698.77392578125,6698.77392578125,0
2024-04-04,6669.29931640625,6698.772584067313,6522.205826924724,6522.205826924724,140
2024-04-05,6669.29931640625,6669.29931640625,6669.29931640625,6669.29931640625,0
2024-04-08,6686.08837890625,6686.08837890625,6686.08837890625,6686.08837890625,0
2024-04-09,6686.08837890625,6686.08837890625,6686.08837890625,6686.08837890625,0
2024-04-10,6686.08837890625,6686.08837890625,6686.08837890625,6686.08837890625,0
2024-04-15,6649.07470703125,6649.9583049989615,6627.868355806167,6627.868355806167,60
2024-04-16,6649.07470703125,6649.07470703125,6649.07470703125,6649.07470703125,40
2024-04-17,6715.34521484375,6715.34521484375,6715.34521484375,6715.34521484375,40
2024-04-18,6668.95556640625,6715.344459051011,6538.624868023352,6715.344459051011,160
2024-04-19,6715.34521484375,6715.34521484375,6538.625603926809,6538.625603926809,320
2024-04-22,6761.30078125,6936.244562996496,6714.461456587309,6714.461456587309,73
2024-04-23,6786.3505859375,6801.937375396368,6715.344771760509,6801.937375396368,89
2024-04-24,6809.00634765625,6892.055932716862,6724.180937667281,6724.180937667281,45
2024-04-25,6795.63671875,6803.703864070769,6794.8678850265205,6803.703864070769,72
2024-04-26,6912.0419921875,6924.721708973271,6803.704169073708,6924.721708973271,326
2024-04-29,6613.0244140625,6883.228513557402,6452.924910595399,6452.924910595399,2260
2024-04-30,6613.7314453125,6732.13358474762,6613.7314453125,6614.615043367986,172
2024-05-02,6613.7314453125,6618.149435589929,6616.382239478958,6618.149435589929,3
2024-05-03,6702.18798828125,6802.821086556495,6538.713727362608,6802.821086556495,260
2024-05-06,6680.0009765625,6802.821100337922,6675.582986498636,6802.821100337922,1192
2024-05-07,6653.49267578125,6715.344533325033,6538.722015314526,6680.884212693497,151
2024-05-08,6626.98388671875,6662.3278007812505,6538.6241015625,6549.227275781251,248
2024-05-09,6626.98388671875,6626.98388671875,6626.98388671875,6626.98388671875,6
2024-05-10,6615.93994140625,6624.334122300188,6582.8050168249165,6624.334122300188,16
2024-05-13,6539.50830078125,6648.2879214859895,6450.2649095666975,6648.2879214859895,265
2024-05-14,6456.07958984375,6582.805146875048,6451.149043937547,6582.805146875048,101
2024-05-15,6520.953125,6538.61645580178,6450.265286246612,6538.61645580178,191
2024-05-16,6432.5927734375,6587.222407414363,6374.275311480512,6520.9525642814215,28
2024-05-17,6564.97314453125,6573.968326405333,6563.365151685324,6573.968326405333,31
2024-05-20,6554.37060546875,6625.217646747121,6361.9054489969685,6361.9054489969685,130
2024-05-21,6469.06787109375,6713.577287979757,6410.680080415411,6713.577287979757,29
2024-05-22,6361.9052734375,6581.92116414388,6361.9052734375,6581.037566189236,550
2024-05-23,6361.9052734375,6361.9052734375,6361.896644551224,6361.896644551224,85
2024-05-24,6354.94287109375,6361.905519699226,6273.545720814514,6273.545720814514,61
2024-05-27,6361.896484375,6361.905113261058,6273.553948907381,6353.069133937085,73
2024-05-28,6361.896484375,6361.896484375,6361.896484375,6361.896484375,0
2024-05-29,6326.3935546875,6361.905304886877,6317.725406936274,6361.905304886877,40
2024-05-30,6357.92919921875,6361.905390087555,6278.184482349944,6278.184482349944,28
2024-05-31,6357.08935546875,6361.021538860186,6300.936879234891,6317.725240012547,85
2024-06-03,6493.72900390625,6503.280749280071,6230.2489895616545,6317.725184422895,140
2024-06-04,6450.18603515625,6494.445321057569,6323.910906504629,6494.445321057569,110
2024-06-05,6450.26513671875,6450.26513671875,6194.021727177867,6194.021727177867,127
2024-06-06,6439.8740234375,6493.552598010087,6185.503521910917,6185.503521910917,23
2024-06-07,6181.0595703125,6450.25667087115,5925.408095914434,5925.408095914434,406
2024-06-10,6184.67333984375,6185.1858957062,6141.0059964511565,6141.0059964511565,295
2024-06-11,6183.40966796875,6185.185492709821,6118.915648145073,6185.185492709821,8
2024-06-12,6180.767578125,6182.5347740015195,6021.728578124411,6141.005670903324,35
2024-06-13,6192.85546875,6273.545478656942,6141.00578544588,6185.185683182901,351
2024-06-14,6271.70751953125,6273.545472306339,6096.825881537146,6185.185676921743,167
2024-06-20,6272.02587890625,6361.905658122907,6115.381813870645,6185.186056508382,523
2024-06-21,6259.1689453125,6317.627920535836,6101.261198856587,6185.185310280304,411
2024-06-24,6358.37109375,6361.905485686492,6191.43277128966,6259.169530814724,161
2024-06-25,6323.3359375,6361.904899665364,6191.43220097147,6353.06892063805,1399
2024-06-26,6109.1962890625,6238.201591087829,5840.582509502911,6207.275662520114,1780
2024-06-27,6120.6123046875,6185.185712557693,6020.836492195445,6052.646018717171,275
2024-06-28,6321.41015625,6519.874979764829,6026.138285282158,6176.243808114365,258
2024-07-01,6186.025390625,6271.77840117406,6096.8260028319255,6195.126277152948,177
2024-07-02,6124.21728515625,6176.349563301426,6118.915697548266,6176.349563301426,41
2024-07-03,6238.5634765625,6316.8412750730995,6097.80607472221,6264.770696429609,186
2024-07-04,6185.5302734375,6273.5453430016005,6145.4236423346665,6265.584332694804,123
2024-07-05,6185.2470703125,6273.545164832689,6141.005478251717,6202.857331989504,314
2024-07-08,6233.916015625,6317.725367807079,6103.011065096993,6264.709490594712,585
2024-07-09,6185.150390625,6273.545565760071,6180.317351354282,6273.545565760071,390
2024-07-10,6220.02685546875,6273.537605830029,6008.484505568006,6273.537605830029,104
2024-07-11,6227.49267578125,6229.366007120104,6115.390492046901,6219.999781870175,29
2024-07-12,6224.94775390625,6229.357114908964,6052.654777113304,6052.654777113304,31
2024-07-15,6317.72509765625,6816.321539723624,6203.740966523711,6816.321539723624,898
2024-07-16,6317.72509765625,6317.72509765625,6317.72509765625,6317.72509765625,0
2024-07-17,6317.72509765625,6317.72509765625,6317.72509765625,6317.72509765625,0
2024-07-18,6316.3740234375,6406.085539089405,6194.9056158008025,6405.679118522472,172
2024-07-19,6189.60400390625,6317.725714194102,6185.186013896324,6317.725714194102,440
2024-07-22,6183.41845703125,6229.356921566797,5929.834474147269,6229.356921566797,81
2024-07-23,6141.005859375,6227.598459982015,6141.005859375,6207.275706778328,33
2024-07-24,6202.857421875,6229.36535957532,6185.18546340812,6185.18546340812,97
2024-07-25,6147.15625,6229.366247015164,6096.826539631863,6185.186344554064,346
2024-07-26,6096.8251953125,6272.66116833673,6096.8251953125,6272.66116833673,115
2024-07-29,6140.9443359375,6247.02916242437,6096.826132962638,6096.826132962638,881
2024-07-30,6055.1201171875,6141.006014164774,6039.392245585069,6140.122416177124,162
2024-07-31,6154.7021484375,6183.410455854204,6107.429653291221,6141.006378815681,1501
2024-08-01,6096.8251953125,6185.176351866515,5990.802081670622,5990.802081670622,51
2024-08-02,6211.40283203125,6224.948459598281,5946.615065024334,6184.294319122225,560
2024-08-05,6148.42333984375,6329.306831589769,6104.863326923465,6239.5741430776925,94
2024-08-06,6281.91357421875,6288.9072691919755,6140.7745497891665,6194.64099320837,85
2024-08-07,6205.4052734375,6323.013670332728,6113.84985783207,6113.84985783207,105
2024-08-08,6217.0849609375,6270.0448597064515,6194.6406108980145,6195.538384899593,21
2024-08-09,6194.64013671875,6328.408452714561,6194.64013671875,6328.408452714561,126
2024-08-12,6106.65869140625,6311.342394185115,6082.4187936308945,6194.640542590874,96
2024-08-13,6147.5078125,6238.623111326253,6015.9926813900665,6015.9926813900665,181
2024-08-15,6104.86279296875,6364.319461669922,6074.338479003906,6283.5198070571005,410
2024-08-16,6142.38134765625,6311.351360899162,6015.085934285119,6311.351360899162,1158
2024-08-19,6119.8203125,6194.6406580843695,6021.432960828442,6104.863257242567,143
2024-08-20,6170.78662109375,6186.470486673105,6119.819975904421,6186.470486673105,56
2024-08-21,6146.44873046875,6360.729614372115,6024.154185824041,6360.729614372115,14
2024-08-22,6194.64013671875,6284.417530004529,6104.862743432971,6261.9644143595215,312
2024-08-23,6261.9736328125,6311.351202676971,6149.75188312052,6283.520208753361,177
2024-08-26,6183.1044921875,6248.507419735421,6149.752273733855,6248.507419735421,15
2024-08-27,6161.916015625,6284.408675078856,6149.7513543508185,6284.408675078856,62
2024-08-28,6120.259765625,6212.595906621362,6104.871796951902,6212.595906621362,54
2024-08-29,6190.14306640625,6194.640703805837,6105.761076316448,6194.640703805837,36
2024-08-30,6194.64013671875,6486.4166648975315,6194.64013671875,6194.64013671875,82
2024-09-02,6159.474609375,6230.5513038948175,6024.153157452001,6059.974250906343,46
2024-09-03,6284.41796875,6733.215101445062,6203.618309151785,6203.618309151785,11057
2024-09-04,6210.50439453125,6279.920562979719,6150.649870180728,6150.658637505226,90
2024-09-05,6208.107421875,6209.90296993628,6194.640811415401,6209.90296993628,19
2024-09-06,6282.17333984375,6284.417774763308,6277.226815696817,6283.5200007954845,24
2024-09-09,6284.40966796875,6284.418435293576,6284.400462277683,6284.418435293576,4
2024-09-10,6266.462890625,6279.031727368374,6202.7209328550325,6203.609939583393,54
2024-09-11,6257.48486328125,6329.306784237133,6163.22735935099,6163.22735935099,100
2024-09-12,6283.96875,6319.430820951497,6275.439897492678,6319.430820951497,112
2024-09-13,6270.798828125,6374.195389394372,6167.770056105994,6374.195389394372,32
2024-09-16,6266.462890625,6270.942993565754,6150.6680107910515,6150.6680107910515,27
2024-09-17,6266.462890625,6266.462890625,6266.462890625,6266.462890625,0
2024-09-18,6196.0859375,6266.292040146198,6194.640644092252,6194.640644092252,81
2024-09-19,6250.34765625,6284.409589506312,6167.788389591558,6284.409589506312,28
2024-09-20,6250.79638671875,6270.942821680351,6141.142582502625,6158.792521813712,51
2024-09-23,6246.7734375,6284.381308642241,6158.791595934658,6158.791595934658,99
2024-09-24,6200.04541015625,6246.720453919825,6156.934283798619,6246.720453919825,24
2024-09-25,6200.04541015625,6217.085143672417,6217.085143672417,6217.085143672417,3
2024-09-26,6163.72119140625,6276.329139761021,6158.729515463242,6194.640474737081,98
2024-09-27,6184.30810546875,6193.743500820974,6128.3225971053425,6193.743500820974,48
2024-09-30,6104.86279296875,6275.431074272184,6104.86279296875,6275.431074272184,142
2024-10-01,6114.962890625,6149.751631606717,6104.8629335657915,6149.751631606717,25
2024-10-02,6106.90087890625,6145.262742597489,6019.619101827124,6019.619101827124,238
2024-10-03,6106.69482421875,6136.285420820299,6104.863330150407,6131.7965507246,3243
2024-10-04,6103.32861328125,6121.912712168669,6015.984137569636,6015.984137569636,57
2024-10-07,6104.77392578125,6104.86379086319,6103.966016776299,6104.86379086319,45
2024-10-08,6163.43408203125,6212.595975024773,6015.992239671036,6212.595975024773,38
2024-10-09,6163.43408203125,6163.43408203125,6163.43408203125,6163.43408203125,0
2024-10-10,6084.88818359375,6104.863656587731,6077.9304345733735,6104.863656587731,152
2024-10-11,6222.8759765625,6238.631735444972,6059.974703447052,6083.325595555213,373
2024-10-14,6097.68115234375,6194.640746638968,6068.952383663685,6194.640746638968,413
2024-10-15,6104.86279296875,6104.86279296875,6042.287773994348,6042.287773994348,41
2024-10-16,6194.64013671875,6194.64013671875,6024.06308947577,6024.06308947577,223
2024-10-17,6104.86279296875,6283.5198070571005,6024.0631383559285,6024.0631383559285,152
2024-10-18,6102.53857421875,6149.752372227014,6029.4506469892885,6029.4506469892885,450
2024-10-21,6103.99267578125,6176.685635509375,6068.952746517933,6176.685635509375,32
2024-10-22,6104.00146484375,6104.863292827557,6084.214490513582,6104.863292827557,86
2024-10-23,6088.61376953125,6103.957026204113,6059.974864880101,6064.4637351503825,153
2024-10-24,5947.716796875,6149.7518926632665,5893.886302968518,6149.7518926632665,808
2024-10-25,5893.994140625,5970.197092440622,5866.953082571348,5952.241612463357,590
2024-10-28,5971.3642578125,6042.0192496444315,5880.419923502382,5880.419923502382,655
2024-10-29,5995.3349609375,5997.130508994085,5911.868716646005,5971.3642190355995,459
2024-10-30,5972.666015625,6055.485667639792,5937.87727290876,6055.485667639792,241
2024-10-31,5904.42138671875,6081.93195688919,5902.601024985063,6081.93195688919,200
2024-11-01,5915.099609375,6073.82087936105,5907.106211307371,6073.82087936105,269
2024-11-04,5965.681640625,6028.762866432213,5866.554000070808,5871.05980191418,152
2024-11-05,5947.6591796875,6033.278225851059,5916.12736322085,6033.278225851059,144
2024-11-06,5953.07421875,6127.890530550868,5938.646852401504,6127.890530550868,196
2024-11-07,5945.93798828125,6037.775396347546,5931.438456531276,6036.865435445054,328
2024-11-08,5942.548828125,5991.80639388533,5866.553905062262,5912.513083120353,759
2024-11-11,5938.232421875,5990.914222632371,5878.269174824151,5965.68173192333,166
2024-11-12,5915.81201171875,5938.647276372718,5857.542837089934,5866.554441454688,336
2024-11-13,5905.0791015625,5915.217156561176,5870.159134344836,5915.217156561176,220
2024-11-14,5931.43798828125,5938.620430563076,5881.892205123045,5938.620430563076,156
2024-11-15,5947.66748046875,5964.7807277895245,5902.600659770567,5935.042434389154,1651
2024-11-18,5910.125,5947.658240132656,5886.667549954022,5947.658240132656,268
2024-11-19,5947.6591796875,5969.28703125,5912.522721293767,5947.6591796875,793
2024-11-20,6029.81787109375,6082.833212293838,5916.704190558571,5920.624326632669,1405
2024-11-21,5962.35693359375,6037.774998647622,5918.821819569788,5918.821819569788,1573
2024-11-22,6037.77490234375,6199.893576269897,5950.389181529053,6028.763298011893,555
2024-11-25,6037.77490234375,6127.890945662313,5993.618041117654,6055.7981110074625,230
2024-11-26,5949.46142578125,6082.833175404943,5875.56626720596,6082.833175404943,934
2024-11-27,5948.1005859375,6036.873688211487,5920.623993364603,6036.873688211487,1897
2024-11-28,5933.123046875,5992.7078783137495,5893.589034398847,5947.658658567644,878
2024-11-29,5921.2275390625,5983.705060039837,5908.025627197532,5983.705060039837,334
2024-12-02,5977.27978515625,5992.716556938036,5893.588914642821,5902.60051848784,2135
2024-12-03,6020.99462890625,6037.77434021468,5908.016050311564,5908.016050311564,1599
2024-12-04,6039.54150390625,6100.856498660096,6019.752054807894,6020.99555067555,691
2024-12-05,6048.06640625,6108.155945542716,6028.763619146121,6039.577544920374,1121
2024-12-06,6052.13037109375,6107.164078746712,6028.763123331194,6107.164078746712,579
2024-12-09,6657.3408203125,6657.3408203125,6037.774974303752,6037.774974303752,1370
2024-12-10,6606.23583984375,7209.2833256258255,6398.265792696708,6758.703117774211,1153
2024-12-11,6448.04638671875,7181.3476661958275,6353.181208016136,6606.236128197656,863
2024-12-12,6628.20654296875,6803.761670068614,6488.355499932984,6497.3671047940015,3837
2024-12-13,6689.39453125,6835.31959144949,6580.281960945513,6668.586878674069,425
2024-12-16,6836.52685546875,6938.943643427237,6668.595532659717,6758.702769187993,781
2024-12-17,6769.04931640625,6803.7532374120365,6713.645984326985,6802.860877273075,157
2024-12-18,6694.720703125,6848.819133631714,6677.598655290921,6758.703092399718,137
2024-12-19,6525.63671875,6758.703753376696,6506.387613646145,6694.7125574492175,915
2024-12-20,6588.9697265625,7177.742995496472,6409.954290893459,6409.954290893459,202
2024-12-23,6604.92041015625,6736.156300446785,6488.5805084457825,6736.156300446785,1456
2024-12-24,6517.1923828125,6712.744200714921,6491.995971799556,6605.5061070264965,167
2024-12-26,6696.3515625,6758.702795890658,6578.470721333573,6667.68559823933,694
2024-12-27,6648.49169921875,6757.802286967231,6579.372515955162,6587.509801297171,296
2024-12-30,6668.58740234375,6762.308090160473,6655.069995447107,6749.691843723606,214
2024-12-31,6713.64501953125,6758.70303979656,6628.422438408544,6758.70303979656,146
2025-01-01,6713.64501953125,6713.64501953125,6713.64501953125,6713.64501953125,0
2025-01-02,6673.52587890625,6758.703584886166,6668.587537087684,6668.587537087684,295
2025-01-03,6673.0927734375,6713.644991507005,6610.01154532938,6713.636191112459,58
2025-01-06,6686.1328125,6732.551373952066,6582.97678688654,6582.97678688654,144
2025-01-07,6618.1943359375,6667.677195766552,6497.366675540382,6579.381074752672,266
2025-01-08,6562.45703125,6623.528686824407,6490.174993530463,6619.022884996634,117
2025-01-09,6444.38720703125,6506.369265544132,6407.2684630834765,6416.262026244192,160
2025-01-10,6761.04638671875,6803.761303454368,6443.297128436919,6443.297128436919,1104
2025-01-13,6753.26904296875,6758.702846448619,6598.323140095616,6758.702846448619,191
2025-01-14,6700.96630859375,6754.197698962852,6633.442196406345,6754.197698962852,117
2025-01-15,6676.6796875,6748.989012722108,6533.413217741271,6581.174721264069,152
2025-01-16,6685.80859375,6758.7035880538915,6650.564330645029,6758.7035880538915,180
2025-01-17,6748.51123046875,6756.901087101597,6583.878279856532,6754.18880534333,319
2025-01-20,6723.91796875,6753.989796223802,6602.901106164622,6602.901106164622,52
2025-01-21,6712.5908203125,6754.197326368103,6650.572678793178,6650.572678793178,206
2025-01-22,6733.69580078125,6758.703001888237,6682.104367866837,6753.296039486726,261
2025-01-23,6704.85009765625,6756.900912951452,6637.947736036329,6756.900912951452,136
2025-01-24,6690.5302734375,6758.70296938475,6580.273210992992,6749.6913654255695,169
2025-01-27,6673.77734375,6758.702909923626,6668.586871124644,6695.621682764338,149
2025-01-28,6641.55322265625,6736.175079966821,6443.3067029729145,6443.3067029729145,45
2025-01-29,6722.296875,6751.28713754199,6579.372733371512,6579.372733371512,138
2025-01-30,6696.56787109375,6722.656640902464,6668.587016444802,6722.296264743358,223
2025-01-31,6698.77587890625,6713.645025607259,6668.58700530117,6691.116015454215,34
2025-02-03,6664.08154296875,6742.878960094329,6623.529322626141,6668.58734522904,103
2025-02-04,6658.89990234375,6748.790657868166,6488.355285972866,6578.471331611378,128
2025-02-06,6704.9580078125,6754.197537750879,6623.52927317798,6623.5741551923475,120
2025-02-07,6721.72900390625,6722.657005567764,6626.259677926152,6626.259677926152,192
2025-02-10,6718.6015625,6722.656784420898,6542.433499442476,6722.656784420898,28
2025-02-11,6708.25634765625,6722.656873868385,6691.116258508413,6722.656873868385,38
2025-02-12,6695.62158203125,6722.656393264216,6691.205984200475,6691.205984200475,35
2025-02-13,6638.3984375,6700.127928162967,6578.471267732301,6694.72096547716,113
2025-02-14,6644.60693359375,6704.858392271539,6488.354615013619,6668.676891693148,338
2025-02-17,6533.68310546875,6722.548373468127,6403.654635487333,6534.314093759862,94
2025-02-18,6578.4716796875,6680.302816647047,6533.413654484161,6578.4716796875,301
2025-02-19,6578.4716796875,6666.785409086045,6560.4484696061645,6578.516561704792,330
2025-02-20,6575.884765625,6619.02342142492,6488.355157829738,6560.4479929167355,242
2025-02-21,6619.7802734375,6713.645285783035,6488.35517552186,6577.570059185286,434
2025-02-24,6578.4716796875,6619.780736387593,6492.870232196703,6619.780736387593,241
2025-02-25,6582.79638671875,6704.633450154176,6537.990937546243,6667.677072950902,60
2025-02-26,6609.11083984375,6623.529407260917,6601.000395671594,6623.529407260917,109
2025-02-27,6634.6767578125,6668.587319889849,6489.310513041018,6601.000286242316,33
2025-02-28,6623.9169921875,6668.587357470907,6601.9014838961975,6668.578557075851,267
2025-03-03,6613.0126953125,6756.900910911644,6605.505958519919,6704.633605919263,43
2025-03-04,6613.0126953125,6613.0126953125,6613.0126953125,6613.0126953125,0
2025-03-05,6757.98291015625,6759.604823027351,6623.529589288232,6632.5411941716175,1014
2025-03-06,6634.361328125,6754.197628148111,6634.352087710154,6713.6454075655,61
2025-03-07,6664.62255859375,6668.587576716493,6633.44231786623,6633.44231786623,54
2025-03-10,6597.62109375,6754.188925082842,6596.494643162028,6596.503443557247,54
2025-03-11,6624.4306640625,6667.68636694306,6605.506294052255,6667.68636694306,68
2025-03-12,6623.529296875,6623.529296875,6578.480074842285,6623.529296875,74
2025-03-13,6623.57373046875,6709.139085274055,6623.528848457261,6708.23792488651,46
2025-03-14,6610.95751953125,6704.633318313152,6578.479663793112,6623.573765022699,67
2025-03-17,6623.529296875,6758.703364158164,6578.471274447279,6758.703364158164,120
2025-03-18,6729.11767578125,6848.818879307887,6623.528784593812,6623.528784593812,175
2025-03-19,6670.68701171875,6736.174270308679,6657.845475484382,6713.645259371192,43
2025-03-20,6654.09619140625,6848.8189999013375,6587.491285825898,6848.8189999013375,355
2025-03-21,6667.28076171875,6712.735684013823,6648.762089672609,6712.735684013823,39
2025-03-24,6646.00390625,6664.973596906401,6592.871523638589,6664.973596906401,32
2025-03-25,6646.0400390625,6713.64511119237,6444.198146327066,6713.64511119237,79
2025-03-26,6655.77197265625,6681.28387526012,6596.493837761106,6596.493837761106,53
2025-03-27,6642.90380859375,6664.0722773442685,6632.540464118565,6654.168313458083,141
2025-03-28,6642.90380859375,6642.90380859375,6642.90380859375,6642.90380859375,0
2025-03-31,6642.90380859375,6642.90380859375,6642.90380859375,6642.90380859375,0
2025-04-03,6666.78515625,6668.587477189781,6574.686380219286,6668.587477189781,133
2025-04-04,6623.529296875,6667.686158854167,6037.775005314626,6667.686158854167,85
2025-04-07,6488.373046875,6667.685929150181,6308.122922564031,6667.685929150181,142
2025-04-08,6527.06005859375,6658.674362300842,6488.355042436874,6658.674362300842,227
2025-04-09,6494.07763671875,6578.471224075717,6425.372953437554,6578.471224075717,164
2025-04-10,6473.46826171875,6587.483103151376,6461.320636059558,6506.378660020921,418
2025-04-11,6398.693359375,6614.023509104913,6334.578289316537,6434.121662434369,158
2025-04-14,6491.4306640625,6560.812314767292,6425.976309953455,6560.812314767292,75
2025-04-15,6438.43798828125,6515.384818239565,6425.072010944442,6452.220202539982,412
2025-04-16,6425.07177734375,6502.896590421435,6425.07177734375,6452.219967952245,81
2025-04-17,6399.4892578125,6497.467097583958,6342.722407655427,6497.467097583958,135
2025-04-18,6425.07177734375,6465.794063256492,6416.022380474252,6464.889123569543,143
2025-04-21,6335.60986328125,6422.411611460689,6064.009966373172,6064.009966373172,220
2025-04-22,6383.634765625,6443.170784954851,6115.58260740518,6115.58260740518,120
2025-04-23,6378.9111328125,6379.824909817812,6357.6989573207065,6361.726115747408,14
2025-04-24,6332.76806640625,6357.246508722273,6154.494944216763,6357.246508722273,105
2025-04-25,6329.4560546875,6425.072128635264,6085.719727474951,6199.742134264816,175
2025-04-28,6325.6826171875,6326.433787877899,6177.118729231089,6325.528848128524,112
2025-04-29,6232.31982421875,6425.071983730671,6171.6888632455175,6244.084040526989,330
2025-04-30,6157.24609375,6492.933659953446,6153.59010192847,6492.933659953446,150
2025-05-02,6246.13818359375,6289.330937957812,5882.108071471335,6153.59881976411,218
2025-05-05,6506.841796875,6606.059504720167,6067.620408102564,6244.083641447829,370
2025-05-06,6350.86669921875,6606.059689982456,6205.171410165712,6205.171410165712,402
2025-05-07,6454.20166015625,6515.565672661051,6109.256595098025,6334.577737309356,134
2025-05-08,6333.52783203125,6501.9915427529,6073.058975563796,6334.577703447502,284
2025-05-09,6442.4013671875,6606.059800059245,5904.7315336146,6606.059800059245,101
2025-05-12,6483.5947265625,6650.402344430448,6200.647280451412,6650.402344430448,399
2025-05-13,6401.62451171875,6487.512476966725,6335.482612811277,6335.482612811277,53
2025-05-14,6400.7197265625,6406.973001213336,6258.562892145682,6401.624666251937,47
2025-05-15,6497.466796875,6560.812573446205,6406.972830344707,6406.972830344707,222
2025-05-16,6417.63330078125,6595.970056632376,6329.076022294096,6595.970056632376,223
2025-05-19,6396.69287109375,6446.790207490377,6308.34327531598,6417.632856909534,364
2025-05-20,6379.91552734375,6470.219496205232,6334.668541918219,6470.219496205232,135
2025-05-21,6397.96923828125,6442.664337202838,6312.841713266779,6312.841713266779,101
2025-05-22,6383.82470703125,6425.071929638527,6343.627355882546,6397.968808625917,89
2025-05-23,6351.5185546875,6422.130804936492,6322.813673032199,6406.973064987545,44
2025-05-26,6346.66796875,6425.072070527225,6334.578097702898,6401.534800290867,61
2025-05-27,6343.62744140625,6348.152140009251,6343.62744140625,6348.152140009251,18
2025-05-28,6343.62744140625,6343.62744140625,6343.62744140625,6343.62744140625,0
2025-05-29,6357.56298828125,6378.919652594287,6335.482548987459,6352.911474714467,32
2025-05-30,6335.58203125,6420.546940346303,6290.688098071504,6357.563051120843,59
2025-06-02,6371.91552734375,6379.824912451025,5793.4421007965475,6343.627324295274,218
2025-06-03,6412.158203125,6415.922893580077,6406.067976770268,6415.922893580077,7
2025-06-04,6367.318359375,6406.9726553540895,6338.197242669497,6406.9726553540895,18
2025-06-05,6414.76416015625,6415.515330767848,6367.155408658243,6367.318456867466,10
2025-06-06,6414.76416015625,6414.76416015625,6414.76416015625,6414.76416015625,0
2025-06-09,6414.76416015625,6414.76416015625,6414.76416015625,6414.76416015625,0
2025-06-10,6334.57763671875,6468.463636515141,6321.003541782924,6468.463636515141,200
2025-06-11,6334.5869140625,6399.715620509494,6325.5375168099845,6391.136809588714,172
2025-06-12,6347.68115234375,6369.870290564545,6333.672704029159,6333.672704029159,178
2025-06-13,6341.53662109375,6343.627084754618,6289.330704571269,6289.330704571269,166
2025-06-16,6341.53662109375,6341.53662109375,6341.53662109375,6341.53662109375,0
2025-06-17,6341.3466796875,6406.972922837267,6271.23197108224,6294.7604027197785,165
2025-06-18,6343.482421875,6363.536027202833,6293.864506982682,6293.864506982682,121
2025-06-19,6338.89453125,6360.821202683524,6254.038317220918,6254.038317220918,28
2025-06-20,6334.56884765625,6352.676478343301,6289.330701493724,6352.676478343301,46
2025-06-23,6341.7001953125,6343.627610921259,6248.608937719157,6343.627610921259,198
2025-06-24,6367.51708984375,6447.694829002675,6334.577375862276,6343.626772113508,473
2025-06-25,6377.5625,6378.919909542391,6335.482804185882,6370.775452288046,8
2025-06-26,6313.62890625,6397.915117260485,6294.842127498996,6311.502209490384,23
2025-06-27,6362.9931640625,6396.114046735253,6317.393127095365,6396.114046735253,144
2025-06-30,6376.205078125,6379.824836897708,6176.222243234579,6176.222243234579,156
2025-07-01,6348.15185546875,6370.775347469707,6321.0036650676,6370.775347469707,173
2025-07-02,6370.875,6378.920037771849,6334.5779918290455,6370.775580353783,239
2025-07-03,6335.41064453125,6379.825157603451,6302.905279816742,6325.528773283421,101
2025-07-04,6369.046875,6370.757334745348,6303.809913800519,6303.809913800519,127
2025-07-07,6412.85498046875,6415.11732964693,6369.04670958565,6369.04670958565,184
2025-07-08,6538.11669921875,7054.140433462488,6406.9729119510675,6411.497610335214,1281
2025-07-09,6498.37158203125,6560.812417452522,6434.120867322405,6434.120867322405,65
2025-07-10,6479.85693359375,6651.306773245788,6443.170642926532,6651.306773245788,259
2025-07-11,6470.771484375,6492.942507571586,6429.641797249988,6479.857114536197,245
2025-07-14,6466.345703125,6561.264946947253,6425.976468970753,6506.516098000241,192
2025-07-15,6514.66064453125,6533.646261017262,6456.753343306476,6456.753343306476,347
2025-07-16,6556.1884765625,6574.386689568045,6472.246043169217,6472.264159637184,1249
2025-07-17,6547.23828125,6586.150685685901,6517.37527319454,6560.812375820663,564
2025-07-18,6617.8505859375,6786.142406349433,6470.318469849106,6542.713641539725,263
2025-07-21,6696.5537109375,6768.948886190878,6617.82395784945,6617.850911619534,529
2025-07-22,6737.68359375,6773.4737828169755,6520.190081663534,6697.458846576946,517
2025-07-23,6783.4189453125,6787.047541302681,6583.4361150636005,6787.047541302681,190
2025-07-24,7125.3232421875,7149.023559673545,6628.683237292243,6784.332864161084,1152
2025-07-25,6967.82763671875,7139.974299785359,6606.05987179127,7125.323378929129,2984
2025-07-28,6969.7822265625,7138.887968695899,6877.550403237909,7138.887968695899,729
2025-07-29,6958.84130859375,7057.624666895086,6897.450341207122,7057.624666895086,303
2025-07-30,6887.78564453125,6999.708748399328,6868.492488733148,6999.708748399328,451
2025-07-31,6904.69873046875,7058.529641769688,6859.442908283876,6895.640496190387,407
2025-08-01,7138.43505859375,7375.257934918693,6904.698167783177,6904.78875011858,1203
2025-08-04,7364.04443359375,7543.257271537825,7124.187423119057,7124.187423119057,1314
2025-08-05,8100.45263671875,8100.45263671875,7450.1304580176675,7450.1304580176675,1316
2025-08-06,8910.49609375,8910.49609375,8306.895472099513,8306.895472099513,1655
2025-08-07,8416.3935546875,9801.549375405322,8107.604209722381,9768.983248333077,6689
2025-08-08,8335.3544921875,8753.903218123256,8293.857666021884,8416.393758504793,807
2025-08-11,8242.974609375,8660.777645738379,8008.8911562742005,8344.165253938632,1061
2025-08-12,8160.49072265625,8376.507208366855,8102.02557209704,8288.26973006087,267
2025-08-13,8156.08544921875,8250.78631614485,8148.579843253752,8250.78631614485,300
2025-08-15,8059.26171875,8194.211655255125,7915.753954775584,8102.0162973882925,579
2025-08-18,7817.92529296875,8170.6978880537345,7683.878418501937,8170.6978880537345,1670
2025-08-19,7777.53662109375,7878.504448853859,7711.816861899568,7878.495354455653,390
2025-08-20,7802.72607421875,7896.2064705123385,7730.441079339889,7896.2064705123385,177
2025-08-21,7782.39697265625,7849.922874090926,7636.383692480606,7802.726588826899,238
2025-08-22,7666.2587890625,7799.355296483246,7636.383693273148,7673.6434398329575,583
2025-08-25,7546.44189453125,7696.915976170844,7304.042552716575,7666.417004819411,541
2025-08-26,7659.73095703125,7682.947135354086,7357.013017948836,7546.44204549585,278
2025-08-27,7717.53466796875,7783.394482242933,7482.725486449436,7701.573089351194,303
2025-08-28,7794.89501953125,7859.888135646613,7461.324774179717,7720.29094348995,344
2025-08-29,7931.01806640625,8008.890668292822,7547.913821687595,7547.913821687595,1016
2025-09-01,7859.12353515625,8102.016699221914,7638.246088163004,7823.577173726451,419
2025-09-02,7806.54443359375,7966.033792325442,7738.851195100299,7823.568236309698,365
2025-09-03,7836.56005859375,7885.963557233807,7263.877627116638,7741.617271053925,277
2025-09-04,7876.44580078125,7891.550685637889,7543.257086814598,7836.513210669254,320
2025-09-05,7839.0458984375,7904.588311140033,7659.683464375262,7875.719055998027,207
2025-09-08,7871.27783203125,7887.825998569165,7745.919741035828,7836.606349227806,380
2025-09-09,7887.9091796875,7924.144896702229,7739.837838921763,7915.763500055112,655
2025-09-10,7888.9521484375,7997.714773118832,7832.8806423733695,7997.714773118832,853
2025-09-11,7789.0087890625,7915.763776175553,7595.454541250472,7892.482118010331,365
2025-09-12,7638.3017578125,7915.763642635014,7459.443150294877,7729.5103804553655,305
2025-09-15,7795.93798828125,7914.832690152704,7501.35043171903,7914.832690152704,74
2025-09-16,7793.1435546875,7915.7542175688495,7739.76308095598,7915.7542175688495,63
2025-09-17,7776.07373046875,7858.956432506082,7721.221780737803,7721.221780737803,87
2025-09-18,7846.64501953125,7868.967217529233,7717.43182370508,7868.967217529233,203
2025-09-19,7864.78564453125,7887.82539056095,7729.510122981804,7846.849674246348,149
2025-09-22,7834.203125,7915.530683218334,7746.273034266903,7869.2001850872,153
2025-09-23,7834.203125,7834.203125,7834.203125,7834.203125,0
2025-09-24,7822.07861328125,7864.264795264837,7729.510378228729,7860.213241149742,284
2025-09-25,7855.23095703125,7915.754169949711,7743.758203055976,7822.636637707469,115
2025-09-26,7864.54443359375,7889.688625388544,7822.637447269095,7889.688625388544,123
2025-09-29,7805.74462890625,7911.079585509364,7738.84168925205,7738.84168925205,264
2025-09-30,7802.35400390625,7915.763873193806,7799.3646753387875,7886.885522317267,811
2025-10-01,7850.66796875,7883.123146196234,7803.062434000634,7803.062434000634,291
2025-10-02,7824.2578125,7914.83255770812,7760.242346556272,7850.575180783557,1575
2025-10-03,8010.37109375,8102.017159800128,7738.841475915139,7911.061178628658,617
2025-10-06,7776.4736328125,7962.280354894341,7729.510165083197,7777.013840012949,359
2025-10-07,7776.4736328125,7776.4736328125,7776.4736328125,7776.4736328125,0
2025-10-08,7776.0556640625,7859.664100344855,7729.510536373822,7764.814988442491,207
2025-10-09,7735.82470703125,7857.047571318744,7729.575946392966,7775.1425164730945,146
2025-10-10,7733.62646484375,7808.556115453958,7646.814074433407,7729.510340526023,150
2025-10-13,7576.65185546875,7733.225998769487,7231.282574474826,7733.225998769487,385
2025-10-14,7638.37646484375,7769.545872681058,7636.383882302053,7728.672011542745,315
2025-10-15,7762.1044921875,7822.636800764846,7692.259520752099,7692.259520752099,1543
2025-10-16,7616.4267578125,7762.104914526584,7561.8826521842675,7762.104914526584,1520
2025-10-17,7574.16552734375,7636.383481962563,7563.744712256089,7636.383481962563,486
2025-10-20,7572.275390625,7608.445628002231,7569.332443623272,7574.920041391695,392
2025-10-21,7584.41015625,7626.9783053809015,7573.970696684687,7626.9783053809015,154
2025-10-22,7597.931640625,7613.092910637177,7533.944369508286,7613.092910637177,1826
2025-10-23,7637.92138671875,7681.887513978388,7606.667073205038,7671.271992545518,127
2025-10-24,7628.82861328125,7680.947140662005,7532.480889784537,7680.947140662005,164
2025-10-27,7570.1005859375,7629.233384881852,7521.103998726883,7534.35205225477,1045
2025-10-28,7522.0625,7616.069222483025,7512.735239298566,7616.069222483025,256
2025-10-29,7481.71630859375,7661.201809432296,7476.093599071468,7524.300516892092,128
2025-10-30,7452.00390625,7634.8744128988155,7428.018209593675,7475.971238541685,171
2025-10-31,7593.77587890625,7663.082072801595,7523.924263381395,7639.566503892895,182
2025-11-03,7573.85205078125,7663.063381032308,7545.550268854438,7663.063381032308,157
2025-11-04,7570.72119140625,7616.069696680266,7392.307706845129,7616.069696680266,332
2025-11-05,7526.482421875,7569.997245643699,7522.044213780846,7522.053395963724,250
2025-11-06,7554.388671875,7616.060342106009,7428.018424923444,7616.060342106009,419
2025-11-07,7547.57177734375,7615.110402760768,7503.238822737994,7615.110402760768,96
2025-11-10,7558.27197265625,7605.708047092353,7437.421133166685,7439.310826381866,66
2025-11-11,7525.56982421875,7611.368137067097,7480.738277497173,7611.368137067097,127
2025-11-12,7525.77685546875,7540.848948803545,7485.401881145787,7540.848948803545,32
2025-11-13,7542.400390625,7583.160558106331,7475.031176310643,7522.04395100442,50
2025-11-14,7510.177734375,7591.904667551663,7493.88303338683,7591.904667551663,111
2025-11-17,7520.51123046875,7522.043736693914,7428.01818998524,7522.043736693914,362
2025-11-18,7512.6318359375,7522.043572585327,7475.971055703241,7520.5110663935975,13
2025-11-19,7521.57373046875,7522.043858209888,7477.861032725349,7512.641303387126,83
2025-11-20,7517.34228515625,7614.188596021928,7484.433344570826,7521.57343466009,54
2025-11-21,7568.4267578125,7587.833759576737,7512.641326420556,7512.641326420556,182
2025-11-24,7518.8095703125,7616.060361880984,7381.005669246816,7616.060361880984,327
2025-11-25,7487.4423828125,7564.157678060308,7475.030827229307,7521.056515148783,105
2025-11-26,7469.8505859375,7549.339362977692,7428.018398659252,7489.144187919382,117
2025-11-27,7470.0478515625,7522.034613473959,7465.628467188904,7522.034613473959,36
2025-11-28,7521.5361328125,7522.043907504987,7475.031133083081,7521.0944698340445,420
2025-12-01,7522.30712890625,7569.056834743267,7522.0440593721905,7522.0440593721905,114
2025-12-02,7527.80712890625,7616.069016697045,7522.043473281032,7616.069016697045,499
2025-12-03,7523.20068359375,7569.0569638371635,7522.044187664262,7569.0569638371635,162
2025-12-04,7479.9677734375,7569.038161053805,7475.980869634751,7522.053390410142,135
2025-12-05,7550.48681640625,7616.0696382915385,7522.044087201519,7567.157528250144,60
2025-12-08,7526.7265625,7614.189148734866,7522.044108406882,7614.189148734866,264
2025-12-09,7553.79638671875,7554.952882610217,7522.043940371093,7554.491937046488,99
2025-12-10,7562.9453125,7616.069749642569,7522.0441971778455,7553.796644609549,125
2025-12-11,7522.0439453125,7611.829162727118,7522.0439453125,7611.829162727118,276
2025-12-12,7522.0439453125,7568.586592224121,7522.0439453125,7568.586592224121,438
2025-12-15,7523.0498046875,7571.8774374105615,7522.0438965956155,7522.053078778106,101
2025-12-16,7475.943359375,7567.166964940391,7475.031109546072,7523.059433201723,447
2025-12-17,7522.0439453125,7544.59125367421,7475.943420490682,7475.943420490682,62
2025-12-18,7507.92138671875,7522.044042773422,7449.644368861728,7477.94615139449,167
2025-12-19,7505.87109375,7535.113130343951,7428.018125395825,7479.96723950065,131
2025-12-22,7520.03173828125,7616.069563775515,7458.209939044431,7569.056788690481,110
2025-12-23,7526.7451171875,7615.11030883104,7472.210299349039,7592.563000785642,128
2025-12-24,7531.92578125,7606.648087012823,7522.043916427174,7569.056690904844,34
2025-12-26,7527.7607421875,7559.654134931143,7461.867564031536,7559.654134931143,55
2025-12-29,7492.8115234375,7569.056694203696,7484.433700107008,7512.641364805904,263
2025-12-30,7473.705078125,7558.619604699621,7468.449196963494,7507.939926696903,355
2025-12-31,7477.49462890625,7522.034641080937,7451.524662420245,7475.971304845851,605
2026-01-01,7477.49462890625,7477.49462890625,7477.49462890625,7477.49462890625,0
2026-01-02,7531.5966796875,7592.562695643863,7477.851531697293,7521.09409985575,765
2026-01-05,7542.19384765625,7559.654227028195,7505.119407977494,7505.119407977494,69
2026-01-06,7520.2763671875,7558.713901521048,7506.0595939597615,7542.193777802981,508
2026-01-07,7536.0068359375,7550.251614846051,7475.031175345716,7550.251614846051,164
2026-01-08,7504.263671875,7540.849160540124,7475.031275099001,7540.849160540124,393
2026-01-09,7522.94677734375,7536.148001588676,7493.836503139332,7530.48764498731,133
2026-01-12,7522.03466796875,7536.147682370218,7477.851842531546,7526.745127557529,207
2026-01-13,7512.6416015625,7539.015585243478,7489.13521357263,7539.015585243478,667
2026-01-14,7475.03125,7522.044025157233,7433.660007861636,7433.660007861636,127
2026-01-15,7521.0849609375,7522.044039916955,7475.031264667474,7475.031264667474,314
2026-01-16,7477.146484375,7540.848791812065,6768.974352778955,7490.074996954478,891
2026-01-19,7518.72509765625,7585.492420317228,7428.01844759263,7585.492420317228,146
2026-01-20,7511.240234375,7567.1762543712075,7445.892477208152,7567.1762543712075,486
2026-01-21,7451.52490234375,7522.044065457413,7437.430251903715,7438.361325229199,210
2026-01-22,7511.50390625,7522.044133863846,7428.9588377072805,7451.524970108872,329
2026-01-23,7300.6328125,7522.044164106098,7249.370063157252,7512.641608900965,1139
2026-01-26,7494.4384765625,7522.044250410947,7305.785478211633,7305.785478211633,479
2026-01-27,7428.798828125,7522.043891254504,7400.750933508025,7494.438118724155,196
2026-01-28,7433.08642578125,7522.043868530909,7344.335582136867,7475.031094352591,310
2026-01-29,7388.3955078125,7501.37674877406,7333.992456423477,7428.018000736599,311
2026-01-30,7412.77685546875,7493.836244415181,7394.197168276592,7493.836244415181,118
2026-02-02,7309.93212890625,7445.883528832322,6770.798882967488,7413.961670001916,362
2026-02-03,7362.896484375,7379.125073734099,7309.931819250434,7309.931819250434,95
2026-02-04,7433.7822265625,7474.937228829165,7333.993018915678,7333.993018915678,325
2026-02-06,7383.572265625,7474.090677437204,7381.00538657467,7441.181736223177,407
2026-02-09,7771.4560546875,8121.927114690559,7384.7667930979,7460.927489588978,1744
2026-02-10,7690.0205078125,7898.146153329502,7522.043955551907,7898.146153329502,456
2026-02-11,7613.33349609375,7687.529206818615,7569.066192321094,7569.066192321094,82
2026-02-12,7533.79736328125,7616.069721382605,7475.031393208853,7613.333430901109,227
2026-02-13,7534.39892578125,7597.076043885707,7432.71956962048,7597.076043885707,78
2026-02-16,7479.9765625,7569.056586726599,7456.235111715548,7569.056586726599,318
2026-02-17,7490.54541015625,7569.056744085585,7432.738520616716,7569.056744085585,79
2026-02-18,7521.6298828125,7597.263975515256,7475.030767988401,7512.640985688971,933
2026-02-19,7477.15576171875,7555.892975340884,7428.018231109131,7503.238668892515,73
2026-02-20,7566.216796875,7616.069159291915,7484.44257822704,7522.043614115471,396
2026-02-23,7518.7060546875,7606.666770472493,7486.314070024968,7606.657588290147,119
2026-02-24,7432.05224609375,7564.261444523707,7333.992962435228,7428.065342367426,210
2026-02-25,7502.7685546875,7547.430689701932,7428.027426687815,7547.430689701932,80
2026-02-26,7430.8388671875,7503.238537284101,7334.932810695899,7502.768409556201,506
2026-02-27,7521.00048828125,7521.103787836289,7484.433823124998,7521.103787836289,50
2026-03-02,7209.12744140625,7522.044300670483,6816.852647482625,6816.852647482625,253
2026-03-03,7330.4013671875,7710.095181954153,7209.127229872787,7710.095181954153,211
2026-03-04,7333.99267578125,7522.043770032052,7254.07096072466,7522.043770032052,109
2026-03-05,7362.57666015625,7517.29597992828,7306.734756817689,7306.734756817689,83
2026-03-06,7305.9638671875,7699.752330323428,7286.980163634946,7319.889106309426,438
2026-03-09,7252.80126953125,7333.992418447032,6957.890243142056,7333.992418447032,196
2026-03-10,7427.35107421875,7522.044171048303,7051.916410357784,7382.096686160874,132
2026-03-11,7347.41943359375,7522.04388437759,7239.976420895906,7404.51194868419,163
2026-03-12,7354.5654296875,7381.005523992757,7286.979975916416,7352.797859569854,57
2026-03-13,7333.6826171875,7616.06962784633,7286.9801994826,7354.565655327222,427
2026-03-16,7316.46630859375,7503.238787102968,7305.83196394149,7332.582416193295,217
2026-03-17,7420.49609375,7451.524523944343,7336.81335777132,7427.924020065611,197
2026-03-18,7427.078125,7445.8832348240285,7333.99283137106,7352.80712337762,70
2026-03-19,7415.95458984375,7428.018140864156,7353.267831725079,7413.914308951123,122
2026-03-20,7415.95458984375,7415.95458984375,7415.95458984375,7415.95458984375,0
2026-03-23,7415.95458984375,7415.95458984375,7415.95458984375,7415.95458984375,0
2026-03-24,7239.96728515625,7522.04393262987,7145.941735998376,7522.04393262987,1382
2026-03-25,7239.96728515625,7324.57145592414,7192.954510577313,7286.980059735187,1479
2026-03-26,7285.099609375,7333.946066212641,7192.954570433499,7263.4737328887295,484
2026-03-27,7279.8154296875,7418.616059868341,7178.850902039897,7286.06803707963,123
2026-03-30,7082.58740234375,7291.681307524059,7050.9759026593065,7291.681307524059,714
2026-03-31,7251.6259765625,7275.649778562791,7082.587055265939,7082.587055265939,115
2026-04-01,7237.41943359375,7333.99304112839,7192.963895597177,7251.636207213515,987
2026-04-02,7236.2060546875,7239.967076545446,6901.493932803988,7230.564521900581,296
2026-04-03,7218.77392578125,7381.005645839034,7192.014291085703,7192.935723107697,198
2026-04-06,7147.2490234375,7333.993043393135,7137.479640050934,7193.894971153958,738
2026-04-07,7103.2822265625,7303.848180349755,7070.721289110142,7303.848180349755,1316
2026-04-08,7239.92041015625,7324.590232992832,7098.938098626108,7239.9672392868815,4004
2026-04-09,7289.93115234375,7488.952379326874,7284.70822352705,7391.693257517434,9040
2026-04-10,7297.876953125,7464.578988507037,7211.763690966178,7464.578988507037,535
2026-04-13,7154.1572265625,7291.487294659345,7051.286235820002,7226.352652709325,5741
2026-04-14,7213.0087890625,7263.214063101797,7172.86043142656,7263.214063101797,253
2026-04-15,7238.01416015625,7342.966152859472,7216.6266518716775,7243.859205274966,347
2026-04-16,7275.7021484375,7278.67785961026,7227.334731979895,7237.051146055012,338
2026-04-17,7291.80810546875,7381.967503274291,7101.384428812074,7294.57058751792,636
2026-04-20,7251.552734375,7300.269676478339,7197.175007452665,7291.807942929274,429
2026-04-21,7238.111328125,7291.516464629233,7150.013938366985,7291.516464629233,363
2026-04-22,7172.51953125,7391.693051106836,6808.13833654577,7391.693051106836,547
2026-04-23,7212.78515625,7283.201142733346,7158.271606596493,7239.871917567075,496
2026-04-24,7313.54541015625,7314.100091081679,7207.921909584923,7294.434087825757,582
2026-04-27,7270.57666015625,7344.036265682232,7099.91587067677,7246.290848558531,237
2026-04-28,7286.955078125,7343.063809370689,7207.873627979626,7255.530598398058,375
2026-04-29,7286.955078125,7286.955078125,7286.955078125,7286.955078125,0
2026-04-30,7283.2978515625,7294.43421108398,7163.134395284468,7245.795151715541,1353
2026-05-04,7265.76220703125,7303.187498321037,7197.204023725721,7302.214907097396,1418
2026-05-05,7257.76708984375,7361.542760386029,7148.545288523888,7148.554786484784,1956
2026-05-06,7294.8525390625,7313.885978284709,7250.667548951131,7250.667548951131,181
2026-05-07,7309.02294921875,7341.118459175399,7294.6287892580185,7341.108961214356,195
2026-05-08,7295.46533203125,7338.20093429503,7206.901116385177,7338.20093429503,304
2026-05-11,7519.6669921875,7771.003942333707,7255.530589463011,7295.465242429779,1840
2026-05-12,7407.02099609375,7527.855955821464,7305.142066975883,7519.666813827372,243
2026-05-13,7355.74658203125,7440.323079330724,7345.009136615115,7439.233663152723,296
2026-05-14,7379.77880859375,7391.69305068202,7353.761994237731,7360.5701325738855,119
2026-05-15,7377.05615234375,7391.683962657662,7304.160248585391,7379.769719908638,113
2026-05-18,7316.96923828125,7430.587652041054,7255.695989531229,7352.780352041028,972
2026-05-19,7391.693359375,7415.016078110369,7321.666790707237,7415.016078110369,1200
2026-05-20,7347.4599609375,7525.910981868328,7343.0638295562,7525.910981868328,447
2026-05-21,7378.33984375,7459.726450542168,7352.789852607516,7459.726450542168,526
2026-05-22,7390.74951171875,7479.22634230714,7294.443511914603,7382.97875496287,203
2026-05-25,7447.96728515625,7488.95241223832,7343.063728883028,7343.063728883028,431
2026-05-26,7447.96728515625,7447.96728515625,7447.96728515625,7447.96728515625,0
2026-05-27,7447.96728515625,7447.96728515625,7447.96728515625,7447.96728515625,0
2026-05-28,7447.96728515625,7447.96728515625,7447.96728515625,7447.96728515625,0
2026-05-29,7467.07861328125,7537.581978994553,7334.417265430558,7334.417265430558,175
2026-06-01,7436.150390625,7538.068262724437,7347.926678908861,7538.068262724437,288
2026-06-02,7490.8974609375,7514.239649857586,7430.596806227279,7435.459762252297,209
2026-06-03,7490.8974609375,7490.8974609375,7490.8974609375,7490.8974609375,0
2026-06-04,7522.185546875,7547.181330480009,7490.897364197788,7546.228210107336,84
2026-06-05,7518.31494140625,7537.582030655603,7488.952469167502,7498.678381465123,119
2026-06-08,7450.087890625,7508.307069675229,7441.4513943306965,7441.4513943306965,117
2026-06-09,7450.30126953125,7586.211392349874,7391.69315152039,7459.521890048694,317
2026-06-10,7492.14208984375,7537.581759418247,7416.007860072791,7474.36333175861,561
2026-06-11,7485.2763671875,7488.943055160731,7419.071777500657,7488.943055160731,162
2026-06-12,7488.95263671875,7518.081934661061,7425.734205369826,7425.734205369826,195
2026-06-15,7530.77392578125,7579.403487487186,7489.05935477844,7579.403487487186,343
2026-06-16,7536.39501953125,7566.759525709094,7295.260787577946,7537.581789748777,620
2026-06-17,7522.16650390625,7586.211732551054,7441.295636634374,7560.681212297277,241
2026-06-18,7567.20703125,7586.114147543256,7522.993072464311,7537.581940736704,241
2026-06-19,7566.759765625,7575.513086690633,7493.824921372618,7566.759765625,439
2026-06-22,7423.4970703125,7571.622520674242,6910.26050216962,7571.622520674242,872
2026-06-23,7407.2158203125,7488.952424768966,7347.946168109953,7488.942926807795,271
2026-06-24,7439.95361328125,7479.2267340941025,7411.145346397538,7478.254142841295,904
2026-06-25,7439.95361328125,7439.95361328125,7439.95361328125,7439.95361328125,0
2026-06-26,7439.95361328125,7439.95361328125,7439.95361328125,7439.95361328125,0
2026-06-29,7429.7998046875,7440.323071061303,7412.215278883575,7413.343161804184,163
2026-06-30,7453.443359375,7479.207053993982,7391.693314510997,7402.547584556,143
2026-07-01,7468.32373046875,7488.854998036728,7402.634881845297,7453.433301986019,172
2026-07-02,7484.7900390625,7568.705001987521,7467.555513397609,7566.759819514638,381
2026-07-03,7488.3984375,7634.79289180855,7430.597168406017,7492.949860626509,173
2026-07-06,7478.10791015625,7566.759502666103,7391.7025853982195,7486.520729019579,1307
2026-07-07,7358.1875,7634.841269462225,7294.434333881107,7478.254079094911,2407
2026-07-08,7362.1943359375,7464.589003180206,7343.063543061318,7464.589003180206,323
2026-07-09,7388.92138671875,7416.008147522428,7360.570447272096,7362.194598646618,116
2026-07-10,7418.61474609375,7435.4598550112605,7374.196106292743,7420.8709867542075,71
2026-07-13,7405.88330078125,7586.211592671347,6905.407229751813,7411.145171302008,990
2026-07-14,7356.78662109375,7439.301580672338,7351.9236651385445,7351.9236651385445,157
2026-07-15,7408.7138671875,7428.651987867164,7294.434394999179,7358.625417675172,86
2026-07-16,7447.6953125,7488.952556966507,7408.713779570437,7408.713779570437,120
2026-07-17,7408.451171875,7479.226655594934,7222.715213320505,7411.145268612925,90
2026-07-20,7371.49267578125,7474.120522294333,7294.434290927811,7474.120522294333,175
2026-07-21,7442.18994140625,7447.082341060363,7425.733774369331,7447.082341060363,77
2026-07-22,7477.40771484375,7484.070059762868,7442.219668003136,7442.268107605512,126
2026-07-23,7508.07373046875,7532.038036334185,7435.45991761852,7477.407663191303,174
2026-07-24,7539.7314453125,7586.2116183351445,7420.871108704763,7526.825140653077,243
2026-07-27,7596.00537109375,7634.821638817261,7557.033811705053,7586.163108827799,246
2026-07-28,7608.70751953125,7634.831661910614,7538.068332431436,7596.910101880129,163
2026-07-29,7607.74462890625,7615.389062733403,7450.048559455667,7608.561453543307,140
2026-07-30,7607.49169921875,7634.84107830536,7538.5545475088975,7586.211517297045,143
2026-07-31,7696.47412109375,7779.659637288429,7586.211343021003,7633.382016115428,351
2026-08-03,7558.240234375,7732.100417831673,7537.582168326474,7696.4745144103335,2415
2026-08-04,7589.91015625,7749.0,7550.0,7749.0,863
2026-08-05,7577.68017578125,7699.93994140625,7550.0,7699.93994140625,482
2026-08-06,7598.580078125,7664.93994140625,7556.14990234375,7664.93994140625,335
2026-08-07,7599.8701171875,7645.0,7599.0,7600.0,171
2026-08-10,7552.7900390625,7650.0,7545.009765625,7639.990234375,390
2026-08-11,7522.64013671875,7617.97998046875,7490.02978515625,7580.009765625,636
2026-08-12,7520.10986328125,7645.89013671875,7492.0,7500.0,484
2026-08-13,7560.27978515625,7599.97998046875,7492.0,7521.0,520
2026-08-14,7560.27978515625,7560.27978515625,7560.27978515625,7560.27978515625,0
2026-08-17,7540.64990234375,7575.0,7540.009765625,7560.0,273
2026-08-18,7540.64990234375,7540.64990234375,7540.64990234375,7540.64990234375,0
2026-08-19,7475.2001953125,7579.83984375,7300.0,7540.0,567
2026-08-20,7512.31005859375,7550.0,7500.0,7520.14990234375,505
2026-08-21,7520.0,7542.83984375,7465.009765625,7465.009765625,80
2026-08-24,7518.89013671875,7522.0,7481.1201171875,7520.0,176
2026-08-25,7503.330078125,7550.0,7450.0,7518.89013671875,67
2026-08-26,7503.330078125,7503.330078125,7503.330078125,7503.330078125,0
2026-08-27,7529.9501953125,7548.10009765625,7503.330078125,7503.330078125,78
2026-08-28,7520.990234375,7538.97998046875,7400.0,7529.9501953125,316
2026-08-31,7473.5400390625,7600.0,7350.0,7520.990234375,493
2026-09-01,7532.759765625,7574.990234375,7457.1201171875,7457.1201171875,200
2026-09-02,7539.89990234375,7558.0,7500.0,7549.990234375,390
2026-09-03,7513.3701171875,7540.0,7501.68017578125,7535.0,63
2026-09-04,7505.330078125,7539.0,7479.10986328125,7479.10986328125,146
2026-09-07,7500.08984375,7505.330078125,7480.0,7505.330078125,162
2026-09-08,7498.75,7525.0,7451.22021484375,7500.0,250
2026-09-09,7431.669921875,7526.97998046875,7200.0,7522.990234375,261
2026-09-10,7426.58984375,7472.0,7400.0,7431.669921875,192
2026-09-11,7424.22021484375,7449.0,7351.0,7424.990234375,210
2026-09-14,7508.75,7518.0,7360.1201171875,7360.1201171875,221
2026-09-15,7493.64990234375,7500.0,7360.0,7362.10009765625,96
2026-09-16,7499.58984375,7525.0,7417.10009765625,7487.10986328125,184
2026-09-17,7490.0,7523.10986328125,7451.009765625,7499.58984375,130
2026-09-18,7402.18994140625,7500.0,7400.0,7489.89990234375,459
2026-09-21,7410.0,7449.9501953125,7400.0,7402.18994140625,93
2026-09-22,7420.0,7425.0,7384.0,7405.0,170
2026-09-23,7396.9599609375,7449.9501953125,7386.009765625,7401.14990234375,275
2026-09-24,7359.419921875,7419.9501953125,7350.0,7357.0,319
2026-09-25,7367.22021484375,7417.89990234375,7321.259765625,7359.419921875,801
2026-09-28,7361.0,7380.0,7302.0,7367.22021484375,123
2026-09-29,7358.8798828125,7695.0,7252.02978515625,7375.0,743
2026-09-30,7156.58984375,7440.0,7150.0,7439.9501953125,1692
2026-10-01,7108.39013671875,7400.0,7100.0,7400.0,1345
2026-10-02,7014.85986328125,7179.9501953125,6990.0,7108.39013671875,1539
2026-10-05,6996.580078125,7050.0,6965.009765625,7014.85986328125,466
2026-10-06,7025.85009765625,7060.0,6991.0,7060.0,394
2026-10-07,6995.18994140625,7100.0,6980.0,7025.85009765625,872
2026-10-08,6995.18994140625,6995.18994140625,6995.18994140625,6995.18994140625,0
