Date,Close,High,Low,Open,Volume
2021-10-05,55.0408935546875,56.83828664357297,54.8984593336437,56.83828664357297,3965185
2021-10-06,55.21044921875,56.4652310970741,55.05444690400695,55.2782742872257,3174188
2021-10-07,55.176544189453125,55.85480534771247,55.09515616228407,55.53602177537506,947091
2021-10-08,55.27827453613281,55.51566486422721,55.006969086287334,55.51566486422721,2917327
2021-10-11,55.4410400390625,55.956519730348404,55.135824728602984,55.28504294250571,1850337
2021-10-12,55.50888442993164,55.82088908119803,54.82384446336867,55.61740868684541,2561805
2021-10-13,54.95949172973633,56.43131695763161,54.60679826269162,55.21045017965736,2533731
2021-10-14,55.447845458984375,55.949757228895955,54.41689085393335,54.620366081059984,2718612
2021-10-15,57.109580993652344,57.6182768047884,55.27827814345111,55.75305883062287,4721041
2021-10-18,58.41184997558594,60.70437071627273,56.47202274318875,56.8043692456742,5744903
2021-10-19,58.41184997558594,58.41184997558593,58.41184997558593,58.41184997558593,0
2021-10-20,58.05289077758789,59.1228332211221,57.91483606649622,59.01928955457852,1313329
2021-10-21,59.32991027832031,60.18586626745607,58.087402184055804,58.329000541292025,3614738
2021-10-22,58.280696868896484,59.288511197493634,57.91484707515685,59.288511197493634,1986965
2021-10-25,58.280696868896484,59.01930077317765,58.15644549871598,58.522295292455624,761334
2021-10-26,57.7974967956543,59.288507888144885,57.6456334331936,59.288507888144885,601163
2021-10-27,58.0874137878418,59.01929636130926,57.818203383650086,59.01929636130926,939830
2021-10-28,58.391136169433594,58.812209939908755,57.67324525780251,57.9907753481452,1358121
2021-10-29,58.83981704711914,59.364434454110274,58.50157930216099,58.50157930216099,2381766
2021-11-01,60.7450065612793,61.42838641048762,59.26089455223072,59.36443823034113,4670531
2021-11-02,60.64836502075195,61.911586262129596,60.41366567436947,60.883059100684385,3228702
2021-11-03,59.6612548828125,60.60694599429441,59.09522213233238,60.60694599429441,8389963
2021-11-04,59.730289459228516,59.84763650628605,59.088324958951524,59.571527046491944,4435522
2021-11-05,60.482688903808594,60.675967590533126,59.43345422380511,59.43345422380511,4691853
2021-11-08,59.792442321777344,60.90531979887578,59.55296521529712,60.90531979887578,1229180
2021-11-09,58.54573059082031,60.07417289091239,58.24989871517474,59.869910199496,2270370
2021-11-10,59.743133544921875,59.869917113761005,58.85564856304799,58.96130243271044,1513019
2021-11-11,58.82042694091797,59.86990973634418,58.69364338770164,59.51773379671862,1337772
2021-11-12,57.313114166259766,58.53163990415835,57.22859000645925,58.46120579121376,1752873
2021-11-15,57.35538101196289,58.10903740333375,57.08772919848375,57.270856841179395,689072
2021-11-16,59.70087432861328,60.21504825607718,57.721641643823965,57.721641643823965,2262921
2021-11-17,59.15147399902344,59.51068959327074,58.813382727861836,59.34164664457916,948047
2021-11-18,59.066951751708984,59.165560589455794,58.327380094829344,59.165560589455794,1558134
2021-11-19,59.37687683105469,60.222097096938555,58.81339307127918,59.024700824639844,6338668
2021-11-22,59.130340576171875,59.72904399749173,58.46120841252788,59.16556032111255,2249792
2021-11-23,57.7639045715332,59.53886911023505,57.65825070492239,59.50365473721737,1841420
2021-11-24,57.883628845214844,58.60206528828337,57.12292764165224,57.87658382283624,4921535
2021-11-25,57.47511291503906,58.03155155072505,57.05954788104611,58.03155155072505,1246576
2021-11-26,56.61581039428711,57.60894926859629,56.34815857561344,57.129989705752415,1999175
2021-11-29,58.038604736328125,58.3133015810376,55.99598290163831,55.99598290163831,3427846
2021-11-30,59.82061004638672,60.29252455306579,58.51051501756212,58.8274712387576,9514821
2021-12-01,59.04582977294922,59.792441177427115,58.7781725722652,59.792441177427115,1670063
2021-12-02,56.05937194824219,59.04582823597436,55.47476388433152,59.04582823597436,4286061
2021-12-03,56.179100036621094,56.93979588252148,55.362049384275544,56.13683527523164,2906716
2021-12-06,57.087730407714844,57.390601975547284,55.46771869628007,56.348158675586106,1697795
2021-12-07,59.510704040527344,61.2504544884089,57.29903900218634,57.29903900218634,7907015
2021-12-08,60.08120346069336,60.750335440673986,58.545716506488134,59.862850774796115,3556607
2021-12-09,61.060272216796875,61.97592652680503,59.72904746225248,59.771306859609794,7789954
2021-12-10,60.722164154052734,61.525124724855246,60.22207505285309,60.92642680785722,2153798
2021-12-13,59.20781326293945,60.609477277375724,59.05990002311121,60.574257536273656,888232
2021-12-14,58.658416748046875,59.6938147486239,57.658238486803135,59.65859500929061,3152851
2021-12-15,60.22913360595703,61.10957349750917,58.503468194247645,59.16556071230402,4636889
2021-12-16,59.08102798461914,60.292513959599894,58.848595971011136,60.292513959599894,1344460
2021-12-17,59.72903823852539,60.461559423899914,58.531636885115574,58.82042371920471,2759264
2021-12-20,60.109378814697266,60.39816562625942,59.23598410505108,59.79946768314532,1736143
2021-12-21,59.552955627441406,60.75035171462402,59.23599404640232,60.15165367103271,1127439
2021-12-22,61.053226470947266,61.313838623720834,59.69382700964087,59.69382700964087,5580283
2021-12-23,61.06731414794922,62.32810482939389,60.92644590231101,61.60966817859245,1850655
2021-12-24,60.78557586669922,61.52514219519021,60.22913717738945,61.201140940740025,574760
2021-12-27,60.236175537109375,60.996876921925015,60.04600287779488,60.98983189786779,392903
2021-12-28,60.43339538574219,60.996873683491195,60.29252178097102,60.574263616734804,768946
2021-12-29,60.47564697265625,60.89121196207848,60.18686015049271,60.222079890583146,754601
2021-12-30,59.8276481628418,60.82078148202739,59.65859984886189,60.25730322342891,1399405
2021-12-31,60.71512222290039,61.48991349187212,59.27120427589737,59.30641864117391,3368560
2022-01-03,61.18000793457031,61.73644659379961,60.68696374222974,60.891221069214645,2288947
2022-01-04,61.926597595214844,62.194254669284916,61.39833384221563,61.52511735788651,1970237
2022-01-05,61.96184158325195,62.61688910834072,61.701229428529274,62.194279015265785,1875335
2022-01-06,61.29270553588867,61.98297282499341,60.97574930163611,61.96184312588044,619510
2022-01-07,61.651912689208984,61.91252479186148,61.29269176366696,61.5603488890338,782135
2022-01-10,61.9477424621582,62.58166019581663,61.32086975158989,61.651915977710296,2180857
2022-01-11,61.48287582397461,62.27879150829867,61.17295927931326,61.97591998704644,1008011
2022-01-12,62.31401062011719,62.969058072291006,61.69417753707547,61.70122256041321,4364604
2022-01-13,62.17314529418945,62.6873245906882,62.053406750408584,62.159060619418355,977741
2022-01-14,62.47601318359375,63.21558484944977,62.3351449490396,62.68732090920367,3533970
2022-01-17,62.264705657958984,62.82818392313279,61.48991968473359,62.6873157002839,856159
2022-01-18,62.553497314453125,63.22967456705149,62.19428167555278,62.54645766380896,3313419
2022-01-19,62.046348571777344,63.2860092661967,61.6378286046771,62.905658642666516,3512725
2022-01-20,62.222434997558594,62.609830634361224,61.349040276322704,62.03930739995892,2283068
2022-01-21,61.849143981933594,62.58167066629971,61.77166483631359,62.15906056441361,635622
2022-01-24,61.97593688964844,62.29289854416338,61.560371749405505,62.229504063748465,623694
2022-01-25,61.651912689208984,62.33513480049913,61.489914783223824,61.997043569322315,2371627
2022-01-26,61.22226333618164,61.91253053420796,61.10252480782124,61.77165693574427,1153802
2022-01-27,61.243408203125,61.877326118793796,60.926451932180434,61.349062084699746,1331729
2022-01-28,60.75739288330078,61.820960321643376,60.658784052908466,61.27861175448563,2530451
2022-01-31,61.306785583496094,61.45469882693678,60.92643494017228,61.29974056034802,1115476
2022-02-01,62.07454299926758,62.12384742683731,61.29271180939075,61.630803151140015,1063564
2022-02-02,63.10993194580078,63.32123967462219,62.06044907321967,62.335145896420244,2264735
2022-02-03,62.222434997558594,63.63818361031816,61.99000298925474,63.53252976630129,1403327
2022-02-04,63.046531677246094,64.0819296921584,62.47600306005855,62.79296459711337,7935067
2022-02-07,64.46932983398438,64.6876772077334,63.10993042490002,63.21558428676455,5926878
2022-02-08,64.25804138183594,65.08213200981295,63.95516977833416,64.51160318186133,2803404
2022-02-09,64.56794738769531,65.68082485183561,63.99037895515582,64.3425549597233,5310348
2022-02-10,64.0185317993164,65.15253857633095,63.919922981643616,64.4481868079382,3345536
2022-02-11,63.37055206298828,64.41299004267604,63.14515963166828,63.779077524061876,1301741
2022-02-14,63.08176803588867,63.77908043625104,62.82820086735321,63.560727646035694,2267567
2022-02-15,62.68732452392578,63.49733035376602,62.51123653369004,63.286022615971525,915389
2022-02-16,62.56758499145508,62.92680061673808,62.08862545063215,62.828191773666795,552856
2022-02-17,62.46896743774414,63.25079842291903,61.98296294053323,62.215400341266985,2142672
2022-02-18,63.504364013671875,63.870624603355665,62.15904942960632,62.15904942960632,2067350
2022-02-21,63.52549743652344,64.90602646907499,63.145146778507446,63.8847130242788,2214161
2022-02-22,62.863399505615234,63.73679425179174,62.26470153746018,63.391663367006956,2113420
2022-02-23,62.60280227661133,63.67342029944005,61.36314665640219,63.00428269172731,3938075
2022-02-24,61.41244125366211,62.15905251611631,60.82078288860574,62.15905251611631,2314921
2022-02-25,60.64469528198242,61.947745174241454,60.43339294403083,61.63078898042489,2027329
2022-02-28,61.842098236083984,62.12383469371985,60.04599876287374,60.926438627432,2326644
2022-03-01,64.5327377319336,66.47674555022485,64.27212553492988,66.47674555022485,11205457
2022-03-02,65.49766540527344,66.2161071741126,63.743831114622644,64.09600697713438,7390044
2022-03-03,66.89934539794922,67.30786541326081,65.68081425429178,65.77942308975787,11658343
2022-03-04,66.7655258178711,67.6177910814399,66.31474097389716,66.5612630957924,3900595
2022-03-07,65.36241912841797,67.52821645489436,63.75786253138966,66.91661409069607,6335213
2022-03-08,64.26155853271484,65.47757234726687,64.03850482315113,65.04585318795354,2525207
2022-03-09,64.26155853271484,64.72205970126333,63.17506650452445,64.39827170418006,4171859
2022-03-10,64.5421371459961,64.97386153327656,63.95212003826355,64.86593043645645,1132010
2022-03-11,64.03128814697266,64.97388081670748,63.60676599365194,64.3262995331964,1164457
2022-03-14,62.99515914916992,64.39824725668593,62.779296906657514,64.39824725668593,1353967
2022-03-15,62.268428802490234,63.44846328538944,61.592065566095,63.31175016579341,1262623
2022-03-16,62.37635803222656,62.94479013010345,62.05976154996483,62.59221477863754,741116
2022-03-17,61.79353332519531,62.84405154790666,61.69999594899392,62.3907474314779,574677
2022-03-18,59.35432052612305,61.52011803133315,59.07370288304329,61.52011803133315,3365301
2022-03-21,60.03068542480469,61.84390758947125,59.79323803133483,60.36167020527535,3910864
2022-03-22,59.685298919677734,60.69264687186905,59.54139442205242,60.30409814075505,1370318
2022-03-23,59.685298919677734,59.685298919677734,59.685298919677734,59.685298919677734,0
2022-03-24,59.915565490722656,60.04508176918894,59.217622451349776,59.64934154970199,768055
2022-03-25,59.44784927368164,60.15298890528259,59.368700163456474,60.04505780137519,633633
2022-03-28,60.491180419921875,60.72862778965777,59.00174631187698,59.72127980348524,1086114
2022-03-29,60.915714263916016,61.16035304106968,60.44081947588063,60.80058625847516,1162071
2022-03-30,59.77885437011719,60.76461191457009,59.368720426966846,60.76461191457009,1819695
2022-03-31,59.81482696533203,60.07385950385058,59.649337309370935,59.649337309370935,1295794
2022-04-01,59.75725555419922,60.29690564473224,59.57737219068821,59.72127668565518,993326
2022-04-04,58.1599006652832,59.246392419994024,57.77854874571929,58.2750231836395,1626371
2022-04-05,58.00160598754883,58.713942739665185,57.670621178589656,58.49808594579055,600492
2022-04-06,57.28926467895508,59.25358824605161,57.130966415606984,57.70658997642996,2507663
2022-04-07,57.008644104003906,57.59866138012377,56.84314897636795,57.56268250771438,1446029
2022-04-08,57.720985412597656,57.843304805274606,56.33948223863229,56.33948223863229,2141815
2022-04-11,59.958740234375,60.26094304917586,59.00175916456621,59.3615259887404,3961781
2022-04-12,59.66371536254883,60.42642459090773,59.28956036512368,60.42642459090773,1576604
2022-04-13,59.34712219238281,60.081043906109244,59.14564821232796,59.89396366943206,2138464
2022-04-14,59.02334213256836,59.59177435268416,58.93700161127869,59.46945495445321,1867346
2022-04-15,58.92259979248047,59.54139906177732,58.71393441194036,59.28956342650654,1128595
2022-04-18,63.21821212768555,63.34053150204299,59.02333061277481,59.08089460880353,14234819
2022-04-19,61.908668518066406,63.95214120523677,61.70000312571077,63.297368516456714,4419457
2022-04-20,60.7358283996582,62.38355536599839,60.455205270223495,62.02378859805236,1758882
2022-04-21,60.757423400878906,61.01645595506296,60.224964545274965,60.44082683696371,675099
2022-04-22,61.47693634033203,61.980607531762814,60.31129023924389,60.79337630669967,1527981
2022-04-25,62.03818893432617,62.88723881647208,61.9158695377337,62.23965746744455,1239041
2022-04-26,61.18193435668945,62.03098413028202,61.01644472118872,62.03098413028202,783135
2022-04-27,61.239501953125,62.67137220563451,60.519968390512425,61.72878499528577,2524399
2022-04-28,60.84376525878906,61.73599096034972,60.29692362318171,60.82218012706854,1978240
2022-04-29,60.84376525878906,60.84376525878906,60.84376525878906,60.84376525878906,0
2022-05-02,60.84376525878906,60.84376525878906,60.84376525878906,60.84376525878906,0
2022-05-03,60.84376525878906,60.84376525878906,60.84376525878906,60.84376525878906,0
2022-05-04,60.84376525878906,60.84376525878906,60.84376525878906,60.84376525878906,0
2022-05-05,60.84376525878906,60.84376525878906,60.84376525878906,60.84376525878906,0
2022-05-06,59.75006103515625,60.80057926067089,59.72127903710869,60.76460039071022,2040410
2022-05-09,57.44755935668945,59.750070145110165,57.20292057039283,59.656532754397745,3524752
2022-05-10,57.36121368408203,58.17428459380626,56.77839328354728,57.44755419402487,2249661
2022-05-11,57.51424026489258,58.13361206618961,57.361219388760944,57.93687252811796,4651599
2022-05-12,57.08432388305664,57.7474199541691,56.29007181652445,57.67455365915526,2260989
2022-05-13,59.37234878540039,60.29776214502085,58.00243836539669,58.00243836539669,3637398
2022-05-16,57.77655792236328,59.09545598738965,57.492375527792305,59.09545598738965,1955736
2022-05-17,57.63810729980469,58.27934392228697,57.56524101797923,57.96601390703066,565021
2022-05-18,57.38307571411133,58.20647530712239,56.953160735975125,57.6381104943058,882579
2022-05-19,57.23734664916992,57.92229644946572,57.128044434006696,57.49238144498972,916729
2022-05-20,57.44865798950195,57.63811479435553,56.916729059603796,57.20091148721332,992406
2022-05-23,56.13703918457031,57.30291633890049,56.04959631324276,56.982298036706894,1161818
2022-05-24,56.07146453857422,56.69084191324657,55.889296030574506,56.10790046391083,489413
2022-05-25,54.7744140625,55.9548677459528,54.46837236805166,55.9257201237186,3937019
2022-05-26,54.789005279541016,55.379229499161056,54.29350668796432,55.073187723013035,4567957
2022-05-27,56.12247085571289,57.10618523511894,55.73627451267098,55.73627451267098,4250275
2022-05-30,58.301212310791016,59.53266767522744,57.11347005103366,57.92958698858814,8486888
2022-05-31,59.08087921142578,60.11559478129854,58.4760785599904,59.241188353670395,6257934
2022-06-01,58.03159713745117,59.386931227387954,57.856716933397166,58.694693148474,1483402
2022-06-02,56.77098083496094,58.439639015533736,56.07144906506457,58.14817393064041,3754097
2022-06-03,55.93301010131836,57.0187326553284,55.452082659000766,56.83656418039125,1294683
2022-06-06,56.80013656616211,57.273775782115514,55.75084977746423,56.10789848392816,1271660
2022-06-07,57.142608642578125,57.49966287341686,56.83656692415145,57.091601689507016,687770
2022-06-08,57.120750427246094,57.419509414871484,56.47951935337792,57.16446908520452,1095509
2022-06-09,57.55795669555664,58.65825597290623,57.01873950161382,57.05517542471241,1742559
2022-06-10,58.745689392089844,59.02258346128641,57.055166236313035,57.674537913853506,1746967
2022-06-13,56.47224044799805,58.876867103714105,56.25363600317224,58.876867103714105,2113031
2022-06-14,57.339351654052734,57.55795049105624,56.399361644717686,56.472227923718854,1856137
2022-06-15,58.37407684326172,58.8039918514114,57.20091121312419,57.332072760572544,3089634
2022-06-16,59.350486755371094,60.115596571839866,58.11174335277853,58.512516220327065,4484707
2022-06-17,60.13017272949219,61.64581590044337,59.459794020574165,59.459794020574165,5536222
2022-06-20,59.52536392211914,60.65480496553166,59.35047820909513,60.479924811847496,1385672
2022-06-21,60.53824234008789,60.836995814328766,59.13190117956686,60.0063078292896,3035631
2022-06-22,60.45806884765625,61.492784356859104,60.07915534105172,61.20860200657579,2041969
2022-06-23,60.465362548828125,61.245043397916405,60.11559663140822,60.41435559830238,2674158
2022-06-24,57.85670471191406,60.55279572898614,55.9330061956522,60.55279572898614,6788080
2022-06-27,57.55067443847656,58.65825646221185,57.16447255217052,58.00244875635611,2192878
2022-06-28,57.16446304321289,58.206466902702346,56.87299794184167,58.206466902702346,1868558
2022-06-29,56.52324295043945,57.710979589938766,56.3993697025056,57.56524701111559,2256249
2022-06-30,57.32477951049805,58.20647434130688,56.18804990372652,56.52323926061194,4790126
2022-07-01,56.873008728027344,57.56524681408031,56.69084022545113,57.32478305643776,1139618
2022-07-04,56.54509353637695,57.20090115834071,56.47222725823446,56.654395733261026,468516
2022-07-05,56.13703918457031,56.8001295576134,56.107891560794464,56.545094798750675,786372
2022-07-06,56.38479995727539,56.54510914905627,56.11519409777319,56.32651025427142,312691
2022-07-07,58.62910461425781,59.569094665084656,56.115181742036505,56.231766681716365,5795311
2022-07-08,58.62910461425781,58.62910461425781,58.62910461425781,58.62910461425781,0
2022-07-11,58.62910461425781,58.62910461425781,58.62910461425781,58.62910461425781,0
2022-07-12,58.62910461425781,58.62910461425781,58.62910461425781,58.62910461425781,0
2022-07-13,60.939002990722656,61.791555773047186,58.29391844274592,58.29391844274592,9979259
2022-07-14,61.26690673828125,61.93728543462595,60.99729537679129,61.93728543462595,4360091
2022-07-15,60.26862335205078,61.27419142862843,60.15932114475422,61.27419142862843,1668315
2022-07-18,58.97157669067383,59.64195531875556,58.65824670330121,59.64195531875556,1649733
2022-07-19,57.06973648071289,59.532652125627585,56.54509041212979,59.015294352258245,3402840
2022-07-20,58.41051483154297,58.80399392844455,56.508675106037344,57.120758642854774,3546551
2022-07-21,57.397640228271484,58.592670529940975,56.84385207113219,58.22104528710071,2175720
2022-07-22,58.366783142089844,58.629106212697614,57.09160371082359,58.257480936113076,2619804
2022-07-25,57.878578186035156,58.29392215904468,57.383079625309605,57.929585145550654,809586
2022-07-26,58.301212310791016,58.876865477547064,57.31750345492864,57.31750345492864,2725853
2022-07-27,58.417789459228516,58.98615425289356,57.85671296170665,58.58538691447539,1988791
2022-07-28,59.0225830078125,59.75125687210648,58.4177823662068,58.4177823662068,2372179
2022-07-29,58.59994888305664,59.35048204881981,58.31576653018204,59.35048204881981,1422768
2022-08-01,58.65825271606445,59.09545597226629,58.29391574267275,58.65825271606445,919957
2022-08-02,58.395931243896484,58.949725015178466,58.29391733331049,58.395931243896484,1497420
2022-08-03,59.38692855834961,59.86056775074456,58.47608609579823,58.93514869556129,3945301
2022-08-04,59.889713287353516,60.22490263475805,59.45979276917006,59.60553089369878,2751781
2022-08-05,60.254066467285156,60.64755117034385,59.241209856563565,59.88972939697257,3333864
2022-08-08,60.254066467285156,60.254066467285156,60.254066467285156,60.254066467285156,0
2022-08-09,60.254066467285156,60.254066467285156,60.254066467285156,60.254066467285156,0
2022-08-10,61.74781799316406,63.20516563417844,61.31790310754805,61.441776322792656,7617652
2022-08-11,61.59479522705078,62.257891051408244,61.39076745319922,61.937272801447286,1933226
2022-08-12,63.72983169555664,64.03587346207294,61.68225939566282,61.93000590398312,6862248
2022-08-15,63.70066833496094,64.85197438296768,63.10315598436788,64.1961667885752,6997128
2022-08-16,63.2926139831543,64.341906154675,63.03029094027412,63.90469737698101,3751148
2022-08-17,62.76067352294922,63.27074852773955,62.66594792860559,63.103151104611584,2225078
2022-08-18,62.090309143066406,63.17603181620298,61.7915557022471,62.77526446297306,3048758
2022-08-19,61.769691467285156,62.52023034417208,61.47822631979116,61.94457722699116,856995
2022-08-22,60.51636505126953,61.93727682529009,60.22489440140012,61.46363771416982,3603096
2022-08-23,61.72597885131836,61.937294995482794,60.99001649534454,61.135754642703745,2698387
2022-08-24,61.39805221557617,62.155873588670325,61.208595482467736,61.57293236033957,646553
2022-08-25,61.2523307800293,61.55837806573746,60.91714142838805,61.13574583827373,1209208
2022-08-26,60.312339782714844,61.50008186712759,60.18846654671505,61.20861117822025,1771063
2022-08-29,59.62009811401367,62.66595523013087,59.10274031353696,60.37063133948469,1874621
2022-08-30,59.248470306396484,61.099302594435784,59.11730878805227,61.06287223671487,1756142
2022-08-31,59.89698791503906,60.552795488280566,59.02258152361056,59.02258152361056,1044019
2022-09-01,59.612831115722656,60.479955143150235,59.569112445211225,60.479955143150235,1153468
2022-09-02,59.19019317626953,59.93343823163359,59.022595705316974,59.93343823163359,615400
2022-09-05,58.35948944091797,59.27762010301275,58.30119975455783,59.19746553000936,1439261
2022-09-06,58.52709197998047,58.73111979836262,58.24290958161374,58.38135941237638,999785
2022-09-07,58.17733383178711,58.87686581619556,57.92958732178808,58.87686581619556,712302
2022-09-08,58.417789459228516,58.65825319788406,58.14818365468236,58.22104993809102,1449141
2022-09-09,58.03159713745117,58.694693148474,57.92958322180788,58.694693148474,1147183
2022-09-12,57.59439468383789,58.359499062270835,57.550676022025016,58.14818849061426,572401
2022-09-13,57.28834915161133,57.929580239694175,57.21547730761048,57.929580239694175,654071
2022-09-14,57.82756423950195,58.293915115680115,56.9458694404982,57.164468286577424,1118996
2022-09-15,56.98231887817383,58.29393463111096,56.873022198214755,58.29393463111096,1750164
2022-09-16,57.128047943115234,57.41951868167365,55.92573462115045,57.41951868167365,2499800
2022-09-19,56.82200241088867,57.4195148837076,56.74913056156266,57.20091045441271,736086
2022-09-20,55.284488677978516,57.05516640956759,55.02216563927343,56.83656202419987,1581672
2022-09-21,52.8288688659668,55.743565079261515,51.823300673743184,55.31365005628463,3471806
2022-09-22,53.747005462646484,54.19877986591651,51.77229923463007,52.063764439574946,2980991
2022-09-23,53.43366241455078,55.051319482939206,53.193198675338216,54.65054658425159,4149061
2022-09-26,53.688690185546875,54.286202527909985,53.55752866847495,53.55752866847495,1295266
2022-09-27,55.801856994628906,57.56524676378387,53.8490104263446,54.213347431178676,2822998
2022-09-28,55.68526840209961,56.690842128046775,55.233494058527235,55.88201350471609,2048636
2022-09-29,55.233497619628906,55.743567253110086,54.65784442793326,55.37923021224009,1107643
2022-09-30,55.17518997192383,55.72898370633437,54.679691485207194,55.2261969238208,1463910
2022-10-03,54.75255584716797,55.37192754403191,54.65054194694758,55.153328711848495,751886
2022-10-04,54.46109390258789,55.00759940960425,54.28621369695828,54.69426936320788,596467
2022-10-05,54.35178756713867,54.82542674916582,54.27163854678249,54.65054655679956,519520
2022-10-06,55.54682540893555,55.8892975433981,54.28621685334478,54.28621685334478,1766625
2022-10-07,54.99302291870117,55.95487229323429,54.8691496836444,55.09503682514098,789060
2022-10-10,55.641536712646484,56.43578855610665,55.01487674471442,55.01487674471442,2201264
2022-10-11,56.05687713623047,56.76369163038419,55.750835466392786,55.750835466392786,2725856
2022-10-12,55.867431640625,56.2536279531218,55.74355840064323,55.9257268921486,1067530
2022-10-13,55.765419006347656,56.36293144978598,55.634257467088446,56.1078966677101,3945656
2022-10-14,55.67502975463867,56.270116989547816,55.36618162912907,56.19479000069306,2147880
2022-10-17,54.52250671386719,55.74282467433562,54.38691582937069,55.66749768230004,836345
2022-10-18,54.243778228759766,55.290838586952226,54.085589873969454,54.57521803290553,1211234
2022-10-19,54.921749114990234,55.064868671626336,54.10066940824637,54.10066940824637,1189977
2022-10-20,54.4547233581543,55.441520339059544,54.38692503089494,55.17787294878892,1061325
2022-10-21,54.959407806396484,55.59216714269479,54.10820193125931,54.680691631861656,4553831
2022-10-24,55.14772415161133,55.93113740559523,54.95940382364636,55.70515071320514,1265381
2022-10-25,55.155269622802734,56.413248286311976,55.06487377832223,55.07994262594305,4391704
2022-10-26,53.95001220703125,54.838884427460926,53.7842893909558,54.80875248389443,1759687
2022-10-27,53.73155212402344,54.16092220010538,53.369974600811396,54.16092220010538,1310959
2022-10-28,53.06114959716797,53.84456303054897,52.91802427607403,53.7315696584791,928073
2022-10-31,52.77488708496094,53.55830034213823,52.654365063053845,53.407646377984285,1568147
2022-11-01,53.430240631103516,53.47543566817035,52.72968882116766,52.9933361158575,1561100
2022-11-02,53.83702850341797,54.153405346942385,53.30219934019861,53.30219934019861,1403371
2022-11-03,54.43210983276367,54.69575714554318,53.837016899872545,54.153393675207965,3215528
2022-11-04,54.30859375,54.57878458662318,54.038402913376814,54.42439150561522,851616
2022-11-07,54.717742919921875,55.12689579154235,54.509311663191866,54.655989218861826,1189278
2022-11-08,55.32760238647461,55.81395177322388,54.92617684936129,55.00337338845404,967994
2022-11-09,55.32760238647461,55.32760238647461,55.32760238647461,55.32760238647461,0
2022-11-10,57.16490936279297,58.593065888600535,55.38935959143126,55.38935959143126,12082071
2022-11-11,60.1910514831543,60.59247695736048,56.85611086538589,57.43509365242706,12535792
2022-11-14,58.85552978515625,60.368604125756136,58.6779783584521,59.442234003664,4367124
2022-11-15,59.29557418823242,60.716015474740345,58.77062939165418,58.979066559701664,6570407
2022-11-16,58.7088623046875,59.982619840322954,58.43866560103827,59.442238212460516,2408954
2022-11-17,57.952327728271484,59.056255351476054,57.79021322426895,59.048533930413484,1306240
2022-11-18,57.4273796081543,58.129881640383616,57.164910204718005,57.705291852803455,1895748
2022-11-21,57.535457611083984,57.89828782380141,57.126310652817395,57.47369802387284,747024
2022-11-22,57.14946746826172,58.00636257588095,57.049112559067105,57.74389317196354,1832635
2022-11-23,57.11858367919922,57.46597690620121,56.971912035979464,57.35790058394757,661563
2022-11-24,57.141746520996094,57.512298147516546,56.817517528864634,57.126309569345295,1602557
2022-11-25,57.33473205566406,57.97547441112603,57.20349737265639,57.70528362560514,2351914
2022-11-28,55.75990676879883,56.89470812270505,55.566912499875514,56.7171566935375,2333164
2022-11-29,56.068687438964844,56.50871409376278,55.674983409215244,55.89885744617799,1297750
2022-11-30,56.01466369628906,56.45469046429968,55.69815610723093,56.23853779085146,1254629
2022-12-01,55.93746566772461,56.54732834572803,55.89114892170765,56.34661263012373,2715962
2022-12-02,55.914302825927734,56.161335267805654,55.404795101588164,55.86026466332063,1145494
2022-12-05,55.304439544677734,55.81394726301069,55.196363220737645,55.59007319492966,692614
2022-12-06,55.15776443481445,55.58235421876171,54.424388505870844,55.505157682512625,957355
2022-12-07,54.91073226928711,55.698152256371955,54.69457961078326,55.58235450653969,1823903
2022-12-08,54.98020935058594,55.196361993660815,54.8103734482506,55.157760783232675,1395145
2022-12-09,55.51287841796875,56.66312269612409,54.87213598454417,55.08056721881628,3443549
2022-12-12,55.65955352783203,56.122738658119474,55.505160447642375,55.69815474273868,1482364
2022-12-13,55.26584243774414,55.96834448524444,55.11917078134302,55.65955244117528,709841
2022-12-14,56.4006462097168,56.81751455911901,54.856691977731394,55.04968625672957,3095047
2022-12-15,55.69814682006836,56.50871921034354,54.88756854007554,56.35432615211521,2101633
2022-12-16,55.983768463134766,56.15360434250016,54.964759076659384,55.867976626946536,753472
2022-12-19,55.381649017333984,56.43153860067182,55.27357266814209,55.87571401070246,1171096
2022-12-20,54.146480560302734,55.729036182721906,53.26642701984795,55.57463720825348,1992528
2022-12-21,53.860843658447266,54.61738386386806,53.65241241750997,53.72960895527496,935392
2022-12-22,55.77534103393555,56.74031233210052,54.42438121650458,54.42438121650458,3719850
2022-12-23,56.338897705078125,56.7326018298951,55.43567992000037,55.58235747025681,2677053
2022-12-26,59.341880798339844,59.48083690958938,56.740315894836044,56.89470895634985,7699788
2022-12-27,57.98320388793945,59.71243104528283,57.78248818092515,59.3573222650072,2590526
2022-12-28,58.106719970703125,58.59306936539429,57.126311539806906,57.22666645329439,2684756
2022-12-29,59.02537536621094,59.44224375646405,58.06040387665795,58.554468808131595,3601912
2022-12-30,61.495689392089844,63.05508030879103,59.025359508672885,59.025359508672885,10287417
2023-01-02,61.92800521850586,63.80390984690244,60.993913614449994,61.063388727859724,7749060
2023-01-03,61.71186065673828,62.452958078833014,61.38762574917534,62.14416601386385,1858912
2023-01-04,60.63881301879883,62.45295830880977,60.445818713697264,61.81993722366539,2277612
2023-01-05,61.58061599731445,62.1441619204919,60.90899963169287,60.98619617042062,3589864
2023-01-06,63.54144287109375,64.07410903573941,61.294992231410134,61.75817738384522,6016343
2023-01-09,65.48682403564453,66.312839363013,63.309848675402115,63.52600133830701,9556450
2023-01-10,65.17802429199219,67.93398219783852,64.14357195496284,67.93398219783852,4541910
2023-01-11,67.60204315185547,68.04206992015897,65.46366889985535,65.96544936795756,12916671
2023-01-12,66.98445129394531,68.86035590825448,66.63706395006945,67.92626431121333,5546368
2023-01-13,63.3330078125,66.31284016359133,62.993335972566776,66.31284016359133,6502396
2023-01-16,60.99391555786133,63.27896718839259,60.407211281596304,63.27896718839259,4066153
2023-01-17,57.24209976196289,61.912557407273546,56.47784412722434,61.46481519190483,5105207
2023-01-18,58.73974609375,59.31872903093769,57.3579119999481,57.51230509397722,5724570
2023-01-19,61.32585525512695,62.09011084211785,59.12571607575895,59.12571607575895,10995702
2023-01-20,61.186912536621094,62.37575809282902,60.445815155423645,61.5265784885959,3449930
2023-01-23,63.08597946166992,63.47196807228737,61.379910509507084,61.75817769879092,3790890
2023-01-24,65.23207092285156,65.95773134800501,63.08597533070323,63.08597533070323,7615354
2023-01-25,66.36688995361328,67.35501996315314,65.84966657201342,66.39004833044321,5623599
2023-01-26,66.62162780761719,67.27780718163153,64.84607807584378,66.70654576198919,5701519
2023-01-27,66.88409423828125,67.54799500320446,65.54085575819565,66.7374167072789,4688381
2023-01-30,66.59846496582031,68.29681819973294,66.39003373046809,67.39360636367637,5019786
2023-01-31,67.77959442138672,68.1192603538365,66.04264587756697,66.69882526062193,4506916
2023-02-01,67.39361572265625,68.93757020986745,67.08482364727021,67.93399743729258,5230319
2023-02-02,67.17745208740234,67.39361064669518,65.54086422364335,66.95358388657074,5157941
2023-02-03,66.34371185302734,67.4707976781875,65.82648273547848,67.46307625829992,1261253
2023-02-06,71.31525421142578,71.31525421142578,70.41204226808325,71.31525421142578,10552549
2023-02-07,76.6573257446289,76.6573257446289,75.29092302646684,76.6573257446289,16106888
2023-02-08,77.02788543701172,77.88478061535596,73.56943081804071,75.65376693904528,22259031
2023-02-09,81.79096984863281,82.80226383559389,77.73809014996618,78.74166271695168,18217949
2023-02-10,78.01600646972656,84.60869183260678,76.81944545824396,78.74166685288449,38731937
2023-02-13,76.27133178710938,77.58369036273137,75.11336625930743,77.19770185346405,15131425
2023-02-14,72.51953125,77.18998920925002,71.80930783602359,77.18998920925002,12752194
2023-02-15,73.9399642944336,74.49578873825521,71.26892428581773,72.17213606216897,7173531
2023-02-16,72.07950592041016,74.80458421565187,71.79387226529276,74.26419669702852,6685151
2023-02-17,73.01361083984375,73.33011845455064,71.80160677431908,71.84020210358041,4774367
2023-02-20,69.26178741455078,72.95183706667981,68.70596295168788,72.85919769296335,5383683
2023-02-21,70.42747497558594,70.79029927321386,69.55513706395395,69.99516378505648,3211839
2023-02-22,70.08009338378906,70.9061088006455,68.40490417507297,70.43520220984969,10388052
2023-02-23,68.42033386230469,69.78673673957447,67.82591403804562,69.78673673957447,5525692
2023-02-24,67.67151641845703,69.06879310550659,67.40131971766844,68.5901651760972,5213678
2023-02-27,66.33599090576172,68.08837629079346,66.00404052484339,67.31639920863155,2249423
2023-02-28,63.78074264526367,66.7682899026132,63.24807662399854,66.08123083533478,5333028
2023-03-01,62.41436004638672,63.31757202348452,61.29499537969822,63.30985649151276,6085035
2023-03-02,63.3330078125,64.07410518985745,61.75817367697103,61.835370216123565,4211620
2023-03-03,68.02661895751953,68.08065711478837,62.42206399203204,62.42206399203204,13422769
2023-03-06,68.51779174804688,71.17960037077337,68.02662863816715,68.79506222040526,8787996
2023-03-07,67.5750732421875,69.19908948903678,67.1789708340716,69.08025755779339,3637278
2023-03-08,68.35935974121094,69.47636547781292,67.25819544281141,67.32949098078781,6363804
2023-03-09,69.07234191894531,69.30208204778145,68.24844816023604,68.76338251493475,2499392
2023-03-10,68.82675170898438,69.50804832902902,68.67623690505106,69.38921639873416,1839096
2023-03-13,73.83348083496094,73.98400167268107,70.70427446665865,70.70427446665865,18456595
2023-03-14,72.72440338134766,73.67504672796223,71.74206507326387,73.51660818487413,8699947
2023-03-15,72.66895294189453,73.47699922275494,72.09064074685391,72.55803870330261,4386458
2023-03-16,71.35388946533203,73.19972818710845,71.07661898104105,72.92245770281748,3082568
2023-03-17,71.04492950439453,71.61531794991039,70.11012756180868,71.61531794991039,4208478
2023-03-20,68.78714752197266,70.91025672919976,68.37519762162113,70.91025672919976,3771274
2023-03-21,69.78531646728516,70.36362861853539,68.44649449331284,68.92181615453556,3624109
2023-03-22,68.12168884277344,70.26856311865279,67.97117404120189,69.2783071218057,1725014
2023-03-23,68.12168884277344,68.12168884277344,68.12168884277344,68.12168884277344,0
2023-03-24,67.07597351074219,68.12960725962992,66.94130015626428,67.97908642577667,574968
2023-03-27,67.1868896484375,67.97117678126764,66.54520567070665,67.40078833704324,748707
2023-03-28,66.9492416381836,67.71768140238454,66.86209861065292,67.18689949541299,1064294
2023-03-29,66.57689666748047,67.25026958469351,66.1649467586617,67.25026958469351,999991
2023-03-30,66.41053009033203,67.8919492038498,66.26793298402114,66.9333821174433,3343193
2023-03-31,66.03819274902344,66.76701971597063,65.47572806513747,66.54520333855567,2441216
2023-04-03,66.10948944091797,66.93338317438621,65.75299969153292,66.71949053356379,1505351
2023-04-04,65.28560638427734,65.99066823663533,64.089375335562,65.99066823663533,2765087
2023-04-05,64.70728302001953,66.01442204205189,64.19234873327436,65.35689066119332,4567822
2023-04-06,69.191162109375,69.55558162443259,65.47572582661378,65.51533243891637,10588322
2023-04-07,67.0918197631836,69.69025028131117,66.94129893208299,69.48427536149596,4694653
2023-04-10,66.2520751953125,67.24233104505494,66.14909076279443,66.94129544258837,1166108
2023-04-11,66.10948944091797,66.77494462889132,65.59456114603803,66.77494462889132,782206
2023-04-12,67.53545379638672,68.08207699874433,65.7926057934518,65.83221240385703,2311136
2023-04-13,67.98700714111328,69.34960019273875,67.50376179038467,68.52570657910377,3918667
2023-04-14,67.98700714111328,67.98700714111328,67.98700714111328,67.98700714111328,0
2023-04-17,68.06623077392578,68.6841495128276,67.8127254952983,68.51778724035731,1493547
2023-04-18,68.15337371826172,68.36727238555993,67.67012833693478,68.36727238555993,1621594
2023-04-19,68.43064880371094,68.68415409926644,67.8127300235471,68.20090868523205,997745
2023-04-20,69.24662780761719,69.43675527645146,68.13753982533791,68.68415705374187,2875066
2023-04-21,69.24662780761719,69.24662780761719,69.24662780761719,69.24662780761719,0
2023-04-24,69.24662780761719,69.24662780761719,69.24662780761719,69.24662780761719,0
2023-04-25,69.24662780761719,69.24662780761719,69.24662780761719,69.24662780761719,0
2023-04-26,68.96934509277344,69.82492769185066,68.72376354905492,69.24662159650524,2650189
2023-04-27,68.8663558959961,69.3971316027748,68.54154906274678,69.23869307789953,3320080
2023-04-28,68.10586547851562,69.30209673246631,67.9711920777783,69.23871888128008,2370620
2023-05-01,68.10586547851562,68.10586547851562,68.10586547851562,68.10586547851562,0
2023-05-02,67.44831085205078,68.43064303399787,67.33740267234914,68.21675041429968,2335414
2023-05-03,68.22467803955078,68.5257136810224,67.21857458118855,67.45623843353755,3246696
2023-05-04,67.48793029785156,68.51779293357954,67.3374094485199,68.33558921032414,2517489
2023-05-05,68.2642822265625,68.91388988331825,67.2977914592824,67.48000121214776,3759969
2023-05-08,66.41951751708984,68.69310988074979,66.02305725216284,68.6041077149309,3969537
2023-05-09,64.93077850341797,66.54899105178976,64.48576758341933,66.54899105178976,6109361
2023-05-10,63.620025634765625,65.30296820674069,63.51484403888886,64.72850347912241,3068518
2023-05-11,63.85464859008789,64.63948245370963,63.595734898551896,63.91937855621922,2200473
2023-05-12,63.30446243286133,64.70421876604037,63.045548715931034,64.24302851485236,3755722
2023-05-15,62.1474494934082,63.272106694420955,61.81571913869485,63.272106694420955,4927429
2023-05-16,64.41294860839844,64.64759016002559,62.462999596423195,62.54391515925313,6272502
2023-05-17,63.142635345458984,64.93075893166579,63.02936099505596,64.89030116095509,2799253
2023-05-18,62.16363525390625,63.595750613764864,61.993723680566475,63.595750613764864,4997154
2023-05-19,62.54391098022461,63.06982506553438,62.13935788506918,62.13935788506918,2330981
2023-05-22,61.47589111328125,62.66527202883581,61.17651960031044,62.301176712052424,4488921
2023-05-23,60.780059814453125,61.694347595892765,60.68296484841911,61.47589163855423,3325975
2023-05-24,60.81242752075195,61.72671534304981,60.60205817143901,61.16843006613845,3246386
2023-05-25,61.22506332397461,61.823806343340145,60.77196583731121,61.24933552176154,3692857
2023-05-26,59.962867736816406,61.257436568184495,59.469312405327464,61.168434382310025,2702758
2023-05-29,60.36740493774414,61.57297126481464,59.95475910977095,60.197493402223294,4021878
2023-05-30,61.314064025878906,62.026081399816796,60.6829622066086,60.6829622066086,4514023
2023-05-31,60.53732681274414,61.73480672811556,60.27841307063553,61.41116300723216,3593659
2023-06-01,60.86906433105469,61.20888746575751,60.31887184834936,60.69105997297493,1397603
2023-06-02,60.958045959472656,61.08750588862907,60.60204350027091,60.9742315371118,842756
2023-06-05,63.4743766784668,63.63620161654431,61.16842532452642,61.815712730856085,8459334
2023-06-06,63.490562438964844,65.05213760115122,63.199283722588824,63.8384783405812,8973676
2023-06-07,63.895111083984375,64.32393633856309,62.705724103630686,63.49055802525127,2345653
2023-06-08,63.61192321777344,64.93076392633743,63.4339188897363,63.919381310662395,3834904
2023-06-09,64.5909423828125,64.82558389597983,63.51482977266259,63.74137849627525,4140321
2023-06-12,62.68954086303711,64.72848543822589,62.325439428653446,64.60711829343133,3523397
2023-06-13,62.649105072021484,63.433939221011634,62.365919083466174,63.30447924167687,1627614
2023-06-14,62.83518981933594,63.312559509471015,62.46299553886983,62.78663925019363,1488762
2023-06-15,61.791439056396484,62.705726785967066,61.694344095870825,62.325445906812476,2042241
2023-06-16,61.4920654296875,62.49535529510314,61.33024667406847,61.896618491724915,2068412
2023-06-19,59.6230354309082,62.05844054940603,59.145659582348685,61.8966217851768,3959904
2023-06-20,60.6910514831543,60.87714243294026,59.30748076569994,59.87385257764391,4484598
2023-06-21,59.86575698852539,61.208876041169184,59.67157325822382,61.08750889485964,3492226
2023-06-22,60.25412368774414,60.682948872095416,59.79293352323577,60.18130093914346,1012450
2023-06-23,60.22987747192383,60.68297504355847,59.712049912058106,60.68297504355847,2050520
2023-06-26,62.5277214050293,62.988911657124234,61.49206653527153,61.49206653527153,8154666
2023-06-27,63.110267639160156,63.79800650063016,61.89660864609939,62.39825658550716,10932081
2023-06-28,63.110267639160156,63.110267639160156,63.110267639160156,63.110267639160156,0
2023-06-29,63.110267639160156,63.110267639160156,63.110267639160156,63.110267639160156,0
2023-06-30,63.110267639160156,63.110267639160156,63.110267639160156,63.110267639160156,0
2023-07-03,67.84355926513672,67.84355926513672,67.84355926513672,67.84355926513672,1139805
2023-07-04,68.96012115478516,70.79678943310549,68.36947093825616,70.79678943310549,18359451
2023-07-05,67.87591552734375,69.78540656606306,67.63318120922226,69.50222064358141,6014874
2023-07-06,69.6964111328125,70.35178521291853,67.96492427024319,67.96492427024319,11511519
2023-07-07,68.91966247558594,69.98768235242589,68.77402312088094,69.74494803692087,2284433
2023-07-10,68.49082946777344,69.50221204652676,68.21573019639806,69.25947775843022,4910360
2023-07-11,69.24331665039062,69.98769294353232,68.12674603768708,68.82257792957766,8868315
2023-07-12,70.47314453125,70.98288535719307,69.26757809446202,69.9876820751533,10791446
2023-07-13,70.13333129882812,71.40362788798943,69.98769192420494,71.18517191255012,10861164
2023-07-14,69.01675415039062,70.31132270113747,68.8306570276318,70.31132270113747,2116695
2023-07-17,68.7173843383789,69.46176050155863,68.53128721108901,69.17857458871742,4242706
2023-07-18,68.11056518554688,69.09767581001711,67.88401642051912,68.96821584543504,2567334
2023-07-19,68.19147491455078,69.19476495306593,67.98110555755875,68.49084645438595,7908623
2023-07-20,69.4051284790039,69.78540937865883,68.25619916263527,68.67693166828069,7304995
2023-07-21,68.94393157958984,70.01195140851652,68.79829223141849,69.90676983544435,5460130
2023-07-24,69.01675415039062,70.39223207812357,68.61220109247037,69.58312596228306,4833108
2023-07-25,70.62686920166016,71.1123316063857,69.19474800878203,69.38084511997134,13058495
2023-07-26,70.2466049194336,71.0395317666602,70.06860055538328,70.79679742059326,4726907
2023-07-27,70.2466049194336,70.2466049194336,70.2466049194336,70.2466049194336,0
2023-07-28,70.2466049194336,70.2466049194336,70.2466049194336,70.2466049194336,0
2023-07-31,79.73741149902344,79.73741149902344,75.246870012927,75.246870012927,22459291
2023-08-01,79.23577117919922,82.10810068617334,78.64512093137132,81.71972699030164,14887779
2023-08-02,84.2117691040039,84.95614527633612,79.21149287796281,79.33286003438415,28365714
2023-08-03,84.35741424560547,87.14073537944195,83.42694087984736,85.11796987692017,24521243
2023-08-04,87.1083755493164,88.03075611388661,84.13895113471861,84.14704392507178,27995429
2023-08-07,85.41734313964844,90.21534325662914,84.43023256656109,88.19257771275853,26010351
2023-08-08,79.17103576660156,84.14703983775938,79.00921700534036,84.14703983775938,27785286
2023-08-09,84.43021392822266,85.10986621088206,77.67417973771698,78.48328577665154,37776498
2023-08-10,81.40416717529297,86.97081505507809,80.19050799606445,86.59053419124145,22027805
2023-08-11,83.7182388305664,85.92709580967322,81.35564966260893,82.12429826087853,22570520
2023-08-14,83.7182388305664,83.7182388305664,83.7182388305664,83.7182388305664,0
2023-08-15,81.93818664550781,84.14704940859949,81.63882128582591,84.14704940859949,12071945
2023-08-16,79.5189437866211,81.71971329064144,79.13057632884659,81.71971329064144,10957134
2023-08-17,80.52225494384766,80.82162649223163,78.321491029129,79.77787864153144,9372798
2023-08-18,80.33614349365234,82.88482888246129,79.80213051735412,80.91870085943606,19811273
2023-08-21,78.03020477294922,80.0934219021481,77.68228885615233,79.29240848365868,7312226
2023-08-22,80.51415252685547,80.91061280114391,77.67418828909815,77.67418828909815,13626842
2023-08-23,80.95916748046875,81.54981774508306,79.73742151648418,81.31517619738645,16050104
2023-08-24,81.48507690429688,82.48836676835172,81.07243105314124,81.3151653592304,12764451
2023-08-25,80.25524139404297,81.30707569049383,79.98014209171639,81.30707569049383,6372621
2023-08-28,78.52375793457031,80.50606562395396,78.28102360922156,80.10960532067529,5005999
2023-08-29,77.415283203125,78.72603749886578,75.93461734232365,77.91693128067801,6318415
2023-08-30,76.25824737548828,78.42665189791246,75.25495757346798,77.31817435569548,6720973
2023-08-31,75.20641326904297,77.86028659444517,71.28224972332403,76.46053025565983,17491092
2023-09-01,76.42815399169922,76.66279547851352,74.55912105881967,75.65141295241176,4133540
2023-09-04,77.25344848632812,77.6580015119367,76.88934705948684,77.02689360667632,2749710
2023-09-05,75.95079803466797,77.63373416869639,75.68379151833527,77.51237318217258,3940168
2023-09-06,76.88936614990234,77.43146585729521,75.40870022703157,76.4524480330065,4240419
2023-09-07,76.88126373291016,78.36192947039196,76.14498034563688,76.9864514832278,7844273
2023-09-08,77.64183044433594,78.03020413761769,76.54144551519315,77.26964233197741,4333104
2023-09-11,77.67417907714844,78.47519232044456,76.93788962494484,77.99782272456771,6296596
2023-09-12,75.53814697265625,76.85698771053924,75.16595890257253,76.85698771053924,3443533
2023-09-13,75.91844177246094,76.60618085809405,75.36824926935627,75.36824926935627,2627321
2023-09-14,76.25824737548828,76.33915674818535,75.8941521118568,75.97506148455385,1360455
2023-09-15,76.59806823730469,77.99782441928626,76.33915454834147,77.59327139446941,4692649
2023-09-18,77.00262451171875,77.39099814804801,76.58189206426913,76.85698516971897,1522474
2023-09-19,77.7389144897461,78.31337907200817,77.07544774388104,77.43145022530331,3006186
2023-09-20,76.8731689453125,78.05446305916527,76.58189026814449,77.83600096479456,1882996
2023-09-21,77.302001953125,77.61755285632184,75.85370121058543,76.86508389339323,2113012
2023-09-22,77.68228912353516,78.23248159448005,76.78418073459584,77.62565193562865,2727059
2023-09-25,78.19202423095703,78.40239357558278,77.47192019245905,77.99784046752816,3129427
2023-09-26,77.66609954833984,78.32147974382909,77.4719157959309,77.70655732604554,1851960
2023-09-27,79.138671875,79.49468056228974,77.26963861270912,77.82792384086983,6830288
2023-09-28,79.138671875,79.138671875,79.138671875,79.138671875,0
2023-09-29,79.138671875,79.138671875,79.138671875,79.138671875,0
2023-10-02,80.39279174804688,80.68407047106801,78.07874754459579,78.07874754459579,17023821
2023-10-03,79.73741149902344,81.2342566033923,79.3975822332992,80.69215697836512,9902658
2023-10-04,79.34903717041016,80.10150611110069,79.17912562547872,79.29239998876633,5097021
2023-10-05,78.78266906738281,79.64841241216767,78.40238818428281,79.29240372620339,4933716
2023-10-06,77.58518981933594,78.80694185930612,77.28581831542557,78.53184255271468,5482386
2023-10-09,77.2777328491211,78.030201842164,76.85699417936041,76.98645413097609,3007680
2023-10-10,77.26963806152344,77.82792328570174,76.94599436384051,77.2777308515378,3328348
2023-10-11,78.35384368896484,78.56421303542699,77.2777371036186,77.2777371036186,5898265
2023-10-12,78.7098388671875,79.57558213018473,78.32147140372513,78.60465729853927,7861597
2023-10-13,79.91542053222656,81.11290048239681,78.41048860641784,78.55612180340742,12277567
2023-10-16,79.82640838623047,81.47697934831677,79.04966112137996,80.42514515377117,5472397
2023-10-17,79.11896514892578,80.73363998053244,78.81933463687531,80.73363998053244,5148182
2023-10-18,77.92044067382812,79.38529373442238,77.77894391741802,79.07734477338192,4370844
2023-10-19,81.3744888305664,81.98207451180495,77.86216569308417,77.86216569308417,18109346
2023-10-20,80.80853271484375,81.4827044441839,80.27585773733217,81.47437961172655,5635981
2023-10-23,85.26969146728516,86.86772276954618,81.3162405494269,81.48270545069715,27498695
2023-10-24,84.07949829101562,85.51938959101928,82.82272156585357,85.39454249680142,13018300
2023-10-25,83.87974548339844,85.52771313221312,83.3970067797067,84.48733127942243,13945391
2023-10-26,83.38037109375,84.56224346267021,83.06409726755638,84.31255560514498,7394331
2023-10-27,82.53141784667969,83.80484426757151,82.23178735353018,83.56347490642402,4521193
2023-10-30,83.3720474243164,83.97130845072458,82.19017503889339,82.80607938270731,5020490
2023-10-31,83.53851318359375,84.903493824066,83.32211195522981,84.903493824066,7538611
2023-11-01,83.59677124023438,85.8939299798199,83.43863115418061,83.85478392801693,11174138
2023-11-02,83.45526885986328,84.8119308753438,82.56470223773204,84.05452982989308,8186728
2023-11-03,84.47900390625,84.70372358570104,83.18892790758845,83.72992772476867,8746576
2023-11-06,84.59552764892578,84.93677594037024,83.64669991903713,84.5622346680541,7410364
2023-11-07,84.49564361572266,85.72745843381422,84.39577102911147,84.91179632656642,12020957
2023-11-08,85.119873046875,85.80236324158496,84.1544020555717,84.52061847467974,12279739
2023-11-09,85.119873046875,85.119873046875,85.119873046875,85.119873046875,0
2023-11-10,87.86785888671875,88.61193265716747,86.03305234078961,86.24443576177435,17303084
2023-11-13,87.54656219482422,88.78104065264702,87.140703170583,87.94396407560554,12985882
2023-11-14,87.5719223022461,87.91859420480161,86.24443469294984,87.36053888388102,10515770
2023-11-15,90.26918029785156,91.23308820703558,87.69029991307224,88.14688888861892,18992131
2023-11-16,96.25554656982422,96.98270601696679,90.07469772002216,91.31763320411258,28731264
2023-11-17,94.12480926513672,96.79669879791227,93.09325714048059,96.729054555103,13821022
2023-11-20,92.86497497558594,94.10791064251477,92.58594728486504,93.85424793260292,4718564
2023-11-21,91.59666442871094,93.60057510698508,91.23308469094951,93.0002469727111,5270511
2023-11-22,93.5752182006836,94.40384411086451,91.4444759973635,91.74041151853149,9958383
2023-11-23,91.33454895019531,94.46302756262081,90.68349082879932,93.84578511298463,12035986
2023-11-24,90.97944641113281,92.9664497872896,90.64123156072253,91.9095324115773,9868458
2023-11-27,91.81649780273438,92.58593653613814,90.30299821561103,91.33454387058265,8516642
2023-11-28,92.14627075195312,93.1355436895013,90.97943005041475,92.18008642509257,12904027
2023-11-29,91.40218353271484,93.47374478361303,90.9371439097121,92.08707015528663,11777293
2023-11-30,91.99407958984375,92.49294143307189,91.14854579380075,92.07863167926587,5559771
2023-12-01,93.3215560913086,93.9387920751689,91.99406845030269,92.25618183104527,8578061
2023-12-04,97.56614685058594,99.64615927105136,94.05718021183249,94.05718021183249,23810103
2023-12-05,102.83382415771484,103.91610640092918,95.79898312591064,97.99736973880364,31154943
2023-12-06,104.08518981933594,105.43804235348566,101.45557968221847,103.138196270886,28693019
2023-12-07,103.02827453613281,105.26894001129413,101.70924409907762,103.14664873171931,17176383
2023-12-08,106.01300811767578,106.93464316284603,103.36649008047861,104.84617398756112,17924383
2023-12-11,105.89463806152344,107.38277916965698,102.95218441804566,105.26894493403381,11190926
2023-12-12,105.86927032470703,107.255945031077,105.53105556563656,105.90309244570508,9144317
2023-12-13,103.577880859375,108.98929151497326,101.67542998644771,108.1014849781534,18895028
2023-12-14,105.6832504272461,107.38277489122818,101.80225402170853,104.00064024898477,12357484
2023-12-15,107.17138671875,108.86245396480523,105.52259873420999,107.72098486389986,17093245
2023-12-18,104.92227172851562,108.01692810772566,104.42340995149995,108.01692810772566,6701981
2023-12-19,99.36712646484375,104.84618816884203,97.40548836359217,104.84618816884203,11777994
2023-12-20,96.99961853027344,100.78760555925301,94.71667387133031,99.8152470508485,13742412
2023-12-21,98.61458587646484,99.00353057583115,96.05261998550021,97.40547251610252,9371700
2023-12-22,96.06108856201172,98.92744741990009,95.426938258038,98.84289533621903,4196705
2023-12-25,96.06108856201172,96.06108856201172,96.06108856201172,96.06108856201172,0
2023-12-26,88.85713958740234,95.62986679947666,88.85713958740234,95.54531471380587,10515065
2023-12-27,90.6412124633789,91.3091848782023,87.93550713198952,88.69648877235227,8314253
2023-12-28,93.14399719238281,94.69977613240684,90.90333155621077,91.52902469940214,12285704
2023-12-29,95.08024597167969,97.99734061594279,92.75502868828156,93.46528023113773,10443776
2024-01-01,102.2081069946289,102.2081069946289,95.54530404381272,95.54530404381272,10262639
2024-01-02,103.93299102783203,107.12910707946025,102.74079197804019,104.84616888569998,24573372
2024-01-03,107.7125473022461,108.31288196052968,103.32422493669807,104.84618831518604,17714428
2024-01-04,106.2074966430664,108.56653016851254,104.80390749798022,108.22832182354252,7826527
2024-01-05,105.72553253173828,107.67871327582937,102.30957567716824,106.1990293300852,7662088
2024-01-08,104.32194519042969,106.36814163940826,104.0429239731732,105.86927340381547,2819259
2024-01-09,103.58634185791016,105.69171909604847,102.99446436042594,105.21822225878957,4622420
2024-01-10,103.72161102294922,107.12911059129118,103.15510502716592,103.78925526298866,18027804
2024-01-11,107.43350219726562,108.60879344038979,103.91608561054495,104.42340450418902,11335960
2024-01-12,107.8309097290039,109.49661211925714,106.45269214589223,108.65107843493854,16501298
2024-01-15,110.16456604003906,113.13239720553145,108.65951727821746,108.73562510689017,18594025
2024-01-16,106.89237213134766,109.80946090673815,106.54570665803571,109.26831983797534,9848693
2024-01-17,106.86701202392578,108.66800307164935,104.46569922817527,105.69172060685047,10097639
2024-01-18,105.02374267578125,106.45269672807929,103.5778807874695,106.45269672807929,6663481
2024-01-19,105.02374267578125,106.52034097395489,104.16975181160518,105.60716300736524,2989138
2024-01-22,112.90411376953125,112.90411376953125,105.26894550145114,105.26894550145114,16631096
2024-01-23,115.41533660888672,117.44461209183191,107.55187153429111,114.09630625479046,52947125
2024-01-24,123.3380126953125,124.07363588300814,113.9779601306566,114.99259812195652,33646470
2024-01-25,114.40914916992188,125.8576813207496,114.08784227385037,121.65537830328122,49679574
2024-01-26,119.53309631347656,121.08042454917447,113.20005709019306,114.15550140813095,31070396
2024-01-29,116.3538818359375,119.04267255169863,115.41533900269992,118.79747347896951,7102542
2024-01-30,113.53826904296875,118.37472304524887,109.96166495204001,116.65829059323843,17143209
2024-01-31,114.38380432128906,117.10642402018564,113.85111393182027,114.90803111611797,6014807
2024-02-01,121.9766845703125,122.68694267002944,113.89338461813975,114.89957176607031,16985527
2024-02-02,124.80078125,126.40729014462148,119.47391627558162,122.68694696664514,13579691
2024-02-06,131.5396728515625,134.09317512173865,126.95686922895018,126.95686922895018,23123662
2024-02-07,127.39654541015625,133.08698290091812,126.91459796919644,131.90324102678983,24951384
2024-02-08,127.39654541015625,127.39654541015625,127.39654541015625,127.39654541015625,0
2024-02-09,122.6700210571289,125.39264038827288,117.84201833458893,123.44791045148156,18933926
2024-02-12,113.47063446044922,119.22026693557915,113.47063446044922,118.37473312752539,14939483
2024-02-13,104.99837493896484,106.95155571823088,104.96455281691523,104.96455281691523,14952555
2024-02-14,103.16357421875,108.22831955412971,98.9274483424467,106.13139302436781,32231367
2024-02-15,96.48384094238281,104.76161577462511,95.67212944930014,104.42340103977996,12066082
2024-02-16,91.2584457397461,98.25100608242373,89.38981717526006,95.37619687608198,20693864
2024-02-19,97.68450927734375,98.09881899235303,88.3582734124612,88.3582734124612,12158845
2024-02-20,95.55377197265625,100.39867680235034,94.78433315503142,98.51314013107059,10492785
2024-02-21,99.09654235839844,100.14500874131349,96.81360405706735,98.91898106393134,6512111
2024-02-22,98.66532135009766,100.11118308330472,97.66759140865008,99.35020152611425,5780199
2024-02-23,105.86927032470703,106.0637459077183,98.08190597765899,98.08190597765899,16618638
2024-02-26,105.70016479492188,109.70799254283304,104.85463113370544,106.4442320944648,14939405
2024-02-27,102.36875915527344,106.1567527607641,101.67542181754776,106.06374354282079,10000500
2024-02-28,104.14439392089844,105.44651671353854,101.4640533920114,101.4640533920114,6716014
2024-02-29,105.79317474365234,108.10993518511519,104.21202446394084,104.21202446394084,10849918
2024-03-01,104.27967071533203,106.35968280225501,103.99218590852102,105.9791887742031,4787226
2024-03-04,111.75419616699219,112.1008681070643,105.09984956531318,105.69172062042327,20945917
2024-03-05,108.2114028930664,112.87029526269994,107.59416047004413,112.87029526269994,10469000
2024-03-06,108.76944732666016,111.31449894760391,107.47578188492993,107.47578188492993,11204196
2024-03-07,111.06085205078125,111.52588524504316,108.10147777257642,108.22830911249962,9797618
2024-03-08,111.28496551513672,112.74164480042295,110.75918210125496,112.05209084173654,6231759
2024-03-11,110.2161636352539,112.35377566256794,109.8972437761248,112.05209169330371,4226173
2024-03-12,106.52705383300781,110.7505634578399,106.01851290323934,110.37130813660669,4054404
2024-03-13,104.76007080078125,107.74237906414811,103.87227464946434,107.44070171798309,4044182
2024-03-14,109.29388427734375,109.89723903770954,105.60477927829365,105.60477927829365,3554520
2024-03-15,106.61325073242188,111.16428818583871,106.01851064155257,110.45749180186444,8016182
2024-03-18,106.3029556274414,108.08716938273795,105.7685509936923,106.92355285990521,3153698
2024-03-19,106.07884216308594,107.73376361609647,105.18242473202024,106.01850669061388,4296717
2024-03-20,105.25138854980469,107.61309994398835,104.38944941276661,106.12194891951378,5328271
2024-03-21,103.57060241699219,106.01850623367737,102.74313511797999,105.18242427868722,4601392
2024-03-22,101.7001953125,103.30340260785506,101.07098343511925,103.26030959733609,3524802
2024-03-26,105.49272155761719,107.21659968628299,104.43254019108872,104.81178890766543,20903604
2024-03-27,105.73406219482422,106.64772206395727,105.33757101904212,106.19951007319621,4512518
2024-03-28,105.854736328125,106.62186158336718,105.02727560031568,105.84612167209634,4201030
2024-03-29,104.8548812866211,106.44946713085662,104.46700478867878,106.03573351493272,2792424
2024-04-01,103.23444366455078,105.5013477183376,102.5707534474806,104.63940861373692,1842893
2024-04-02,102.63970947265625,103.43269186536644,101.92429844232984,103.43269186536644,2001159
2024-04-03,105.28585815429688,106.01850504467552,102.36388524866362,103.00171831576199,5586893
2024-04-04,108.0009765625,111.18153408431638,107.75962808009064,108.2595543581137,7916927
2024-04-08,110.4574966430664,111.5349205789221,108.9922027207322,108.9922027207322,5865538
2024-04-09,110.50059509277344,111.96588900001511,109.46627075543505,110.75917946514491,4868813
2024-04-15,114.6982421875,116.10319397504925,109.81104249960947,112.04346818500426,15716557
2024-04-16,114.98267364501953,117.74088935788284,114.66376037848045,115.54294196575931,10709918
2024-04-17,113.12088775634766,114.61203865792316,112.91401764573544,114.61203865792316,4282994
2024-04-18,113.41395568847656,115.3274616663566,111.87107723452712,113.60358335490776,7638371
2024-04-19,115.3619384765625,116.69794685662808,113.04331994220546,114.25865736129309,8418350
2024-04-22,116.95652770996094,118.9476050819897,113.9483552814475,115.49984841294653,12878056
2024-04-23,115.6635971069336,117.11164832132276,115.06885708954324,117.05131943012927,3461267
2024-04-24,115.81013488769531,116.87894407772555,115.31882330087724,115.49983629395405,4954424
2024-04-25,117.64607238769531,118.51662614313747,114.85338497144049,116.36177839508042,8800644
2024-04-26,118.21492767333984,120.15429040831576,116.67206266223627,118.3873259937206,7239643
2024-04-29,115.689453125,119.2061658078405,115.43086879570453,118.86138231806477,5410125
2024-04-30,115.12919616699219,118.81829395868492,114.64649928915196,115.59463743044243,13576160
2024-05-02,114.20692443847656,116.57725683248269,113.45704167160504,115.17229196843955,7309709
2024-05-03,119.24064636230469,120.24049882807114,113.78457053614972,114.85337970494967,16078368
2024-05-06,118.05979919433594,121.10244315524618,117.52540116276491,119.8957336800384,11672431
2024-05-07,116.22386169433594,117.91326806795846,115.75842038086911,117.56848454673624,6653585
2024-05-08,116.94129943847656,118.20118086956143,116.36385155753577,116.36385155753577,10021600
2024-05-09,116.76630401611328,117.89493986692864,116.18009850388486,116.54757499966257,2595611
2024-05-10,117.16001892089844,118.97984602281363,116.80130011351508,117.32625511701073,3471449
2024-05-13,117.95620727539062,120.15224210868088,116.10137587241273,117.23002523486159,8980112
2024-05-14,121.9720687866211,122.57576309144389,117.8949561527363,118.63864025146383,18217177
2024-05-15,121.893310546875,124.23807915381411,121.3508535175316,122.48824705305616,13245266
2024-05-16,120.72095489501953,122.7420095385438,120.48473709134606,122.31330906880477,3342683
2024-05-17,120.81718444824219,121.77959768473363,119.86352891854973,120.73844518802821,2602794
2024-05-20,119.11109161376953,120.95716534031168,118.6823778672646,120.95716534031168,3681647
2024-05-21,118.36740112304688,119.95101058291198,117.9387007497977,119.00609953040195,2288452
2024-05-22,118.86610412597656,120.46720222124847,117.89494670262017,118.11367573175305,4399729
2024-05-23,122.10330200195312,122.88197688126567,118.55988874322192,119.00610454664302,15108766
2024-05-24,121.75334930419922,123.45068897568305,121.43837891825208,123.36319201007896,5798540
2024-05-27,119.84601593017578,122.05080846632234,119.60104046506635,122.05080846632234,2712134
2024-05-28,119.84601593017578,119.84601593017578,119.84601593017578,119.84601593017578,0
2024-05-29,116.01390075683594,119.82853616276643,115.05148753623962,119.82853616276643,9766932
2024-05-30,115.59391784667969,116.80130640970798,114.61401602750371,116.80130640970798,6987345
2024-05-31,116.77506256103516,117.45749610727682,115.2264571983354,116.18887032773328,5355724
2024-06-03,115.63768005371094,117.23877840559794,115.40144892634069,117.2300340490889,3160346
2024-06-04,113.31039428710938,116.18887611279875,112.73295973088139,115.94390064042032,5736630
2024-06-05,110.84313201904297,113.65160545639873,110.63314733160576,113.30164432749801,3736797
2024-06-06,109.48700714111328,112.51422291254642,108.92706133572324,110.7993813740738,4733764
2024-06-07,108.297119140625,109.35576687292001,105.30490753280797,109.35576687292001,6549772
2024-06-10,106.05734252929688,108.35836972570002,105.21742378070394,108.29712585887806,3376152
2024-06-11,103.9575424194336,107.6146923954867,103.51133328925894,107.6146923954867,5615593
2024-06-12,104.22001647949219,105.29615962957706,103.67756605155209,103.67756605155209,4617127
2024-06-13,113.0829086303711,113.0829086303711,106.21481841607641,106.73976675361914,17606435
2024-06-14,114.79776763916016,117.1950296326397,114.17657122432792,115.48020124972935,11098685
2024-06-20,117.55372619628906,118.33240098112333,115.18269772215325,115.22644619661452,8402049
2024-06-21,117.0200424194336,118.81362330972644,116.05762925386325,118.81362330972644,4950071
2024-06-24,115.17395782470703,117.85119902336429,114.62275639551505,117.23876040768462,4313719
2024-06-25,112.9079360961914,115.40143920786556,112.65420292700848,115.40143920786556,3198079
2024-06-26,118.41114807128906,121.0883893437346,111.35057503555922,112.8641829061421,27462390
2024-06-27,120.01224517822266,120.73842717557329,118.11367875871301,118.97985054233479,16928743
2024-06-28,118.43739318847656,120.19598316787281,118.02618153609161,119.86351076377585,4871292
2024-07-01,118.57738494873047,120.18722746350542,117.45749334278605,118.1136804564329,8319346
2024-07-02,118.7611312866211,120.12599843974856,118.33241753717489,118.99734905147336,4774175
2024-07-03,119.64478302001953,121.78832490866411,118.98859591022052,118.98859591022052,7030126
2024-07-04,118.34991455078125,121.29837778400737,117.76372231643975,120.21347692259486,4895636
2024-07-05,116.3200912475586,118.53362788252814,115.9263816779297,118.113671898268,5330385
2024-07-08,116.85381317138672,117.67623658915105,115.92640407481423,117.06379787916568,3066480
2024-07-09,117.41375732421875,118.45490979104324,117.15127978087571,117.45750580646965,3303402
2024-07-10,116.47759246826172,118.00869574583527,115.44518445901406,117.68496768903874,3920835
2024-07-11,116.0663833618164,117.92994574259454,115.9263935693166,116.36385165825743,3392575
2024-07-12,114.46528625488281,116.49508486500125,112.90793651129215,116.36385277712174,3416381
2024-07-15,116.12762451171875,117.93870746976263,115.602682797188,116.36385562584663,3879184
2024-07-16,116.12762451171875,116.12762451171875,116.12762451171875,116.12762451171875,0
2024-07-17,116.12762451171875,116.12762451171875,116.12762451171875,116.12762451171875,0
2024-07-18,119.62727355957031,120.28346062878126,116.1013627756897,116.5825692964764,8532750
2024-07-19,117.24752044677734,120.43221502448134,116.62633739283682,120.08225386875391,5116199
2024-07-22,113.51163482666016,117.02004405160703,112.86419201986772,117.02004405160703,3758064
2024-07-23,115.37520599365234,115.6639299691282,113.73037245934547,113.7391168161188,2329756
2024-07-24,115.35770416259766,116.25886676380892,114.87649759152332,115.66391681680024,1291235
2024-07-25,114.87651062011719,115.90016106913798,114.3515555102877,115.48894934814291,1138719
2024-07-26,112.89917755126953,116.01389035401493,112.24299041883769,114.87649665443412,3538925
2024-07-29,116.0926284790039,117.84246081517058,112.89917645540298,112.89917645540298,5897164
2024-07-30,115.19147491455078,117.60623892150323,114.19407093883538,116.80131758585242,3516742
2024-07-31,113.06541442871094,115.62016807738357,112.90793592407455,115.30519771794933,1132394
2024-08-01,112.40923309326172,113.94909419669847,112.03302552377525,113.7041187211812,952493
2024-08-02,114.16780853271484,115.05146900188065,112.4354650147155,113.04791697470176,1236400
2024-08-05,113.0829086303711,117.8511988194146,112.73294752206279,115.04272554731502,6768020
2024-08-06,113.45912170410156,115.48893361202667,112.90793359906286,114.61401744829921,2302149
2024-08-07,112.98667907714844,114.78900433773845,112.73295924975434,113.73910755343147,2213452
2024-08-08,121.2196273803711,122.47075098554423,112.86417602045285,113.47661461564807,24259389
2024-08-09,118.83111572265625,123.45941619723907,118.28865864149115,122.83821986805606,8579756
2024-08-12,116.83631134033203,119.95102443617658,116.45135940054969,118.11369495240741,4634802
2024-08-13,117.1075210571289,118.11366919539617,116.1713544561702,116.83628586187938,2670708
2024-08-15,115.7164077758789,118.769870013594,115.48893437785935,117.58872784466502,4156156
2024-08-16,114.89400482177734,116.67008368659876,114.70152218468874,115.93514391309583,2117011
2024-08-19,115.3402099609375,116.93255058172365,115.1389829630158,116.14513130278667,1729436
2024-08-20,116.23262786865234,116.57384466837674,115.06022996047922,115.70767278438602,942044
2024-08-21,117.30000305175781,118.09616652349094,116.36383645565448,117.23875251923083,2916406
2024-08-22,118.06118774414062,119.7322807993094,117.24750878030244,117.76371945635506,4247613
2024-08-23,118.13993835449219,119.25108571296703,117.50125323984987,118.13119399818503,2543680
2024-08-26,117.74620819091797,118.98858742822287,117.23875526016076,118.89234612497305,1162536
2024-08-27,116.45135498046875,119.39981838901913,116.2851187615602,118.55989293827771,3196959
2024-08-28,116.03138732910156,116.85381072968103,115.9264016524871,116.85381072968103,781528
2024-08-29,116.24136352539062,116.7750629260593,115.41894018500005,115.95263958566873,1144541
2024-08-30,116.27635955810547,117.58873387975525,116.01389537390509,116.40760500036762,1303913
2024-09-02,116.49507904052734,118.98859538686047,115.62892060350536,116.58257599484674,3098055
2024-09-03,117.28251647949219,117.85120665584797,116.80130991095037,116.80130991095037,1144426
2024-09-04,120.4847183227539,121.35087683495836,117.76372834923393,117.76372834923393,12999171
2024-09-05,120.03849792480469,121.30712372315806,119.38231078598452,120.46721166155868,3485543
2024-09-06,119.63603973388672,120.64218797117351,119.42605505081633,120.08224216648014,1320815
2024-09-09,119.30358123779297,121.3508820734053,118.9886108515324,120.12600465470457,2074252
2024-09-10,119.04983520507812,119.63602736578396,118.11366860876902,119.37354987662144,1678777
2024-09-11,119.9159927368164,120.58968183931526,117.76370671088337,118.9885838516453,4187698
2024-09-12,121.19340515136719,122.0508193557491,119.86352868629123,119.91602152633217,5114698
2024-09-13,124.27308654785156,126.33788923699557,121.97206610561724,122.58450475278681,14126352
2024-09-16,123.38939666748047,126.42535611415127,122.88194380908635,124.23806621598257,6930981
2024-09-17,123.38939666748047,123.38939666748047,123.38939666748047,123.38939666748047,0
2024-09-18,124.47431945800781,125.49796971085857,123.14444322474714,123.71313335961075,4283261
2024-09-19,127.61527252197266,129.4875925834293,124.28184406514124,125.06926327457059,11439004
2024-09-20,123.61688232421875,128.07895950101033,122.75072398236772,127.7289984225072,29408063
2024-09-23,121.27213287353516,125.98793057421638,120.03849784929054,124.22059614339396,23080653
2024-09-24,122.29578399658203,122.66324719444195,119.68853748786455,121.9983156959566,7695595
2024-09-25,126.23291015625,126.7316188057876,121.66584645592036,122.31328925966339,12712592
2024-09-26,125.60298919677734,127.91276782910263,125.06928968873197,127.30032905351715,9855544
2024-09-27,125.85670471191406,126.50413417639679,124.93804000267106,125.76920774906725,3487462
2024-09-30,125.48920440673828,126.51286794776264,124.67553887688157,126.39038023304788,2600225
2024-10-01,127.78150939941406,128.39394804886533,124.85929259334571,125.81294801535991,5724789
2024-10-02,129.27761840820312,129.8813127479232,126.6091345647576,127.03783497690026,5426787
2024-10-03,130.83497619628906,131.237443563957,129.40011401399633,129.88132064376347,5346618
2024-10-04,135.65573120117188,136.3119182143828,130.3799886829687,131.23740264218648,11575579
2024-10-07,146.04100036621094,148.5607631193821,135.26204047239355,135.6032572327054,20721547
2024-10-08,150.6080780029297,152.70787159680611,147.42338348712528,147.9483385606754,16675823
2024-10-09,150.6080780029297,150.6080780029297,150.6080780029297,150.6080780029297,0
2024-10-10,149.13821411132812,151.57922431717012,146.98591448937708,148.29828872588936,8150018
2024-10-11,148.73573303222656,153.1978103632573,147.16963912907522,149.61064910888672,5637289
2024-10-14,146.16348266601562,148.73573815603385,145.93600928430527,148.72699380102358,3004782
2024-10-15,149.04197692871094,149.8293961523668,143.48625383350748,146.11100237924236,4933844
2024-10-16,151.91798400878906,153.07377252211998,149.62434356429335,149.62434356429335,6089810
2024-10-17,150.5203094482422,153.43216067268736,150.0812869573946,152.3122178940546,2499500
2024-10-18,148.44168090820312,151.00411039134454,147.38446154560268,151.00411039134454,2317889
2024-10-21,149.50787353515625,150.1171295024333,148.28042065136844,148.28042065136844,2235332
2024-10-22,149.5974578857422,151.79254270699937,149.17635836303543,149.17635836303543,3315231
2024-10-23,151.54168701171875,152.13302004205391,148.78214654133032,149.98272184206488,4641922
2024-10-24,157.0786895751953,159.25585161742114,151.59544083070247,151.8463069013003,10907595
2024-10-25,157.3295440673828,163.78041079734027,155.0000579590658,158.67347520575623,22422781
2024-10-28,156.3260955810547,161.36136782265507,155.8960413638426,158.13592701562197,7324646
2024-10-29,157.0428466796875,157.68793477929688,154.90151674856568,156.7919806044145,4841297
2024-10-30,155.81539916992188,162.3020988686193,154.5521004590008,157.93880626232132,9305622
2024-10-31,154.22059631347656,156.7919804175481,152.78706416690298,155.94082668665942,4569439
2024-11-01,160.81480407714844,162.16768982756778,152.41075036213732,154.09514842131,14105623
2024-11-04,161.8451690673828,163.51164445636044,158.14487377970352,162.60673561962273,9465022
2024-11-05,164.2373504638672,166.46828118387347,161.40613211335105,161.67492108835515,10140999
2024-11-06,162.6251220703125,166.23213786206188,162.042171567454,165.86779900976393,8019798
2024-11-07,166.88795471191406,167.6895168451452,162.60691076137104,162.60691076137104,7976658
2024-11-08,174.347900390625,176.2515964690106,165.32126490504095,166.7331021784474,10745580
2024-11-11,180.02256774902344,181.7167697674625,174.70314283686656,174.70314283686656,10975597
2024-11-12,177.33554077148438,181.7167802160699,175.97835279794035,181.7167802160699,6020079
2024-11-13,173.15469360351562,178.4285730419035,172.11631254783444,177.33554254623436,6479629
2024-11-14,177.49949645996094,179.08439976274212,173.97446848328244,173.97446848328244,8132920
2024-11-15,176.87098693847656,180.350482720902,176.06943868856743,177.34463856249303,6608871
2024-11-18,176.7981414794922,178.43768030729072,174.3843512743228,176.7070498118869,3202280
2024-11-19,178.04600524902344,178.98419099067144,176.79813009527803,177.16246894496484,2645343
2024-11-20,177.56324768066406,181.07917173852582,175.79617509581556,178.51053701655772,6023711
2024-11-21,181.86251831054688,183.53849928597182,176.4337804048521,177.60879892793417,9205022
2024-11-22,177.33554077148438,185.1325091674998,176.34270555860823,181.22492136246413,8790620
2024-11-25,175.63223266601562,178.07333358550983,174.88531994075646,176.7161456303771,4085788
2024-11-26,163.5269012451172,174.8853409042811,161.90556950904147,174.8853409042811,8464314
2024-11-27,171.5060272216797,173.56458216461562,167.5984392905769,173.06360578918265,7510180
2024-11-28,176.36090087890625,177.48126990643613,171.97055812337697,172.05253227701016,11210333
2024-11-29,177.8456268310547,180.12277954336014,173.7467519489049,176.70705047490196,7945611
2024-12-02,174.66671752929688,184.80460590359283,173.24577645337516,177.8456277353485,19610982
2024-12-03,174.76690673828125,176.02389944579429,171.8794788524661,174.42989259440935,6046821
2024-12-04,175.73240661621094,176.52486513979758,173.5190210505336,174.97640421461188,4666041
2024-12-05,179.81309509277344,180.532669254401,175.1585942638996,176.25162481636661,8146703
2024-12-06,177.41751098632812,181.1702539966383,176.71614409894224,180.53265405294042,3278432
2024-12-09,179.50338745117188,181.50727891062675,175.79617643733962,177.49037848641177,6763850
2024-12-10,176.48843383789062,180.71482859689198,173.38240818879237,180.35048973264438,5333706
2024-12-11,186.58987426757812,188.4571281271988,176.43376616712976,176.70702723639764,17784563
2024-12-12,194.38685607910156,195.82601817678946,188.0108288582403,188.0108288582403,20627002
2024-12-13,203.0764617919922,204.94372966421562,194.01339741545746,195.0335573111113,17022257
2024-12-16,212.49476623535156,214.50777525226974,205.1714495778079,205.1714495778079,12688572
2024-12-17,202.8123321533203,214.9541120621486,197.42913981507712,214.4166934600107,9567963
2024-12-18,201.08168029785156,212.2306245480026,197.6568477550067,207.67631930019138,13982326
2024-12-19,192.34652709960938,204.03287608991738,190.3699602803247,202.12006231711973,14172158
2024-12-20,195.5345458984375,197.19231973133645,188.10191616810866,191.28082633305786,6057125
2024-12-23,211.857177734375,213.14149520783874,196.28146142375374,197.64775305970142,14962519
2024-12-24,209.616455078125,232.63390349649367,206.76545558222494,213.05039118363976,23055594
2024-12-26,199.8611297607422,211.31976342826647,198.11227821399982,211.31976342826647,9133140
2024-12-27,201.39137268066406,205.30806386216787,197.2469523505004,198.56769802091233,5769967
2024-12-30,205.36273193359375,206.9476212151882,202.48440777123122,203.5318923860468,5797617
2024-12-31,207.00225830078125,214.04322358079952,205.87279959713413,214.04322358079952,8597991
2025-01-01,207.00225830078125,207.00225830078125,207.00225830078125,207.00225830078125,0
2025-01-02,203.3588409423828,210.63662601893566,202.3022526461818,208.72381217995746,5672947
2025-01-03,202.2840118408203,204.26057853607557,198.57680091243242,204.26057853607557,3513730
2025-01-06,194.5234832763672,204.84354062277959,191.3719118320774,204.02377123865801,6175293
2025-01-07,198.91384887695312,199.92490524074103,187.4552147202362,194.5234917607421,6978698
2025-01-08,193.96783447265625,203.12198970312966,192.64708888884272,200.38940688201131,4029719
2025-01-09,194.0407257080078,197.5657534755923,189.5592910713148,194.46883150752655,5564192
2025-01-10,204.90731811523438,209.49805192017163,190.45194308166916,193.46689108334706,10277964
2025-01-13,204.86175537109375,208.35945835268583,202.39331589116586,206.947620991771,7647826
2025-01-14,202.3477783203125,205.74530007106955,201.30029366386924,205.74530007106955,3374101
2025-01-15,202.00167846679688,206.06411135905807,199.84292811865322,203.11293016705295,5707634
2025-01-16,199.2508544921875,202.6665834263393,198.57681231233903,202.65747981935738,2698464
2025-01-17,202.12918090820312,203.39527722407874,197.4291345087916,198.56771083237172,4628837
2025-01-20,202.7030029296875,205.71796454585223,202.2202477065649,203.12200510943865,3836160
2025-01-21,198.77720642089844,205.17145499195527,197.66595480916203,202.3022481952517,3403901
2025-01-22,194.91517639160156,199.47858560676735,194.01341887781481,198.56772448527525,3247822
2025-01-23,194.84228515625,198.56770341211654,193.5579677755723,194.92425931281164,3076058
2025-01-24,193.49420166015625,197.20141271840188,192.92036866313381,195.6074059181377,2141455
2025-01-27,190.4701690673828,194.51439465776988,190.27888211707526,194.01341826280975,2895036
2025-01-28,185.45130920410156,189.9145226419888,183.29255913594736,189.9145226419888,5222551
2025-01-29,185.1234130859375,187.61005997204506,183.17417090769487,185.8156625113921,3818978
2025-01-30,188.42982482910156,189.4591022842674,184.9047969408956,185.81565800956997,4297134
2025-01-31,188.10189819335938,192.10057738674448,187.31855718538108,188.54822508232883,3987393
2025-02-03,184.62240600585938,190.36993630891635,184.03945556066742,190.36993630891635,1832312
2025-02-04,182.06289672851562,186.08890058340202,180.8059041313239,184.90477853228592,2904113
2025-02-06,178.01866149902344,182.8097849635244,175.02192127096836,182.18128870116365,6279265
2025-02-07,180.8150177001953,182.16310202891756,178.091552121069,178.9841920370657,2347359
2025-02-10,183.0557403564453,184.8045918475359,178.89309882244575,180.80591252447655,2117785
2025-02-11,189.6321563720703,191.38100784782742,183.5567150879441,184.1669902983409,7363546
2025-02-12,190.46102905273438,191.61781244522203,187.64645817129144,189.63214225757423,2897545
2025-02-13,188.02903747558594,193.6490623130157,187.50075030414206,190.46104867878492,2869697
2025-02-14,183.86642456054688,189.45911123034324,183.08308344855283,188.03817011989767,1333952
2025-02-17,181.66212463378906,184.76816405759917,181.26134355992502,184.76816405759917,939284
2025-02-18,187.40054321289062,187.88329842087424,181.26133519814806,182.99196550239475,2120629
2025-02-19,186.54434204101562,189.00366404647136,185.31467408896958,188.13834884622685,1317290
2025-02-20,186.55345153808594,189.91453107440768,185.8156563030176,186.54434793099207,3826377
2025-02-21,184.6770782470703,187.1910497464559,183.9939324582402,186.81760727819264,825161
2025-02-24,191.61782836914062,192.87482102456204,183.08306505755357,184.45846019452668,6338246
2025-02-25,194.31398010253906,198.56769933326396,192.80194749671406,192.80194749671406,8383991
2025-02-26,190.26065063476562,194.92425451963453,189.55928377127788,193.92230185750913,2763837
2025-02-27,193.20272827148438,195.0608786057555,189.6412584072758,189.6412584072758,4496538
2025-02-28,193.6399383544922,195.6074014674392,192.69264902157474,194.01339470344377,5000445
2025-03-03,192.88394165039062,194.92427551914724,192.39208277149044,193.69460747394066,1565677
2025-03-04,192.88394165039062,192.88394165039062,192.88394165039062,192.88394165039062,0
2025-03-05,193.93141174316406,195.60739258611065,193.60350123922797,194.45971277165197,2303682
2025-03-06,202.73944091796875,204.03286185654449,192.75639834744527,193.9222993033061,18047822
2025-03-07,203.8871307373047,207.67631597855097,202.89429554483436,203.64120826487462,8869795
2025-03-10,199.23036193847656,203.989172150345,197.5976973407896,201.06709545613205,6097137
2025-03-11,202.9873046875,204.08191909564658,195.54758712804949,198.9798711182554,8137145
2025-03-12,201.5216522216797,205.75171215032185,200.46413723951915,204.0262914789291,4562038
2025-03-13,202.4863739013672,203.8963984348399,201.06707801248191,201.52162921303812,3103443
2025-03-14,202.77395629882812,203.9891692186694,202.13387886050143,203.0615240395854,1589442
2025-03-17,205.3621063232422,207.2359395035109,202.22666090447163,202.22666090447163,4231096
2025-03-18,206.92051696777344,210.10234707085328,205.91865854558245,207.28229799622508,5498200
2025-03-19,209.16543579101562,210.55690359140377,205.4734118573137,207.3287022578312,4159013
2025-03-20,210.39918518066406,213.11719271402782,209.27674252397193,209.74056507907406,4915163
2025-03-21,210.90013122558594,212.56988117742327,210.1116271835303,210.3899235604171,3217231
2025-03-24,202.38433837890625,211.50309179843404,200.64964649762058,211.50309179843404,3951500
2025-03-25,207.96876525878906,208.72015555402493,199.6292303922791,202.4678222430552,6130175
2025-03-26,215.90940856933594,217.99661015593531,211.73500539613718,216.15059121252486,8944307
2025-03-27,215.890869140625,217.05971118256326,213.72945406891012,216.54950347812536,2613031
2025-03-28,215.890869140625,215.890869140625,215.890869140625,215.890869140625,0
2025-03-31,215.890869140625,215.890869140625,215.890869140625,215.890869140625,0
2025-04-03,217.6997528076172,218.9242511762688,213.37693724962142,216.03927424923933,3179307
2025-04-04,210.36209106445312,218.64595531931536,209.6570717033643,217.99660655626624,4442709
2025-04-07,197.6533660888672,207.79252115261824,189.32310214767375,207.79252115261824,11609437
2025-04-08,199.3416748046875,202.3657930358408,198.5624562403033,200.36209017810177,6186423
2025-04-09,193.43258666992188,198.33055233540748,190.1672715080172,196.66078809609584,5505908
2025-04-10,199.2117919921875,203.15428380111322,198.51605814355355,201.29899353808935,5634924
2025-04-11,196.80918884277344,199.21178626720516,196.42885095264583,199.21178626720516,2693355
2025-04-14,196.6793212890625,199.44369976904548,195.22291166391514,198.05223209623819,2030494
2025-04-15,198.81292724609375,201.11348339251066,196.2526174197619,197.4956585980503,5788920
2025-04-16,196.38247680664062,201.2989989672027,194.89825304903627,200.3713538106718,3196077
2025-04-17,198.5902862548828,199.15615039347233,195.74240869459427,197.49565755764334,1864871
2025-04-18,197.4770965576172,201.02069353549894,197.1245868844948,201.02069353549894,1714126
2025-04-21,196.87413024902344,199.44371133042222,196.21551010570406,198.42329598264885,2898447
2025-04-22,197.84815979003906,199.43443925132757,196.1969525276233,197.11532633728947,2071864
2025-04-23,198.8500213623047,201.43814518656544,195.77951808108872,197.84816286927864,5146592
2025-04-24,196.37319946289062,198.5160574443774,194.80547693139837,196.4752409931872,3503471
2025-04-25,197.00399780273438,198.2377675622437,192.21735954195316,196.6607736235691,4086778
2025-04-28,192.95021057128906,198.09864450161584,192.48638794972348,197.00401575425462,1711531
2025-04-29,192.77394104003906,193.87784106011614,189.23961519743392,191.20621843369375,2656000
2025-04-30,185.8815460205078,192.0225525932478,182.83887095720675,192.0225525932478,5330775
2025-05-02,188.5438995361328,189.68489924527424,187.61625427396243,188.3119882205902,2120764
2025-05-05,185.73312377929688,189.239621516188,185.07448945671757,189.239621516188,1963019
2025-05-06,188.2470245361328,192.85742208950526,185.54758789231,186.36390600359948,5936784
2025-05-07,182.40286254882812,187.37504090570843,176.35461246697392,176.35461246697392,8425414
2025-05-08,166.4102783203125,185.97431295046854,164.16537854775544,183.46040228755763,10630815
2025-05-09,174.10858154296875,175.2406853796495,164.40075839371138,169.80657832629313,9341157
2025-05-12,191.524169921875,191.524169921875,191.42039288548003,191.524169921875,3446509
2025-05-13,206.2887420654297,207.54349556436844,191.9864552604022,197.1752783755482,30912153
2025-05-14,200.63763427734375,205.57172925589572,199.53383182872787,205.57172925589572,9743491
2025-05-15,201.63766479492188,203.6848896680893,199.39232927993876,200.9961444750648,6853346
2025-05-16,199.53384399414062,202.73204545680892,199.06213277902447,202.73204545680892,2618444
2025-05-19,199.72250366210938,201.4300957699781,197.55262943183308,200.94895556578575,4668009
2025-05-20,197.83567810058594,200.005552540261,197.64699649615415,199.04325764352996,1452810
2025-05-21,201.6470947265625,202.3640905175845,197.6469788505079,198.40171959633665,4447556
2025-05-22,199.91119384765625,204.25094249488626,198.54323429433904,201.64710194383798,5090695
2025-05-23,200.35459899902344,201.60935244657088,198.68475181147124,200.76027809342511,1694126
2025-05-26,197.1280975341797,201.7037016987111,195.42993442180295,200.9489609381567,3432433
2025-05-27,197.56207275390625,198.96776280661823,196.2318438192542,197.41112172682185,4443220
2025-05-28,197.56207275390625,197.56207275390625,197.56207275390625,197.56207275390625,0
2025-05-29,197.3356475830078,199.20361977082572,196.98658592649926,198.56209949448754,2255894
2025-05-30,197.63754272460938,198.21303090318185,195.76012716604112,197.26960860358645,1912843
2025-06-02,196.2129669189453,201.4206620721066,194.81670593859494,199.4206113925116,3666183
2025-06-03,197.31678771972656,198.1187025118966,195.5242909313837,196.23185772606902,1909426
2025-06-04,199.90176391601562,201.07161282848466,197.12809986557713,197.31678145907657,4379550
2025-06-05,198.07151794433594,200.4772477969964,197.6469807692741,199.9017595922069,2233027
2025-06-06,198.07151794433594,198.07151794433594,198.07151794433594,198.07151794433594,0
2025-06-09,198.07151794433594,198.07151794433594,198.07151794433594,198.07151794433594,0
2025-06-10,198.4206085205078,199.43006301528342,197.1752840273451,198.11870643895918,1191479
2025-06-11,203.12826538085938,204.20376629201195,200.09988767638256,200.61875845634245,8783176
2025-06-12,200.05270385742188,206.60005699677342,199.30739217051985,204.72264141615952,8617378
2025-06-13,197.04319763183594,200.19422490643785,196.44883692959388,199.06212093660588,5201407
2025-06-16,197.04319763183594,197.04319763183594,197.04319763183594,197.04319763183594,0
2025-06-17,200.99612426757812,202.26973573765557,197.55262422889044,197.55262422889044,4640665
2025-06-18,199.22250366210938,202.13767538195196,198.59041239050967,202.13767538195196,3680503
2025-06-19,198.7602081298828,203.78865083969154,197.9771802696987,201.46783998623042,4400385
2025-06-20,200.24139404296875,202.83580550877872,198.2224707872123,199.06211610396423,2708653
2025-06-23,192.32608032226562,198.5904041333609,190.5713141802323,198.11869295964743,4604885
2025-06-24,205.67550659179688,207.83595188992095,199.06212093183814,203.77923280226082,9161337
2025-06-25,205.52456665039062,206.61892564617878,203.87357752226876,206.03400839019866,6810842
2025-06-26,204.99623107910156,209.9020386953916,203.88299964318554,205.66606726521607,6966647
2025-06-27,208.67559814453125,213.21345748055245,204.48680048190153,205.19436726557592,9560957
2025-06-30,208.0812225341797,211.3265975861005,207.55290834349157,211.3265975861005,4322821
2025-07-01,209.0341033935547,210.38319048549076,206.60007192864126,207.83595294166886,4591432
2025-07-02,210.30772399902344,211.31719289758402,208.7888133280146,209.86431431027975,4662816
2025-07-03,216.1286163330078,216.9871341011062,211.32660016803385,211.4492496764714,9420347
2025-07-04,214.42103576660156,216.98714577259435,213.70403994555295,216.67581466207136,2458630
2025-07-07,216.17579650878906,216.98714030487878,213.6945911239658,214.4210303635477,3418591
2025-07-08,216.2701416015625,218.4494448955996,214.6380105946707,216.51542622667876,4163815
2025-07-09,215.11917114257812,216.98714338971965,212.32663461537624,216.03429198590382,7174231
2025-07-10,213.79837036132812,215.1852023805106,213.024771512703,215.1191703010405,2904599
2025-07-11,214.99652099609375,216.05314943250096,213.30780130608701,214.20404966878834,2758043
2025-07-14,214.26065063476562,216.23239989273426,213.213451249711,215.8927672706765,2390029
2025-07-15,211.73226928710938,215.10029395759278,211.32660458991572,214.62858278663313,2301456
2025-07-16,211.67567443847656,213.213457521848,210.2416827880332,211.13793116843107,2358869
2025-07-17,212.43984985351562,215.08143546170626,211.4209663260334,212.0813591292102,3409629
2025-07-18,210.6473388671875,215.19464145460213,210.3831817636968,213.21344878293934,2838810
2025-07-21,208.66615295410156,211.3171819068627,208.4869147959494,210.64734568993404,2493261
2025-07-22,213.8078155517578,216.04372195407294,208.50577206247183,209.43976538779123,6603594
2025-07-23,213.43043518066406,217.93056384137037,212.76061337058732,215.47765996201903,4488616
2025-07-24,212.58135986328125,215.7606885763812,212.2700287603082,214.15687346039985,1876360
2025-07-25,213.12855529785156,214.13800976816478,211.54359819909712,212.58136858491747,2022116
2025-07-28,214.27952575683594,216.13806896221496,210.86432701636437,214.2512242376054,9303039
2025-07-29,211.3643341064453,214.60970924990806,209.4869328684002,214.14744151775784,1827872
2025-07-30,212.06248474121094,213.21346121444972,210.76055722989548,210.76055722989548,1481340
2025-07-31,219.8268280029297,224.53451052788364,215.10028739645995,215.10028739645995,24206621
2025-08-01,241.2047882080078,241.80857793045854,217.939989822875,220.24194263830668,37045030
2025-08-04,245.49734497070312,253.78059137394658,244.45957471246837,250.00690228288417,17823555
2025-08-05,244.4784698486328,249.53519958193488,241.5161099923453,245.2897992109757,12663423
2025-08-06,247.403076171875,248.49744958959823,243.07277089464833,245.0728217373622,8985338
2025-08-07,251.96920776367188,254.61080740012153,248.12005756153937,248.13891564223465,16976236
2025-08-08,255.17689514160156,261.31855524393285,252.08247089369834,252.08247089369834,19939697
2025-08-11,261.41290283203125,262.74313183772347,252.32774074038772,254.6862966814804,12017894
2025-08-12,256.17694091796875,263.5450679717261,254.15800304912918,262.7431531285799,15701553
2025-08-13,254.25233459472656,258.4977353579038,253.00701012769593,256.6108905742695,11217565
2025-08-15,247.7238311767578,256.28067891099425,246.2426799493674,254.7240377716937,8770183
2025-08-18,248.6578369140625,249.91257597766736,244.02562969801764,248.12952269875882,8838838
2025-08-19,245.01620483398438,249.42199977539747,244.34638304232683,249.03519316585871,7628890
2025-08-20,243.65768432617188,246.23323775246837,242.4595482849976,245.28981538560066,5294589
2025-08-21,246.20492553710938,247.31815697181887,241.0915782582859,244.3558258398504,9475709
2025-08-22,248.2427215576172,253.4975908298453,246.4219233759899,247.17664972134867,12454594
2025-08-25,246.20492553710938,249.29934961436433,245.50680222906524,247.69552014397883,2541898
2025-08-26,245.68606567382812,249.72391225609945,244.81810442748605,249.00690204351105,4337958
2025-08-27,245.6011199951172,247.16720450185488,244.3652390587035,246.23322561779256,2744110
2025-08-28,246.45965576171875,247.17666599067886,245.195473215003,245.7898339268024,2197621
2025-08-29,249.40310668945312,255.90330018950544,245.28979925998678,246.61058472857854,14512990
2025-09-01,255.05422973632812,256.61087080470793,249.25218823184102,249.35595086728298,10452246
2025-09-02,254.08251953125,257.34675286911903,252.8371950933465,256.58258305289775,6923779
2025-09-03,257.648681640625,259.9128898045031,253.02591730792196,254.72406623308834,8356395
2025-09-04,255.0919647216797,258.25240633450164,253.83719696332597,257.0825719175995,6155542
2025-09-05,257.5354309082031,259.25243762033415,253.35604822039056,255.38442920674225,11586114
2025-09-08,259.441162109375,261.2336589257555,257.5543172940341,259.4128605887836,7208664
2025-09-09,257.6958312988281,261.6959619845821,255.66747883014048,259.91287977012433,4430136
2025-09-10,257.4788513183594,259.91286841626504,255.9033232592083,257.5448690045175,3937900
2025-09-11,255.42214965820312,259.2524419734438,255.00704153419989,258.497715633964,2301602
2025-09-12,252.4409637451172,255.8561771612202,251.89379139812095,255.42218210946427,3159599
2025-09-15,253.3277587890625,255.90331216658333,252.36547835782872,253.76175379909805,2587458
2025-09-16,256.7901306152344,257.6580630504592,253.30889985583784,253.78061102875375,3910471
2025-09-17,255.10140991210938,258.6392438942234,254.72404671221054,258.02602509551696,5140674
2025-09-18,256.7240905761719,258.8750924269462,255.66746212890953,258.8750924269462,4160324
2025-09-19,261.57330322265625,273.592495357313,257.0826033960958,257.5543145949877,21409448
2025-09-22,264.7620849609375,268.0263185120264,262.214832879836,262.2714359224411,9754396
2025-09-23,264.7620849609375,264.7620849609375,264.7620849609375,264.7620849609375,0
2025-09-24,266.8564453125,271.4603512149783,265.5262450691957,269.630109462092,13702496
2025-09-25,262.158203125,268.59235036121635,260.5732605116165,266.8564279283127,10971601
2025-09-26,264.65826416015625,266.2337921137854,262.1582007525692,262.27140682521997,7867269
2025-09-29,265.5733947753906,266.045105956164,262.3280195483928,266.045105956164,4922860
2025-09-30,261.5450134277344,268.68669941799357,260.49779954794377,266.70553532660296,9770262
2025-10-01,261.0355224609375,264.629959175336,260.29021077113055,262.2714033894596,6107600
2025-10-02,262.658203125,264.14879767467204,259.96000040521136,261.7902419504696,3122091
2025-10-03,262.1959533691406,264.90357091936585,261.3279921351795,262.74312566659745,3023187
2025-10-06,258.9599914550781,261.3279907650107,255.19574549435166,261.3279907650107,3715447
2025-10-07,258.9599914550781,258.9599914550781,258.9599914550781,258.9599914550781,0
2025-10-08,254.3089141845703,257.93165238017156,253.78059999714705,256.61086691161336,2531613
2025-10-09,252.39378356933594,256.89389787516376,251.79942287421486,253.78061559429656,3055646
2025-10-10,249.0352020263672,252.82774955651826,247.4596740139441,250.95034826941622,3026904
2025-10-13,238.534912109375,247.08231660491305,235.8555959938014,246.23324221752864,7675950
2025-10-14,249.28050231933594,250.1012751718152,239.73305817934815,241.506696835309,7818648
2025-10-15,245.8936309814453,252.27114690087757,244.15770840944552,252.27114690087757,4519704
2025-10-16,244.23316955566406,247.9313688475904,242.93124217550908,245.2897979247859,4526045
2025-10-17,243.60108947753906,247.4596836328417,242.55390443477214,245.2426640289369,6474476
2025-10-20,248.9691619873047,250.19562836407908,242.41239367707507,245.29926387588654,5683753
2025-10-21,254.4793701171875,257.7200995087758,250.02696221000633,250.02696221000633,6000969
2025-10-22,256.6815490722656,262.8264274730763,252.53684418884455,254.36398784740248,8802862
2025-10-23,256.10455322265625,262.09556524073827,254.83517849780455,254.83517849780455,3981547
2025-10-24,254.13316345214844,260.018438131941,253.58504972381115,256.56611694683954,2779419
2025-10-27,250.75782775878906,254.93135135678523,250.02697030071914,253.96970916332094,3529130
2025-10-28,246.07461547851562,252.57531129653995,245.21875453003688,250.7578228469287,1391665
2025-10-29,246.73814392089844,250.2193133527028,245.21876215044628,248.87299078879374,4014759
2025-10-30,244.06478881835938,250.02696741430927,243.3531683209527,250.02696741430927,2426497
2025-10-31,246.82470703125,249.64231152717616,245.21875170544467,245.21875170544467,2722444
2025-11-03,247.44976806640625,249.93079193066092,247.0458654458584,249.0653198546181,3411960
2025-11-04,244.41098022460938,247.4497730379597,242.62232518115584,247.14204049678716,3054725
2025-11-05,241.24717712402344,246.17079522938144,239.68932143548793,245.27646034165113,3461296
2025-11-06,238.7757568359375,242.3338299762871,237.88142197604557,242.30498188469335,3476731
2025-11-07,239.9852294921875,241.40930710496843,236.04465583596914,238.67820893682034,3216235
2025-11-10,246.43255615234375,247.73959154130503,240.3851342920525,244.03310237425973,6790953
2025-11-11,237.22488403320312,246.74469613440826,236.45431670340238,246.74469613440826,5846351
2025-11-12,234.24017333984375,240.40465241025424,232.3381636176811,237.03955599669146,5763232
2025-11-13,237.16635131835938,237.87839757127216,234.7766459860899,235.31311409332292,2374235
2025-11-14,241.33126831054688,242.87238806094413,237.26388913985807,238.14173519158268,3338222
2025-11-17,240.27784729003906,244.53055321036223,239.43901032326426,242.36518371201998,2961628
2025-11-18,239.3804931640625,241.69216541645253,237.8978944554491,241.69216541645253,1739620
2025-11-19,245.1060333251953,247.65180479907642,239.3804920889638,240.8143182572007,4970266
2025-11-20,249.11489868164062,250.42191927649108,246.79347781938225,247.65181192771567,4669196
2025-11-21,247.78836059570312,251.94352152663046,246.8812539723838,246.8812539723838,4400338
2025-11-24,244.6183319091797,247.7493439462811,243.01869107115724,246.77395282838233,2702952
2025-11-25,243.26254272460938,245.99364087487632,241.9457736244488,244.8231744914155,1553282
2025-11-26,247.3787078857422,249.2124480784827,239.94623180941974,243.49665513191866,4156348
2025-11-27,253.8748016357422,254.67462950477645,246.9202581296129,248.08097595339862,5914351
2025-11-28,258.6834716796875,259.45403900234294,254.57708338199814,254.57708338199814,9011505
2025-12-01,264.3992614746094,265.2088229561878,255.55245742658929,258.7712360142645,7542463
2025-12-02,260.8098449707031,266.7694704055177,260.0977987395771,265.9891694188225,4110677
2025-12-03,262.71185302734375,263.94085542156904,258.3908773067826,263.94085542156904,2663321
2025-12-04,264.0091552734375,265.2966490644509,259.84421570303556,264.23347620398744,1963792
2025-12-05,267.8229064941406,269.20797511558015,264.5748668481924,267.13038706670966,6618109
2025-12-08,267.6083068847656,271.35383516895484,266.7694847672384,267.89117865846544,5498405
2025-12-09,265.696533203125,270.1345806268061,264.58460281302735,269.1981837264797,4113847
2025-12-10,263.5604248046875,267.0133176858412,263.1605108756166,266.76946990713265,2999715
2025-12-11,266.115966796875,272.2316886438646,265.6477980735987,271.06120730251985,8803915
2025-12-12,268.33984375,269.1981927206903,264.5748482163339,266.62317557519486,4322752
2025-12-15,271.812255859375,273.8898139360969,270.007776338364,273.0022342135997,6874422
2025-12-16,268.81781005859375,273.5874573596361,267.744873827645,272.61206619815107,3972935
2025-12-17,264.6528625488281,269.1884551224702,263.3556054415387,268.71049322687935,3611817
2025-12-18,262.6630859375,265.3063875672236,262.13636639224757,265.3063875672236,2905022
2025-12-19,261.3950500488281,265.0137724435586,260.80007576877654,263.3555956752699,1865442
2025-12-22,260.3026123046875,262.38020006412955,259.4540268292136,261.8925045249769,1694899
2025-12-23,258.3226013183594,260.91714547714946,257.9909718830132,260.4294498781267,1167274
2025-12-24,260.87811279296875,262.0680912055554,258.47865886045264,258.47865886045264,1480848
2025-12-26,263.7457580566406,264.33099869340975,260.67328192182197,260.8781057263898,3327082
2025-12-29,266.8377685546875,267.73511175855566,263.7360317892969,264.57485390450296,4284099
2025-12-30,273.8020324707031,274.8652052176121,266.7694708427259,267.2376692954552,8989260
2025-12-31,274.1726989746094,276.95256974793887,272.1341350119214,273.9776386015716,5922492
2026-01-01,274.1726989746094,274.1726989746094,274.1726989746094,274.1726989746094,0
2026-01-02,286.99908447265625,292.1296514831062,281.4003487575163,281.87828089907924,11018046
2026-01-05,288.2085876464844,294.55836379013806,286.5211502414357,287.3502386720452,8886146
2026-01-06,286.2285461425781,288.6962845723511,283.3511303306963,288.1208073632899,6362211
2026-01-07,288.5889587402344,291.15424208473837,282.86341777076757,286.21876552151224,19916990
2026-01-08,288.82305908203125,294.4705821740674,286.7649980438902,289.94478271757225,11611994
2026-01-09,285.8968811035156,288.8425813798828,283.009731680459,288.8133208365151,5148026
2026-01-12,282.7463684082031,285.7895837869,282.18062491777397,283.82903820899696,3816285
2026-01-13,287.3307189941406,287.75015982163825,281.35159610031036,282.7463983354167,6373967
2026-01-14,295.787353515625,297.29919782647,287.33069951155414,287.33069951155414,18156180
2026-01-15,300.61553955078125,303.34662263897235,294.88023529900687,297.88442669601704,8786131
2026-01-16,320.9036865234375,323.6347698212621,301.59095376999454,301.8835592066988,19786109
2026-01-19,320.8841857910156,328.8043570317966,317.977509497434,325.4880331314574,10054787
2026-01-20,325.68310546875,326.64876296760747,319.92830352332254,325.2929549543539,7151890
2026-01-21,323.1080627441406,328.3166476047684,321.8790604426016,325.8781698741426,8140937
2026-01-22,324.30780029296875,325.7806504836333,320.56230177556523,321.87908580718255,3159287
2026-01-23,319.7820129394531,326.75605411119756,317.0021420481767,324.3663337491265,4976997
2026-01-26,319.4113464355469,324.31756281162814,317.0021290639975,320.9036937294005,4356688
2026-01-27,321.9961242675781,324.80525556484514,315.0513439863213,317.9775174598784,7151106
2026-01-28,325.3514709472656,327.9265178817848,323.43971262006477,324.3273221421948,6689440
2026-01-29,313.890625,327.73142786155046,312.2812355486379,326.76580014404834,10913390
2026-01-30,315.95843505859375,321.3913706842446,310.75961354056926,317.0021106900743,6707829
2026-02-02,320.8744201660156,322.83496585613847,312.3787717864416,315.82190127329625,5477804
2026-02-03,320.9231872558594,324.3175591928526,318.95290783778285,320.87442960471634,4327179
2026-02-04,320.7085876464844,322.8544600124112,317.97750442309984,320.923174883077,1776495
2026-02-06,313.2760925292969,320.9036577386738,308.0284838802195,320.9036577386738,6350781
2026-02-09,302.4395446777344,317.00212757916194,298.6745193146362,317.00212757916194,12789231
2026-02-10,300.46923828125,304.80974089827185,299.4450894584623,303.33689070494705,2692709
2026-02-11,298.7818298339844,304.22449945610265,297.4943063477796,301.8933300423577,2094636
2026-02-12,293.0757751464844,300.32292412621837,287.35023395406375,300.32292412621837,8206049
2026-02-13,287.48675537109375,291.07621714283357,282.37571567315933,289.70091215772163,14028465
2026-02-16,278.3863830566406,289.05716428790913,274.58236364297426,287.7403803229468,14889577
2026-02-17,286.3748474121094,288.1305395743682,277.3719763873388,279.9372598728677,6856284
2026-02-18,290.1690979003906,292.5978420567175,284.32651455373286,288.2866001624177,5125937
2026-02-19,276.689208984375,291.5346628538598,272.6218149625956,291.5346628538598,4478464
2026-02-20,283.2633361816406,285.7798321512977,273.5972066974529,278.10350886864137,3597651
2026-02-23,277.8401794433594,287.15515316716574,275.54800425114087,282.74639581511485,4989065
2026-02-24,278.54248046875,284.82400236617224,272.1146558402623,277.99626376172006,7318099
2026-02-25,275.070068359375,280.86389418481434,273.1192860549598,278.9618695313792,2199117
2026-02-26,279.937255859375,282.8634292655706,270.68080350974714,275.1578452492373,4356222
2026-02-27,276.494140625,280.6200560568361,275.0603143912337,278.96187913437177,2213776
2026-03-02,248.841796875,267.25718739697686,248.841796875,248.841796875,11960980
2026-03-03,253.94308471679688,259.4540386060541,243.86729263455976,249.21243181897304,7420387
2026-03-04,257.0740661621094,258.94683010020964,249.94395987348335,255.50370083876172,5847854
2026-03-05,278.25958251953125,281.44910082323725,259.4540425789108,259.4540425789108,8152076
2026-03-06,273.0712585449219,283.1608074953415,270.80382500467243,281.2003155441571,5937936
2026-03-09,269.79388427734375,272.6850817949262,250.76334004363503,264.3678956166263,6816293
2026-03-10,285.7549743652344,294.96328246354943,278.2398005499289,287.1411670594157,7435962
2026-03-11,280.47747802734375,288.23030582924827,278.72493778677904,287.09164871644975,3783886
2026-03-12,272.10089111328125,282.68551036349464,270.9523228917509,280.6062063454955,4562205
2026-03-13,270.3978576660156,273.92276054070373,266.3481807739367,270.11070804390096,2915016
2026-03-16,259.278564453125,272.78411556823113,256.96163584526875,270.2988495283631,2405108
2026-03-17,260.0509033203125,265.3580498125302,254.0704373190756,261.3974819048805,3046604
2026-03-18,276.9922180175781,279.21012637631713,259.42710901800814,261.3974818825402,5135452
2026-03-19,273.8831481933594,277.12093168383694,267.3878194683139,272.29894525884805,3024632
2026-03-20,273.8831481933594,273.8831481933594,273.8831481933594,273.8831481933594,0
2026-03-23,273.8831481933594,273.8831481933594,273.8831481933594,273.8831481933594,0
2026-03-24,273.77423095703125,286.44803498697485,272.28901813086287,282.1904369719852,5293284
2026-03-25,278.86358642578125,281.18051490564204,274.7643843498274,275.2594553126199,5683663
2026-03-26,271.4276123046875,278.7249534994632,269.6156356500874,277.22982951471164,5013789
2026-03-27,263.0014953613281,269.07107024420037,260.1597928488083,267.338321861763,8371102
2026-03-30,260.90240478515625,269.318611391129,247.53548841096418,262.387617715622,6622456
2026-03-31,267.9720153808594,273.7742323471877,257.43689117637905,261.39745873293873,4137241
2026-04-01,276.32879638671875,282.0815487964509,273.2791725392522,275.69512126454663,7654898
2026-04-02,268.7938232421875,270.7938990054416,264.36788773326464,270.29882805463023,3345653
2026-04-03,267.9225158691406,274.66538036396395,263.5856891438212,267.3383357244916,4511446
2026-04-06,272.665283203125,273.7544453442466,263.87281823368187,267.33831490842067,5675692
2026-04-07,272.62567138671875,274.0217751135764,268.3383701879828,270.199841823793,3550872
2026-04-08,299.88427734375,299.88427734375,288.68577468815965,299.88427734375,12924433
2026-04-09,294.7652587890625,299.91397859268847,287.15106508136034,299.8842755440482,6061644
2026-04-10,296.9336853027344,299.69615960033315,292.78498809515065,296.0425333701056,8632671
2026-04-13,290.58685302734375,299.12187129245916,289.12143215074775,290.10166295341133,10001847
2026-04-14,296.6762390136719,297.83468818044065,294.6662520523204,295.0623027912436,3863235
2026-04-15,301.1219482421875,306.7459469532013,299.41890297429086,306.68654085684597,7810723
2026-04-16,311.6075439453125,316.5483724953149,308.93417898775954,310.90455166814917,12057181
2026-04-17,321.5188903808594,326.1527473852052,311.8947095628229,311.8947095628229,13430014
2026-04-20,323.4298400878906,327.73696332294344,312.9838553073417,317.8355444914346,14265811
2026-04-21,321.013916015625,325.75670445916603,317.9444698998665,324.6675422610924,5230868
2026-04-22,317.9444580078125,322.78626650948684,316.10280853728125,319.81584074406214,4410952
2026-04-23,316.1919250488281,318.0336047789884,312.72642824178257,316.84542235845055,2642398
2026-04-24,322.687255859375,325.65768171303614,310.0134509704479,312.8947676745073,4675630
2026-04-27,315.96417236328125,322.6674524744255,314.87504042888673,320.7069606023954,3282147
2026-04-28,315.3106994628906,317.2909832586275,312.9838599595533,313.538337005021,2871347
2026-04-29,315.3106994628906,315.3106994628906,315.3106994628906,315.3106994628906,0
2026-04-30,300.18133544921875,304.8548064621768,294.0919385435494,301.6269341737584,5863557
2026-05-04,303.7260437011719,309.76591565023074,301.2011938108877,304.8647009023445,4889986
2026-05-05,308.3500061035156,309.8055159160896,298.2802496097107,299.05255908882754,3893802
2026-05-06,325.1527099609375,330.58857927102343,314.8651212134842,316.8256130349126,18183260
2026-05-07,330.43017578125,331.5985360409071,321.79613668970603,325.35074269667035,10178258
2026-05-08,326.42999267578125,328.92516974264606,324.9150766923567,326.85574646468024,4956910
2026-05-11,327.2200012207031,328.0,321.0,324.79998779296875,3452488
2026-05-12,326.32000732421875,331.6000061035156,325.1400146484375,325.1400146484375,4800902
2026-05-13,325.4100036621094,328.8999938964844,324.32000732421875,327.989990234375,1706584
2026-05-14,323.7200012207031,328.0,322.7200012207031,326.0,2021160
2026-05-15,321.75,326.0,318.5,326.0,3609510
2026-05-18,310.3699951171875,319.9800109863281,309.1499938964844,319.9800109863281,4951514
2026-05-19,316.70001220703125,318.3900146484375,312.0,312.0,4685426
2026-05-20,318.5299987792969,319.8999938964844,315.5,317.70001220703125,3194694
2026-05-21,325.82000732421875,326.79998779296875,322.0,322.0,5129543
2026-05-22,323.510009765625,327.6000061035156,321.0,326.79998779296875,2072490
2026-05-25,330.04998779296875,330.8999938964844,326.70001220703125,328.0,4384086
2026-05-26,330.04998779296875,330.04998779296875,330.04998779296875,330.04998779296875,0
2026-05-27,330.04998779296875,330.04998779296875,330.04998779296875,330.04998779296875,0
2026-05-28,330.04998779296875,330.04998779296875,330.04998779296875,330.04998779296875,0
2026-05-29,330.3299865722656,331.8999938964844,321.0,330.0,3972556
2026-06-01,320.3299865722656,330.0,319.04998779296875,330.0,3947944
2026-06-02,320.5799865722656,324.510009765625,319.989990234375,320.25,2144427
2026-06-03,320.5799865722656,320.5799865722656,320.5799865722656,320.5799865722656,0
2026-06-04,324.55999755859375,325.20001220703125,321.0,321.510009765625,2362888
2026-06-05,320.30999755859375,326.3900146484375,319.75,325.0,2032744
2026-06-08,318.07000732421875,320.0,314.1000061035156,318.0,2805226
2026-06-09,319.6300048828125,322.45001220703125,319.3999938964844,321.0,2778242
2026-06-10,316.67999267578125,320.75,316.0,317.010009765625,1366369
2026-06-11,316.20001220703125,318.0,314.010009765625,315.6499938964844,2336208
2026-06-12,317.989990234375,321.2200012207031,317.010009765625,319.95001220703125,3228564
2026-06-15,324.6300048828125,325.6499938964844,319.6000061035156,325.0,5774424
2026-06-16,327.6400146484375,329.8999938964844,324.0,326.5,5305472
2026-06-17,334.0400085449219,335.0,325.79998779296875,328.8999938964844,9568482
2026-06-18,337.20001220703125,337.9599914550781,333.6000061035156,335.0,7936728
2026-06-19,331.2799987792969,339.489990234375,329.0,339.0,9526189
2026-06-22,334.25,334.75,330.989990234375,334.0,11154880
2026-06-23,338.1700134277344,340.6000061035156,335.25,335.3999938964844,9873720
2026-06-24,339.9599914550781,340.75,337.0,338.25,3779720
2026-06-25,339.9599914550781,339.9599914550781,339.9599914550781,339.9599914550781,0
2026-06-26,339.9599914550781,339.9599914550781,339.9599914550781,339.9599914550781,0
2026-06-29,335.20001220703125,340.5,333.510009765625,340.0,2691219
2026-06-30,334.8699951171875,339.70001220703125,332.80999755859375,335.79998779296875,4510910
2026-07-01,334.9100036621094,337.29998779296875,333.0,335.0,3716723
2026-07-02,339.1000061035156,339.7900085449219,335.510009765625,336.54998779296875,5806078
2026-07-03,345.42999267578125,348.3999938964844,338.0,340.0,9309173
2026-07-06,348.7200012207031,352.0,345.989990234375,345.989990234375,6263980
2026-07-07,343.32000732421875,348.7200012207031,342.010009765625,348.7200012207031,3205255
2026-07-08,335.45001220703125,342.75,334.0,341.44000244140625,5915924
2026-07-09,333.54998779296875,337.3999938964844,332.0,334.0,2768250
2026-07-10,334.1300048828125,338.3999938964844,333.0,334.8999938964844,3076684
2026-07-13,331.5899963378906,335.0,330.0,331.6300048828125,4341766
2026-07-14,319.5,331.1000061035156,318.07000732421875,330.20001220703125,8454967
2026-07-15,320.989990234375,324.8800048828125,320.1000061035156,321.0,3078168
2026-07-16,323.3599853515625,325.25,321.510009765625,322.0,4242702
2026-07-17,317.94000244140625,325.8999938964844,316.0,323.6499938964844,5019751
2026-07-20,318.2200012207031,320.0,313.1000061035156,315.67999267578125,3036334
2026-07-21,315.8399963378906,322.29998779296875,307.5,318.79998779296875,3571634
2026-07-22,316.2900085449219,319.0,313.0,315.8399963378906,2417421
2026-07-23,311.95001220703125,319.0,310.6499938964844,317.0400085449219,2457711
2026-07-24,310.3800048828125,314.0,309.5,311.95001220703125,2732279
2026-07-27,323.45001220703125,324.45001220703125,316.5199890136719,317.8999938964844,4480053
2026-07-28,321.0,326.8999938964844,320.1600036621094,325.8999938964844,3219717
2026-07-29,317.04998779296875,320.0,316.70001220703125,320.0,1456028
2026-07-30,314.0,318.0,312.0,316.1000061035156,1574164
2026-07-31,314.0400085449219,316.8500061035156,313.5,316.1000061035156,1187278
2026-08-03,319.0899963378906,320.5,317.0,319.8999938964844,3576712
2026-08-04,314.1099853515625,320.3800048828125,313.07000732421875,320.1000061035156,3036213
2026-08-05,316.29998779296875,319.45001220703125,314.79998779296875,319.239990234375,3514890
2026-08-06,318.489990234375,319.5,316.3500061035156,317.5,3879780
2026-08-07,319.19000244140625,320.0,317.0,318.95001220703125,3666665
2026-08-10,323.7799987792969,324.7099914550781,320.010009765625,320.1199951171875,6152531
2026-08-11,320.2900085449219,325.4700012207031,319.04998779296875,322.989990234375,3269899
2026-08-12,318.9200134277344,321.5,318.3399963378906,320.989990234375,2423007
2026-08-13,318.4800109863281,321.5,318.0,319.95001220703125,2172684
2026-08-14,318.4800109863281,318.4800109863281,318.4800109863281,318.4800109863281,0
2026-08-17,321.29998779296875,324.739990234375,318.5,319.79998779296875,5793309
2026-08-18,321.29998779296875,321.29998779296875,321.29998779296875,321.29998779296875,0
2026-08-19,314.3399963378906,319.75,313.2099914550781,316.1000061035156,4560170
2026-08-20,314.95001220703125,320.0,314.0,319.79998779296875,3650167
2026-08-21,325.82000732421875,328.5,317.0,320.0199890136719,7375968
2026-08-24,331.0899963378906,335.0,327.0,327.0,8635533
2026-08-25,327.42999267578125,333.42999267578125,326.8999938964844,332.8900146484375,2999058
2026-08-26,327.42999267578125,327.42999267578125,327.42999267578125,327.42999267578125,0
2026-08-27,323.8800048828125,330.9700012207031,323.0,328.0,2768188
2026-08-28,325.20001220703125,327.5,322.1000061035156,323.8699951171875,1821529
2026-08-31,328.70001220703125,329.989990234375,323.1000061035156,325.5,2824524
2026-09-01,331.69000244140625,334.9800109863281,329.510009765625,330.0,6607093
2026-09-02,328.44000244140625,330.54998779296875,327.70001220703125,330.5,2363824
2026-09-03,327.0199890136719,331.70001220703125,325.8500061035156,331.70001220703125,2136582
2026-09-04,328.79998779296875,334.1000061035156,327.0,327.0,8517799
2026-09-07,320.6600036621094,328.70001220703125,320.25,328.44000244140625,2979650
2026-09-08,321.0400085449219,322.5,318.2300109863281,321.0,2759204
2026-09-09,322.17999267578125,324.4700012207031,320.010009765625,321.29998779296875,1800494
2026-09-10,315.9200134277344,322.0,314.70001220703125,322.0,2261016
2026-09-11,320.8299865722656,322.9700012207031,311.3999938964844,314.5,2941107
2026-09-14,315.1300048828125,323.0,312.9599914550781,319.5,3315903
2026-09-15,314.8699951171875,319.0,314.0,317.0,1499010
2026-09-16,314.1400146484375,315.9700012207031,313.6600036621094,314.0,2470185
2026-09-17,316.20001220703125,317.5,312.20001220703125,315.70001220703125,2246109
2026-09-18,318.05999755859375,320.5,315.9100036621094,317.0,2977934
2026-09-21,317.489990234375,319.8999938964844,317.0,319.0,1591013
2026-09-22,318.4100036621094,319.1000061035156,316.0,317.79998779296875,1143864
2026-09-23,319.5299987792969,320.29998779296875,318.6300048828125,318.8999938964844,1712061
2026-09-24,316.2300109863281,320.9100036621094,315.3999938964844,319.5299987792969,1961861
2026-09-25,316.239990234375,318.5,315.0,316.32000732421875,1603995
2026-09-28,318.69000244140625,319.79998779296875,315.29998779296875,316.5,1646464
2026-09-29,317.760009765625,319.2200012207031,317.0,318.0,1230793
2026-09-30,316.7300109863281,321.8999938964844,316.0,319.0,1805463
2026-10-01,313.3900146484375,317.45001220703125,312.5,316.80999755859375,1340364
2026-10-02,314.6199951171875,315.95001220703125,311.79998779296875,313.010009765625,1836867
