Date,Close,High,Low,Open,Volume
2021-09-13,397.2181396484375,406.74242414393433,395.87526014008876,406.74242414393433,5850
2021-09-14,404.96484375,406.6880425597935,398.28150253969727,403.6374803645941,162350
2021-09-15,403.63751220703125,403.63751220703125,396.6514783419095,396.6514783419095,4250
2021-09-16,403.8160095214844,405.1899446092708,399.75636297657945,403.63749271421614,13300
2021-09-17,399.7563781738281,403.63750805901094,399.7563781738281,403.63750805901094,23850
2021-09-20,401.20794677734375,403.62976821551473,389.7430967723523,389.7430967723523,5150
2021-09-21,395.650146484375,397.4277106511325,393.546580664305,396.2711414953899,18200
2021-09-22,388.1130065917969,389.74308595719003,384.23187652587893,389.66545861816405,850
2021-09-23,397.536376953125,399.7563718417877,393.546564123857,399.7563718417877,14700
2021-09-24,388.8891906738281,388.8891906738281,388.1129647443394,388.1129647443394,350
2021-09-27,366.6270751953125,391.99413554916583,359.726414587127,391.99413554916583,58500
2021-09-28,369.39044189453125,380.3119476725106,363.27377707162077,366.627079160608,18350
2021-09-29,356.8931884765625,368.7849764532928,353.10520181548077,368.7849764532928,70250
2021-09-30,364.3294372558594,383.6574843104832,349.3017127191517,353.1828428604756,86500
2021-10-01,364.8805236816406,385.00028625043984,364.0499562624884,385.00028625043984,4150
2021-10-04,373.36468505859375,380.26534518204517,372.58845910213097,379.56672287039964,350
2021-10-05,369.48358154296875,372.5884855895483,368.70735553132386,372.5884855895483,1600
2021-10-06,360.952880859375,365.60246728979814,360.9451110185905,362.49756310899306,950
2021-10-07,364.8262023925781,372.5884620179521,364.8262023925781,364.8262023925781,1450
2021-10-08,359.0200500488281,371.81226337940024,357.06396900735723,357.06396900735723,1100
2021-10-11,358.03424072265625,366.3786701812331,356.28773223132623,366.3786701812331,9650
2021-10-12,354.92156982421875,357.0639611715803,353.1750613184882,357.05619133122275,1450
2021-10-13,352.4764709472656,360.16887365612337,349.3017093647748,360.16887365612337,16450
2021-10-14,360.7355041503906,364.51572084024895,349.3016870658938,349.3016870658938,2900
2021-10-15,365.4471740722656,367.9311066304172,360.9450729602194,364.82620277699596,700
2021-10-18,369.9958801269531,372.58070222897646,364.81844239420263,372.58070222897646,250
2021-10-19,369.9958801269531,369.9958801269531,369.9958801269531,369.9958801269531,0
2021-10-20,369.48358154296875,370.25980755461364,364.8262254730994,364.8262254730994,1450
2021-10-21,370.1821594238281,370.1821594238281,361.02270247629014,368.7073348222465,1200
2021-10-22,362.4975280761719,370.1821604432913,362.4975280761719,369.4835618078326,550
2021-10-25,362.4975280761719,357.0639462848802,353.9590424041421,354.851697532147,4350
2021-10-26,357.06396484375,360.94509489639944,357.06396484375,357.06396484375,2500
2021-10-27,370.826416015625,381.8255239986616,364.8261811467641,368.7073107334318,700
2021-10-28,398.63861083984375,398.63861083984375,372.58846894766884,376.4695988325404,33150
2021-10-29,415.2809143066406,415.2809143066406,391.9941340651468,398.12633847957045,17400
2021-11-01,417.23699951171875,419.08442111472044,404.41373129725366,410.62353907149173,31050
2021-11-02,414.4813537597656,419.162019046783,407.51862962881677,411.3997594348055,17600
2021-11-03,407.5186462402344,408.3336740572999,403.63751627604165,403.63751627604165,9750
2021-11-04,402.8690490722656,403.6375052037641,402.8612792322184,402.8612792322184,3100
2021-11-05,399.7563781738281,405.9661859901206,399.7563781738281,403.24939507049265,2300
2021-11-08,397.4277038574219,399.75638180971146,392.07174930486326,399.75638180971146,1850
2021-11-09,400.8042907714844,423.43129844780265,400.53263061240364,423.43129844780265,6250
2021-11-10,405.6014099121094,415.28092575841606,399.7564051693164,399.8340088214311,8650
2021-11-11,405.1822204589844,405.6014128392446,405.1123866469926,405.6014128392446,5050
2021-11-12,395.9373474121094,396.65148575462416,395.8752597551043,396.65148575462416,20550
2021-11-15,411.3997802734375,411.3997802734375,394.3228082620873,394.3228082620873,2550
2021-11-16,407.5186462402344,407.5186462402344,404.4137422688802,404.4137422688802,400
2021-11-17,395.4949035644531,403.63750645079216,395.09902073741,403.63750645079216,2150
2021-11-18,403.39691162109375,411.3998001785404,395.87527941708606,396.2633924361224,13600
2021-11-19,401.7047424316406,403.63753767594886,395.8752773360268,402.86131164195666,12800
2021-11-22,393.8959045410156,403.20284696922914,384.2318810867517,384.2318810867517,3900
2021-11-23,384.2318420410156,395.0990052502565,384.2318420410156,391.21787553267046,2850
2021-11-24,384.2318420410156,388.105201918835,381.1269382669468,386.56051987156724,600
2021-11-25,376.4696044921875,376.85771748650933,376.4696044921875,376.85771748650933,32550
2021-11-26,380.3507080078125,380.3507080078125,376.46957833426336,376.46957833426336,350
2021-11-29,385.19439697265625,388.11301442143775,380.350754133009,384.2318842772234,8900
2021-11-30,400.0823974609375,411.3920161303265,380.3585153605918,381.90319754267824,10300
2021-12-01,391.51287841796875,397.4277168195309,389.6654567253994,397.4277168195309,750
2021-12-02,369.74749755859375,387.33678192091355,366.7667925002638,387.33678192091355,18550
2021-12-03,391.2955322265625,397.42771290278466,360.94509081991185,360.94509081991185,24700
2021-12-06,391.2955322265625,391.2955322265625,391.2955322265625,391.2955322265625,0
2021-12-07,380.3507080078125,388.11296735491067,378.1772848660392,388.11296735491067,4100
2021-12-08,374.1176452636719,384.15424173417443,371.0360271035756,377.2458350885727,208300
2021-12-09,368.9402160644531,373.36471383268815,368.70735773498313,372.549685991005,108050
2021-12-10,369.3283386230469,372.58849745116004,367.9311412330205,372.58849745116004,6750
2021-12-13,358.46112060546875,366.3786344698499,357.06392342400625,366.3786344698499,2300
2021-12-14,366.9065246582031,372.5885050453948,364.82624452361574,364.82624452361574,3050
2021-12-15,375.4837951660156,380.34295360632905,368.86258862172616,372.42546296403776,12200
2021-12-16,369.48358154296875,369.48358154296875,369.47581170252016,369.48358154296875,250
2021-12-17,376.9664306640625,378.02208672260423,366.7668089865103,366.7668089865103,650
2021-12-20,383.3003845214844,384.2318651852271,379.574509243588,379.574509243588,2600
2021-12-21,385.52813720703125,387.3367331734428,372.59621056747403,372.59621056747403,3750
2021-12-22,388.8891906738281,389.5877892726608,372.6117319849091,372.6117319849091,2850
2021-12-23,387.6938171386719,388.8814419276665,384.2318559381607,386.5527640128898,2150
2021-12-24,388.1130065917969,388.1130065917969,388.1130065917969,388.1130065917969,500
2021-12-27,380.3507080078125,395.68117021833143,380.3507080078125,388.11296735491067,4650
2021-12-28,383.0287170410156,388.1129877045302,372.97658118405354,387.3367617291212,36250
2021-12-29,385.7843017578125,385.7843017578125,383.0287090778141,383.0287090778141,200
2021-12-30,383.45562744140625,388.09746724883325,376.469593743081,388.09746724883325,51200
2021-12-31,385.993896484375,388.0974860109794,377.2458379470968,380.3507419631223,7300
2022-01-03,384.6199645996094,388.1052115925416,381.12694776671685,386.5605295067719,400
2022-01-04,388.5787048339844,388.9668177985232,382.67938303528706,383.4556089643647,2850
2022-01-05,385.008056640625,387.2591070727926,382.7570062084574,382.7570062084574,3500
2022-01-06,382.291259765625,384.2318245360089,382.291259765625,384.2240546965962,2750
2022-01-07,381.126953125,384.231857020112,381.126953125,381.903179098778,950
2022-01-10,385.7377624511719,386.4829328017873,381.90320399564473,381.90320399564473,3800
2022-01-11,383.45562744140625,385.00807937436736,378.79827164252276,381.1269495419645,5250
2022-01-12,380.66119384765625,384.231837886939,380.35070821131336,384.231837886939,4400
2022-01-13,380.66119384765625,380.66119384765625,380.66119384765625,380.66119384765625,0
2022-01-14,380.3507080078125,380.3507080078125,379.18636910574776,380.3507080078125,10600
2022-01-17,384.2318420410156,384.2318420410156,380.3507123234296,380.3507123234296,1000
2022-01-18,380.3507080078125,380.3507080078125,380.3507080078125,380.3507080078125,200
2022-01-19,378.0220642089844,380.3507422225921,372.58848217723306,378.0220642089844,3800
2022-01-20,378.09967041015625,380.3507209597618,374.9559410544078,374.9559410544078,7350
2022-01-21,378.09967041015625,378.09967041015625,373.51994197712355,378.09967041015625,2150
2022-01-24,376.6015625,383.4556273596053,371.11363923290423,371.11363923290423,3050
2022-01-25,376.4696044921875,376.85771748650933,375.6933785035438,376.4696044921875,3550
2022-01-26,377.47869873046875,378.4101794167559,377.2458404031659,378.4101794167559,4350
2022-01-27,375.7166748046875,376.3842414915616,373.36471094110317,373.36471094110317,800
2022-01-28,373.8381652832031,375.71664248945234,373.372448667926,374.28061975625224,22100
2022-01-31,373.015380859375,377.63393486187744,372.0062965725689,377.63393486187744,24350
2022-02-01,370.7099914550781,373.75280770608805,370.25979081163865,372.5884687412716,4250
2022-02-02,373.4500732421875,376.3454047016261,370.10454113323675,372.58847376709895,17500
2022-02-03,372.50311279296875,374.8783624979456,370.18218090561936,373.36471229700203,10700
2022-02-04,369.84063720703125,372.58848390864813,368.707353867933,370.2598058842191,16550
2022-02-07,368.70733642578125,372.5729502913395,367.93111045435853,369.87167538291527,3250
2022-02-08,366.5261535644531,368.70734670990663,366.3786687306862,368.70734670990663,5200
2022-02-09,372.0994873046875,372.5885135188474,367.5430440649463,368.7073831696927,44700
2022-02-10,346.3287658691406,357.0639610579928,344.1941443628157,344.1941443628157,315750
2022-02-11,350.7454528808594,352.4065878150667,346.4296384141543,348.5254579933149,22800
2022-02-14,348.6651916503906,350.85415467231206,347.7492506486633,349.30170266048765,24350
2022-02-15,358.81048583984375,360.9451074430013,348.525490842812,348.525490842812,37600
2022-02-16,359.4159240722656,364.8262202434169,357.0639602382378,362.489772401526,16200
2022-02-17,355.67449951171875,360.5569675566323,353.1905905898975,357.06395064811807,7350
2022-02-18,357.06396484375,357.06396484375,350.51261541979466,357.05619500331255,5300
2022-02-21,349.775146484375,360.93727887788503,348.3701794801495,360.93727887788503,7050
2022-02-22,347.6483154296875,350.07790646427276,343.8680988108045,349.3016805075892,11000
2022-02-23,355.75213623046875,357.0639600657935,348.13736106414865,348.13736106414865,17300
2022-02-24,344.4502868652344,357.0639593419894,342.31566536916813,351.2422643527179,34950
2022-02-25,348.6651916503906,353.18283269004866,345.4981999692255,346.97302464275106,77200
2022-02-28,357.1726379394531,358.61640690845684,343.8681131178493,349.3870685289946,65200
2022-03-01,356.7146301269531,359.3848493220733,353.26818497251975,353.26818497251975,1000
2022-03-02,351.8865051269531,356.71463156083,349.3016830950061,349.3094529349621,3000
2022-03-03,345.4205627441406,350.85414463000353,344.6365669202771,346.1967887278353,9650
2022-03-04,345.04022216796875,349.30169526992995,330.67227152220033,330.67227152220033,2750
2022-03-07,340.3285217285156,345.4205622796222,335.3296245051613,335.3296245051613,4000
2022-03-08,335.79534912109375,341.53941638624616,334.95701183347467,339.9869644935814,1550
2022-03-09,334.0876770019531,339.1719716876477,333.7771913291221,337.6583214608561,3550
2022-03-10,342.7348327636719,356.27996217509957,339.21076011051133,339.21076011051133,3250
2022-03-11,338.5820007324219,342.73481432356397,337.65828995218243,342.73481432356397,2650
2022-03-14,338.88470458984375,344.64431138779355,336.1058261957536,344.64431138779355,3050
2022-03-15,338.88470458984375,340.7631817550481,340.7631817550481,340.7631817550481,50
2022-03-16,345.4205627441406,348.5176968387506,343.8681107767513,343.8681107767513,5050
2022-03-17,345.4205627441406,346.1967887278353,343.8681107767513,345.4205627441406,2900
2022-03-18,335.0191345214844,343.09187989904876,334.5533942002036,338.43452406331505,2200
2022-03-21,331.29327392578125,339.21078923693324,329.11985042668124,339.21078923693324,6850
2022-03-22,326.6824645996094,330.75765111969463,326.48066194682036,330.75765111969463,10400
2022-03-23,326.6824645996094,326.6824645996094,326.6824645996094,326.6824645996094,0
2022-03-24,326.1158142089844,329.7485459925193,324.4624491349491,325.1610477566233,5350
2022-03-25,325.2386779785156,331.44848567261613,324.46245201675305,328.73169480644714,14100
2022-03-28,328.654052734375,333.00092266302124,322.1337596856732,322.1337596856732,9550
2022-03-29,343.7516784667969,350.85414141480965,325.23868418762225,331.060379011983,116150
2022-03-30,332.43426513671875,341.5394036762328,331.448466749435,341.5394036762328,101500
2022-03-31,341.7955627441406,345.42054835999807,331.4562510751693,332.21693734684953,16250
2022-04-01,333.4666748046875,340.7476780483642,329.9814041606339,337.6582902214535,118550
2022-04-04,326.0149230957031,331.44850514729814,326.0149230957031,331.3708778088535,7550
2022-04-05,310.9794006347656,329.11979697504023,309.71414856849304,329.1120271353462,98950
2022-04-06,313.2304992675781,316.700230683639,310.49042223886175,315.92400462804187,20050
2022-04-07,310.2652587890625,315.14772650489624,309.3260320497565,314.75961354122023,23400
2022-04-08,313.8514709472656,315.14777888435316,308.93797043342994,313.59532677162235,3900
2022-04-11,325.37066650390625,328.3436016944001,319.8128854387477,324.4547018103116,38800
2022-04-12,329.1664123535156,331.4407489635745,323.68625841075715,328.3436146468831,6900
2022-04-13,331.6969299316406,333.77721011407885,328.3436276238496,329.8960797639151,10650
2022-04-14,334.19635009765625,337.19257109993276,328.3435993999122,328.3435993999122,9300
2022-04-15,335.98944091796875,341.5394522798079,335.36844588251876,337.65055229965327,17050
2022-04-18,336.3619689941406,345.42053594398675,333.77714709194225,338.43450263276003,51200
2022-04-19,336.8898620605469,341.53944833366614,331.44851008744416,336.36201036437853,36900
2022-04-20,335.1163330078125,343.90924458422825,333.1522306201264,343.90924458422825,5850
2022-04-21,333.9726867675781,335.63845608721914,331.90913990847224,333.1522453013879,5950
2022-04-22,331.61083984375,332.398124829863,331.49480452246485,332.323541533771,1100
2022-04-25,334.3290710449219,339.69927028739085,333.1522534494538,335.63846429609146,2700
2022-04-26,335.54730224609375,339.6992569996599,333.9809773342792,334.61082548392443,5300
2022-04-27,335.55560302734375,336.4506531417555,333.9810078006368,336.05285028078964,3600
2022-04-28,331.55279541015625,337.2959363648971,327.35109303227114,335.55558372347866,65400
2022-04-29,331.55279541015625,331.55279541015625,331.55279541015625,331.55279541015625,0
2022-05-02,331.55279541015625,331.55279541015625,331.55279541015625,331.55279541015625,0
2022-05-03,331.55279541015625,331.55279541015625,331.55279541015625,331.55279541015625,0
2022-05-04,331.55279541015625,331.55279541015625,331.55279541015625,331.55279541015625,0
2022-05-05,331.55279541015625,331.55279541015625,331.55279541015625,331.55279541015625,0
2022-05-06,328.3456115722656,331.49480207556496,319.0637469977313,331.49480207556496,2700
2022-05-09,318.9642639160156,325.69360353537036,314.96145050347457,325.69360353537036,5150
2022-05-10,319.08856201171875,330.6660173137699,317.40622714579916,317.40622714579916,14800
2022-05-11,309.21002197265625,319.06371615142336,306.5497835246782,319.06371615142336,5450
2022-05-12,312.01947021484375,314.9117541563701,306.63267989240956,314.9117541563701,2950
2022-05-13,318.02777099609375,319.88413347502876,314.87858103489447,314.9200077616042,5950
2022-05-16,324.5914001464844,331.45334082318374,311.60508149954774,312.4338184184295,27750
2022-05-17,325.693603515625,325.693603515625,323.10794841977776,323.10794841977776,1750
2022-05-18,328.6770935058594,331.46163763742345,323.2074243433777,327.35110927085685,3200
2022-05-19,324.4505310058594,325.69363648864044,323.2074255230783,324.86489950011975,3600
2022-05-20,331.4947509765625,331.4947509765625,329.9201559676323,329.9201559676323,2100
2022-05-23,322.6521301269531,323.21569044709406,319.0637104337701,323.207394984858,31000
2022-05-24,323.5057373046875,324.0361410819653,321.5499302808249,321.5499302808249,3150
2022-05-25,325.693603515625,331.49476184796436,325.693603515625,330.66602494334444,800
2022-05-26,326.2986145019531,331.4947861703979,324.03615348156393,331.4947861703979,22700
2022-05-27,333.0030822753906,342.2683551662138,326.9367218234173,328.1881226920986,23550
2022-05-30,331.4947509765625,333.9726661469787,330.66601409912107,331.4864555146545,2300
2022-05-31,328.82623291015625,331.49476679449367,324.86487145860383,324.86487145860383,2100
2022-06-01,330.210205078125,335.3898103448101,328.1797896971679,328.1797896971679,19200
2022-06-02,323.2073974609375,329.83729279346954,319.063712878105,329.83729279346954,26250
2022-06-03,316.5775146484375,329.8373058379009,314.9200407497546,323.2074102431692,14700
2022-06-06,316.5775146484375,316.5775146484375,316.5775146484375,316.5775146484375,250
2022-06-07,318.1520690917969,319.0636846776556,317.40621099101844,319.0636846776556,5600
2022-06-08,319.3371887207031,329.8290012438212,319.06371666305125,329.8290012438212,600
2022-06-09,319.49462890625,322.37864231761984,319.04712920615634,319.0636948387754,19800
2022-06-10,319.49462890625,328.1798004055976,328.1798004055976,328.1798004055976,50
2022-06-13,316.99188232421875,320.88695609272503,299.83701739966676,320.88695609272503,1450
2022-06-14,320.67974853515625,321.5499121500731,319.8924383761037,319.8924383761037,1200
2022-06-15,323.2073974609375,331.48647116430294,323.2073974609375,327.35108204377,2100
2022-06-16,320.4725646972656,330.5665739229797,316.5774912073549,325.69359697510595,5150
2022-06-17,318.8233337402344,323.20735858301845,317.4062008648617,323.20735858301845,1250
2022-06-20,325.4366760253906,327.34276066617394,314.9365689957135,314.9365689957135,2100
2022-06-21,330.57489013671875,331.49477600041865,321.54993272040605,324.86488048041025,5400
2022-06-22,330.71575927734375,335.6384586948179,323.2074046690839,330.66603708452436,26950
2022-06-23,331.39532470703125,335.63845370483153,324.86487370936777,324.86487370936777,2600
2022-06-24,327.6411437988281,331.4947653882579,319.06371168619825,329.83729156131665,10900
2022-06-27,331.0555419921875,331.49477155285325,323.2902810151289,323.2902810151289,1600
2022-06-28,331.4947509765625,335.63843536376953,324.0361190795898,324.0361190795898,26300
2022-06-29,331.00579833984375,331.494750061259,327.35106568549327,327.35106568549327,1500
2022-06-30,330.5500183105469,331.37048511520135,327.3511057209252,328.17984269743386,3900
2022-07-01,330.6163330078125,331.28760793870106,330.5500198863902,330.5500198863902,2500
2022-07-04,330.6163330078125,330.6163330078125,330.6163330078125,330.6163330078125,0
2022-07-05,326.72125244140625,327.3511006268861,319.0637309907624,319.0637309907624,2100
2022-07-06,323.2073974609375,323.2073974609375,323.2073974609375,323.2073974609375,500
2022-07-07,328.1798095703125,328.1798095703125,327.3427772153959,327.3427772153959,800
2022-07-08,328.1798095703125,328.1798095703125,328.1798095703125,328.1798095703125,0
2022-07-11,328.1798095703125,328.1798095703125,328.1798095703125,328.1798095703125,0
2022-07-12,328.1798095703125,328.1798095703125,328.1798095703125,328.1798095703125,0
2022-07-13,328.1798095703125,328.1798095703125,328.1798095703125,328.1798095703125,0
2022-07-14,328.1798095703125,328.1798095703125,328.1798095703125,328.1798095703125,0
2022-07-15,328.1798095703125,328.1798095703125,328.1798095703125,328.1798095703125,0
2022-07-18,317.40625,331.48648260529916,314.92003916449084,319.07201935292534,3000
2022-07-19,321.1355895996094,322.3786951077369,317.40627307522686,318.23501008064517,2700
2022-07-20,320.2405090332031,321.13553371524137,311.6879385557626,314.92000725623666,4400
2022-07-21,314.9200439453125,314.9200439453125,314.9117484826006,314.9200439453125,700
2022-07-22,314.853759765625,319.06373243172925,314.09131062759843,316.57752152966384,4300
2022-07-25,314.9200439453125,314.9200439453125,313.26257002981083,314.85375611675215,3800
2022-07-26,315.0111999511719,315.0111999511719,315.0111999511719,315.0111999511719,100
2022-07-27,311.7294006347656,314.9200429704382,306.64096888127074,314.9200429704382,8800
2022-07-28,314.9283142089844,315.74875563837554,311.7293766566864,314.92001874693625,189000
2022-07-29,323.1908264160156,323.2073920492939,314.92002302238893,314.92002302238893,4500
2022-08-01,323.1908264160156,323.1908264160156,323.1908264160156,323.1908264160156,0
2022-08-02,326.5223693847656,327.35110636289954,317.40626262529247,317.40626262529247,1100
2022-08-03,323.2156982421875,326.5223505005693,323.20740277975136,323.20740277975136,101700
2022-08-04,331.4616394042969,331.5030914284201,323.2074260662516,323.37318358065266,90100
2022-08-05,331.4616394042969,332.32353295529975,331.4616394042969,331.4616394042969,1100
2022-08-08,331.4616394042969,331.4616394042969,331.4616394042969,331.4616394042969,0
2022-08-09,331.4616394042969,331.4616394042969,331.4616394042969,331.4616394042969,0
2022-08-10,331.16326904296875,331.49475874350367,315.7570531652896,319.89244218748104,1700
2022-08-11,330.6577453613281,330.6577453613281,330.6577453613281,330.6577453613281,200
2022-08-12,334.0638732910156,338.12467933263486,331.48648819672013,331.49478365944594,5500
2022-08-15,346.39544677734375,347.24074928179874,333.15222246129616,333.15222246129616,4800
2022-08-16,345.47552490234375,348.06947527656666,338.9533699717042,338.96166543329645,3600
2022-08-17,344.2904357910156,348.06947376864906,337.3870437316209,344.7545263994238,3000
2022-08-18,341.57220458984375,347.90374137027436,337.29591914026554,347.90374137027436,1600
2022-08-19,345.9976501464844,345.9976501464844,345.9976501464844,345.9976501464844,100
2022-08-22,345.85675048828125,348.06948908265105,345.5832784463464,345.98935142380924,155500
2022-08-23,345.85675048828125,345.85675048828125,345.85675048828125,345.85675048828125,0
2022-08-24,339.59149169921875,339.79040574216936,338.95337342614994,339.79040574216936,3000
2022-08-25,338.1246337890625,338.1246337890625,335.63842324649585,335.63842324649585,4000
2022-08-26,327.666015625,335.6384609471024,319.8924590755099,335.6384609471024,900
2022-08-29,331.4947509765625,331.4947509765625,316.5774871826172,316.5774871826172,6600
2022-08-30,331.4947509765625,332.3234878540039,329.8372772216797,332.3234878540039,15900
2022-08-31,333.50860595703125,335.63846599629056,327.3510964655179,331.4947812309042,3200
2022-09-01,335.4975891113281,335.63848552961076,331.49480052307234,331.49480052307234,3900
2022-09-02,334.6191101074219,335.63846566347223,328.1881285558297,330.6660439499393,12800
2022-09-05,334.6191101074219,334.6191101074219,334.6191101074219,334.6191101074219,0
2022-09-06,331.8013916015625,333.98097371480424,327.351078454957,327.351078454957,2800
2022-09-07,328.1798095703125,328.1798095703125,328.1798095703125,328.1798095703125,100
2022-09-08,328.1798095703125,328.1798095703125,328.1798095703125,328.1798095703125,0
2022-09-09,331.4947509765625,331.4947509765625,324.86485595703124,324.86485595703124,19000
2022-09-12,327.3511047363281,327.3511047363281,325.27926230128804,325.27926230128804,1800
2022-09-13,326.12451171875,327.3510513450201,320.7211566342349,323.20736715077936,2800
2022-09-14,333.9726867675781,335.63845608721914,326.52234987250455,327.35108680111495,285000
2022-09-15,328.0886535644531,335.63843435556566,327.3510656060455,335.63843435556566,8600
2022-09-16,330.6660461425781,330.6660461425781,330.6660461425781,330.6660461425781,100
2022-09-19,331.4947509765625,331.4947509765625,331.4864555146545,331.4864555146545,700
2022-09-20,329.6549377441406,331.48643907094083,327.3593458122783,327.39247707618193,900
2022-09-21,326.605224609375,327.3593782400667,326.605224609375,327.3593782400667,200
2022-09-22,322.7930603027344,325.2875667566168,322.3786918042713,325.2875667566168,1300
2022-09-23,323.2073974609375,323.2073974609375,321.16041626537645,322.378660544371,1100
2022-09-26,326.3731689453125,330.66601997691697,321.549914163017,326.5223355160533,5400
2022-09-27,326.3731689453125,326.3731689453125,326.3731689453125,326.3731689453125,0
2022-09-28,332.5141296386719,341.4396173266335,323.2074047509394,323.2074047509394,5600
2022-09-29,332.97821044921875,335.638448851214,323.21569065229926,331.50305975973663,3800
2022-09-30,338.1578369140625,339.78215427740827,331.49478466088607,331.49478466088607,11000
2022-10-03,339.7821044921875,341.27382068817576,335.679847016658,338.95336765196265,2200
2022-10-04,336.4671630859375,338.12463679572045,336.4671630859375,338.12463679572045,300
2022-10-05,334.57763671875,339.77380758000004,331.49473467463423,333.980945184694,5400
2022-10-06,332.4146423339844,335.63014551883725,330.6660196330191,331.49475652432994,8100
2022-10-07,331.4947509765625,331.4947509765625,331.4947509765625,331.4947509765625,100
2022-10-10,331.4947509765625,331.4947509765625,329.43120424486693,331.4947509765625,1000
2022-10-11,329.8372802734375,331.4947540436558,329.8372802734375,331.4947540436558,300
2022-10-12,331.4864501953125,331.4864501953125,325.6935876080883,325.6935876080883,400
2022-10-13,329.42291259765625,330.58313918130114,327.4339491269733,327.4339491269733,700
2022-10-14,330.7572021484375,331.4947901963261,324.8648943923996,327.35940078176145,3600
2022-10-17,333.98095703125,333.98095703125,330.6577141051257,330.6577141051257,1800
2022-10-18,329.8372802734375,329.8372802734375,329.8372802734375,329.8372802734375,100
2022-10-19,331.4947509765625,331.4947509765625,331.4947509765625,331.4947509765625,300
2022-10-20,329.47265625,329.5223784431779,329.4312295193666,329.5223784431779,400
2022-10-21,330.4836730957031,331.4947330431263,323.2073647170481,329.42289096160675,4200
2022-10-24,331.4947509765625,335.63843536376953,331.4947509765625,332.5638286299538,700
2022-10-25,331.4947509765625,331.4947509765625,331.4947509765625,331.4947509765625,0
2022-10-26,330.1936340332031,331.49475702437405,310.7763347103507,329.4312102550311,8400
2022-10-27,331.1466979980469,331.4947786436823,321.1438622736676,325.2875470067136,3100
2022-10-28,327.3511047363281,331.49478960640823,327.3511047363281,331.49478960640823,500
2022-10-31,327.3511047363281,327.3511047363281,327.3511047363281,327.3511047363281,200
2022-11-01,325.95880126953125,331.47819201937017,321.54991492290304,325.28752640856845,8500
2022-11-02,323.2073974609375,324.03613437750397,323.2073974609375,323.2239630944931,1700
2022-11-03,324.8648681640625,324.8648681640625,321.1438475376641,321.1438475376641,300
2022-11-04,319.2708740234375,323.20737409251296,319.07198527097546,323.20737409251296,600
2022-11-07,325.2709045410156,325.2709045410156,325.2543389094843,325.2543389094843,1000
2022-11-08,323.2239990234375,327.3428229682552,323.2157288512622,327.33455279607983,1400
2022-11-09,323.2239990234375,323.2239990234375,323.2239990234375,323.2239990234375,0
2022-11-10,325.2212219238281,330.6660295325988,321.549923455259,324.0361342036244,13300
2022-11-11,323.0582275390625,325.68530937437845,321.5499202966864,325.28753184481525,2500
2022-11-14,323.2073974609375,325.693608210637,321.5499236278045,323.2073974609375,120500
2022-11-15,330.6660461425781,331.49478310032896,323.20741352282073,325.6936243960732,9700
2022-11-16,324.2433166503906,327.44222898933646,322.3952242328217,327.44222898933646,10700
2022-11-17,323.9532470703125,331.4947578700651,321.143842148706,326.5140410399336,15800
2022-11-18,323.2073974609375,326.5140496649039,323.2073974609375,323.2073974609375,2200
2022-11-21,323.878662109375,326.3980293376475,314.9200183475607,326.3980293376475,17300
2022-11-22,322.56097412109375,323.2073878852225,317.00015665717586,323.1990924231686,5200
2022-11-23,323.1825256347656,323.2073867297954,317.6134127287028,323.1990912677712,4400
2022-11-24,323.2073974609375,323.2073974609375,323.2073974609375,323.2073974609375,2200
2022-11-25,323.2073974609375,323.2073974609375,323.2073974609375,323.2073974609375,1900
2022-11-28,319.8924865722656,321.9643291018787,319.8924865722656,319.8924865722656,900
2022-11-29,314.8205871582031,319.0802818019372,313.2625576924251,319.0802818019372,6000
2022-11-30,315.748779296875,315.748779296875,314.9200423433399,314.92833780600955,1900
2022-12-01,314.9200439453125,314.9200439453125,314.9200439453125,314.9200439453125,1000
2022-12-02,313.2625427246094,314.92001649563906,313.2625427246094,314.92001649563906,1100
2022-12-05,312.8564758300781,322.3703592746021,312.8564758300781,313.26254881874644,19200
2022-12-06,310.7763366699219,312.85647437649965,310.7763366699219,311.6050735677083,3300
2022-12-07,314.9034729003906,314.9034729003906,310.77635381692585,310.77635381692585,300
2022-12-08,310.7763366699219,310.8592154179091,310.7763366699219,310.8592154179091,1000
2022-12-09,310.7763366699219,310.7763366699219,310.7763366699219,310.7763366699219,1900
2022-12-12,307.2127685546875,310.77632698772993,306.6326426278935,310.77632698772993,2800
2022-12-13,305.812255859375,307.4614344361265,305.812255859375,307.4614344361265,3300
2022-12-14,304.6437072753906,306.61610525905485,304.6437072753906,305.8039339448859,500
2022-12-15,298.9254150390625,304.5691114009279,294.20989997444315,304.5691114009279,3300
2022-12-16,305.8039245605469,306.6243660211119,299.1740291771204,299.1740291771204,17300
2022-12-19,309.7818298339844,310.7763241878022,306.6243444035197,306.6243444035197,2300
2022-12-20,310.0221862792969,310.77633989904376,298.345286303082,303.3177077414667,1900
2022-12-21,308.953125,310.7763564073409,298.3453021510473,303.3177238535647,3900
2022-12-22,300.1767578125,311.18238181892025,290.05788827723416,311.18238181892025,8200
2022-12-23,306.11883544921875,309.1105634723954,298.3452794004946,298.3452794004946,2900
2022-12-26,310.7763366699219,310.7763366699219,310.7763366699219,310.7763366699219,200
2022-12-27,303.2348327636719,308.696206009824,300.00276384673623,308.696206009824,3200
2022-12-28,293.84527587890625,299.1740485688834,290.88667880243236,299.1740485688834,4200
2022-12-29,294.027587890625,297.5165633486812,290.0579308413326,294.20161556763736,7400
2022-12-30,306.7652282714844,312.43378515826373,290.074456362322,298.25411012539604,1800
2023-01-02,309.80670166015625,319.0637038853565,303.9392555842974,310.61057745821046,3800
2023-01-03,310.2376708984375,312.8564825991972,300.83150180313356,312.4338186770836,3300
2023-01-04,309.7487487792969,314.91176409579595,306.64098503364966,306.64098503364966,1800
2023-01-05,306.6160888671875,309.94760211671456,298.3452854599392,307.4613914045484,4700
2023-01-06,305.8039245605469,306.6243660211119,302.49727233119694,304.5691146385177,900
2023-01-09,306.64093017578125,310.77631896703593,304.5690880493343,306.63263471414217,2700
2023-01-10,302.9447326660156,307.46965388634874,298.36181908981195,306.64091707118683,10500
2023-01-11,300.8315124511719,301.66024940007316,300.4254394393445,301.66024940007316,500
2023-01-12,308.91998291015625,310.77634552093394,304.1464501498207,304.1464501498207,4800
2023-01-13,308.2901306152344,309.1188675254904,299.1740246024183,299.5883930575463,1500
2023-01-16,308.2901306152344,308.2901306152344,308.2901306152344,308.2901306152344,300
2023-01-17,302.4889831542969,302.5304098848866,300.41714080392495,300.41714080392495,300
2023-01-18,298.7596435546875,299.75413792149453,296.6960968282616,299.75413792149453,600
2023-01-19,292.2292175292969,302.488984956016,287.5717199444864,302.488984956016,7000
2023-01-20,291.71539306640625,291.71539306640625,291.71539306640625,291.71539306640625,100
2023-01-23,281.69598388671875,290.05793680129347,274.461101101156,290.05793680129347,9100
2023-01-24,279.3672180175781,281.7705500035171,277.62686544464185,277.62686544464185,700
2023-01-25,282.53302001953125,290.016513875571,275.9694120640031,281.77057087615935,10000
2023-01-26,282.8976135253906,290.0579124173363,278.45559592064285,278.45559592064285,5000
2023-01-27,286.5440979003906,288.3175818342727,282.8976350624185,282.8976350624185,700
2023-01-30,280.3533935546875,288.4004212145561,278.45557910370934,288.4004212145561,3100
2023-01-31,283.7760925292969,285.91422254373924,275.96938002047875,280.11306440517063,12700
2023-02-01,289.1380310058594,290.0579168309654,281.7705477786521,281.7705477786521,1200
2023-02-02,294.19329833984375,294.19329833984375,285.08548807838025,289.9584650025659,2100
2023-02-03,294.20159912109375,294.20159912109375,290.05791462643043,294.20159912109375,1600
2023-02-06,289.65185546875,292.37838178686764,288.40045459847875,290.0579284754815,4300
2023-02-07,290.2651062011719,292.50270600136713,288.40044813135705,288.40044813135705,300
2023-02-08,293.7043762207031,296.6878343618808,290.0579386219505,290.2651228638233,1300
2023-02-09,307.602294921875,315.7322021154391,295.03034466847646,295.03034466847646,7300
2023-02-10,311.8454284667969,323.2074047683137,298.3452967092126,298.3452967092126,6800
2023-02-13,305.8287658691406,306.6409371058378,305.01659463244346,306.6409371058378,1400
2023-02-14,305.8287658691406,305.8287658691406,305.8287658691406,305.8287658691406,0
2023-02-15,301.1712646484375,304.97516379233537,298.3535643889993,299.2651547001103,2900
2023-02-16,298.34527587890625,302.6961444854736,298.34527587890625,299.62980792252347,1400
2023-02-17,298.34527587890625,298.34527587890625,298.34527587890625,298.34527587890625,200
2023-02-20,290.4722900390625,294.20160617365815,290.4722900390625,294.20160617365815,1900
2023-02-21,294.20159912109375,296.2734413684254,290.47228307589677,294.20159912109375,1900
2023-02-22,294.73199462890625,298.34527526744495,285.9142221313014,298.336979805554,5000
2023-02-23,294.20159912109375,294.20159912109375,294.20159912109375,294.20159912109375,500
2023-02-24,290.6546325683594,291.79829363918606,290.0579409353648,291.79829363918606,1000
2023-02-27,293.9115295410156,294.2015925073299,288.40043434521357,293.3728556270276,4900
2023-02-28,293.9115295410156,293.9115295410156,293.9115295410156,293.9115295410156,0
2023-03-01,293.9115295410156,293.9115295410156,293.9115295410156,293.9115295410156,0
2023-03-02,293.37286376953125,293.37286376953125,287.5800009085718,288.40044234970867,900
2023-03-03,291.71539306640625,296.2320193538802,290.0579192421653,293.1656826626171,1500
2023-03-06,291.71539306640625,291.71539306640625,287.580003968059,290.09934597135396,1800
2023-03-07,289.2705993652344,292.1297517326518,286.74296198439015,292.1297517326518,100800
2023-03-08,290.05792236328125,290.05792236328125,288.40044852120536,288.40044852120536,600
2023-03-09,289.6435241699219,295.0303136036972,287.98605049799096,295.0303136036972,700
2023-03-10,290.4722900390625,290.4722900390625,289.64355312026345,289.64355312026345,200
2023-03-13,294.20159912109375,294.20159912109375,294.20159912109375,294.20159912109375,400
2023-03-14,294.8563232421875,297.5165617406041,290.05792927356947,291.7154031551327,3200
2023-03-15,301.66021728515625,305.8039015885238,294.8562947405185,294.8562947405185,3600
2023-03-16,300.3342590332031,301.66024318232326,299.1740323868645,301.66024318232326,2500
2023-03-17,296.85357666015625,299.17402993380705,296.6878191587339,299.17402993380705,1900
2023-03-20,297.5082702636719,300.8232180712075,296.68782877444113,297.51656572632504,2500
2023-03-21,281.2153015136719,292.5441468851303,280.52746096491956,290.05793600508673,71400
2023-03-22,281.1738586425781,281.77055023118,277.6268656689568,279.74013467927324,4900
2023-03-23,281.1738586425781,281.1738586425781,281.1738586425781,281.1738586425781,0
2023-03-24,279.28436279296875,281.7705737377133,279.28436279296875,281.7705737377133,1300
2023-03-27,281.3561706542969,283.84238129336285,279.70699235685004,283.83408583143233,21400
2023-03-28,281.5219421386719,281.81197982814416,280.9418161776398,281.7788485608605,3500
2023-03-29,281.024658203125,282.59925308881355,280.12133811234077,280.9417794636592,6300
2023-03-30,279.4666748046875,281.77056251003955,275.969403870127,281.02470431454543,6000
2023-03-31,281.5219421386719,281.7705530985178,280.104783794419,280.933520715297,12900
2023-04-03,280.2705383300781,281.7705501177154,279.2843393813826,281.7705501177154,3900
2023-04-04,280.8589172363281,281.7539672095155,277.63514399721333,281.35616441131646,3600
2023-04-05,280.8589172363281,281.7705328419664,277.6268485354669,281.76223738022,5200
2023-04-06,280.9501037597656,281.2732979985002,279.28433450238913,280.1130714000223,6500
2023-04-07,281.5882568359375,281.7705799875713,280.1131059876444,281.7705799875713,3200
2023-04-10,281.5053405761719,281.7705424506816,280.94180556112076,281.5882193233365,31300
2023-04-11,281.38934326171875,281.66281531955644,281.38934326171875,281.48878764638704,9700
2023-04-12,280.94183349609375,281.7705704680586,278.4556225801991,278.4556225801991,12700
2023-04-13,280.70147705078125,281.6876760157476,280.1959596657541,281.6379538234841,10900
2023-04-14,280.70147705078125,280.70147705078125,280.70147705078125,280.70147705078125,0
2023-04-17,281.3810729980469,281.67943146981463,277.6268953943561,279.3257961303508,11800
2023-04-18,287.6934509277344,297.58592975399307,281.3810221147709,288.5591477450535,18600
2023-04-19,287.65740966796875,287.6664362309934,284.05933358232886,286.76466056882725,1700
2023-04-20,287.9639892578125,288.559164454185,284.23967915931115,287.66641541962986,6700
2023-04-21,287.9639892578125,287.9639892578125,287.9639892578125,287.9639892578125,0
2023-04-24,287.9639892578125,287.9639892578125,287.9639892578125,287.9639892578125,0
2023-04-25,287.9639892578125,287.9639892578125,287.9639892578125,287.9639892578125,0
2023-04-26,288.08123779296875,288.5682043434006,287.2155408855409,288.34276043375735,22100
2023-04-27,286.01617431640625,288.5681871123783,280.4522068498427,284.0593091887474,25000
2023-04-28,288.5862121582031,297.56791677909337,283.1665596180952,285.8628598048046,39200
2023-05-01,288.5862121582031,288.5862121582031,288.5862121582031,288.5862121582031,0
2023-05-02,307.7760009765625,310.2288317070083,290.3717429212718,290.3717429212718,55800
2023-05-03,330.85247802734375,330.85247802734375,307.5054934799237,311.1035694799283,60600
2023-05-04,350.9169616699219,355.66028249710286,345.16362907846764,355.66028249710286,356500
2023-05-05,342.58453369140625,350.9169586755175,338.2469953993771,347.1926211665596,4200
2023-05-08,319.6073303222656,344.92015129592534,317.61438636912106,343.4773323065103,24600
2023-05-09,312.2848815917969,319.60732263499756,310.2108087043926,311.1216108735608,5000
2023-05-10,308.1547546386719,313.3579898675853,306.60369952849214,308.8671650578841,19800
2023-05-11,328.7422790527344,330.4827268498961,312.0053263687849,312.0053263687849,187100
2023-05-12,343.901123046875,346.1465629616508,324.7203663079287,324.7203663079287,82300
2023-05-15,351.8457946777344,358.9066854510461,340.42931238586056,340.42931238586056,46600
2023-05-16,360.4938049316406,367.0226511481193,354.66831502776006,355.9308228216699,194500
2023-05-17,359.49285888671875,360.7102615233619,358.0049345619367,360.7102615233619,68500
2023-05-18,360.1330871582031,363.23519739582446,357.112160941456,357.112160941456,36200
2023-05-19,360.304443359375,360.7102534024561,359.00588424552546,360.7102534024561,2300
2023-05-22,361.68414306640625,369.7279934722146,343.57650125100923,358.4738241539554,72100
2023-05-23,360.8094177246094,369.7009393430317,360.7102356194174,361.61201120846596,10800
2023-05-24,360.746337890625,365.1289543298039,360.746337890625,365.1289543298039,700
2023-05-25,355.2995910644531,358.4738313109226,352.80168252686263,358.4738313109226,1100
2023-05-26,353.5592041015625,355.2996245918419,351.60233873041204,352.7295583515791,136600
2023-05-29,360.6922302246094,363.4155827489243,353.4058676456346,353.4058676456346,163700
2023-05-30,359.3125305175781,364.31737453097753,358.00494477425264,360.71027181284904,227200
2023-05-31,356.2104187011719,357.11219437747064,356.2104187011719,357.11219437747064,500
2023-06-01,358.0049133300781,358.4558011302419,358.0049133300781,358.4558011302419,200
2023-06-02,358.0049133300781,360.66516235904766,352.5942597281122,356.6522499295866,1100
2023-06-05,351.7015075683594,355.2995833753265,351.69248100603386,355.2995833753265,700
2023-06-06,353.5862121582031,355.2995802646149,349.88892675804715,349.88892675804715,3200
2023-06-07,352.78363037109375,356.1923410924092,347.18361151179147,353.586223877439,9524
2023-06-08,347.9771728515625,351.692483919511,347.1926324829432,351.68345735711074,1072
2023-06-09,353.8116760253906,354.3076416168183,343.57651706040315,343.57651706040315,181
2023-06-12,348.9871520996094,351.69247886007145,347.183600925968,351.2415910666611,637
2023-06-13,350.79071044921875,353.9378985052014,349.44707360377197,353.9378985052014,315
2023-06-14,351.602294921875,353.4960291534843,348.085375646033,353.4960291534843,711
2023-06-15,350.0332336425781,351.6924975079067,347.19264589747746,351.6924975079067,558
2023-06-16,349.5282287597656,351.69248470007227,342.683755244542,347.19263325351733,1921
2023-06-19,350.6734619140625,351.6473949420086,345.0644167612825,347.1926214193823,1125
2023-06-20,348.1304626464844,349.88893609102735,342.86409639535026,345.38005804861723,1864
2023-06-21,346.4621887207031,347.1835981764437,340.4293078910496,344.9471848316372,2715
2023-06-22,342.18780517578125,342.6747717675803,338.1749197552463,342.6747717675803,1920
2023-06-23,337.74200439453125,341.77294230830813,331.44760098518645,338.1748665769525,7374
2023-06-26,348.64447021484375,351.69247607738214,333.7561465878324,333.7561465878324,7125
2023-06-27,350.7366027832031,351.69248271410754,338.16584876356495,344.9381923012056,8582
2023-06-28,350.7366027832031,350.7366027832031,350.7366027832031,350.7366027832031,0
2023-06-29,350.7366027832031,350.7366027832031,350.7366027832031,350.7366027832031,0
2023-06-30,350.7366027832031,350.7366027832031,350.7366027832031,350.7366027832031,0
2023-07-03,356.2374572753906,360.710256753532,350.7907246928099,351.6925003346937,139265
2023-07-04,353.9559326171875,356.562049666019,348.9871404926601,356.20134494728876,404066
2023-07-05,348.9510803222656,355.2905617231087,347.192634404938,353.95595144083063,4956
2023-07-06,356.607177734375,357.10314331430845,345.677634170676,350.7816874507512,238581
2023-07-07,349.8799133300781,357.103144838904,347.24674393590476,356.20136922062386,1656
2023-07-10,348.9240417480469,351.69249956739225,347.19264793061217,347.19264793061217,13740
2023-07-11,351.6924743652344,351.6924743652344,347.183596488757,350.97106491300065,7637
2023-07-12,347.15655517578125,353.9469243692496,346.3720148039474,353.22551489446175,8460
2023-07-13,347.1836242675781,351.6925025048194,345.3800729726816,347.1836242675781,120084
2023-07-14,341.4393005371094,347.18360671778424,339.96940190286927,347.18360671778424,6779
2023-07-17,342.6927490234375,345.362024578158,342.6747234188811,342.6747234188811,6302
2023-07-18,341.9352722167969,344.4782860642722,338.2560398042856,338.26503884685997,3274
2023-07-19,340.2760009765625,342.67472737055726,338.1748759412252,342.67472737055726,1802
2023-07-20,333.8644104003906,340.27602209289194,333.70206986740897,340.27602209289194,28967
2023-07-21,333.8644104003906,339.06764601852484,333.65699209269735,339.049620412642,5798
2023-07-24,333.6659851074219,335.0096218908378,330.0498562908389,334.7841779999288,10514
2023-07-25,346.0383605957031,351.69248369560677,333.79223254709814,335.90238414687093,356024
2023-07-26,344.5955505371094,351.67449524282597,344.4963409003106,348.0854180715683,4109
2023-07-27,344.5955505371094,344.5955505371094,344.5955505371094,344.5955505371094,0
2023-07-28,344.5955505371094,344.5955505371094,344.5955505371094,344.5955505371094,0
2023-07-31,343.2157897949219,349.4200101621837,342.6747189452176,347.13851905526974,14163
2023-08-01,340.2489318847656,346.2818125391974,339.51849588804123,345.3800369857099,4509
2023-08-02,350.6644287109375,356.1923172600339,340.0144616200379,340.87115940432096,513776
2023-08-03,348.9330749511719,353.4960575743833,348.7617353747264,351.6925062602283,5255
2023-08-04,344.60455322265625,348.5362817685788,343.5765157925706,348.5362817685788,3273
2023-08-07,347.2106628417969,351.6834621724134,347.1836106742329,347.1836106742329,7863
2023-08-08,341.09661865234375,350.20455766166884,339.96939915911065,345.38005272662963,3051
2023-08-09,338.76104736328125,342.6657238579581,338.210949900885,338.210949900885,2623
2023-08-10,340.8711853027344,344.9111499987104,338.1748849978799,339.0676340577464,1469
2023-08-11,351.908935546875,352.5942938759014,342.2238734677867,342.2238734677867,31605
2023-08-14,351.908935546875,351.908935546875,351.908935546875,351.908935546875,0
2023-08-15,347.0303039550781,351.91793998370673,342.8100006069685,347.25574786281913,7809
2023-08-16,346.2547912597656,347.63450687887365,343.576516526202,345.8309556110196,4731
2023-08-17,346.3990478515625,347.63447595695044,345.38003707266415,347.1835881800932,16237
2023-08-18,345.6956787109375,347.63449072981314,345.3800517497235,346.28182734175937,26117
2023-08-21,345.37103271484375,346.28183488905336,342.68375900481175,345.3800592773631,53717
2023-08-22,345.37103271484375,342.74686238242424,342.74686238242424,342.74686238242424,5
2023-08-23,338.1478576660156,343.5314596285156,331.4115921704253,343.5314596285156,1538
2023-08-24,342.67474365234375,343.5855458563488,333.66601380325466,333.66601380325466,102888
2023-08-25,334.8833923339844,342.6747471633016,331.42057713873527,339.9694202120124,1815
2023-08-28,334.39642333984375,338.1658386161502,329.14808291971957,331.4115484059257,56662
2023-08-29,328.12908935546875,336.3623051419021,326.8936611633767,336.3623051419021,751
2023-08-30,322.8717346191406,329.1480849163268,320.13935572734783,329.1480849163268,1596
2023-08-31,315.1074523925781,324.63020086210565,311.1125929487913,324.63020086210565,5493
2023-09-01,315.70263671875,317.86689279334445,315.6214802119537,317.85789375037314,4724
2023-09-04,315.6214904785156,317.8579040896813,315.6214904785156,315.6214904785156,3225
2023-09-05,315.6214904785156,315.6214904785156,314.71971479143417,315.6214904785156,26
2023-09-06,315.6214904785156,315.6214904785156,312.9161634172712,313.376077824086,285
2023-09-07,311.1125793457031,315.7116403704671,310.2108037533967,315.7116403704671,2444
2023-09-08,311.3830871582031,315.61241669950675,308.8851787858791,314.494223821211,436
2023-09-11,306.60369873046875,311.11257665297563,306.60369873046875,311.11257665297563,1010
2023-09-12,306.60369873046875,308.849111129475,306.15281093821807,308.7860077537651,690
2023-09-13,306.60369873046875,306.60369873046875,299.3894940544577,306.60369873046875,13615
2023-09-14,294.7273254394531,306.60372293365793,293.07708809834946,306.51353986408736,8265
2023-09-15,290.8857727050781,297.57693249449363,284.9611001881367,297.57693249449363,5968
2023-09-18,290.6693115234375,295.3224768335396,290.37173768988754,290.8135989191004,5355
2023-09-19,290.93084716796875,297.459693873857,289.4699750615138,289.4699750615138,3967
2023-09-20,297.5859680175781,297.5859680175781,291.2915639989727,291.2915639989727,3912
2023-09-21,310.80596923828125,315.62144744837866,295.340523817312,299.38948729389057,9331
2023-09-22,317.3348388671875,317.8668831867786,311.1216190834813,311.1216190834813,2347
2023-09-25,319.09332275390625,329.1390892946077,307.6858661603772,313.81792963958384,4571
2023-09-26,322.8717346191406,325.99187040343054,322.83565589053427,324.64823360291393,1203
2023-09-27,329.13006591796875,330.77127658241045,320.139362152838,322.8356623701417,2075
2023-09-28,329.13006591796875,329.13006591796875,329.13006591796875,329.13006591796875,0
2023-09-29,329.13006591796875,329.13006591796875,329.13006591796875,329.13006591796875,0
2023-10-02,337.39935302734375,342.6567204637731,331.4115770380072,335.920455275764,1911
2023-10-03,338.1658630371094,340.64574603271484,335.92045051294565,338.1658630371094,37954
2023-10-04,330.95166015625,336.36231400076633,330.95166015625,335.92045274320026,1735
2023-10-05,346.8228759765625,347.18358068626145,331.853396604011,331.853396604011,23436
2023-10-06,351.6924743652344,351.6924743652344,347.183596488757,347.183596488757,22924
2023-10-09,351.64739990234375,352.4950711526959,342.6837483979871,352.4950711526959,1357
2023-10-10,352.14337158203125,356.20136177951946,347.18360578510124,348.9871569839849,57173
2023-10-11,354.35272216796875,356.21037764543564,351.70149978362156,356.183325479065,16605
2023-10-12,347.94110107421875,353.04515437343616,347.27379592344033,352.59426656453013,1753
2023-10-13,356.9588317871094,362.95563371375,351.0612119617487,351.1513950210979,19218
2023-10-16,364.7682189941406,365.21910678028917,352.6122743723746,360.6020202533295,5106
2023-10-17,373.81304931640625,378.74576309368865,365.21912869748553,367.46454120085264,33449
2023-10-18,376.09454345703125,378.74576602077735,362.9646924365783,374.2459144165998,4550
2023-10-19,379.17864990234375,384.1564417758983,374.23690924177885,374.24593580503125,5648
2023-10-20,384.13836669921875,385.9599434409668,374.32704410761187,374.32704410761187,123021
2023-10-23,387.6101989746094,389.56706416032927,383.2546348799535,385.95996171440027,35278
2023-10-24,383.70550537109375,385.9599442980685,383.29969535623576,383.3087219183457,1195
2023-10-25,383.73260498046875,385.9599920165046,378.8449686736984,378.8449686736984,131947
2023-10-26,383.50714111328125,390.46885011920926,381.0092325104838,385.9599719423131,49942
2023-10-27,375.3641052246094,383.25464197107266,371.99147318166655,381.0092294633389,177464
2023-10-30,381.27972412109375,383.2546148084129,361.61200126629075,376.03138373232764,20861
2023-10-31,387.4659423828125,389.56706746659506,376.50034755172226,376.50034755172226,15548
2023-11-01,387.6282653808594,389.7925214185686,378.7457697994189,378.7457697994189,6380
2023-11-02,416.2325439453125,416.7014573204232,387.6733003925817,387.6733003925817,82094
2023-11-03,412.00323486328125,431.04873087007155,405.780988812882,431.04873087007155,22364
2023-11-06,415.330810546875,419.3256700025272,401.3352350879638,401.3352350879638,11419
2023-11-07,396.88043212890625,414.8167613908211,388.2143821277141,414.72657832999573,5339
2023-11-08,405.72686767578125,410.29884880032745,396.78124210853184,396.78124210853184,5117
2023-11-09,405.72686767578125,405.72686767578125,405.72686767578125,405.72686767578125,0
2023-11-10,410.31695556640625,414.81680734401766,397.68306964937346,411.8409586471622,4357
2023-11-13,410.30792236328125,414.77172285633594,397.9175336899666,397.9175336899666,3239
2023-11-14,420.1282653808594,423.8345500450535,405.7990372771789,410.2177324013065,5614
2023-11-15,423.6632080078125,423.83454757971134,410.31693964522066,414.8167912482281,5076
2023-11-16,417.9820251464844,422.93276447864855,406.7008033685938,406.7008033685938,16949
2023-11-17,414.78973388671875,423.8345422731519,412.58037260516403,422.9327666512941,4897
2023-11-20,412.3459167480469,414.81677306818113,387.77253182172524,405.89819923761183,6399
2023-11-21,428.29833984375,428.34341761654866,406.7008028317125,410.30790529585187,20639
2023-11-22,428.0097351074219,432.852265423648,409.40610104653376,409.40610104653376,9071
2023-11-23,423.013916015625,424.5018402625769,416.71051333162467,416.71051333162467,34888
2023-11-24,419.1543273925781,430.146974498017,414.90697189087297,425.6380963586248,24061
2023-11-27,423.7263488769531,429.2452114784749,414.81680100861024,414.9159831209862,4533
2023-11-28,418.17138671875,429.2451901020962,414.81678035076527,426.53986327372166,26771
2023-11-29,419.77655029296875,426.539867429805,418.1713907932933,418.1713907932933,13695
2023-11-30,419.3256530761719,423.83453106623824,418.4238774781586,421.1292042721984,1166
2023-12-01,441.0223693847656,446.3789186096824,412.2016291332657,412.2016291332657,50712
2023-12-04,451.4378662109375,459.9055522352247,442.77181597548105,450.8787697467154,9276
2023-12-05,451.1583557128906,455.3876857976035,446.3789556802773,450.8878340204821,17964
2023-12-06,457.2002258300781,457.2002258300781,448.182469896546,448.182469896546,7445
2023-12-07,490.1330871582031,491.49477710791854,459.90555171503036,459.90555171503036,81730
2023-12-08,503.32611083984375,511.30680348134933,469.1487910249947,478.0402858970941,27309
2023-12-11,501.2880554199219,504.5344255893431,491.4677058494009,494.17303267059026,13368
2023-12-12,504.3811340332031,509.5032128245848,496.87835445371013,500.4854568453886,9607
2023-12-13,487.2203674316406,518.5210214264146,487.09416066553473,504.99438608485593,4389863
2023-12-14,500.4764404296875,517.4388375688513,498.6819157598475,509.96313752494024,242396
2023-12-15,496.4906005859375,504.9943379214923,489.8445187918505,501.38723550776734,379599
2023-12-18,490.268310546875,502.1988388093798,487.8876648636657,502.1988388093798,52608
2023-12-19,477.93206787109375,491.46772918212724,473.432216184618,487.10311081912226,88873
2023-12-20,487.6711730957031,494.17299453528847,468.92327948604014,478.8428103982448,170592
2023-12-21,480.7365417480469,485.60615191698025,474.333957118536,478.03121499642026,26253
2023-12-22,472.9001159667969,478.22061399792057,468.92330980700154,478.22061399792057,3987
2023-12-25,472.9001159667969,472.9001159667969,472.9001159667969,472.9001159667969,0
2023-12-26,454.5580139160156,478.84282318379337,450.98696287786765,477.03927206069056,150058
2023-12-27,463.5848388671875,468.9233352729361,440.0665146407554,441.9692480415856,39056
2023-12-28,465.5597229003906,476.6785768082861,451.9699575285018,472.53043091927617,19123
2023-12-29,478.0222473144531,481.54816565812644,464.4144294268448,464.4144294268448,8574
2024-01-01,486.62518310546875,486.868680136115,468.9233232495953,477.9410794659336,10427
2024-01-02,480.5201416015625,486.95883271033625,468.9233203877312,486.95883271033625,1382
2024-01-03,486.9497985839844,495.07480556551474,473.4321911145633,480.6463959315471,40854
2024-01-04,485.588134765625,491.28736348272787,473.43221660725766,486.95885136746506,2111
2024-01-05,486.9588317871094,495.9765879313151,478.0312311883395,486.9588317871094,81855
2024-01-08,480.4299621582031,489.65510863952943,473.71172314421113,489.65510863952943,88
2024-01-09,474.4151611328125,486.50794800462535,473.43220148735554,485.60617238274466,27610
2024-01-10,477.9501037597656,483.3517309013087,468.93234758623373,477.9410771971896,1485
2024-01-11,481.34075927734375,482.44992560565186,477.0392722343735,477.0392722343735,12024
2024-01-12,486.03900146484375,486.95883020136233,477.9410740865223,483.26157221028404,11125
2024-01-15,482.8106994628906,486.9588453890872,474.33398643455524,474.33398643455524,50
2024-01-16,473.43218994140625,473.43218994140625,468.9233119419643,470.0054536698333,197
2024-01-17,469.5996398925781,484.2625198360967,459.91457883350506,484.25349327376756,28079
2024-01-18,473.2518005371094,475.2357177672902,460.91551754218307,475.2357177672902,19127
2024-01-19,474.8930358886719,477.94104165184115,470.7358638114539,475.22668843907695,2703
2024-01-22,468.0215759277344,477.03933268934776,461.7181727577697,473.4322299847024,1582
2024-01-23,469.2118835449219,475.2357379063717,461.70910400011826,475.2357379063717,6491
2024-01-24,464.4415283203125,472.5304292879615,455.901684498441,461.7992772938505,42369
2024-01-25,460.0859069824219,468.83314102247436,459.90554086035644,460.9155250959075,7461
2024-01-26,461.02374267578125,476.1375103329021,460.80732534112303,467.0295989126154,2368
2024-01-29,454.11614990234375,463.51266387412056,452.87172267645315,461.70911265282047,755
2024-01-30,455.378662109375,459.9055658107406,452.69136085684664,455.3966877145569,9894
2024-01-31,456.3255310058594,459.90558143666675,450.8878249379086,450.9870070497907,3448
2024-02-01,456.5780029296875,459.8604793311654,453.59312788812764,453.59312788812764,29935
2024-02-02,451.5731506347656,477.93203336472635,432.9514627933034,468.91427751704754,52
2024-02-06,458.0118103027344,460.807320096952,452.7815229613,452.7815229613,1910
2024-02-07,460.0137634277344,464.414432747063,455.3966767713919,461.7091059543617,3335
2024-02-08,460.0137634277344,460.0137634277344,460.0137634277344,460.0137634277344,0
2024-02-09,471.49334716796875,476.13751349170604,452.6913480546144,460.00473491019613,4549
2024-02-12,450.12127685546875,461.7090986037237,441.87003577309497,456.29844510446134,56713
2024-02-13,450.6533508300781,455.30651644833193,436.45941102184486,450.8878213035588,4044
2024-02-14,450.6533508300781,459.8965511668011,450.8878213035588,459.8965511668011,46
2024-02-15,444.72869873046875,458.1020191897437,432.9514837061202,446.4781181310142,619
2024-02-16,425.8184509277344,453.59312850407645,419.3346821377753,446.37892367697384,4991
2024-02-19,421.40875244140625,433.74503601553573,414.81677502253996,430.1379336240354,23174
2024-02-20,439.0565185546875,450.88781029359006,428.33439321630215,428.33439321630215,9489
2024-02-21,437.3611755371094,446.3789317337508,436.4593999174452,437.3611755371094,757
2024-02-22,443.4481506347656,447.2806969290163,436.4593897452498,436.4593897452498,5663
2024-02-23,450.92388916015625,455.39668853401685,441.87005422112526,446.3248279897715,7251
2024-02-26,458.0118103027344,462.61087125193035,450.8877887445715,450.8877887445715,6255
2024-02-27,450.94189453125,458.99474385938515,432.8522785901057,455.39666810000705,19789
2024-02-28,457.2002258300781,464.41443057690384,450.88779667660566,450.88779667660566,19492
2024-02-29,462.9716491699219,468.74298041117174,455.40573811882666,464.41446822022965,18421
2024-03-01,465.8663024902344,466.21800820118955,462.6109056232306,464.4144569122101,5808
2024-03-04,465.0456848144531,468.92330886048893,453.5931237631268,468.92330886048893,12603
2024-03-05,468.59869384765625,468.9233198594937,457.20023686300635,468.9233198594937,713
2024-03-06,464.8924255371094,468.0215606117793,464.41445802517603,464.41445802517603,135
2024-03-07,464.07177734375,466.2089812160534,457.2002513421638,464.41445649154707,1101
2024-03-08,459.3735046386719,464.36934909149693,458.10199775981175,463.5126512766599,1173
2024-03-11,468.760986328125,469.14874322084376,458.10199241939193,464.414421448793,9750
2024-03-12,455.2163391113281,473.3420627799478,450.88782698032065,473.3420627799478,859
2024-03-13,455.513916015625,463.51266123331783,450.8878027561458,462.60185906534804,13721
2024-03-14,478.21160888671875,486.04804136719014,455.39669629800994,455.39669629800994,10446
2024-03-15,468.4543762207031,474.33397081008934,464.4144391011331,474.33397081008934,51587
2024-03-18,468.9233093261719,474.33396289532,468.02153373131387,474.33396289532,12211
2024-03-19,472.2418518066406,482.44093190459967,464.4144460011704,468.9233241176866,806448
2024-03-20,498.46551513671875,500.4764572154911,467.11978485980114,470.3661551710051,169366
2024-03-21,492.86541748046875,495.9765541462979,486.9587986163652,495.9765541462979,341
2024-03-22,496.01263427734375,496.8783586731034,486.0570514061755,486.0570514061755,3483
2024-03-26,489.2222900390625,495.97658048324104,454.05304160479636,495.0748048823624,3716
2024-03-27,495.21905517578125,500.4854488005862,468.9233033807294,495.96754432122736,12251
2024-03-28,496.8963623046875,504.99428882337355,480.65537645951997,495.0747581500573,6250
2024-03-29,504.7959899902344,504.9943542101804,495.07482225248043,495.07482225248043,2937
2024-04-01,491.2873229980469,502.28899603775625,490.565913544954,502.28899603775625,5938
2024-04-02,483.28857421875,489.66413409808837,481.54815397491564,489.66413409808837,4874
2024-04-03,484.3526611328125,486.8686501880185,480.69145453578665,486.8686501880185,2553
2024-04-04,486.1562194824219,489.123096364755,481.097271690741,482.4499350600683,1036
2024-04-08,486.0570373535156,490.5659152510436,484.25348619450443,490.5659152510436,4047
2024-04-09,483.874755859375,490.5659152480621,470.7268524990596,485.60614956081145,4482
2024-04-15,485.4167785644531,491.4677127876759,475.2357516313857,481.548180969943,9373
2024-04-16,480.48406982421875,486.95881186608096,479.2937194570778,486.95881186608096,7799
2024-04-17,479.8888854980469,482.4409258913906,468.92331827296283,479.7446256177235,6078
2024-04-18,480.13238525390625,482.9459207763275,470.726872171451,470.726872171451,5613
2024-04-19,476.5094909667969,494.4622799271651,467.36194343115704,494.4622799271651,455653
2024-04-22,479.8471374511719,483.0421106735817,475.44451658458576,475.44451658458576,8855
2024-04-23,478.1925964355469,484.95340348449815,470.69006808789527,474.49362419365605,7269
2024-04-24,481.53021240234375,484.9534188094709,469.73919390564436,480.19897352702515,9728
2024-04-25,468.41741943359375,487.7965420237258,462.1320570314024,476.3953921249642,10374
2024-04-26,458.1573486328125,469.72965160542833,455.04792300572996,467.8373917662205,8527
2024-04-29,451.9100036621094,465.9356166111175,450.6738595521016,465.9356166111175,2941
2024-04-30,451.9670715332031,458.32852159216094,451.6722982495362,458.32852159216094,1625
2024-05-02,441.23150634765625,452.6231670922611,423.66858523691553,452.6231670922611,10281
2024-05-03,442.59130859375,456.4172141330629,431.70361764258877,446.89883471916625,12603
2024-05-06,441.1364440917969,447.8687255418478,437.5135302515553,439.3107244168444,1645
2024-05-07,440.1950378417969,447.8211861944768,439.310718036243,446.9083118608444,1608
2024-05-08,439.12054443359375,446.91784612241054,424.09650929913846,442.1634009508955,734
2024-05-09,434.5087585449219,461.18118451610457,427.9000681077259,434.5562913894016,8484
2024-05-10,445.11114501953125,446.91782830892913,435.5071603521054,446.89882097577964,108884
2024-05-13,466.3920593261719,478.49685803970755,443.11428555251416,446.90832347540385,35741
2024-05-14,467.42852783203125,480.19896055107824,456.4267347812229,465.9261069128314,133509
2024-05-15,460.04010009765625,480.19895909698243,454.6200500498399,465.9356236782602,55689
2024-05-16,458.4521179199219,463.0829427039487,454.52494170941986,461.18116470516446,2781
2024-05-17,466.22088623046875,469.7391872975168,454.5249626077187,458.3285187801682,1382
2024-05-20,468.3888854980469,484.95338445700014,459.2793817504531,465.9356046743727,5896
2024-05-21,471.2415466308594,475.3399048205953,464.0338209507693,465.93559890548556,1739
2024-05-22,464.4332275390625,479.2480656903316,461.1811743250215,461.1811743250215,4551
2024-05-23,460.7532653808594,465.9356221737938,457.3776209501935,463.08295509926035,2049
2024-05-24,459.0036315917969,462.9878589146799,457.66287458878764,462.1320645988185,1753
2024-05-27,456.27459716796875,458.32852099326885,455.4758538501572,458.32852099326885,950
2024-05-28,456.27459716796875,456.27459716796875,456.27459716796875,456.27459716796875,0
2024-05-29,441.6974792480469,456.4172230815669,437.4089603722841,456.4172230815669,5379
2024-05-30,445.29180908203125,454.5249329631871,436.9334868129382,438.35982028458005,14085
2024-05-31,451.7103271484375,456.4267285515309,445.01606033774266,445.01606033774266,2785
2024-06-03,454.87677001953125,465.9260956471851,446.92735184333947,451.67227870624913,929
2024-06-04,447.02239990234375,460.2302616289562,446.91781604464757,460.220743453228,9970
2024-06-05,448.0208740234375,456.4267294756885,446.91783927827834,455.4758404559475,13532
2024-06-06,446.9178161621094,451.65325368226485,446.9178161621094,446.9178161621094,12752
2024-06-07,446.9178161621094,455.00037241184964,437.5135103142563,454.5249279265708,108372
2024-06-10,451.54864501953125,451.67226522986994,446.9178203327134,447.8687093121447,7261
2024-06-11,455.7420959472656,465.9261093960769,448.8196249269423,465.9261093960769,3083
2024-06-12,450.6453552246094,461.162185886659,448.84816097559565,461.162185886659,68
2024-06-13,478.5919494628906,480.1989542252697,456.4267287685732,462.1320628781803,19075
2024-06-14,474.27490234375,475.44450627596757,461.18117108768854,461.18117108768854,1486
2024-06-20,484.83929443359375,484.95339647210386,475.45402452135227,475.45402452135227,66321
2024-06-21,484.9533996582031,485.9042886771408,475.45402764504155,485.42884416767197,7173
2024-06-24,488.8330383300781,490.18328447323285,486.85517293946697,487.80606194911434,6364
2024-06-25,487.568359375,493.5114159251584,456.4362612286758,476.3954130607021,32024
2024-06-26,491.3433532714844,503.97118748774506,461.35233406435646,493.9868526412897,107989
2024-06-27,499.8253173828125,508.7256246628285,487.0453666585614,487.0453666585614,9055
2024-06-28,509.12493896484375,513.3849608729521,494.5668316446713,499.21669248081554,14241
2024-07-01,504.57025146484375,507.7747428582208,494.4718145925863,507.7747428582208,250779
2024-07-02,502.73504638671875,509.67652476195195,489.70785494851725,509.67652476195195,3216
2024-07-03,498.40850830078125,508.72563106144923,466.8865137405076,494.56687947539206,12452
2024-07-04,503.9997253417969,506.8238378182803,494.4622807983223,494.4622807983223,64570
2024-07-05,495.099365234375,503.9236431168049,487.8060627686707,487.8060627686707,1930
2024-07-08,491.75225830078125,499.3117792474928,464.03382137064784,489.8124076411147,739
2024-07-09,497.9710693359375,501.11850964617463,484.9533964317819,492.57002670882423,2398
2024-07-10,488.7474060058594,506.8238143749379,484.9533683512539,506.8238143749379,879
2024-07-11,494.50030517578125,500.64306913988713,488.7569563872782,489.7078454074869,5496
2024-07-12,512.7954711914062,514.4309724880042,494.4623025762702,503.9711930104292,161296
2024-07-15,509.5433654785156,513.4800598665304,503.9711698690021,503.9711698690021,3731
2024-07-16,509.5433654785156,509.5433654785156,509.5433654785156,509.5433654785156,0
2024-07-17,509.5433654785156,509.5433654785156,509.5433654785156,509.5433654785156,0
2024-07-18,517.2645874023438,518.7099572760624,503.980695731279,503.980695731279,14069
2024-07-19,494.5383605957031,510.62738600474995,494.46227322620103,510.62738600474995,23804
2024-07-22,490.6682434082031,508.72561627752384,489.7078362297659,489.7078362297659,5692
2024-07-23,490.81085205078125,513.38500618432,490.6587353438342,502.0694036076443,791628
2024-07-24,493.70159912109375,506.8238562109559,492.7507100850507,501.1185219946975,660
2024-07-25,489.7173767089844,503.9711942179143,489.7078585325016,496.36408185236087,19485
2024-07-26,485.904296875,503.02029950464777,484.95340784001957,503.02029950464777,5925
2024-07-29,497.8283996582031,499.2167184736104,489.70782859792257,493.5018663722968,16794
2024-07-30,490.82037353515625,499.21673990641284,489.7078496224812,499.12167421863774,7634
2024-07-31,485.695068359375,493.51137687643705,484.9533761213543,485.0579599793232,672
2024-08-01,485.40985107421875,493.511415306459,481.1498576976267,489.707859119126,10434
2024-08-02,488.3195495605469,493.0359802166407,476.39542157866344,481.2449616140688,969
2024-08-05,476.3954162597656,487.80608491269413,475.4540453819249,475.7297823141457,1223
2024-08-06,478.63946533203125,483.5270486416355,475.4444922729946,475.4444922729946,408
2024-08-07,480.921630859375,484.84880708000935,480.19894593194704,484.0025019393288,1952
2024-08-08,482.1007385253906,489.23240625505616,477.39382621627925,489.23240625505616,202
2024-08-09,484.6205749511719,484.8582972021063,475.9199463707375,476.39539087260636,233
2024-08-12,484.7632141113281,489.70784865675364,472.5918461794302,488.7474414539449,1120
2024-08-13,484.92486572265625,488.7569472416381,477.3462792126505,484.95339123197556,3130
2024-08-15,476.48095703125,488.2814927930853,476.3953805050355,476.3953805050355,1977
2024-08-16,475.4540100097656,483.97396717815707,468.788268948229,476.4048989934334,1661
2024-08-19,466.9150390625,488.756961234043,461.18117937453474,484.00251608585194,1561
2024-08-20,467.6282043457031,475.4445133051937,461.18117790603793,473.5332170756812,469
2024-08-21,476.3954162597656,481.1403433552491,470.69008193330137,481.0547668226119,116
2024-08-22,485.153076171875,491.6096207083851,472.0118120401317,483.78379366889845,4494
2024-08-23,477.00396728515625,489.7078302735048,475.44449541116967,476.7662450374507,299
2024-08-26,469.0640563964844,482.10073683533915,466.8865123987209,482.0912186590406,623
2024-08-27,478.0499572753906,479.2480867783625,467.9420019132229,467.9420019132229,2063
2024-08-28,455.1715393066406,466.41105424501507,447.0604573018281,466.41105424501507,8742
2024-08-29,450.7214050292969,456.4172210937468,447.8687379088583,454.5154430134544,4138
2024-08-30,451.605712890625,451.67228208618843,448.1064482802449,450.71187489509543,861
2024-09-02,447.7450866699219,451.67226277665566,441.2124840597226,447.02240176345407,658
2024-09-03,441.25054931640625,447.3932842652109,432.6545044435089,447.3932842652109,373
2024-09-04,440.4517822265625,445.49148215677053,440.2615928251542,441.212481794539,325
2024-09-05,437.57061767578125,442.1538807457811,430.75273056282606,438.64509790379606,477
2024-09-06,433.4627685546875,442.48669613058183,432.71155809844385,437.40895221108667,2258
2024-09-09,428.7463684082031,433.6053974195459,426.0078033604353,429.8018413018306,1040
2024-09-10,420.3785095214844,428.755839190213,390.96752006625667,428.755839190213,3619
2024-09-11,418.7905578613281,427.89054379153293,408.8822814359212,427.89054379153293,25090
2024-09-12,418.47674560546875,422.19472515837987,414.7778024050214,422.19472515837987,6706
2024-09-13,434.6894226074219,451.67228665667443,427.8905428668942,427.90006104316524,5556
2024-09-16,435.5927429199219,436.22033314850955,428.0046381766307,436.22033314850955,1705
2024-09-17,435.5927429199219,435.5927429199219,435.5927429199219,435.5927429199219,0
2024-09-18,436.1442565917969,439.3107040932756,418.3911467555006,435.49763003795607,13467
2024-09-19,446.9178161621094,449.9796798080582,428.8509257215135,440.0428784581991,32967
2024-09-20,451.3965148925781,456.4267258927939,431.70361157360094,450.00822505992653,2642
2024-09-23,453.3648681640625,455.64699602022256,433.8906504859144,433.8906504859144,228
2024-09-24,452.0621643066406,452.62318536085763,439.3107387325971,452.62318536085763,1762
2024-09-25,459.5931701660156,475.4254953194156,441.26003130447907,441.26003130447907,24292
2024-09-26,469.7486877441406,480.19894864749324,451.6722784308105,462.7691659133851,47264
2024-09-27,465.7264099121094,474.4746002567686,450.05574885795454,471.6409406103553,541
2024-09-30,472.4016418457031,476.3953872384675,456.5313021728794,475.33991438140833,5666
2024-10-01,476.25274658203125,484.9533748565747,462.3222289707993,465.9355954504345,11268
2024-10-02,465.8500671386719,466.88653274131644,457.4822259226407,465.9356436725969,4416
2024-10-03,460.4394836425781,465.935621031957,456.426730806815,456.6169202188499,5290
2024-10-04,457.71990966796875,474.4840871816296,456.42671457238487,456.42671457238487,719
2024-10-07,469.72967529296875,469.73919346955074,456.53133055813925,464.8611279712771,521
2024-10-08,461.98944091796875,468.78829167706476,461.1811794388974,468.78829167706476,259
2024-10-09,461.98944091796875,461.98944091796875,461.98944091796875,461.98944091796875,0
2024-10-10,451.4345703125,464.98473908965246,446.9178473867825,464.98473908965246,366
2024-10-11,446.993896484375,459.26987717998514,446.9178381312761,454.5154320934822,299
2024-10-14,447.1460266113281,465.92608404789826,442.3060051643652,451.6722674618128,1756
2024-10-15,428.07122802734375,446.90833789471463,426.9491859064076,442.16341079394107,18910
2024-10-16,432.68304443359375,435.48817874622983,423.3262996384907,424.09651744957205,3658
2024-10-17,422.670166015625,433.5768641487049,422.1947215094207,428.004639446199,14360
2024-10-18,416.6225280761719,431.9128107100091,413.63672263204245,427.48166440599016,9209
2024-10-21,450.7594299316406,458.2809654080111,422.2137235639878,427.5006640853711,26909
2024-10-22,467.42852783203125,495.4131850437857,432.0364369451174,432.0364369451174,57462
2024-10-23,459.6122131347656,467.36195283580497,456.42672911736804,466.8865083263077,27330
2024-10-24,454.69610595703125,459.27939801143685,449.7705077834568,457.37761996584084,3479
2024-10-25,441.52630615234375,463.02592297106895,438.35985833870353,463.02592297106895,7737
2024-10-28,422.52752685546875,442.1633786183006,418.3911539614027,440.2616006457488,19456
2024-10-29,415.2056579589844,431.70358719406505,413.63669698109754,425.4752761229154,69712
2024-10-30,409.2911376953125,426.4451830616304,407.45592892395456,426.4451830616304,23220
2024-10-31,409.4718017578125,421.2438117959349,406.9804773107452,418.23899918212885,4546
2024-11-01,405.4781188964844,418.39117934526405,399.37339846593386,413.627215948966,40165
2024-11-04,418.2200012207031,418.39115427384166,407.9313754169956,413.5701401453037,6684
2024-11-05,427.79547119140625,428.1853101494405,419.3420539525313,419.3420539525313,7684
2024-11-06,427.9190673828125,432.6259796508851,426.94917102681325,427.90006004914466,3575
2024-11-07,461.97039794921875,470.70907032916915,427.90005726874983,427.90005726874983,29004
2024-11-08,481.4921569824219,493.95829828019674,451.88148757465683,458.3285140598071,239266
2024-11-11,470.6900634765625,484.953398733428,468.79780361851056,480.1989536478062,10266
2024-11-12,470.6615295410156,480.19894505128093,466.93403189233265,470.69005505026547,5844
2024-11-13,497.6382751464844,500.16761435169303,465.9356103276228,466.45858767045877,109556
2024-11-14,491.47650146484375,499.21675227680294,488.75697270528894,499.21675227680294,21041
2024-11-15,508.29766845703125,509.8951549028737,483.0515788472502,487.8060235209436,58474
2024-11-18,537.0715942382812,557.677341868424,508.72559650056894,508.72559650056894,73161
2024-11-19,548.7390747070312,559.1227669862301,542.9576529747234,543.9085420342238,15310
2024-11-20,529.245849609375,552.4665442191239,526.7925395824349,540.1049864310884,8131
2024-11-21,549.2240600585938,559.5982345889117,522.9890042887025,529.2458708087389,30651
2024-11-22,537.309326171875,554.3682768407626,532.4978302415558,554.3682768407626,135817
2024-11-25,540.095458984375,540.1049771608438,532.4978648064657,532.4978648064657,14366
2024-11-26,521.8668823242188,538.2031475776944,520.1362574646622,538.2031475776944,44503
2024-11-27,527.0397338867188,542.0067171045996,522.9889375570698,533.4487163082111,14973
2024-11-28,561.072021484375,569.5824893179423,518.2344852725853,532.4978197296289,72146
2024-11-29,574.327392578125,580.042244303931,551.5155765512786,561.0719986408864,10126
2024-12-02,580.2229614257812,582.8949571951696,573.3860671919857,575.2878451926225,26548
2024-12-03,583.8173217773438,584.796765356262,566.7298734184262,579.0914310601032,25885
2024-12-04,581.925048828125,587.6494193491764,575.8108393421342,577.1896400403723,8761
2024-12-05,608.0459594726562,616.176048505123,570.8186333270758,584.3117500440877,48060
2024-12-06,619.9796752929688,627.5772696964991,547.2841940901179,608.569006422546,27841
2024-12-09,615.900390625,625.6850184238134,580.1849988857186,580.1849988857186,15487
2024-12-10,605.5546264648438,620.9304845405179,599.0600386838075,620.9304845405179,8581
2024-12-11,601.9127197265625,616.1760543172393,594.3056079448681,599.1646366663878,3849
2024-12-12,620.5121459960938,628.5376517683183,595.256535562734,601.9127588038509,40405
2024-12-13,617.1649780273438,627.5867424007683,600.01096129528,609.5198513316552,9225
2024-12-16,608.7591552734375,648.5063042489029,597.1582977541217,608.6735497260428,18437
2024-12-17,591.86181640625,617.1269433793824,572.9771753344949,609.9952760830105,10416
2024-12-18,571.5223388671875,592.403883486864,556.7740983204591,592.403883486864,8054
2024-12-19,544.9830322265625,572.43519376982,542.0067449315571,554.7296447450686,6350
2024-12-20,545.5155639648438,554.368339064766,542.0733501045731,550.5647827075463,5027
2024-12-23,569.22119140625,578.1405352276099,548.2825962129617,556.2605691725261,1818
2024-12-24,581.8299560546875,595.2565038630262,561.0245004459832,574.3369462192777,16896
2024-12-26,559.5505981445312,590.6066048219128,559.1226865218052,581.9440206655523,14008
2024-12-27,574.9740600585938,581.9440929783071,553.4174217538804,559.1322741751997,5609
2024-12-30,570.495361328125,581.9440435128276,559.1322266487338,578.1404876728745,7912
2024-12-31,566.2924194335938,575.2878503508184,524.0349095590454,570.4953906398003,74289
2025-01-01,566.2924194335938,566.2924194335938,566.2924194335938,566.2924194335938,0
2025-01-02,569.4493408203125,570.7425358590792,538.2031439537321,538.2031439537321,11338
2025-01-03,569.4779052734375,578.1404898017919,543.9084871161596,571.2940776571342,3304
2025-01-06,567.6902465820312,574.3369513522179,553.4364298734047,574.3369513522179,1142
2025-01-07,564.2670288085938,572.4351910412512,553.1987247050556,568.6316349545983,6879
2025-01-08,528.9510498046875,569.534985912793,523.4644016279259,569.534985912793,17715
2025-01-09,509.23907470703125,555.2241109044678,489.89802492758844,536.2918783932812,23343
2025-01-10,493.5779724121094,531.53744598118,476.3954007922682,531.53744598118,22559
2025-01-13,499.69219970703125,511.27402146264814,479.24808497115845,493.57799003193855,84942
2025-01-14,507.0901184082031,524.8907327926604,494.462284514825,511.57828667110743,16743
2025-01-15,508.9253234863281,522.0380619260313,503.97117089398296,503.97117089398296,3780
2025-01-16,492.04705810546875,511.5687797017917,486.44630779259734,486.44630779259734,3342
2025-01-17,508.3452453613281,512.0537357433354,491.60962187428856,492.04705171574193,960
2025-01-20,513.8984375,522.0380447653635,503.02026535678925,513.4705258557757,14751
2025-01-21,520.0126953125,522.9889827116722,513.4800921169144,518.2345374142933,4915
2025-01-22,518.6243286132812,524.8907124745006,513.4800448120114,518.2344896713819,45867
2025-01-23,519.99365234375,522.0380870106779,485.92331054447163,513.4800855842734,2436
2025-01-24,518.4912719726562,522.9889584432168,518.2345133664603,521.9334855652152,4279
2025-01-27,518.4912719726562,526.782996328443,504.0947983511992,526.782996328443,551
2025-01-28,511.7589416503906,561.0244973040037,504.0091732607046,518.4912518685827,2813
2025-01-29,510.80804443359375,522.9794115543239,510.62737320908985,522.9794115543239,2597
2025-01-30,502.26910400390625,517.26458420027,499.21672939348593,508.9158088863769,15859
2025-01-31,497.7808837890625,513.4800707951395,494.452772219094,502.0694025552475,5436
2025-02-03,494.8045959472656,504.9220690374307,490.6587337538874,498.456035316423,2164
2025-02-04,503.00128173828125,503.9712071618525,493.520945567296,493.5304637440232,2173
2025-02-06,490.33538818359375,503.0202727726919,489.70782699042786,503.0012364209525,3252
2025-02-07,480.0563049316406,496.791956698862,463.0829309206202,496.791956698862,6872
2025-02-10,467.03863525390625,489.7078250720704,461.3808342110761,487.2830697787596,30925
2025-02-11,476.72821044921875,489.7078396178482,467.93248711627683,470.67105210511363,4398
2025-02-12,484.2782897949219,489.7078581159445,473.58078803996193,475.4350042661899,25655
2025-02-13,499.85382080078125,503.97118655659045,480.7219381352685,484.95340593181345,22871
2025-02-14,521.106201171875,532.4978326628622,500.1676071083312,532.4978326628622,36943
2025-02-17,522.047607421875,523.939867348232,506.82386442215545,520.1363111424372,16399
2025-02-18,524.04443359375,527.7434058085455,513.9745513786007,522.0380716916964,3778
2025-02-19,522.0951538085938,523.9398809377577,513.6798087000672,513.6798087000672,14462
2025-02-20,532.5643920898438,535.3409716301223,505.96799743447286,505.96799743447286,18079
2025-02-21,519.2994995117188,537.252288594857,510.92216968717076,518.2630629958726,5502
2025-02-24,522.5040283203125,526.944664048186,509.201099452573,518.2345456613488,2139
2025-02-25,510.8556213378906,523.9969149065768,504.0948141558132,504.0948141558132,2813
2025-02-26,517.2836303710938,527.7434096616857,513.4800742654239,516.3232231683864,4634
2025-02-27,513.2898559570312,518.2344902235766,503.9711556302671,506.833340724683,2805
2025-02-28,520.1362915039062,522.9889585505456,504.0757621022885,513.4800683950812,3650
2025-03-03,539.715087890625,561.9753728065106,519.1853698009387,522.0380366679768,143842
2025-03-04,539.715087890625,539.715087890625,539.715087890625,539.715087890625,0
2025-03-05,538.80224609375,550.5647385418648,531.565994633663,534.3996253204284,13806
2025-03-06,532.393310546875,546.7517126991658,524.8907816411173,546.7517126991658,7569
2025-03-07,521.7813110351562,532.4978488146012,513.480068499794,532.4978488146012,6558
2025-03-10,525.6324462890625,532.4978369719462,521.0871690368331,521.0871690368331,700
2025-03-11,515.40087890625,531.5469556968696,511.1028420162208,531.5469556968696,4291
2025-03-12,518.1869506835938,522.7987389274153,508.7255939181456,520.5641730850804,865
2025-03-13,531.2997436523438,551.5156543369983,513.4800919689294,521.0872044425432,52800
2025-03-14,522.551513671875,532.4978333818136,518.2344985590864,532.4978333818136,5384
2025-03-17,555.1385498046875,574.8029289554617,513.4801016566088,521.0872142737437,34341
2025-03-18,555.40478515625,564.9612080608273,551.049697257401,555.1480265525305,9291
2025-03-19,565.9406127929688,589.5321675166251,542.0067519444913,556.2700875219779,15360
2025-03-20,559.8453979492188,579.5192930138486,551.5156013055444,579.5192930138486,27914
2025-03-21,556.3651733398438,559.1227748663246,552.4665513560111,559.1227748663246,2239
2025-03-24,552.7232666015625,556.2700639930916,532.497839036122,552.8468868143515,6467
2025-03-25,555.2431030273438,569.5825257697206,542.9576330793163,552.4665233258893,5011
2025-03-26,527.8765258789062,558.171835058855,518.2344976270459,555.31916809944,59068
2025-03-27,522.3994140625,532.4978508043846,514.4309594378072,522.9889606114492,2074
2025-03-28,522.3994140625,522.3994140625,522.3994140625,522.3994140625,0
2025-03-31,522.3994140625,522.3994140625,522.3994140625,522.3994140625,0
2025-04-03,520.6593017578125,532.4883641802503,513.4896190210641,532.4883641802503,4243
2025-04-04,508.7255859375,522.9889201226636,507.78421516730407,522.9889201226636,7047
2025-04-07,480.9596252441406,507.7747055729395,461.1906646229752,503.9711497259512,37627
2025-04-08,481.9390563964844,499.02653279132176,474.4936083365622,480.9976855777939,6951
2025-04-09,475.98651123046875,489.69831428894213,473.54271954860053,481.9390566068501,4970
2025-04-10,475.93896484375,485.90429228294624,475.44451299701194,479.24806910098806,17747
2025-04-11,475.4635314941406,480.19896940155286,475.4445241599533,480.19896940155286,17994
2025-04-14,483.92645263671875,486.8551780488839,474.9690653035498,484.92487449979484,56128
2025-04-15,487.3210754394531,489.70781602298825,479.24803742832245,480.1989263914739,3228
2025-04-16,497.4576110839844,512.5291787467231,486.62697128124444,489.688806049447,17426
2025-04-17,497.20086669921875,503.97119203218534,494.4623016164838,496.3640796996241,8516
2025-04-18,498.2944030761719,501.0709827755475,485.42884672411407,494.4622924515951,4996
2025-04-21,494.01654052734375,507.93663674731255,489.4548180383522,507.93663674731255,8324
2025-04-22,491.53009033203125,498.2649932524863,489.45480673132255,498.21605972139344,1852
2025-04-23,488.0647277832031,491.530076079082,487.4969733683963,489.47435997563014,1796
2025-04-24,482.16192626953125,487.496995702198,480.65442694869296,487.496995702198,10442
2025-04-25,473.56707763671875,485.5293539213726,454.214045958993,485.5293539213726,157602
2025-04-28,476.81707763671875,488.4465285659535,472.3238861184145,472.3238861184145,25073
2025-04-29,464.8352355957031,479.66571025428533,452.2660397526894,452.2660397526894,1586
2025-04-30,455.2027587890625,476.70940371333785,452.25623135842693,476.70940371333785,7631
2025-05-02,474.27191162109375,479.665713179986,460.0875208052927,460.0875208052927,24308
2025-05-05,484.0316467285156,488.4759048083116,450.41589365784387,474.2719165336801,11108
2025-05-06,492.4306945800781,499.24389704564203,484.0316334650746,484.0316334650746,34802
2025-05-07,482.3772888183594,491.4126354803192,474.87883744906446,478.6868102587173,6984
2025-05-08,449.750244140625,498.26500315843384,443.4460637146769,494.3395659707433,39852
2025-05-09,467.5272216796875,474.7613479460276,425.8256675704155,469.8668000429194,38965
2025-05-12,507.9366149902344,513.4184848182912,492.3915258553662,513.4184848182912,21659
2025-05-13,518.782958984375,538.4002860806888,499.2439016384569,517.8431842485171,31643
2025-05-14,512.6060180664062,516.766383721349,504.13842642248096,513.92752208117,11980
2025-05-15,510.0412902832031,513.9275326607124,507.0457695919971,513.9177340051882,6996
2025-05-16,512.2242431640625,514.8966472334744,506.09625955256286,506.09625955256286,5285
2025-05-19,508.98406982421875,513.92755146492,504.1482539024233,504.1482539024233,5480
2025-05-20,508.3477478027344,509.0329964783431,495.8177167620784,509.0231978225928,4166
2025-05-21,505.136962890625,509.9335841956364,504.1384559556173,504.1384559556173,1339
2025-05-22,506.3312072753906,513.9275555610623,505.2935654578882,508.97427522499936,5034
2025-05-23,502.42535400390625,508.93512676643905,499.24389779248355,505.12715406927083,2369
2025-05-26,506.6640625,508.5337536022863,480.9382887712542,499.35157650256525,4007
2025-05-27,492.54815673828125,505.117352387229,489.45479882483426,490.43370842248396,6433
2025-05-28,492.54815673828125,492.54815673828125,492.54815673828125,492.54815673828125,0
2025-05-29,496.3071594238281,498.2649785931529,491.4126115005162,498.2649785931529,382
2025-05-30,504.9900817871094,523.7166268891651,491.61817329885974,499.23408865941144,18447
2025-06-02,505.2739562988281,513.9275435110235,494.3493513772702,508.4750098320251,1067
2025-06-03,508.89593505859375,512.9486351798545,503.1595390886359,512.9486351798545,1022
2025-06-04,504.1384582519531,510.9712283337868,502.18063899660575,504.7257801293965,7016
2025-06-05,504.45172119140625,511.7739461551365,502.1806436643455,502.1806436643455,2335
2025-06-06,504.45172119140625,504.45172119140625,504.45172119140625,504.45172119140625,0
2025-06-09,504.45172119140625,504.45172119140625,504.45172119140625,504.45172119140625,0
2025-06-10,497.91259765625,507.3395019668707,490.4435125628232,506.0864689888742,3054
2025-06-11,506.1354064941406,513.8296814865365,489.45480814190887,506.0962716187338,32854
2025-06-12,507.15350341796875,509.0329931247094,492.49919560468186,506.135399193063,6009
2025-06-13,512.8507690429688,518.8318924259934,489.5722698170784,509.0329976613482,12764
2025-06-16,512.8507690429688,512.8507690429688,512.8507690429688,512.8507690429688,0
2025-06-17,511.53900146484375,513.9079459826156,496.3071703811298,513.9079459826156,128962
2025-06-18,503.5706787109375,509.0232125585031,494.35916531630545,504.22659118618463,1937
2025-06-19,507.3297119140625,515.8853724786167,490.54138794277975,494.54515459891076,3928
2025-06-20,506.7227783203125,509.130857691178,500.22280425430256,509.130857691178,2769
2025-06-23,484.04144287109375,500.2228177574076,479.6657156577881,500.2228177574076,7803
2025-06-24,494.4961853027344,509.03299903852866,489.44500811201647,489.44500811201647,4284
2025-06-25,500.2913513183594,509.0330071365523,500.22282047457355,508.05409750744354,2022
2025-06-26,510.0510559082031,515.8853788557408,494.3493668351975,500.2326233150194,12468
2025-06-27,516.3846435546875,528.6112156306276,501.0255486217259,508.9253567361765,12454
2025-06-30,542.8837280273438,557.9784980342251,509.0330157505212,509.1406814720486,48380
2025-07-01,531.0584716796875,533.5938738980739,511.0886914261201,533.5938738980739,16904
2025-07-02,527.4952392578125,533.5057588437322,513.9373645147982,523.7166623511868,8495
2025-07-03,535.79638671875,543.2948076852953,519.9575774048374,527.142799889246,4486
2025-07-04,538.341552734375,538.8897397254694,523.7166407867868,535.7964116502725,48131
2025-07-07,563.9694213867188,586.8367364148028,533.5057579337123,533.5057579337123,41414
2025-07-08,557.293212890625,576.5777435989472,549.1682753124098,569.2457203919624,9932
2025-07-09,549.853515625,557.9393182064885,548.1893574118486,548.4830183323111,5753
2025-07-10,548.1991577148438,556.020635617475,548.1893590594825,553.1817739660434,16009
2025-07-11,571.516845703125,577.5567015989071,538.596108932155,538.596108932155,20982
2025-07-14,582.4512329101562,588.3736242531917,579.0837813753478,587.3457810858719,21763
2025-07-15,590.7034301757812,602.0294217514884,577.5566810298832,579.5145002876116,66723
2025-07-16,604.0166015625,612.4254013225953,582.4511950240469,582.4511950240469,22305
2025-07-17,608.9208984375,626.5021361422353,592.2403005719568,604.966125212346,21001
2025-07-18,601.8434448242188,609.8607173182057,598.1138014148053,608.9209425366882,8105
2025-07-21,606.2778930664062,606.9141484525377,597.1348511870241,598.1137607791339,16331
2025-07-22,616.742431640625,619.6497644155261,600.0715728068207,600.0715728068207,25620
2025-07-23,611.5052490234375,616.703256671278,607.1784852694441,611.8185072689073,2927
2025-07-24,606.5519409179688,616.3214392739714,602.5188382831353,607.1197251960467,6900
2025-07-25,628.4110107421875,632.3755825531968,599.09265715566,603.0082954377232,709483
2025-07-28,617.6234130859375,640.9312477560566,606.9239385645395,635.7430389404878,44720
2025-07-29,603.7523193359375,621.1475627641132,601.0505191689339,608.4021401275538,25094
2025-07-30,617.2025146484375,626.5021560269627,599.0926867007831,603.7523060458979,26616
2025-07-31,607.0316162109375,626.5021424461427,606.9239504947006,625.5232328485705,12983
2025-08-01,611.56396484375,616.6151717634081,606.9239429684615,610.8395813101935,7119
2025-08-04,615.23486328125,623.5653932435871,606.923930629551,606.923930629551,6226
2025-08-05,623.8297729492188,631.3183959370743,606.9729176755751,624.3485639957856,7862
2025-08-06,623.77099609375,624.5443131540858,612.9050638876274,624.5443131540858,410711
2025-08-07,626.62939453125,655.8694189202976,611.9163548576732,611.9163548576732,74499
2025-08-08,630.0556030273438,636.2814538663725,625.0337919006823,626.6294193599164,3372
2025-08-11,632.2581176757812,636.2912203232289,598.1235457591962,598.1235457591962,4174
2025-08-12,626.5021362304688,632.3755937576294,621.6075882911682,632.3755937576294,11390
2025-08-13,617.966064453125,638.2490421441122,616.7032328642154,626.5021272580242,4036
2025-08-15,628.25439453125,649.0072907888729,620.6287099669265,620.6287099669265,19787
2025-08-18,652.991455078125,690.9927340658646,628.2641882767691,628.2641882767691,39618
2025-08-19,674.28271484375,683.2788963997313,655.8694277762463,660.7639757447258,17448
2025-08-20,664.9928588867188,680.342153835151,655.8694144885628,674.2827011830199,2182
2025-08-21,652.1104125976562,661.7429096424758,646.0803555680976,655.869451864584,1725
2025-08-22,677.0823974609375,690.1312793733957,650.0057837677898,651.9538043442292,9289
2025-08-25,670.3768920898438,690.1214823649556,665.6781378707717,686.2156425469276,1316
2025-08-26,679.36328125,714.6040278278098,666.8332499719147,670.3768980424068,10215
2025-08-27,667.166015625,704.8148996928361,665.6585163765674,694.0468942808623,6559
2025-08-28,665.6585083007812,680.3323532108656,665.6585083007812,665.6585083007812,1679
2025-08-29,663.6028442382812,679.3632649584746,651.4643412534076,666.6472387662503,12813
2025-09-01,667.9883422851562,680.3421767434572,608.1475932401047,663.4070524949628,8356
2025-09-02,683.0537719726562,709.7094613105505,663.7007100255908,673.4898060436673,6380
2025-09-03,696.3865356445312,714.6040295093766,667.6163672950613,683.0537912710515,30414
2025-09-04,688.5160522460938,714.6040173257064,685.2367289424582,696.9836442957575,18257
2025-09-05,685.980712890625,697.9527583893365,673.5387501470971,688.1734608734309,14000
2025-09-08,680.81201171875,693.0679787101843,679.3632446678926,693.0679787101843,2516
2025-09-09,686.4701538085938,692.921134596412,670.6999345345224,680.3421701694181,5701
2025-09-10,697.6982421875,709.709482479271,671.5418055260157,686.2156513351296,17129
2025-09-11,698.2268676757812,748.8658420313299,682.2999894063228,682.2999894063228,10581
2025-09-12,692.294677734375,712.4014593513087,689.2012899484466,698.1583366618485,500
2025-09-15,686.0003051757812,700.8894821052461,680.4400460128204,692.0792956152334,2902
2025-09-16,685.28564453125,699.8224877490925,680.5379569327569,680.5379569327569,594
2025-09-17,680.81201171875,690.1312499868361,680.342154242342,680.8414076849749,2712
2025-09-18,685.0214233398438,694.0371429748408,674.9582034620254,680.3422065353266,4820
2025-09-19,683.1907958984375,714.6040323206224,677.415264910615,677.415264910615,1262
2025-09-22,682.2412719726562,685.2367330156371,679.3632753040746,683.1907856236995,2578
2025-09-23,682.2412719726562,682.2412719726562,682.2412719726562,682.2412719726562,0
2025-09-24,675.4378051757812,686.2058104542489,674.4686942603829,686.2058104542489,2216
2025-09-25,673.754150390625,685.2171439232011,673.4898256711056,674.4687353014415,1486
2025-09-26,681.5756225585938,685.2367349829815,655.8694463408536,674.4785278034129,2218
2025-09-29,674.4002075195312,683.2495291087014,670.5530998245924,675.5553137188239,3285
2025-09-30,688.4083862304688,714.6040170166615,671.8452523188921,680.273649741743,11263
2025-10-01,695.0258178710938,695.0258178710938,676.4265354210222,689.1523602552817,14883
2025-10-02,679.0010986328125,696.9836639466603,678.0025916803016,685.236748262166,4107
2025-10-03,677.6502075195312,697.8549171038142,675.4476607995327,678.3941884157286,6132
2025-10-06,684.9430541992188,695.0160124023498,670.5530712319602,681.3210767553932,7573
2025-10-07,684.9430541992188,684.9430541992188,684.9430541992188,684.9430541992188,0
2025-10-08,685.1878051757812,689.1523772144374,681.3211002006369,685.2367387075371,12760
2025-10-09,685.2367553710938,689.1523939732143,682.1727633851021,685.1878218381479,23702
2025-10-10,685.2367553710938,685.2367553710938,680.3422071184431,685.2367553710938,23
2025-10-13,675.88818359375,685.2367588542522,637.2701857344546,685.2367588542522,415
2025-10-14,701.6432495117188,724.3930988957538,670.6607369908687,678.3745493643474,39514
2025-10-15,704.7953491210938,709.6996960163572,671.590750596312,704.8149464333793,20642
2025-10-16,701.653076171875,704.4233474124345,687.4001543173541,687.4001543173541,128
2025-10-17,707.790771484375,709.7094557982598,689.6418091170676,701.3789255919155,20773
2025-10-20,709.8660888671875,713.6251281771155,707.7908052084251,707.7908052084251,6789
2025-10-21,714.59423828125,724.3931333337124,707.7908043361704,707.7908043361704,4493
2025-10-22,717.158935546875,720.4774533740584,696.0145124448395,719.4985437906697,2562
2025-10-23,699.9105834960938,718.5587999101439,696.9836532758496,718.5490610021277,2456
2025-10-24,691.1591186523438,709.7094677238084,685.3541918309165,696.9836427853124,2694
2025-10-27,694.8985595703125,699.9203706458272,685.4031244105721,699.4211171854226,794
2025-10-28,685.3150634765625,699.9105796212077,685.2367339775526,699.9105796212077,1969
2025-10-29,686.3134765625,697.9625243605237,685.236699933193,695.0159969911472,4636
2025-10-30,685.2269287109375,688.1734561982786,676.4265408719921,688.1734561982786,2765
2025-10-31,715.5045776367188,724.3930934041163,680.4498277633896,686.215619562548,10920
2025-11-03,694.9376831054688,719.4985510909697,661.3121624740508,719.4985510909697,2398
2025-11-04,693.7727661132812,719.4985384528734,687.2923894991567,695.9753126595656,9464
2025-11-05,693.7727661132812,699.9007496194961,690.1312511690827,699.9007496194961,21
2025-11-06,699.5581665039062,709.7094541930144,684.2578048012649,690.1508596643748,13655
2025-11-07,713.38037109375,724.3931040951973,685.2465187457168,703.816405181165,24978
2025-11-10,713.6251220703125,716.5618509677212,705.793845010556,711.6673028053733,720
2025-11-11,690.16064453125,719.498535738068,685.2367007029219,705.7938017240095,4068
2025-11-12,710.3947143554688,719.4985617587545,690.1900057102573,690.1900057102573,6684
2025-11-13,718.3238525390625,724.3931040087156,699.9203640084212,699.9301626640853,16155
2025-11-14,717.550537109375,719.4985576582004,699.930164268766,709.8073286967053,1281
2025-11-17,715.3969116210938,717.5505246582671,685.383570025798,717.5505246582671,17597
2025-11-18,713.1748046875,719.4985824451746,695.0258415456789,700.0378541020634,6710
2025-11-19,725.2447509765625,726.3509236050114,709.6898630843931,709.7094603957321,68263
2025-11-20,726.4683837890625,729.2778495466,719.49855225319,719.49855225319,6201
2025-11-21,721.52490234375,724.3931002873016,712.6461851475076,719.4985523123875,3468
2025-11-24,721.52490234375,719.4985523123875,715.5829139324561,719.4985523123875,28
2025-11-25,728.5828857421875,729.2876719945181,701.8782024430462,715.5829372187821,7867
2025-11-26,707.761474609375,726.3411606208788,695.0356491772976,726.3411606208788,10814
2025-11-27,715.0445556640625,724.4909978040193,704.814938016876,724.4909978040193,5039
2025-11-28,723.874267578125,724.3833196995411,713.6447098537247,715.5829317808067,159
2025-12-01,719.49853515625,723.9036282286352,709.7192380952187,715.5828968696853,322
2025-12-02,724.3441772460938,724.3931107769715,695.1432868754963,721.4563819494973,1236
2025-12-03,721.632568359375,724.3833019325031,700.018227763766,714.6138032898455,1288
2025-12-04,724.5301513671875,748.8658292028321,710.3065664812453,719.4985417831132,3234
2025-12-05,724.37353515625,724.3931324683483,717.5407649990532,723.4142228298775,14892
2025-12-08,719.0972290039062,719.4887569949759,714.6040076530118,714.6236049643304,352
2025-12-09,717.0610961914062,729.277869144765,714.6040234825076,729.277869144765,1791
2025-12-10,714.9172973632812,723.404427235328,699.979126657334,723.404427235328,1660
2025-12-11,712.6461791992188,717.5407271332793,699.9203545706613,705.803610747066,5391
2025-12-12,715.925537109375,724.3931293447961,703.8360270255519,714.594234346292,8768
2025-12-15,721.5640258789062,723.2967149541247,712.6461739482529,714.7018601662517,25487
2025-12-16,723.7176513671875,727.3298301680322,717.5407342034557,723.404393126573,6784
2025-12-17,720.4676513671875,724.3930883379802,716.5716103627515,724.3930883379802,1263
2025-12-18,726.9676513671875,734.182210441965,716.6205695782772,716.6205695782772,31422
2025-12-19,722.34716796875,728.9744051839511,714.6040192004626,714.8781425717514,2578
2025-12-22,718.9209594726562,724.3930903224107,714.662726692218,716.5716123257556,2904
2025-12-23,716.7967529296875,720.4774625698716,716.5618241863397,719.4985529739886,21524
2025-12-24,731.607666015625,734.1822030541671,709.8269273250181,723.2086048832732,8409
2025-12-26,735.8561401367188,743.971279026328,709.7094438080103,721.4563587400049,5856
2025-12-29,736.0323486328125,743.9712910969963,719.6747478153701,735.8561520757218,14194
2025-12-30,743.11962890625,753.7603711845692,725.3719935685269,733.2032701522627,17116
2025-12-31,748.7680053710938,758.6549688073576,729.2876796922341,735.1611375152588,26927
2026-01-01,748.7680053710938,748.7680053710938,748.7680053710938,748.7680053710938,0
2026-01-02,733.7710571289062,756.6873040271519,729.2876345388397,743.9712781872727,10586
2026-01-05,734.16259765625,745.9585060537136,715.5829126949352,745.9585060537136,6041
2026-01-06,740.5745239257812,746.9080404918504,733.8885544879031,733.8885544879031,12899
2026-01-07,764.2738647460938,782.14876344276,743.9712893823499,747.8771290919433,20608
2026-01-08,773.3287963867188,782.1487815683237,764.2836811132274,764.2836811132274,29910
2026-01-09,769.16845703125,771.380802394737,761.5917059176464,771.380802394737,869
2026-01-12,757.7151489257812,778.2233165528633,753.7505770809036,773.3287686584713,9563
2026-01-13,757.0202026367188,768.424464003681,751.8025975674176,768.424464003681,741
2026-01-14,758.703857421875,761.5818539746864,753.7603759964134,755.8160622136077,4487
2026-01-15,782.814453125,784.1066210185243,753.7604222025764,765.3996721524478,25594
2026-01-16,826.4053344726562,830.1153805249553,765.5171424892876,782.1488078295275,193985
2026-01-19,827.2863159179688,832.073198422508,826.4934014952705,830.115379132102,2188
2026-01-20,832.0144653320312,832.0731975207636,812.4950046379222,827.1786493000533,10966
2026-01-21,822.6071166992188,832.0731557534965,818.3684214234389,832.0731557534965,2883
2026-01-22,831.701171875,832.0633636481708,818.368427865916,818.368427865916,3332
2026-01-23,823.8895263671875,832.0438006758095,822.2841002129893,823.2728085121955,7684
2026-01-26,809.2744140625,833.0423091722903,797.9092276765522,833.0423091722903,23877
2026-01-27,806.944580078125,810.5371616376136,783.1178937476722,798.056064039933,3040
2026-01-28,807.6004028320312,818.2020103040744,802.7058549360796,802.7058549360796,3796
2026-01-29,809.196044921875,825.1326620916135,784.1261844830086,818.2020251635649,432
2026-01-30,820.1598510742188,822.2840681876246,802.7058760879193,817.3895201626982,111484
2026-02-02,821.8435668945312,829.1364555785392,807.6200410572347,820.1598710120188,26280
2026-02-03,820.6296997070312,828.9014977294473,809.5582345840744,820.3262401226775,3094
2026-02-04,822.3134765625,829.2441136518822,809.6757199126271,829.2441136518822,655
2026-02-06,822.0687255859375,836.9677008924224,807.600413141811,829.3517555901052,100686
2026-02-09,812.5145874023438,835.9888211292438,802.7058938243324,818.3684478501731,5479
2026-02-10,815.098876953125,822.2841000209569,797.8211576049979,797.8211576049979,2565
2026-02-11,800.1509399414062,827.1688212608229,768.933498159141,816.4987423674443,1911
2026-02-12,808.6184692382812,817.3895208151952,783.1276846133607,800.1607356528616,3525
2026-02-13,814.1884765625,817.3895301291606,783.1374921927538,797.821136446571,1168
2026-02-16,789.0697021484375,814.1884972683608,754.3086112078839,814.1884972683608,8536
2026-02-17,783.2451782226562,832.0633973046623,773.3680133906066,807.5808575909057,2095
2026-02-18,792.9168090820312,817.2818843820857,775.296435546875,778.340830190397,6286
2026-02-19,779.065185546875,800.7382585496058,778.3799966214258,784.1359898809244,2368
2026-02-20,786.6420288085938,794.8746326433222,774.3175300749605,794.8746326433222,164
2026-02-23,756.2957763671875,794.864777851416,753.7603742737367,794.864777851416,1023
2026-02-24,763.2166137695312,804.6636715083174,757.1963557255989,778.2331129551245,151
2026-02-25,756.1195678710938,763.2166627529068,741.0345966251724,763.2166627529068,326
2026-02-26,782.902587890625,783.1277179902181,724.58893302003,768.4342746217621,1805
2026-02-27,773.3189697265625,783.1276628227452,763.5494712521765,781.1600450102392,902
2026-03-02,695.985107421875,724.3930822814846,695.985107421875,724.3930822814846,7312
2026-03-03,680.4694213867188,709.6996471172554,636.2912272445103,709.6996471172554,5448
2026-03-04,675.4378051757812,680.3323530296302,663.7006889819153,671.5319655480736,782
2026-03-05,736.0421752929688,742.982611116471,655.8694526318011,665.6683475957108,43188
2026-03-06,710.7862548828125,724.3931225708033,708.8382342885365,724.3931225708033,607
2026-03-09,640.275390625,771.370943715833,639.7076063440969,639.7076063440969,21441
2026-03-10,691.9324951171875,694.5167710795403,640.2068850285561,670.5530829427538,1122
2026-03-11,683.2985229492188,686.2156545439283,672.5109196457614,675.4378498964912,2495
2026-03-12,656.3295288085938,665.6585665153691,655.8694699489666,665.6585665153691,2435
2026-03-13,645.7083740234375,655.8694608989883,641.1858162519961,655.8694608989883,706
2026-03-16,636.291259765625,636.3989254854735,631.3967116135817,636.3989254854735,271
2026-03-17,633.1783447265625,674.4687464466853,630.4178123536506,646.0705680417111,1556
2026-03-18,670.7684326171875,674.4687397231087,645.101450620506,649.9959988042731,1395
2026-03-19,662.8099365234375,683.2789102535614,646.1097409062966,666.6374468233172,727
2026-03-20,662.8099365234375,662.8099365234375,662.8099365234375,662.8099365234375,0
2026-03-23,662.8099365234375,662.8099365234375,662.8099365234375,662.8099365234375,0
2026-03-24,664.689453125,685.2269585281384,659.7851062032018,665.6585641219247,1894
2026-03-25,675.9468994140625,689.1523807873837,665.7662153441789,681.3211037329816,47711
2026-03-26,694.1643676757812,733.6731446160525,655.8694290744315,675.4476209871011,4310
2026-03-27,689.33837890625,709.7094860397649,655.9771217847888,685.2171478297948,9844
2026-03-30,655.4583129882812,685.2367265766724,650.9748902478387,683.278907357882,12969
2026-03-31,672.0899658203125,679.3632569198942,653.9116075252008,660.7541760143409,17898
2026-04-01,676.1231079101562,695.0258508438959,648.1165171895913,680.332407451602,1807
2026-04-02,670.8956909179688,676.1818268183151,655.8694519989449,675.4476445959283,4719
2026-04-03,662.5358276367188,666.1480065795791,650.974907237943,666.1480065795791,4540
2026-04-06,656.7113037109375,662.721823212211,649.0954178159014,662.721823212211,2540
2026-04-07,654.215087890625,662.7218149061458,650.9748994277503,656.7504901037888,43881
2026-04-08,719.6160278320312,719.6356251435625,612.8170132640648,685.3345941653263,151660
2026-04-09,728.8863525390625,739.0767755660685,704.8149382881712,705.8036465807122,4320
2026-04-10,742.68896484375,768.4440753486399,687.7525600585304,723.4240300990255,4635
2026-04-13,733.6242065429688,741.9058031799892,690.2487250189629,690.2487250189629,1251
2026-04-14,736.2575073242188,753.7604163167038,712.6560104463183,714.7116967734756,15819
2026-04-15,745.2732543945312,763.5396810428559,724.3930961241358,724.3930961241358,14198
2026-04-16,750.45166015625,762.5216320507526,741.034554742394,743.9712834930243,1138
2026-04-17,756.3055419921875,758.6549489590923,743.9713047856904,744.0789705034658,5610
2026-04-20,740.9367065429688,760.6127657738659,714.604014176219,734.2898720628649,1614
2026-04-21,742.6400146484375,767.4651484791333,740.9464603631435,740.9464603631435,7217
2026-04-22,736.3800048828125,763.0,722.0,756.8900146484375,3817
2026-04-23,732.010009765625,749.8900146484375,731.5,749.8900146484375,343
2026-04-24,742.6300048828125,750.0,730.0,744.969970703125,1659
2026-04-27,736.9500122070312,745.989990234375,725.02001953125,725.02001953125,162
2026-04-28,726.8900146484375,739.969970703125,716.02001953125,726.0,2963
2026-04-29,726.8900146484375,726.8900146484375,726.8900146484375,726.8900146484375,0
2026-04-30,726.0900268554688,730.0,698.0,710.1099853515625,3785
2026-05-04,720.5,729.0,709.5,729.0,686
2026-05-05,708.3099975585938,715.989990234375,700.0,715.989990234375,1398
2026-05-06,733.8900146484375,743.0,704.5,705.0,18755
2026-05-07,728.489990234375,740.0,716.010009765625,734.0,1227
2026-05-08,740.0,745.0,715.0,720.1500244140625,134643
2026-05-11,743.3900146484375,746.0,728.0,733.1500244140625,1226
2026-05-12,750.0399780273438,751.0,728.030029296875,728.030029296875,5247
2026-05-13,751.0,751.0,743.0,743.0,22421
2026-05-14,746.8800048828125,750.0,730.010009765625,750.0,1140
2026-05-15,754.969970703125,795.0,736.02001953125,795.0,1375
2026-05-18,744.6500244140625,750.0,736.0,750.0,1002
2026-05-19,747.3099975585938,748.0,736.02001953125,736.02001953125,1163
2026-05-20,748.1099853515625,749.0,740.0,748.0,229
2026-05-21,749.8699951171875,753.0,735.0,750.0,3470
2026-05-22,740.6400146484375,758.0,737.010009765625,758.0,396
2026-05-25,744.6199951171875,750.0,740.6500244140625,746.7000122070312,448
2026-05-26,744.6199951171875,744.6199951171875,744.6199951171875,744.6199951171875,0
2026-05-27,744.6199951171875,744.6199951171875,744.6199951171875,744.6199951171875,0
2026-05-28,744.6199951171875,744.6199951171875,744.6199951171875,744.6199951171875,0
2026-05-29,764.3900146484375,787.989990234375,735.510009765625,749.5,586502
2026-06-01,754.72998046875,765.0,747.5,765.0,1042
2026-06-02,735.0800170898438,759.97998046875,682.0,745.0,23059
2026-06-03,735.0800170898438,735.0800170898438,735.0800170898438,735.0800170898438,0
2026-06-04,722.0499877929688,749.97998046875,720.0,732.9000244140625,6678
2026-06-05,727.27001953125,743.0,725.02001953125,729.9199829101562,1713
2026-06-08,730.3499755859375,749.989990234375,720.0,724.989990234375,82848
2026-06-09,740.72998046875,745.0,720.0999755859375,730.3599853515625,3741
2026-06-10,751.4600219726562,760.0,731.2100219726562,739.97998046875,62832
2026-06-11,749.9600219726562,750.0,740.010009765625,740.010009765625,654
2026-06-12,761.9600219726562,765.0,749.0,750.0,66171
2026-06-15,782.8099975585938,800.0,755.1099853515625,755.27001953125,96474
2026-06-16,790.0,790.0,776.010009765625,782.5,1123
2026-06-17,789.75,790.0,777.010009765625,788.0,1675
2026-06-18,781.8699951171875,789.9000244140625,771.0499877929688,777.1099853515625,6018
2026-06-19,788.5499877929688,790.0,771.1099853515625,790.0,1509
2026-06-22,786.5800170898438,789.5,780.0,788.5499877929688,3834
2026-06-23,786.5499877929688,790.0,770.0,780.0,11247
2026-06-24,789.780029296875,790.0,775.010009765625,789.0,5522
2026-06-25,789.780029296875,789.780029296875,789.780029296875,789.780029296875,0
2026-06-26,789.780029296875,789.780029296875,789.780029296875,789.780029296875,0
2026-06-29,785.469970703125,790.0,770.0499877929688,775.02001953125,6405
2026-06-30,809.9400024414062,830.0,776.0,784.97998046875,254556
2026-07-01,800.0700073242188,818.0,780.0,810.0,18667
2026-07-02,804.22998046875,819.0,802.010009765625,814.989990234375,11588
2026-07-03,800.0,805.0,799.989990234375,805.0,730
2026-07-06,796.6699829101562,806.0,792.0,800.0,717
2026-07-07,801.5999755859375,804.97998046875,777.0,797.0,17784
2026-07-08,799.9299926757812,800.0,783.0,792.010009765625,57606
2026-07-09,796.0800170898438,819.9000244140625,785.030029296875,799.989990234375,6752
2026-07-10,798.4600219726562,814.9000244140625,792.010009765625,809.969970703125,8775
2026-07-13,799.989990234375,799.989990234375,788.0,792.010009765625,717
2026-07-14,782.3499755859375,799.9500122070312,780.0,792.0,13937
2026-07-15,792.5,799.0,780.1599731445312,791.989990234375,183
2026-07-16,792.5,792.5,792.5,792.5,0
2026-07-17,795.9199829101562,798.1799926757812,786.0,790.0,6840
2026-07-20,802.489990234375,848.0,790.0,799.989990234375,7648
2026-07-21,800.0,800.0,795.010009765625,800.0,1222
2026-07-22,786.510009765625,799.969970703125,785.0,795.010009765625,7032
2026-07-23,780.030029296875,793.0,780.0,786.2000122070312,54939
2026-07-24,797.0,800.0,781.0,786.989990234375,7834
2026-07-27,803.3699951171875,805.0,798.0,799.8800048828125,4850
2026-07-28,805.719970703125,808.97998046875,800.0,801.0,2492
2026-07-29,801.0,809.989990234375,800.0,809.989990234375,286
2026-07-30,790.030029296875,803.969970703125,789.0,800.0,3086
2026-07-31,810.1599731445312,823.989990234375,776.0999755859375,790.0,7673
2026-08-03,798.2899780273438,810.1599731445312,795.02001953125,810.1599731445312,189
2026-08-04,796.1300048828125,811.8300170898438,792.0,811.8300170898438,319
2026-08-05,801.0700073242188,810.0,796.1599731445312,796.1599731445312,644
2026-08-06,802.4299926757812,808.8499755859375,792.0,796.1699829101562,1659
2026-08-07,795.0499877929688,809.989990234375,792.0,800.0,7528
2026-08-10,790.9600219726562,804.989990234375,790.0,804.989990234375,309
2026-08-11,790.9600219726562,799.989990234375,792.0,795.0,22
2026-08-12,782.1500244140625,800.0,766.0,792.0599975585938,9227
2026-08-13,786.9400024414062,789.989990234375,785.0999755859375,789.989990234375,118
2026-08-14,786.9400024414062,786.9400024414062,786.9400024414062,786.9400024414062,0
2026-08-17,784.0,790.0,784.0,785.1099853515625,1106
2026-08-18,784.0,784.0,784.0,784.0,0
2026-08-19,784.2000122070312,794.0,784.0,784.0,7001
2026-08-20,779.5900268554688,783.989990234375,778.0,778.0,1240
2026-08-21,803.72998046875,820.0,790.1199951171875,799.989990234375,10225
2026-08-24,797.5399780273438,803.0,795.0,795.010009765625,714
2026-08-25,799.739990234375,814.0,796.0,801.0,4748
2026-08-26,799.739990234375,799.739990234375,799.739990234375,799.739990234375,0
2026-08-27,809.9299926757812,810.0,800.010009765625,805.989990234375,4114
2026-08-28,797.5,825.0,794.0,815.0,108666
2026-08-31,790.969970703125,798.989990234375,780.1099853515625,780.1099853515625,313
2026-09-01,776.5800170898438,793.989990234375,772.0,782.010009765625,3491
2026-09-02,769.219970703125,776.0,752.0499877929688,775.0,5697
2026-09-03,771.3900146484375,775.0,768.260009765625,774.989990234375,123
2026-09-04,771.4199829101562,774.989990234375,762.0,774.7999877929688,1449
2026-09-08,751.7100219726562,762.0,750.0,762.0,495
2026-09-09,745.0700073242188,760.0,744.0,760.0,1741
2026-09-10,736.3499755859375,755.0,726.1500244140625,755.0,348
2026-09-11,735.1699829101562,750.0,683.25,725.0,3648
