Date,Close,High,Low,Open,Volume
2021-10-05,193.27537536621094,193.76042456055166,191.43946559814515,192.97808098897474,140460
2021-10-06,193.13455200195312,194.53235134266953,192.4617479603211,194.0212144562506,388300
2021-10-07,191.366455078125,193.23886211546008,190.89705211869853,193.23886211546008,95161
2021-10-08,191.42904663085938,192.84769699253476,190.37027559776928,192.84769699253476,145478
2021-10-11,191.439453125,193.49441004579796,190.42762089834028,192.71206652519427,87583
2021-10-12,189.17587280273438,191.02220795200384,188.8055679962468,190.89703808317861,234313
2021-10-13,185.23291015625,190.8762199662486,184.63311649225287,190.8762199662486,167739
2021-10-14,185.5562286376953,186.71931839012458,184.08543493039951,186.19775604825273,189876
2021-10-15,192.86334228515625,194.02121144172324,186.24993491949158,188.273599564016,815066
2021-10-18,196.10223388671875,198.19370412095674,190.3702684319716,191.94017628694388,286363
2021-10-19,196.10223388671875,196.10223388671875,196.10223388671875,196.10223388671875,0
2021-10-20,198.3501739501953,199.236836395122,194.80355600413105,197.14536608198935,142010
2021-10-21,201.0675048828125,201.32306533869436,196.36822305704257,199.49237641282812,220113
2021-10-22,199.63841247558594,202.62697043365864,198.71525285771926,201.58384574674147,171928
2021-10-25,199.63841247558594,200.8015022315536,198.19891123107755,199.49759637290714,33200
2021-10-26,197.38531494140625,200.3842990193674,197.15060547292367,199.2890146944866,69988
2021-10-27,199.5028076171875,200.04522096852017,198.19368110388248,198.71524342257692,38950
2021-10-28,198.3710479736328,199.75840591428326,198.19893937924925,199.75840591428326,34823
2021-10-29,199.62799072265625,200.27472294735642,197.67213189780983,198.14153483240898,95519
2021-11-01,199.2003173828125,200.8015177207788,198.7413399384737,199.75839295339816,52951
2021-11-02,197.49481201171875,199.70623140159609,197.15057893213623,199.70623140159609,128540
2021-11-03,193.1866912841797,198.6630959599605,192.06533541488378,196.16480784639478,319145
2021-11-04,196.4673309326172,197.15057636572422,191.99231687311863,192.45651502368315,166264
2021-11-05,194.35501098632812,197.15057767519355,193.55180047242317,197.15057767519355,85006
2021-11-08,195.97705078125,197.15056605538925,194.35499953129099,194.49059491730975,317670
2021-11-09,196.43605041503906,197.40614884467547,194.82962930016274,197.40614884467547,345562
2021-11-10,198.590087890625,199.23682011909517,197.1453499768186,197.15057069376434,204034
2021-11-11,196.9993133544922,198.71003724833417,196.10744618096388,198.19891632537198,281291
2021-11-12,193.79171752929688,198.70484217485782,192.87898336010585,198.70484217485782,293417
2021-11-15,194.93914794921875,196.62900486047286,193.15539771870186,193.15539771870186,100702
2021-11-16,194.35501098632812,195.8466717381883,193.96904400553663,194.54276580118304,678736
2021-11-17,193.118896484375,194.54276751014814,192.45651799261302,194.54276751014814,95379
2021-11-18,192.46693420410156,194.0159750326459,190.79794422086385,194.0159750326459,196376
2021-11-19,193.4161834716797,194.77746950661358,192.50867005960382,192.97807299975273,118101
2021-11-22,189.1237030029297,193.8907901920417,188.80555763152412,193.8907901920417,214058
2021-11-23,187.8876190185547,190.34418918832316,186.77148384760082,190.27116281802617,116165
2021-11-24,185.11289978027344,190.59972948359172,184.633055457605,187.76242927892034,310597
2021-11-25,183.68382263183594,187.75722326827835,183.32916405767858,187.75722326827835,237716
2021-11-26,181.8844757080078,185.1546664817276,181.13862932088784,185.1546664817276,384464
2021-11-29,185.4310760498047,186.71933579095705,181.79056483421593,182.02527427665922,70904
2021-11-30,179.23489379882812,187.50166001774485,177.3311944535,187.21480709932723,2438619
2021-12-01,181.92092895507812,183.329153571143,178.13960217445,180.40319662648164,147037
2021-12-02,174.78076171875,180.97692534682602,172.89792916490148,180.97692534682602,240530
2021-12-03,174.6034393310547,179.13061307055014,171.07246760475613,177.5398381966936,267442
2021-12-06,179.9859619140625,180.46058559544477,175.76652412041872,175.76652412041872,102108
2021-12-07,182.20782470703125,185.1546490365015,178.63511914085004,179.93902511998033,122853
2021-12-08,181.2689666748047,185.41539322763506,180.1997703520335,184.61740356434075,258139
2021-12-09,181.7644500732422,183.32913687444656,179.991141548574,183.06313502486032,48914
2021-12-10,179.76690673828125,183.5638801059312,179.4174529515155,183.5638801059312,46480
2021-12-13,179.83470153808594,181.7644887030967,178.89589562456862,181.7644887030967,110045
2021-12-14,180.65875244140625,181.68623081147177,178.89586931660997,179.83467509206895,36965
2021-12-15,183.6942596435547,185.8848118872243,180.72134798529402,181.7644726489898,161349
2021-12-16,181.23770141601562,183.58995277938396,180.46057858428082,183.58995277938396,59033
2021-12-17,180.12677001953125,182.5468270235746,179.9390152089521,182.41643643284348,60962
2021-12-20,181.07081604003906,181.5558652268981,179.4852619693898,179.4852619693898,37354
2021-12-21,180.4709930419922,182.0252545270344,179.7355882411913,179.7355882411913,18285
2021-12-22,180.64833068847656,181.2429194167086,179.4226718805534,180.98213823769174,71081
2021-12-23,180.46578979492188,181.66015608969334,179.93900673977973,180.4605690781559,41416
2021-12-24,180.8778076171875,182.54681342090623,179.93900180060757,181.49326325636042,20884
2021-12-27,181.34202575683594,186.19254953965597,180.72136524930076,183.06839596682414,296408
2021-12-28,183.17269897460938,185.1546294868963,182.54681780398226,182.54681780398226,85353
2021-12-29,184.69046020507812,185.15465839719062,182.0252838890691,182.0252838890691,48286
2021-12-30,182.50511169433594,184.502688570011,181.50892565663207,184.1636762125397,42158
2021-12-31,186.5211639404297,188.8003893383404,182.80764178104144,183.85076669847962,172511
2022-01-03,188.25794982910156,188.80558396835877,186.20819755277168,186.71933442174705,41580
2022-01-04,191.16302490234375,192.15921089101505,188.28400648885727,188.4822027265893,119899
2022-01-05,193.71868896484375,194.54275044859818,189.9634337958911,189.9634337958911,158747
2022-01-06,196.95237731933594,198.19369829217285,193.03023407266187,194.0211993807587,140024
2022-01-07,200.66070556640625,200.8536811054879,196.88980372786727,198.42319843951742,234424
2022-01-10,198.3918914794922,201.0622881949492,197.41135170373093,200.6450446769665,241107
2022-01-11,197.56260681152344,198.19369279766963,196.10744339979942,197.67213044820207,72401
2022-01-12,199.3307342529297,199.7584192839668,198.1937319266511,198.29805078386798,68724
2022-01-13,200.6450653076172,201.84465248277587,198.71527802567854,200.8067483812215,127305
2022-01-14,200.73892211914062,201.3230694111554,199.75838234319303,201.3230694111554,44606
2022-01-17,201.6725311279297,201.96980958575588,199.7583902027426,201.270917911253,178176
2022-01-18,206.58563232421875,208.09815997798594,201.84463240336737,203.4093194762617,415333
2022-01-19,203.92047119140625,208.62495827034695,203.4093343135883,208.1033958746711,209985
2022-01-20,203.1954803466797,205.2087193570458,201.63601396505632,205.2087193570458,146892
2022-01-21,203.58143615722656,204.44723161538798,200.80673640092556,202.88776519735646,53335
2022-01-24,202.81475830078125,204.71325318054295,201.3856823401142,203.3832753546339,46184
2022-01-25,200.99969482421875,203.40931026061494,200.80149859060708,201.32306092460865,70756
2022-01-26,204.3272705078125,208.09815609638568,200.01916042075246,203.1485345081697,80709
2022-01-27,204.92184448242188,207.32103447989277,203.9308791990895,205.49556625176794,179689
2022-01-28,204.9687957763672,205.4955788765145,203.40932934477323,203.93089172770854,79832
2022-01-31,204.96356201171875,206.601259385959,203.99344783980314,205.49554983707986,52272
2022-02-01,206.36135864257812,208.62493730228962,204.58282914205776,204.58282914205776,264867
2022-02-02,207.83740234375,209.14652910308996,206.3613877078455,208.02517309051507,216234
2022-02-03,206.4187469482422,208.10339924360326,205.50080794043078,208.10339924360326,99387
2022-02-04,203.01815795898438,209.01612537459985,199.75839305919337,208.5988818341549,871476
2022-02-07,204.06130981445312,207.52969694486774,202.88779429475338,203.6701379745532,380988
2022-02-08,203.81613159179688,204.97400062896918,203.14853242998345,204.95835439536492,205144
2022-02-09,204.8853302001953,205.4955651508714,203.14853458442747,203.41453647534007,271331
2022-02-10,202.82456970214844,206.32515969718472,201.95630236630308,204.97877763981236,240888
2022-02-11,201.48916625976562,204.53912829640552,199.75811579067664,202.78059072010916,178898
2022-02-14,199.6976776123047,203.60490539878685,199.20857815670777,202.73663814756554,146275
2022-02-15,200.2362060546875,201.1429451448235,199.53829518047567,200.57691871407684,73587
2022-02-16,201.29684448242188,203.31366716009174,199.23606590757868,200.3406485903055,67773
2022-02-17,202.29702758789062,203.604937834071,200.08787883425416,200.08787883425416,240901
2022-02-18,202.60476684570312,203.3301649727264,200.58246004066254,202.78062398631363,43723
2022-02-21,202.58828735351562,203.33017106152084,201.13200705004493,203.3246702848808,35938
2022-02-22,204.2313995361328,207.39674389293066,201.41225187832453,203.08284423278565,430078
2022-02-23,202.58828735351562,205.46789361259817,202.2310890557829,205.46789361259817,47653
2022-02-24,200.8682098388672,204.89635455100262,200.58245457116215,201.68153651401784,417185
2022-02-25,200.93414306640625,204.42921514641327,200.58242883989473,203.33013334455083,139478
2022-02-28,203.67088317871094,204.59410803575608,200.582465435314,203.33017044127718,95344
2022-03-01,204.24789428710938,206.0778582896313,203.33015351243623,205.52831733419228,88596
2022-03-02,209.57839965820312,210.74892439879483,203.33012262725967,203.33012262725967,398168
2022-03-03,216.656494140625,217.51377658048006,211.0127152831364,211.2710001701861,641066
2022-03-04,213.8373565673828,216.3542633308882,213.22187343047636,216.21687810316237,85770
2022-03-07,213.85386657714844,217.51381147474214,211.65570268218477,217.0631838513163,250715
2022-03-08,214.6891632080078,216.5191271318344,211.69415842139801,214.87050433641434,422869
2022-03-09,216.332275390625,217.75558432680586,213.77141275237219,215.14526501941828,292999
2022-03-10,213.26585388183594,216.51364305173644,211.84804554753413,216.24987411735077,362749
2022-03-11,213.1779022216797,214.32093985515164,211.5732354980343,211.85350670907036,205917
2022-03-14,213.61752319335938,214.87047567995074,212.3975418166265,214.87047567995074,185786
2022-03-15,210.99073791503906,213.496643118093,210.47966889469487,213.22187266362957,71794
2022-03-16,210.01808166503906,212.12281621889798,209.3751113455962,212.12281621889798,87255
2022-03-17,208.10565185546875,209.97958840081657,207.80341105843047,209.97958840081657,61969
2022-03-18,206.43504333496094,210.17741566015968,203.3576108274714,208.55077923202614,268904
2022-03-21,205.31948852539062,207.72648058692553,204.51166265228179,206.6273986790582,37912
2022-03-22,206.1383056640625,206.6164203963771,205.21508085737278,206.07786420714498,43929
2022-03-23,206.1383056640625,206.13830566406253,206.13830566406253,206.13830566406253,0
2022-03-24,207.70449829101562,208.27602559000235,204.97877980229782,207.72098384912775,85737
2022-03-25,205.21507263183594,209.00141782168555,204.97327327253873,209.00141782168555,196256
2022-03-28,203.54995727539062,206.88567474803006,203.275186810178,206.88567474803006,125465
2022-03-29,205.46783447265625,206.0723159852954,203.41804108451058,203.41804108451058,25480
2022-03-30,203.59942626953125,206.5999320061332,203.33015656393593,205.52832041868118,188074
2022-03-31,204.8029327392578,205.5832883264764,202.23658569987094,204.97328910501327,170995
2022-04-01,205.06668090820312,206.46251946719627,202.8959876803827,205.70415035427357,49860
2022-04-04,204.31381225585938,204.97875203719337,201.02755169514558,203.34111414702,87267
2022-04-05,201.23638916015625,206.07784328337436,200.85720458686222,205.5228015921873,196859
2022-04-06,203.23123168945312,203.87968596486857,200.63739781713306,200.63739781713306,59306
2022-04-07,201.50567626953125,204.42923821738322,201.1319924396835,204.42923821738322,62460
2022-04-08,205.9459686279297,206.16028087439798,202.23106649633195,202.23106649633195,98625
2022-04-11,207.55612182617188,212.12280575875562,207.0670223329259,207.28685212847756,203412
2022-04-12,206.4735107421875,208.71563026901518,205.85802760818214,208.71563026901518,81456
2022-04-13,206.8747100830078,209.28168550496778,205.53382874073242,208.16063397276503,101377
2022-04-14,207.8858184814453,208.55075823219903,206.84717819685613,207.17690606993156,36727
2022-04-15,209.21572875976562,210.474182221312,207.88584906262545,208.82555938406932,48964
2022-04-18,211.77658081054688,214.26600049736945,207.29782568458168,207.29782568458168,191610
2022-04-19,213.32632446289062,214.18360709060622,211.02374630607514,213.63406608460082,129435
2022-04-20,211.77658081054688,215.69481023778957,211.13362732828546,214.27700204894657,138388
2022-04-21,209.1058349609375,214.32097327741025,207.7539521315439,213.77143232028868,76656
2022-04-22,212.5679473876953,214.0462139812339,209.3751156016691,210.47419757333142,135910
2022-04-25,212.84271240234375,214.21106405523273,211.57327409940012,212.67235604277363,73039
2022-04-26,209.57839965820312,212.6723174506743,209.10030178289813,210.47415396281204,57994
2022-04-27,208.85302734375,210.74895029324338,208.82005622903347,209.37509794452603,61455
2022-04-28,207.92431640625,209.6224127866146,206.14930978036074,208.8530420008125,70813
2022-04-29,207.92431640625,207.92431640625,207.92431640625,207.92431640625,0
2022-05-02,207.92431640625,207.92431640625,207.92431640625,207.92431640625,0
2022-05-03,207.92431640625,207.92431640625,207.92431640625,207.92431640625,0
2022-05-04,207.92431640625,207.92431640625,207.92431640625,207.92431640625,0
2022-05-05,207.92431640625,207.92431640625,207.92431640625,207.92431640625,0
2022-05-06,206.8801727294922,210.4686743127886,206.35811891111885,209.364108453316,59528
2022-05-09,204.59957885742188,207.72646803806012,204.42922251364647,207.72646803806012,165587
2022-05-10,208.561767578125,209.89166400693446,203.34662952248735,206.0503782753875,124913
2022-05-11,207.24288940429688,209.3696102900914,203.3851178047621,209.3696102900914,208660
2022-05-12,207.050537109375,207.4626928207111,204.43473359880977,207.45170803917932,114837
2022-05-13,213.16143798828125,215.42004314583826,207.23188669672248,208.22105365596562,369757
2022-05-16,209.85870361328125,213.16145013572427,208.82556392948257,213.16145013572427,37013
2022-05-17,210.94129943847656,211.57326818411548,208.8255634025036,208.8255634025036,30970
2022-05-18,211.6941680908203,214.18358795478593,208.96294886416254,210.94129966316217,51609
2022-05-19,209.88616943359375,212.6723460541449,209.43005782760622,212.6723460541449,33189
2022-05-20,210.1279754638672,212.67235280737458,209.3751070274153,211.9029988128493,14139
2022-05-23,207.8913116455078,212.0183690894028,207.19340075376303,212.0183690894028,35200
2022-05-24,209.1002960205078,210.91927491493385,207.17690302163322,210.91927491493385,12700
2022-05-25,211.54580688476562,212.01290330107332,206.35263791733055,210.4741952658791,128514
2022-05-26,212.52944946289062,213.77141730536266,209.3750899571804,212.55693657121154,207167
2022-05-27,212.1282958984375,214.87049972266092,211.0237132826133,213.7714178826473,330829
2022-05-30,215.8267059326172,216.4147187702508,212.6723462667445,214.23304054211442,134531
2022-05-31,220.09666442871094,222.64652586863332,216.51914726340743,217.0137307938873,1056016
2022-06-01,218.0248565673828,220.20105065883806,217.0741615206325,220.20105065883806,72054
2022-06-02,216.8598175048828,219.40419444056056,215.48046454141408,216.51910484553756,64764
2022-06-03,214.238525390625,217.8929690585345,213.71645482207043,217.8929690585345,175788
2022-06-06,213.36476135253906,214.87049809534352,212.67233443196403,213.22737612357787,136234
2022-06-07,214.55726623535156,214.87050859765148,212.947115298184,214.76609447688483,29525
2022-06-08,217.1180877685547,218.16771278207557,212.94707481877654,214.5792117791815,48763
2022-06-09,220.86050415039062,223.11362539645705,217.3709157685064,218.16775685318584,207670
2022-06-10,222.9102783203125,223.49829110924628,220.36590126578392,220.9154421666961,104815
2022-06-13,219.79986572265625,221.46497391276216,217.8929582044918,219.87130872012673,83979
2022-06-14,223.08065795898438,223.39390033018063,219.81638332495606,221.46500619989322,84462
2022-06-15,222.6300048828125,223.93791489729696,221.46498086775625,223.11360355411674,87746
2022-06-16,225.9217987060547,228.004563849421,222.56411115314302,222.59158149563834,178670
2022-06-17,228.91677856445312,230.7522433391989,224.2127093376493,224.2127093376493,249049
2022-06-20,228.81788635253906,233.49996967785128,227.51547685395298,228.33428758481784,184409
2022-06-21,230.87860107421875,233.005321490366,227.235142538364,228.88376509607886,168825
2022-06-22,227.8506622314453,232.73058846991682,227.5099495313945,230.9445804120013,232311
2022-06-23,225.99871826171875,229.15857876021087,225.3117920663944,226.96041493517288,171475
2022-06-24,214.1011505126953,228.19687206774526,210.4796777824255,225.31178217405312,431252
2022-06-27,218.26119995117188,219.2668525726025,214.38142517589264,215.96960666925509,134223
2022-06-28,220.9539337158203,222.56408467381098,217.20606041314517,219.26133819883074,89999
2022-06-29,220.34393310546875,222.55858244795806,219.12945231008007,222.55858244795806,100752
2022-06-30,223.0092010498047,225.85581901146057,220.14609753125345,220.14609753125345,274747
2022-07-01,224.921630859375,225.80638378119815,222.06951185105794,224.75127449839465,115552
2022-07-04,222.45416259765625,224.7292701063828,222.09696434593604,224.2127002885751,36708
2022-07-05,222.2343292236328,224.21267975204694,221.60236056375717,224.21267975204694,11017
2022-07-06,220.44833374023438,222.56406960792273,218.1677423070255,221.46498778269842,185697
2022-07-07,218.38209533691406,222.61355076713232,217.61822533443467,222.50913664059686,478883
2022-07-08,218.38209533691406,218.38209533691406,218.38209533691406,218.38209533691406,0
2022-07-11,218.38209533691406,218.38209533691406,218.38209533691406,218.38209533691406,0
2022-07-12,218.38209533691406,218.38209533691406,218.38209533691406,218.38209533691406,0
2022-07-13,217.8765106201172,219.73396179543624,215.9696027696201,217.0686847175571,223496
2022-07-14,216.81039428710938,219.5416135292508,215.9695972891003,219.26684304923924,157923
2022-07-15,216.66751098632812,217.6127221202404,214.87051806196848,217.6127221202404,83903
2022-07-18,215.920166015625,216.45872225723974,214.21108470815705,214.59577013369062,140067
2022-07-19,209.5839080810547,217.32693723710665,200.59891114243217,217.068652347032,259281
2022-07-20,211.50181579589844,212.36459908401633,206.09433503799949,208.82555414061224,211320
2022-07-21,205.40745544433594,211.8480772978627,202.51138011378538,211.8480772978627,167503
2022-07-22,206.73179626464844,207.6715065249193,204.15444805521932,207.1769230600745,116183
2022-07-25,206.56143188476562,207.17691499667612,204.70398099804206,206.56693266026173,22121
2022-07-26,208.98495483398438,210.13899430605338,204.4347559540882,206.0778782030155,89266
2022-07-27,208.39141845703125,210.1994128740065,208.00124907924564,209.0453735276253,90645
2022-07-28,214.24400329589844,215.4200288502514,206.08333449705103,206.08333449705103,131264
2022-07-29,214.59022521972656,218.71728283275405,212.1282926687999,215.365079917618,268154
2022-08-01,213.82640075683594,217.00824775784213,212.97460216713543,217.00824775784213,31985
2022-08-02,214.7660675048828,215.96956335991504,212.17773468558983,214.32094073884699,57558
2022-08-03,221.68479919433594,222.6190254473,215.96957709853174,215.96957709853174,311162
2022-08-04,220.44284057617188,222.23433247280713,218.9920445772379,222.17937502969775,67105
2022-08-05,219.60203552246094,220.89346001819322,218.16774179383276,220.4428492166111,116858
2022-08-08,219.60203552246094,219.6020355224609,219.6020355224609,219.6020355224609,0
2022-08-09,219.60203552246094,219.6020355224609,219.6020355224609,219.6020355224609,0
2022-08-10,223.73458862304688,225.3117683179675,220.6461714577009,222.01452292794846,395721
2022-08-11,223.6027374267578,226.13611329492028,223.1411082453263,225.7569286770257,267532
2022-08-12,228.77938842773438,230.25765490469405,224.2127045372677,225.7569132440212,274085
2022-08-15,231.03250122070312,233.55489204228078,228.91126453929456,228.91126453929456,330171
2022-08-16,231.79087829589844,235.20352284513334,228.05949060918303,233.00535908022556,799335
2022-08-17,229.31243896484375,233.00535469115252,229.07614038952536,232.45581376027715,426933
2022-08-18,230.10928344726562,231.90627628053315,228.88380111573946,230.80719440242635,147989
2022-08-19,230.8456573486328,231.35672637719222,229.4333331650303,231.34024082048572,130307
2022-08-22,232.9394073486328,233.55489049439515,228.6694636762554,231.29628536800044,231417
2022-08-23,233.25814819335938,236.02783929201172,232.5162645527451,233.52193388821257,114051
2022-08-24,234.80233764648438,235.75304945444836,233.01084569104083,235.1980077709405,202078
2022-08-25,234.9452667236328,236.85217469420144,233.07132987192563,235.75309267705896,336751
2022-08-26,233.98355102539062,235.753073600632,233.64283831095162,234.15940815886216,187589
2022-08-29,234.15940856933594,235.64315911262221,229.4333529156247,235.64315911262221,211067
2022-08-30,232.17555236816406,236.8521512549125,231.90628266722294,235.75306934653707,114041
2022-08-31,230.0432891845703,234.6264746719122,229.1585364582316,233.5548632967588,205991
2022-09-01,230.02682495117188,233.82965539807475,229.7080986049242,231.90626222793784,152424
2022-09-02,227.96060180664062,230.25767916331134,227.03187617432908,230.25767916331134,193448
2022-09-05,228.78489685058594,229.65316418965617,227.5154585726499,228.05949875729127,68739
2022-09-06,228.0485076904297,230.19171402458815,227.78472199904914,228.6090334176223,219576
2022-09-07,227.630859375,229.59820865218177,226.6856482436184,228.60904162265518,251634
2022-09-08,226.3943634033203,228.33424209372347,225.89427917590692,227.50993075042484,181265
2022-09-09,231.14791870117188,231.90628791842863,226.68564873543082,228.60904211864053,1005212
2022-09-12,234.78399658203125,236.99180681478867,230.76125891470755,236.99180681478867,221266
2022-09-13,233.49293518066406,235.27042404682553,232.63225515916454,234.7839552129134,94404
2022-09-14,232.48257446289062,234.4908214688755,232.00857236421984,234.4908214688755,44611
2022-09-15,230.66146850585938,233.25597576087037,230.1375803629978,233.25597576087037,100831
2022-09-16,226.89442443847656,232.6322791514603,225.64706637332128,229.52012686951343,196652
2022-09-19,228.3226318359375,231.04188204229888,227.33098455765017,227.6428240426401,56484
2022-09-20,225.95265197753906,230.13753240002396,224.53688858073218,230.13753240002396,124981
2022-09-21,220.04019165039062,227.55551616414496,217.97581563441807,225.7718033180525,160199
2022-09-22,216.8282470703125,221.39980584259501,216.10477713416543,220.15869070233882,233004
2022-09-23,217.33343505859375,220.78237937622305,216.72846563061444,217.9758237061863,107589
2022-09-26,213.2670440673828,219.53501047477124,212.05086239040403,217.66397345367943,223581
2022-09-27,215.6931610107422,218.10057204816633,213.9219147874451,214.53935095816922,238654
2022-09-28,214.05287170410156,218.28765759064868,213.29822541714813,216.9155561296667,128099
2022-09-29,214.3522491455078,215.7929461942665,213.92190908853587,214.54558812377942,147250
2022-09-30,217.73883056640625,221.4060664876218,214.55183970302932,215.1692758823367,311238
2022-10-03,218.13174438476562,220.15870126611085,217.1338541134686,218.28766414486913,132659
2022-10-04,217.29600524902344,219.5038342644754,216.57253531646933,217.10266627938609,74903
2022-10-05,219.43519592285156,220.7823447169695,217.66395001757726,218.28762895745572,87388
2022-10-06,225.14190673828125,226.3206693445137,220.15247405972733,220.15871694119159,219593
2022-10-07,223.220947265625,227.2686177778734,221.42474874786032,225.77179202412688,70193
2022-10-10,223.93820190429688,227.64285704572234,223.27710362292765,223.27710362292765,188953
2022-10-11,222.7781524658203,224.7552042909572,222.3478124214748,223.34568362204737,40944
2022-10-12,227.10025024414062,229.51388506624141,222.34157615792137,222.65965855664507,231638
2022-10-13,227.02542114257812,228.26653638366582,225.83419185178624,226.40174208142057,102368
2022-10-14,226.94430541992188,229.20202023378806,224.8362674674302,227.0191438506091,68988
2022-10-17,226.83204650878906,229.51385843704023,226.30191558348227,228.23532417586335,89922
2022-10-18,229.81324768066406,230.7612329207205,226.3954798654636,226.3954798654636,103176
2022-10-19,232.07093811035156,235.71946372745805,230.14999631053578,230.76120852559913,203613
2022-10-20,233.02517700195312,235.1269720891133,231.64060892487603,235.1269720891133,135801
2022-10-21,235.1269989013672,236.3743569857246,230.19369539375288,235.0022554796619,137568
2022-10-24,235.38272094726562,238.24540560497798,235.1270102436563,236.46791644238965,63341
2022-10-25,238.85032653808594,240.1163940362228,235.12696247183376,235.12696247183376,148570
2022-10-26,239.02499389648438,239.49275318003913,236.12489014507963,238.74433071308192,115588
2022-10-27,242.4676971435547,243.54666875078252,238.24539683175138,239.96051421732028,133134
2022-10-28,239.14346313476562,244.4821535362713,238.5883797216819,243.11629508442263,148670
2022-10-31,240.7151336669922,241.9126056825684,238.37633749320202,239.49272819611267,49312
2022-11-01,247.33241271972656,248.84794828795447,240.74012039887322,240.74012039887322,250444
2022-11-02,253.3197021484375,254.21155853056257,247.33860392279243,248.8416725632124,225642
2022-11-03,256.0513916015625,256.8871381642911,251.96630199194198,252.58998095726858,234284
2022-11-04,255.3965301513672,256.26345302821824,252.58997487497854,252.58997487497854,244355
2022-11-07,257.2613220214844,260.05541054799306,255.71461041857836,260.05541054799306,181205
2022-11-08,260.1676940917969,261.3027944530585,257.2675905144504,257.57943001810423,256128
2022-11-09,260.1676940917969,260.1676940917969,260.1676940917969,260.1676940917969,0
2022-11-10,260.9847412109375,264.4399286265259,260.0741750878804,260.16772314278785,308798
2022-11-11,262.0137634277344,264.4398837613732,256.02021765104644,260.44834215274153,250934
2022-11-14,257.62933349609375,264.52099841573465,256.6439289720855,261.00968232033483,93212
2022-11-15,255.92047119140625,259.4504970652656,255.6460508737794,259.4504970652656,81464
2022-11-16,256.93701171875,257.5731573807697,255.7083634549688,257.5731573807697,32078
2022-11-17,256.7624206542969,259.45047574331045,256.3320806021649,259.38810403385287,64973
2022-11-18,258.5835266113281,259.13861002624776,254.14917830492408,255.15329230291812,57846
2022-11-21,257.1116943359375,259.13240841426875,255.09720410569247,257.4235338681824,35592
2022-11-22,258.5898132324219,259.1386538599121,256.02650138792643,257.1116968802618,57006
2022-11-23,261.5772399902344,262.41296765672286,258.203133951,258.63971691153,245706
2022-11-24,259.2446594238281,261.9514240115333,258.2031071147355,260.98471013745615,172119
2022-11-25,261.7019348144531,263.3422136219911,260.07414176808646,261.0096602636551,146102
2022-11-28,254.77914428710938,258.83928211113925,253.21370372273952,258.826815381618,258190
2022-11-29,256.4256286621094,258.2031176992826,252.59000644495035,252.59624932584845,238341
2022-11-30,262.1634826660156,262.56887022671435,255.70840093337975,257.89127752671345,913516
2022-12-01,260.9971923828125,262.2570170993381,260.07414061931985,260.07414061931985,88139
2022-12-02,260.7227783203125,263.19254186731456,259.450467812329,263.19254186731456,81371
2022-12-05,258.8642272949219,261.31528141547034,258.52121142761126,258.83927480340907,59746
2022-12-06,260.82879638671875,261.882815448169,257.58567691801824,260.76020083076753,251814
2022-12-07,260.3298645019531,262.69361333955754,258.8330386463298,261.16559211273307,176640
2022-12-08,257.9349365234375,261.87659249251277,257.27383828577797,261.87659249251277,106079
2022-12-09,258.25299072265625,260.9285789492765,256.95574678339426,260.9285789492765,198581
2022-12-12,258.3153381347656,260.0429409753376,256.95572261703455,260.0429409753376,107868
2022-12-13,258.10333251953125,258.6958352228437,255.71465016269184,258.6958352228437,61913
2022-12-14,257.1927490234375,258.8205420772497,256.40690739295025,258.8205420772497,22431
2022-12-15,251.29896545410156,258.6958080132567,250.71894857386954,258.6958080132567,130926
2022-12-16,252.30934143066406,253.21368362832027,251.03080704531752,252.59000460460518,52742
2022-12-19,250.7376708984375,254.14295295382763,250.1015251620332,254.14295295382763,40544
2022-12-20,246.20974731445312,251.87276318576323,245.66714964003842,250.1015171432942,152172
2022-12-21,246.103759765625,252.59001815355043,244.48219041035003,246.2097745467661,153807
2022-12-22,248.46121215820312,249.46532608737445,243.30337528857706,248.22421112237706,86721
2022-12-23,248.64212036132812,249.46536219285954,245.16822369271674,249.46536219285954,362272
2022-12-26,253.50054931640625,254.4610202613868,247.05171103788015,250.0952674627846,173619
2022-12-27,258.7020263671875,261.94516458966143,251.4174606437028,254.4610170299568,467693
2022-12-28,251.1056671142578,260.3860148318979,248.9726953279853,260.3860148318979,124194
2022-12-29,251.69187927246094,253.0265613811792,246.9768678631812,253.0265613811792,253335
2022-12-30,245.0122833251953,258.20308952700594,243.2347944819621,253.15128614266936,455366
2023-01-02,249.93312072753906,253.1513067076362,245.72953028485512,246.35320929573038,204189
2023-01-03,255.08474731445312,258.8268218471835,248.8479564265692,251.33642990021877,378962
2023-01-04,254.79782104492188,257.5794240234902,253.84359294727557,257.26758452709373,93207
2023-01-05,256.7499694824219,258.8268123976666,253.23865329542994,255.08473800155573,130580
2023-01-06,258.3216247558594,259.72490260485307,255.7894893598846,256.749960416929,268498
2023-01-09,258.2716979980469,259.4130412109089,252.58999152219866,258.1345068917815,157472
2023-01-10,258.6334533691406,259.13863185081686,256.33207627120515,258.82679234197116,125263
2023-01-11,256.9994201660156,258.82679513964234,256.4879987980191,258.20311611520947,57154
2023-01-12,253.66275024414062,258.92036019756966,252.6835695434879,258.8205692631234,106531
2023-01-13,255.97035217285156,258.2031146934304,252.57753677596517,255.6959318809583,181841
2023-01-16,252.97044372558594,256.3320828531849,252.59000865094862,256.3320828531849,74747
2023-01-17,247.1078643798828,253.83736647644622,245.72953904599464,253.83736647644622,480084
2023-01-18,252.30934143066406,253.83736265203535,246.9768933911695,246.9768933911695,306188
2023-01-19,251.76052856445312,253.21369236525322,249.15977857122823,249.15977857122823,111098
2023-01-20,249.00384521484375,253.20743565960237,248.34898986637072,253.20743565960237,135705
2023-01-23,250.8312225341797,251.96008003249872,248.8479278277248,251.96008003249872,50819
2023-01-24,248.81675720214844,252.25321572276806,247.6005754775911,249.4716125718802,103074
2023-01-25,252.4091339111328,258.19687452548504,248.81675565499336,248.81675565499336,325120
2023-01-26,253.76254272460938,261.9389661860008,249.47162768315124,253.51307490356118,1113839
2023-01-27,256.12005615234375,256.95578384494576,252.5900302359297,252.5900302359297,300727
2023-01-30,253.70013427734375,257.573175407051,253.05774569039923,255.0909452522421,59608
2023-01-31,257.84136962890625,258.76440232856345,253.3384066783865,254.4610212175481,234113
2023-02-01,256.8061218261719,260.6978734638192,256.0202800404253,258.8268360944616,124158
2023-02-02,259.506591796875,261.8703405267893,256.6439074822085,258.8267839735517,432839
2023-02-03,261.14691162109375,263.13020657676094,258.20314552909684,259.4505037200587,137653
2023-02-06,277.21905517578125,279.38322193093114,261.32148455672785,261.63956691732824,714683
2023-02-07,273.5206604003906,279.9570322408936,269.49169939434773,277.4747829718279,358206
2023-02-08,283.05047607421875,286.8923410117481,270.67668695456234,273.17140296336015,601205
2023-02-09,280.6742248535156,284.3975887837881,279.40815740161634,283.7739098610166,172003
2023-02-10,275.78460693359375,281.9028961436145,273.7950694846167,278.7845012747692,379175
2023-02-13,274.59967041015625,276.90727161102194,273.79511905903087,274.41879814572565,47925
2023-02-14,278.06732177734375,280.65558615413016,272.79722593517954,275.0424744310476,129784
2023-02-15,278.1920166015625,283.02552896041226,276.29604610274987,278.06729221865726,276364
2023-02-16,274.9676208496094,279.0963730888789,274.4187802438139,278.7845335658746,183018
2023-02-17,271.0134582519531,275.0424189692441,270.05298733261384,273.79506106008654,85759
2023-02-20,273.4956970214844,279.7823917424617,269.12372035318486,271.3003538833814,414762
2023-02-21,272.8096923828125,275.66613399394515,272.5477388130182,273.795096885389,54654
2023-02-22,272.16729736328125,273.1714114521021,271.30037438736167,272.859571941312,117188
2023-02-23,273.9634704589844,274.41876298588045,270.0530099383778,270.6766889451639,62577
2023-02-24,273.7888488769531,275.04244980682415,270.689163363835,275.04244980682415,21999
2023-02-27,275.8968811035156,276.60788431211455,273.6391661285716,273.6391661285716,113320
2023-02-28,268.0697326660156,277.53717603562876,260.7227942504893,275.0424598465445,992440
2023-03-01,266.0801696777344,268.74327210437207,261.321495954309,268.18196482184453,454102
2023-03-02,281.2792053222656,282.52032033717484,265.9990711085283,266.93458952977755,2539813
2023-03-03,279.9632873535156,283.7739570696708,277.5434096852841,277.5434096852841,677014
2023-03-06,278.64105224609375,281.5848178057346,278.1608262813616,281.5848178057346,159302
2023-03-07,276.4207763671875,278.78452521000156,274.79298324181747,278.64107218177656,169035
2023-03-08,276.1152038574219,278.7845495662143,275.6661541571963,278.77830668478026,441472
2023-03-09,277.0622863769531,278.91079646797016,274.99167520612514,278.91079646797016,399416
2023-03-10,274.69775390625,279.564004481088,273.8551571235004,278.2576306283726,112037
2023-03-13,277.3431396484375,279.5639709449086,275.6513881041537,277.6044104009022,143006
2023-03-14,276.9186096191406,278.84549912102455,275.7102098002434,278.84549912102455,37083
2023-03-15,271.1705322265625,278.2510756915655,270.0927778494498,278.2510756915655,147676
2023-03-16,260.43865966796875,271.72572755361796,259.2498548258383,271.72572755361796,772478
2023-03-17,259.92919921875,261.7320014598252,256.70245430530673,256.70245430530673,206625
2023-03-20,254.93882751464844,259.92918477210384,254.74287942702327,258.17864874371446,194478
2023-03-21,257.53851318359375,258.65545712764606,255.39606108995622,257.3294886052679,36403
2023-03-22,258.57708740234375,261.92793929139583,257.3556311242143,259.2498690924532,137800
2023-03-23,258.57708740234375,258.57708740234375,258.57708740234375,258.57708740234375,0
2023-03-24,256.0035400390625,258.5770980509826,255.46140367630483,256.76777749215535,21019
2023-03-27,255.20013427734375,257.3556431116587,254.08970855440415,257.3556431116587,50195
2023-03-28,256.9506530761719,257.9957560507033,255.10866132609945,255.65733590265015,36911
2023-03-29,258.65545654296875,259.3021250848475,256.9506484181995,256.9506484181995,99415
2023-03-30,259.2498779296875,260.2949809616905,258.6554754556503,258.6554754556503,31207
2023-03-31,260.5497131347656,261.2747409727984,258.6619935630704,260.29496069415035,24603
2023-04-03,263.6915588378906,265.847067628977,261.6405424089001,262.05859159201236,186736
2023-04-04,259.93572998046875,264.54068956610973,258.7273302512699,263.6915545854197,60261
2023-04-05,259.75933837890625,262.5680537579459,259.3151761107093,260.615011546693,66156
2023-04-06,261.2681884765625,262.25450694872126,259.5176525915981,261.01345598352054,129010
2023-04-07,259.6875,262.5157902816365,258.9885852884044,261.9279261050446,39559
2023-04-10,259.4327392578125,261.60132430832175,258.727306255216,259.31517041299304,84695
2023-04-11,259.87042236328125,260.88285412459163,258.9886160268944,260.88285412459163,22237
2023-04-12,262.46356201171875,263.1624767709992,259.31519640478604,260.75221554221486,36199
2023-04-13,261.5686950683594,265.52046773397785,260.948159556517,263.88096228013876,99775
2023-04-14,261.5686950683594,261.5686950683594,261.5686950683594,261.5686950683594,0
2023-04-17,260.4190673828125,262.842385020108,259.96836686064603,262.0259014558472,125789
2023-04-18,261.1898498535156,261.2747673422911,260.4256323219018,260.4256323219018,15087
2023-04-19,263.0840759277344,263.23431608822784,260.6215685340022,260.6215685340022,58918
2023-04-20,262.052001953125,263.0775099665075,260.28187138716504,260.69336230813565,48896
2023-04-21,262.052001953125,262.052001953125,262.052001953125,262.052001953125,0
2023-04-24,262.052001953125,262.052001953125,262.052001953125,262.052001953125,0
2023-04-25,262.052001953125,262.052001953125,262.052001953125,262.052001953125,0
2023-04-26,262.2023010253906,267.7739846307424,261.2747668323155,261.2747668323155,292024
2023-04-27,266.2977600097656,267.80662010394946,262.90771851668205,262.9142567642432,261104
2023-04-28,267.30364990234375,270.3475028798854,264.8737941311639,266.5067611834708,180644
2023-05-01,267.30364990234375,267.30364990234375,267.30364990234375,267.30364990234375,0
2023-05-02,265.6249694824219,266.50023747817613,264.60599958087624,265.35716047918885,196724
2023-05-03,265.6184387207031,266.82683842613795,264.5406843637353,264.7235758913803,197503
2023-05-04,262.9077453613281,265.6968464403396,261.9279649438325,264.6386867788337,178505
2023-05-05,263.6915588378906,264.41004847913126,261.92794623886925,263.88750693392313,97101
2023-05-08,263.89404296875,265.1938785067908,262.79667383912357,264.46885062386815,86079
2023-05-09,262.37213134765625,263.88099161928375,261.40542741163955,263.0383947994342,85860
2023-05-10,261.2681884765625,262.9011555185844,258.0087926394642,260.6215399066993,229261
2023-05-11,265.7425231933594,266.50022229584994,260.0989994396666,263.2016368315914,104616
2023-05-12,266.0887756347656,267.1469353481306,262.60075956957974,266.8268801081753,59547
2023-05-15,271.34039306640625,272.3005786794569,263.8940658293214,265.8470884294221,176472
2023-05-16,278.9630126953125,279.5639533284262,272.3788984531629,272.3788984531629,156970
2023-05-17,273.1562194824219,280.2106297236064,272.37892551037163,279.56398109937425,115867
2023-05-18,271.4122314453125,274.5214076735282,270.3214204130997,272.70554876889344,46076
2023-05-19,275.2007141113281,275.71019910453253,271.0791062978415,273.3521839904385,64786
2023-05-22,273.5677490234375,276.291527301094,272.50958940859636,276.291527301094,87570
2023-05-23,272.8622741699219,274.9916697251942,272.3789222693729,272.3789222693729,52904
2023-05-24,276.6507873535156,276.95124774841537,272.44426209018945,274.077229352857,74845
2023-05-25,275.82122802734375,276.68997777646734,274.99168783162577,276.68997777646734,28210
2023-05-26,278.126953125,280.20410246034925,273.8485872253042,276.5593086696593,85886
2023-05-29,281.8893127441406,282.2746905899799,276.9512217992077,279.5639691746719,94471
2023-05-30,283.3328552246094,284.1362822332561,280.87034795471294,282.1767216661302,123256
2023-05-31,281.2818603515625,289.8908583712722,279.6292983952226,284.33223182100113,134099
2023-06-01,279.4725341796875,280.8703636974187,277.93102268198066,278.91080302046004,38302
2023-06-02,277.07537841796875,280.87039306444717,276.8271641835456,280.54379958413966,61884
2023-06-05,282.4118957519531,284.1363188413653,277.6697721234365,277.6697721234365,219028
2023-06-06,282.92138671875,286.09586552143674,281.7717713826252,283.67906598990595,129563
2023-06-07,284.45635986328125,284.78949156476153,281.5366135904879,284.07098198004053,45593
2023-06-08,273.73101806640625,284.78292840767773,272.705509927625,282.1767192544527,611354
2023-06-09,272.85577392578125,274.3385010290267,271.0791047408174,274.3385010290267,66264
2023-06-12,273.03863525390625,276.1347344727652,271.7257233368902,273.025558759652,66693
2023-06-13,272.5552978515625,274.99169222962774,272.08500247368,274.99169222962774,69071
2023-06-14,272.26788330078125,274.2993048995149,271.72574695148177,274.2993048995149,66733
2023-06-15,272.0523376464844,273.65265348846583,271.07255731882594,272.37893108903717,46687
2023-06-16,271.19012451171875,274.0118966221617,270.4193687761024,274.0118966221617,215402
2023-06-19,266.80072021484375,273.2280770301547,264.8672925387785,273.1888874101703,233702
2023-06-20,268.5120849609375,269.72702306397645,266.50027790833275,266.50027790833275,336994
2023-06-21,265.8405456542969,270.027476321068,264.867303494956,269.70088285190036,127506
2023-06-22,265.81439208984375,267.6433072654706,265.19385661935587,265.19385661935587,60080
2023-06-23,266.9183044433594,267.80662905938885,265.84706835895435,267.15344215924404,30162
2023-06-26,267.1991882324219,268.4467776887471,264.21411911128325,265.84708647291046,276820
2023-06-27,262.4308776855469,267.153425861622,261.2747441189457,265.84705214102723,334171
2023-06-28,262.4308776855469,262.4308776855469,262.4308776855469,262.4308776855469,0
2023-06-29,262.4308776855469,262.4308776855469,262.4308776855469,262.4308776855469,0
2023-06-30,262.4308776855469,262.4308776855469,262.4308776855469,262.4308776855469,0
2023-07-03,273.4632263183594,279.56398949138656,271.0725599040314,271.0725599040314,598559
2023-07-04,265.99072265625,274.4037716133874,265.19383398338624,274.3319107017213,648396
2023-07-05,264.4427185058594,271.7257484005314,263.8875056582084,265.19387944859557,729232
2023-07-06,268.93011474609375,270.41938010002195,264.5406979239345,265.25920750997057,1183919
2023-07-07,272.9210510253906,274.17517854021776,270.32138013651365,270.38016456059734,1007453
2023-07-10,274.9720764160156,276.2915067122749,273.0321106221426,273.0321106221426,861697
2023-07-11,275.0308837890625,276.2980680124668,273.19543013289416,274.9916941684362,367635
2023-07-12,276.0890197753906,277.40847000245105,274.0118903253038,275.5795348171867,512510
2023-07-13,276.5462646484375,284.78947989074857,276.03677967900774,277.6762651941175,699093
2023-07-14,273.17584228515625,277.6044489319468,272.3789534226396,277.6044489319468,249625
2023-07-17,273.1235656738281,275.47502244410794,272.2809490353918,272.3789230785399,122879
2023-07-18,279.55743408203125,281.18388289651364,273.06475518604367,273.12355954429404,446121
2023-07-19,279.9754943847656,282.11140829724553,278.5776648992849,280.9748695096098,337008
2023-07-20,282.27471923828125,282.5033386435733,279.57705410993725,279.57705410993725,259920
2023-07-21,285.5602722167969,288.623720673503,273.03215102787937,273.03215102787937,656795
2023-07-24,284.2930908203125,287.33042618178024,284.0710096422607,285.3773835839898,241090
2023-07-25,286.3898010253906,287.2650690694066,283.4831113799346,284.1362982725151,168651
2023-07-26,285.5210266113281,287.39566964157706,285.11605396232835,286.74902105260514,164964
2023-07-27,285.5210266113281,285.5210266113281,285.5210266113281,285.5210266113281,0
2023-07-28,285.5210266113281,285.5210266113281,285.5210266113281,285.5210266113281,0
2023-07-31,288.9829406738281,292.62771459822744,287.4152762558213,290.0019105853239,224427
2023-08-01,291.73284912109375,292.3011184972749,288.77391345633447,289.5577257244985,182635
2023-08-02,291.26910400390625,296.2202518124431,290.66816329997175,291.98107531522845,332954
2023-08-03,291.327880859375,293.6074966458787,290.0215071256892,291.97452947877144,197015
2023-08-04,290.498291015625,293.202493935441,289.0351589625917,293.202493935441,97709
2023-08-07,290.57672119140625,291.19071848567825,289.36180309870804,290.3415834703741,75109
2023-08-08,288.7935485839844,291.32137888401456,287.40225719499193,289.36181803950325,191483
2023-08-09,290.3285217285156,291.9745455474224,287.40223722788784,289.3617979362598,133490
2023-08-10,290.7269592285156,291.76552402283306,286.74905334072827,290.01498788902813,136768
2023-08-11,295.83489990234375,297.85324515841467,291.3213757470459,291.3213757470459,1071507
2023-08-14,295.83489990234375,295.83489990234375,295.83489990234375,295.83489990234375,0
2023-08-15,297.5266418457031,298.50642222499744,295.56708108711456,296.54032321843505,706682
2023-08-16,291.1907043457031,298.8264605994626,290.2109240216144,298.8264605994626,435027
2023-08-17,296.2921142578125,297.02370036496234,288.70862355566095,289.36834873487214,111199
2023-08-18,293.9798583984375,297.20006531102,291.3213827004723,295.89369139756496,150657
2023-08-21,289.96923828125,295.2404610310876,289.3944306544554,295.2404610310876,102899
2023-08-22,289.7014465332031,291.9745441199268,288.0554227223439,291.1580604954304,86445
2023-08-23,288.77392578125,291.31481239782244,288.26444080841014,290.5310000962052,120637
2023-08-24,295.2077941894531,296.98446315475576,292.29456659121774,293.0849370034769,541419
2023-08-25,294.8747253417969,297.1282283465649,292.6408171486493,296.5272875673987,114311
2023-08-28,297.74871826171875,299.8127912865833,295.56053812942656,295.56053812942656,193935
2023-08-29,294.46319580078125,299.8127983064338,288.7086205913807,298.506424457604,733635
2023-08-30,293.8165283203125,296.0243031729279,292.62772340987624,295.89365782293294,2112711
2023-08-31,284.7241516113281,295.89365103446465,282.5033202481368,293.8034450845898,534398
2023-09-01,291.5630187988281,292.6277165820312,284.8090689822578,286.4224413420105,211544
2023-09-04,293.1502990722656,295.8218512748191,291.3213835614967,291.3213835614967,123126
2023-09-05,292.0071716308594,295.2143214378597,290.9947399926848,295.2143214378597,82551
2023-09-06,293.3658142089844,293.93408358118575,291.97452302397784,293.2482453596353,125893
2023-09-07,292.5820007324219,294.0582094920795,292.30113515200196,293.9145075780095,98456
2023-09-08,288.9764404296875,293.934126979364,287.4022574909337,293.111105045043,275694
2023-09-11,284.1885681152344,289.36181750602753,283.1565415098486,289.0352240325444,768568
2023-09-12,282.5359802246094,286.07626192580415,282.0134386880637,286.07626192580415,105479
2023-09-13,281.81097412109375,284.1232614630096,281.4255962197216,283.9730212911459,213038
2023-09-14,283.2022399902344,285.9456129225822,282.6992733357094,283.47656731662835,137751
2023-09-15,283.7705078125,286.749038370354,282.82991711700066,286.0958514947951,360616
2023-09-18,284.782958984375,286.1024093208526,283.548446070603,285.3643049115721,136199
2023-09-19,283.9729919433594,285.76925583719316,283.4831017904956,284.80253209275,168959
2023-09-20,284.81561279296875,286.03053082184186,284.1428311037829,285.1160731763973,297868
2023-09-21,285.8803405761719,286.71641907306645,283.6464324410485,284.8678888455906,338526
2023-09-22,286.7817077636719,287.33040231526417,285.11608909979225,285.11608909979225,343965
2023-09-25,287.1409606933594,288.708605241873,285.91296615135775,285.91296615135775,234844
2023-09-26,287.18017578125,288.1207665805129,285.7692895823556,287.40225695139765,256712
2023-09-27,287.0691223144531,289.38794791515784,286.0958801511651,287.8921442388722,751910
2023-09-28,287.0691223144531,287.0691223144531,287.0691223144531,287.0691223144531,0
2023-09-29,287.0691223144531,287.0691223144531,287.0691223144531,287.0691223144531,0
2023-10-02,301.3888854980469,301.82762226007617,295.6927410690332,296.5248288275486,290349
2023-10-03,301.419189453125,304.0592518151875,299.55830342603974,300.91992284384105,270202
2023-10-04,300.36767578125,303.18925772761213,300.3147180234859,300.3147180234859,102528
2023-10-05,295.8894348144531,300.314732083123,294.134441418978,299.93650194196033,221351
2023-10-06,293.3855285644531,297.25105228788686,292.68959809076546,297.25105228788686,143278
2023-10-09,295.76837158203125,297.13756272206996,294.79255452774976,295.0194833577376,137152
2023-10-10,297.09222412109375,297.41751960949705,294.2630698598774,295.01953019370745,170226
2023-10-11,297.3872375488281,298.46139823301144,296.60808437341717,297.09220695471976,158182
2023-10-12,298.9455261230469,301.22247884822036,298.0453365845055,298.0453365845055,127361
2023-10-13,301.0484924316406,302.5765338554392,298.0453442577117,300.6929551838589,236048
2023-10-16,302.1377868652344,304.5508968747587,301.0711751578772,302.58409563605744,360496
2023-10-17,301.0711975097656,302.1453812865695,300.31473721451493,302.1226884011254,102238
2023-10-18,302.2890625,302.58409307170535,300.20124795583257,301.07117260634686,101356
2023-10-19,304.0667724609375,306.36641821215244,301.8276564608613,301.8352284510877,443189
2023-10-20,303.0304260253906,305.60995839495473,301.9033075760435,304.0667729332247,264248
2023-10-23,306.3588562011719,308.2121932107869,304.85350755859974,304.85350755859974,276777
2023-10-24,306.20001220703125,306.7446645693842,304.8610857303598,306.7446645693842,110637
2023-10-25,305.37542724609375,306.2453518797123,304.7097385606116,306.19996611345977,147279
2023-10-26,304.830810546875,306.3588520548485,304.20295865020694,304.9291540803458,197835
2023-10-27,305.5796813964844,305.6099462709001,303.79444625665485,304.8534860078533,99322
2023-10-30,305.93524169921875,306.74465978215807,304.8535089820215,306.2907789730579,75563
2023-10-31,307.4632873535156,307.87933126974593,305.5342998051697,306.3664107229659,129448
2023-11-01,313.9461669921875,315.44396679994486,306.97160162298144,307.19855357979566,355973
2023-11-02,313.098876953125,316.53321277756123,312.4180673797757,313.93098780292235,105900
2023-11-03,310.0957336425781,313.2879967067289,309.39223117573937,311.28338173304826,175887
2023-11-06,312.30462646484375,312.4559046673413,310.1487100825686,310.1487100825686,198798
2023-11-07,311.9415283203125,317.7057520776043,311.6616417046684,312.4105300098065,281655
2023-11-08,317.7586975097656,319.2262322727277,310.1562810701061,310.1562810701061,1077158
2023-11-09,317.7586975097656,317.7586975097656,317.7586975097656,317.7586975097656,0
2023-11-10,319.9524230957031,321.0719925841904,317.71330720406354,317.71330720406354,249383
2023-11-13,322.7135009765625,325.27791234320586,321.4956110368895,321.57126168008284,370074
2023-11-14,320.69378662109375,323.0161253201748,318.46979145625875,323.0085533297446,97310
2023-11-15,320.98876953125,322.161296776549,319.4229143497929,319.9826875506358,78792
2023-11-16,321.8133544921875,324.52147223816536,320.739170696928,322.2520913134229,174125
2023-11-17,320.043212890625,329.06022980513194,319.3018965728056,323.68935706940624,512073
2023-11-20,318.71942138671875,322.5546808087876,316.9568789714664,320.7391806298371,133209
2023-11-21,318.2503967285156,320.51222865516996,317.14597118779614,317.14597118779614,274753
2023-11-22,321.7149963378906,322.61518591062224,318.77235479157684,320.43657662822415,290970
2023-11-23,321.5409851074219,323.00094781806314,319.9826788727407,322.2520595739658,145261
2023-11-24,322.6529846191406,324.37014104989584,320.81479177997954,323.0009498649733,279115
2023-11-27,327.05560302734375,329.02240435047474,324.31722053793925,324.31722053793925,352516
2023-11-28,326.4655456542969,329.66535763937776,326.03435778449614,328.98454805225424,790594
2023-11-29,329.52923583984375,331.6321945737075,328.6820039881197,328.83330528392895,429128
2023-11-30,328.95428466796875,331.1404658145006,327.9255098357191,329.0602001811714,251699
2023-12-01,327.8347473144531,329.05263723776,326.1100188653634,328.96186570128185,185107
2023-12-04,329.52923583984375,331.3296150674256,328.3037738339331,328.3037738339331,566181
2023-12-05,335.89105224609375,336.6248196302743,329.2115182298541,331.216133325192,669704
2023-12-06,336.6097106933594,339.6506727713709,334.3554507014386,336.66264536920323,448723
2023-12-07,333.5082092285156,336.62482186312275,332.8425204938742,335.86836158927304,231312
2023-12-08,334.287353515625,338.1377334370958,332.9559760816751,336.6021200453474,463804
2023-12-11,331.9347839355469,335.1119265591819,331.32962490501507,334.3630382189648,204892
2023-12-12,335.4069519042969,335.792730968937,332.1238938049174,334.35546097998184,198339
2023-12-13,339.9381103515625,342.67649275898515,333.59896977199213,335.79269987678185,1335724
2023-12-14,340.679443359375,341.9200493095123,336.62482730693137,339.65066845126336,335115
2023-12-15,341.5947570800781,343.26652775129645,336.63237973851824,341.5039855446758,271753
2023-12-18,339.4313049316406,341.92763784772944,338.8261459076211,341.6174863451849,151580
2023-12-19,331.5640869140625,338.89418850785603,326.03436439037046,338.89418850785603,228280
2023-12-20,330.78497314453125,335.1119271681749,326.7908635138861,332.83497418092065,138532
2023-12-21,330.3916015625,332.8425254993239,327.5473035027438,332.8425254993239,150218
2023-12-22,325.6864013671875,332.7668582016234,323.76498587497036,332.086048596056,133974
2023-12-25,325.6864013671875,325.6864013671875,325.6864013671875,325.6864013671875,0
2023-12-26,309.07452392578125,325.27791290770807,307.1379875004134,324.521452645132,374400
2023-12-27,314.3394775390625,316.1927911753106,309.39222137398133,309.39222137398133,182588
2023-12-28,317.0249328613281,324.52145693274196,315.0657035256108,316.20039393446655,307547
2023-12-29,319.18084716796875,320.33065846403605,316.6164357797635,318.77235215955807,104580
2024-01-01,330.5882568359375,331.32959620666395,319.3018826052699,319.9675713323981,219189
2024-01-02,327.3506164550781,334.3478740937112,324.89969251815086,332.08606522809833,245171
2024-01-03,325.7469177246094,327.343060898443,325.1947165022073,326.4126064557626,147785
2024-01-04,328.1448974609375,329.052635907384,325.3157204352422,327.16905727707285,121723
2024-01-05,326.450439453125,327.9255463003756,323.77258656152634,327.9255463003756,166783
2024-01-08,325.6410217285156,327.5472932770517,324.14322209980753,326.79083301544193,182468
2024-01-09,325.2249755859375,326.7984259587588,323.7877056137921,326.79085396834995,206774
2024-01-10,324.1432189941406,326.7908298844078,323.7649888669596,326.7908298844078,142033
2024-01-11,325.2627868652344,325.79229518945596,323.5758721956679,324.5290194987355,115408
2024-01-12,325.020751953125,327.54732671458595,324.5214853592549,326.4126362063368,110038
2024-01-15,324.6575927734375,327.5397043745255,324.5214354738587,326.4125860302332,107796
2024-01-16,325.32330322265625,327.5472982725345,324.1432270433742,325.0131517404258,156227
2024-01-17,327.1312561035156,327.7364150911307,324.53657980791024,324.5971095578731,174818
2024-01-18,331.0875244140625,332.8425177755413,326.78326364418376,326.7908356341678,596261
2024-01-19,330.95892333984375,333.03161698727877,330.5731212343914,332.08604169770666,114458
2024-01-22,331.6322021484375,332.8425432865469,330.19493214676754,330.95139247241883,237938
2024-01-23,331.3144836425781,332.4642949640423,329.060223684547,332.4642949640423,867056
2024-01-24,332.827392578125,338.59161604960985,330.9589348177179,332.08605321467,685292
2024-01-25,332.9106140136719,337.3812972019925,332.4643052024119,332.84253535622577,122868
2024-01-26,331.1934509277344,335.66413402833575,329.06022736159923,335.66413402833575,397451
2024-01-29,331.0724182128906,332.5399530441318,329.06023104134,332.5399530441318,381075
2024-01-30,329.5972900390625,332.0633578486681,326.0267967250821,331.8969356697621,113815
2024-01-31,331.00433349609375,332.0860661665886,329.8166853044023,331.3220338890117,73363
2024-02-01,331.4582214355469,332.0860733300808,327.1690813559452,329.06023211522813,96039
2024-02-02,331.3749694824219,332.69877489680846,329.9755134272892,332.063351068143,55046
2024-02-06,328.7349548339844,330.96649884553403,327.16907648811554,330.958949940638,231920
2024-02-07,329.884765625,331.32960755145785,327.69860738776805,331.3144866563546,207893
2024-02-08,329.884765625,329.884765625,329.884765625,329.884765625,0
2024-02-09,329.2417907714844,331.3220567050766,325.27794597987486,325.27794597987486,188108
2024-02-12,324.8164978027344,329.8166892817556,323.76500690961325,329.4384591334967,186766
2024-02-13,325.52752685546875,327.32035702660016,322.25206415435787,323.08417504036794,95154
2024-02-14,333.7200012207031,335.86834552544553,327.5548549007601,327.5548549007601,588313
2024-02-15,333.89642333984375,340.8168511461393,333.3190521174654,340.8088242838946,171337
2024-02-16,327.5132751464844,335.1954960832339,326.21417156678865,335.1954960832339,243267
2024-02-19,324.8509521484375,327.1764662543466,323.16695073652375,325.01131808586604,300903
2024-02-20,324.1773681640625,326.254294340507,323.16696238606295,325.97362334971365,76170
2024-02-21,326.33447265625,329.18121884031257,325.17170338549755,327.1844879748996,148314
2024-02-22,326.7514953613281,328.579833664333,326.3745998813509,328.579833664333,73622
2024-02-23,328.5958557128906,330.38410860585003,326.0137265065514,327.9783990771666,178681
2024-02-26,336.9195861816406,338.80406338126636,328.79630377603365,330.3760538788509,182556
2024-02-27,336.0776062011719,338.28283980554687,334.7143610932472,335.19550786499366,101027
2024-02-28,337.320556640625,337.7054789642936,334.39361502464584,335.9974213317185,142766
2024-02-29,342.0517883300781,343.21455771868307,336.7993323407637,337.60123551300364,137346
2024-03-01,343.81597900390625,347.9457753733148,341.78716499298463,347.9457753733148,77662
2024-03-04,343.7999267578125,345.62023799482154,342.011674025038,344.0164317860289,72305
2024-03-05,340.808837890625,344.6178778435202,340.2474958981837,342.6532053421175,56077
2024-03-06,339.2691650390625,342.4126360723873,338.9644624066507,341.5706475758199,46187
2024-03-07,342.3003845214844,342.73341909702424,338.8121252167404,340.80885633216536,47917
2024-03-08,340.55218505859375,343.21450908650337,340.0068968520501,340.8248291618655,131880
2024-03-11,341.1054992675781,342.41260516536755,340.2073717597358,342.41260516536755,47518
2024-03-12,338.3951110839844,342.4046269364343,336.39838002054995,340.4479812426673,99126
2024-03-13,337.2082824707031,340.6484291707637,336.39835250367366,336.7993040561214,35828
2024-03-14,338.0502624511719,339.64604175874774,335.5964409695955,335.9973925119725,37806
2024-03-15,336.31817626953125,340.0069356545515,335.79694411637604,340.0069356545515,54040
2024-03-18,336.0374755859375,336.79929330011515,335.9171950184726,336.79929330011515,35530
2024-03-19,340.9050598144531,341.53857014883835,336.0054433634187,336.0054433634187,153837
2024-03-20,343.150390625,345.2192898872443,339.20501654426096,339.20501654426096,62894
2024-03-21,342.8616943359375,345.21929145486394,342.41263054872684,344.81833989684435,52313
2024-03-22,343.2867126464844,344.00842057885603,340.9050593391586,342.80556586752266,52992
2024-03-26,345.074951171875,347.2240456271542,342.4126269810505,342.4126269810505,111891
2024-03-27,345.5721435546875,348.02596522267976,344.8023233870398,344.8183526399822,169688
2024-03-28,346.44622802734375,348.42692985025735,345.05892672337706,345.620268735238,45779
2024-03-29,346.4783020019531,347.2240660626766,344.9145810610819,347.2240660626766,19832
2024-04-01,347.01556396484375,348.6273971398074,344.81835714805555,344.81835714805555,49042
2024-04-02,347.94573974609375,348.8278380240307,344.81832264444415,344.81832264444415,65505
2024-04-03,347.8655700683594,348.5792756049203,346.5023494225589,347.92973602353914,17172
2024-04-04,348.97222900390625,349.62176863869547,346.5184071675597,346.5184071675597,52281
2024-04-08,356.1893310546875,356.8468975031759,349.0283418837243,350.4236455170334,197725
2024-04-09,359.3488464355469,364.06404101444866,356.84691244808295,356.84691244808295,192330
2024-04-15,363.3102111816406,364.8659051305178,356.405837338875,360.8563896895231,204676
2024-04-16,362.7007751464844,364.8097842894865,360.0545046119126,360.8564077402242,73681
2024-04-17,360.95263671875,366.3895390178802,359.653557550165,362.8611701035667,160125
2024-04-18,360.9125671386719,364.45696546082974,356.0530358654613,361.02482085743776,121863
2024-04-19,366.8385925292969,369.1159944416835,360.0544990213174,360.8564021371778,241142
2024-04-22,366.30133056640625,368.835347345172,365.06639291773604,365.10647828460924,56912
2024-04-23,364.6734619140625,368.71503592174514,362.46020152499307,366.1489606827286,119758
2024-04-24,368.45843505859375,368.8754158491485,362.86114276465156,364.8659004594839,124673
2024-04-25,361.6663513183594,368.07354972319615,358.37051661166385,368.07354972319615,472842
2024-04-26,358.1058654785156,360.85638717858546,356.8468717654901,360.7761919758956,405352
2024-04-29,357.31201171875,360.81634920668915,356.44596704350766,360.81634920668915,248150
2024-04-30,358.67523193359375,361.6583125637815,356.84689377135874,356.84689377135874,167222
2024-05-02,358.60308837890625,360.2550069873987,357.263899288027,359.2526280030153,580559
2024-05-03,359.5492858886719,360.85639184578906,358.53087777054424,358.85163411331246,307149
2024-05-06,359.8780822753906,361.2573566247414,358.45069569646927,360.7762098568951,397720
2024-05-07,358.80352783203125,360.7762026212825,358.45871536964427,359.2525916137772,236992
2024-05-08,360.279052734375,360.83236787560026,358.5068535931937,360.05452082722144,386510
2024-05-09,360.62384033203125,361.6583021949435,359.41298327837666,360.27100100626495,206187
2024-05-10,367.8009033203125,368.6749748209689,361.25737065110707,361.25737065110707,259309
2024-05-13,395.3863525390625,395.3863525390625,367.27163095677986,367.27163095677986,652668
2024-05-14,405.84320068359375,417.79155306491816,400.9596132974767,400.9596132974767,705269
2024-05-15,401.98602294921875,408.0884939620682,399.34775482518216,406.1719582256695,250801
2024-05-16,406.8375244140625,408.1686865248476,398.94680067998365,401.75346158929005,211406
2024-05-17,406.9898986816406,408.95457115874876,404.159181583168,406.5648909973535,172300
2024-05-20,407.1342468261719,412.78767879182817,404.96109611309157,404.96109611309157,226328
2024-05-21,398.65814208984375,408.9706048095908,396.94205760930873,407.13423975148135,319169
2024-05-22,399.0109558105469,403.2770864119378,396.9420564658009,400.86337458842445,235097
2024-05-23,396.7335510253906,401.5930820883377,396.1802359018939,400.93554011340484,293777
2024-05-24,400.8152160644531,403.35725966147305,397.03023245017556,397.03023245017556,260861
2024-05-27,399.267578125,404.9610954505149,398.1449185963973,400.95157965397516,299622
2024-05-28,399.267578125,399.267578125,399.267578125,399.267578125,0
2024-05-29,395.201904296875,400.86336284467666,393.83065681236513,397.75197482010924,264363
2024-05-30,394.2075500488281,400.14965507792476,391.32872079764985,397.92839225549903,266184
2024-05-31,392.90850830078125,396.9340535181091,392.1306612249871,396.043952720853,259020
2024-06-03,395.29815673828125,396.54109679783045,391.41692406325893,396.54109679783045,146269
2024-06-04,388.0088195800781,396.893919572039,387.0545774119383,396.893919572039,243107
2024-06-05,384.44036865234375,389.7249071521742,384.1115854442211,389.3640409678067,187457
2024-06-06,382.25921630859375,387.3031939977456,381.1044738094534,384.51256221279937,194702
2024-06-07,381.68182373046875,384.91349228052167,361.73849732722675,384.91349228052167,550658
2024-06-10,377.1190185546875,384.7531278572441,375.2906803217493,384.7451254666702,352451
2024-06-11,369.9259338378906,380.7275700624193,366.46973327831074,380.7275700624193,325492
2024-06-12,372.7406005859375,377.69635581439235,368.87542181448083,372.8769104069922,395519
2024-06-13,386.252685546875,388.12110904374435,376.0123670696456,376.084535413596,324334
2024-06-14,385.85174560546875,389.8211514751,384.9135081615825,386.5975096542178,85181
2024-06-20,395.2660827636719,399.34776684151956,385.71541335496164,385.71541335496164,458179
2024-06-21,391.8258972167969,398.54584925457965,389.32396340663666,396.94204302015476,301875
2024-06-24,389.36407470703125,393.71040065954946,388.9230377520458,392.3311262271926,331047
2024-06-25,391.8659973144531,392.13061456881303,387.3191959851466,388.93102904175976,248515
2024-06-26,392.756103515625,393.57403587635224,390.12586229854105,392.13062006985933,384007
2024-06-27,392.48345947265625,394.5283026109472,391.0079606893324,392.9325232557487,272994
2024-06-28,392.8844299316406,394.5363484572472,391.7296874417993,394.4481508576755,111432
2024-07-01,392.32305908203125,394.3278168027466,390.60699919861173,392.93251326021357,160435
2024-07-02,396.509033203125,397.74397093281794,392.93255192959833,392.93255192959833,85552
2024-07-03,413.741943359375,425.4096244968696,398.5458687557855,398.5458687557855,670448
2024-07-04,418.3207702636719,439.2584984360541,412.98011688947906,416.9094618511894,402343
2024-07-05,418.4972229003906,425.00867261050314,416.9896410518144,422.6029631428965,116512
2024-07-08,413.7098083496094,416.98961357649284,411.49659689843804,416.98961357649284,76043
2024-07-09,420.6383056640625,424.2067846241436,412.9801400405179,412.9801400405179,124821
2024-07-10,415.866943359375,425.00865861291305,414.5839179299548,420.5981914008923,134172
2024-07-11,416.5245056152344,418.5934293728556,413.38105908373,418.5934293728556,72606
2024-07-12,415.6985778808594,419.06658083656674,408.5696472643973,418.9943880189354,69296
2024-07-15,433.5890197753906,441.03868202002286,414.664077082241,414.664077082241,574255
2024-07-16,433.5890197753906,433.5890197753906,433.5890197753906,433.5890197753906,0
2024-07-17,433.5890197753906,433.5890197753906,433.5890197753906,433.5890197753906,0
2024-07-18,440.47735595703125,450.58939169972757,437.0372091235056,437.4381606915088,333390
2024-07-19,440.645751953125,444.2543158908667,437.4862517920866,441.046703501763,279546
2024-07-22,437.9353332519531,445.8581400884927,436.23530253262595,445.8581400884927,294890
2024-07-23,438.9377136230469,444.25433530587827,438.2881740436381,440.24481964427287,189729
2024-07-24,441.5439147949219,445.0562545572407,439.84388400837213,441.0306850250203,219554
2024-07-25,443.7491455078125,445.05625156759885,440.72595494760577,443.45244525564357,227520
2024-07-26,440.80615234375,445.49726599133487,439.0419557009355,443.45242283583076,256868
2024-07-29,461.1584777832031,465.4646937885465,445.03216821887696,445.03216821887696,488978
2024-07-30,457.3894958496094,470.71712150723596,454.67905944566064,469.21756662002116,199927
2024-07-31,448.44024658203125,460.2923983820586,445.05623885373257,460.14806169141997,210587
2024-08-01,451.0946044921875,457.08479755638047,448.26386286669594,449.86766917391134,196380
2024-08-02,454.5347595214844,456.28290255426555,449.1058594124021,451.4714835466635,186870
2024-08-05,440.18865966796875,449.065732794925,439.298558979949,449.065732794925,358713
2024-08-06,443.6288146972656,445.0401720009209,440.24480706878984,441.0627639025631,148411
2024-08-07,457.60601806640625,458.6885676606204,441.0547265356615,444.45478780751546,490069
2024-08-08,457.6300964355469,461.09432401274825,453.35593882334183,458.68861449615997,165702
2024-08-09,459.9636535644531,467.5015138770475,457.0928265567119,461.0702348928654,337136
2024-08-12,466.21044921875,469.11333465612216,461.8881795681964,464.3019158391363,254178
2024-08-13,468.608154296875,469.10533034965994,463.5000349894374,466.7076476883262,120760
2024-08-15,477.8861083984375,485.1513481165942,469.1132870218308,469.1132870218308,415375
2024-08-16,479.0489196777344,482.7456813380307,476.3465100615342,477.93426258715334,164999
2024-08-19,479.6583557128906,491.56659709247566,473.1228259128232,481.11777627440046,304158
2024-08-20,476.1861267089844,483.3872012174114,475.52856026329954,481.85558776115425,104102
2024-08-21,476.0177001953125,480.3399697667192,474.0049155293117,479.5300397829389,61012
2024-08-22,475.75311279296875,484.3494908593356,473.1308738938611,477.1323626842793,98978
2024-08-23,476.619140625,480.3399829574756,475.92951566821665,478.73617667047233,34975
2024-08-26,478.2309875488281,484.3495126255178,474.52619883468566,479.53006676317494,254197
2024-08-27,475.3761901855469,482.7456818715567,474.60634556461395,481.14187561949177,169689
2024-08-28,477.1323547363281,477.9342578535321,474.0851326798097,475.5285485019203,206408
2024-08-29,476.12994384765625,477.13232267680917,474.8067842154628,477.13232267680917,106578
2024-08-30,481.005615234375,483.54763470078956,475.52860261619935,480.3400218669535,203966
2024-09-02,481.4385986328125,497.1799616569454,479.53809204976346,483.1947685196625,1081577
2024-09-03,479.7145080566406,485.135381511205,477.13240324995746,481.5428708430243,156641
2024-09-04,471.462890625,481.52676488875846,467.91046571320754,480.25979321205716,613959
2024-09-05,470.6449279785156,473.91670633851254,467.50950838571777,472.32092699689156,89518
2024-09-06,467.3330993652344,472.31288615607605,463.5801498886248,472.31288615607605,170198
2024-09-09,467.8142395019531,470.7171248401094,465.51278149536427,470.7171248401094,150651
2024-09-10,472.3289489746094,473.1228252061585,468.31140664474,469.11330973830974,108626
2024-09-11,467.7260437011719,473.1228359816397,466.7156379491768,473.1228359816397,251772
2024-09-12,469.4341125488281,470.7171379809438,467.5175523187684,467.5175523187684,54503
2024-09-13,472.0723571777344,476.242263256903,469.11333266010695,472.9624579084615,425328
2024-09-16,471.27850341796875,477.1323867778143,469.2015526694504,477.0842745453224,114238
2024-09-17,471.27850341796875,471.27850341796875,471.27850341796875,471.27850341796875,0
2024-09-18,482.59332275390625,484.34949257382436,471.5190424394184,472.99456574035963,317158
2024-09-19,490.2675476074219,500.22717094161237,482.74569220862844,482.74569220862844,381561
2024-09-20,493.96429443359375,497.58088533130933,488.7599510224545,492.3204028285272,819898
2024-09-23,496.5785217285156,497.79743016909146,492.37655708667825,497.171922223759,143845
2024-09-24,494.9266357421875,497.17998176629226,493.57944424555455,494.77427217710056,143654
2024-09-25,496.033203125,497.5728433623109,494.774209393101,496.3780155823817,138823
2024-09-26,500.33135986328125,500.70025288308784,496.37798373367525,496.37798373367525,195143
2024-09-27,499.9064636230469,501.0691840824171,497.19602695024827,500.38758595490447,244258
2024-09-30,501.13330078125,503.5951491832142,498.7837305604446,501.18141300970643,187715
2024-10-01,495.0709228515625,501.98332379652896,494.37327105612565,501.18944754270643,281106
2024-10-02,500.3233947753906,501.1894638733632,495.0709389828545,495.0709389828545,319044
2024-10-03,505.9286804199219,507.60467949116696,500.4036050714564,502.7932607282175,288459
2024-10-04,520.2266235351562,524.0677708138767,504.4050906002678,504.47723447244965,445784
2024-10-07,543.6342163085938,554.1150967322562,517.2275504953766,521.2370663906896,757917
2024-10-08,555.6226196289062,559.7123058301718,544.4922007697928,545.29410386371,999105
2024-10-09,618.0641479492188,618.0641479492188,618.0641479492188,618.0641479492188,0
2024-10-10,543.8925170898438,548.6380803181456,538.7812488238021,541.4573146292183,147062
2024-10-11,542.5277709960938,546.8094655469997,535.4451144032272,544.1423285779143,133809
2024-10-14,538.3263549804688,553.2766526035693,535.2132068716511,544.1334269861786,328120
2024-10-15,544.6775512695312,545.91747494111,537.8892767802113,538.33528778915,191471
2024-10-16,536.8634033203125,545.0254261609965,535.3023648656779,544.6685955934855,485370
2024-10-17,524.2769775390625,540.0925094518665,521.8328460822395,540.0925094518665,301082
2024-10-18,504.17974853515625,523.6168873248578,501.41444780921046,517.461914060536,602827
2024-10-21,498.6402893066406,503.9478310030487,497.74826732219225,499.532311291089,288588
2024-10-22,495.5093078613281,500.41542901769213,495.0722257785501,498.6403138922694,237523
2024-10-23,491.5308837890625,498.18533272593834,489.7200530877233,495.96420677008035,476642
2024-10-24,496.36566162109375,497.5431372154096,490.61210872977665,490.70128915348266,355835
2024-10-25,495.43792724609375,502.20839834823414,494.1802001508379,499.5234033510635,215899
2024-10-28,507.828125,515.0356781647394,495.9642430252082,498.99713967050985,321527
2024-10-29,510.38818359375,514.6966648542904,507.2036587007157,508.4525112078779,188848
2024-10-30,513.0196533203125,516.4807028000058,508.452505347156,516.4807028000058,158594
2024-10-31,511.37841796875,515.5798069057892,509.6121773183964,512.9126697343233,108161
2024-11-01,514.6163940429688,517.3727660106603,503.9924358552122,510.4595954303454,120103
2024-11-04,514.090087890625,517.381651007142,509.56753014876364,515.4102629315516,120894
2024-11-05,516.213134765625,519.1567964337835,511.57460954428666,514.6966864987853,196148
2024-11-06,515.865234375,517.3727537144733,511.12859979033317,516.4807317253105,128307
2024-11-07,514.4022827148438,517.3459442612063,513.001801719836,517.3459442612063,55757
2024-11-08,517.4172973632812,519.1121607680527,513.1445320197842,513.1445320197842,130382
2024-11-11,515.59765625,521.8328814557287,512.0206392403219,519.112225184943,142472
2024-11-12,509.6389465332031,517.372762059472,508.4525420239639,516.0347290541458,139005
2024-11-13,517.1229248046875,517.3727170774212,512.0205855214477,512.9126074474433,158027
2024-11-14,515.4370727539062,516.8732150660786,512.92156425253,514.7412694803614,159973
2024-11-15,512.6806640625,517.1051123380915,511.5745656047763,515.4370357212507,183447
2024-11-18,517.274658203125,517.7295981409231,512.912657492676,514.6877725874547,242160
2024-11-19,513.7154541015625,519.1567661267297,512.9126125822502,518.2647441918041,256125
2024-11-20,511.1107177734375,515.1426743962102,508.916378628409,514.7858438395281,185365
2024-11-21,513.20703125,514.6877638107114,511.128604750564,511.128604750564,213421
2024-11-22,512.3862915039062,516.4717671770437,511.12856454159135,515.1426632160018,176523
2024-11-25,511.833251953125,517.3637988981653,508.45250838343895,511.12857421703603,117280
2024-11-26,496.8473205566406,512.9126453418929,493.2881615201161,512.9126453418929,425615
2024-11-27,515.3300170898438,517.2835473258315,502.2083546878719,505.7764424654057,454615
2024-11-28,516.7393798828125,519.1567789864322,511.0126141632512,519.1567789864322,441938
2024-11-29,513.5637817382812,520.0487987609141,511.12857922813686,517.3727329010809,372484
2024-12-02,516.3468627929688,518.2647316846547,513.5637587787405,514.6966440310599,184321
2024-12-03,540.6278076171875,555.0339309843272,515.1427312454134,516.6591796116137,731686
2024-12-04,547.1751708984375,552.518428215064,540.5653120777098,545.0254219133344,237346
2024-12-05,550.1010131835938,553.0357457705153,543.2592201380211,550.3775378076216,301107
2024-12-06,545.0789184570312,553.0535966903216,544.1333773888647,553.0357388294153,343922
2024-12-09,543.7587890625,546.8094890751398,535.2132030099249,545.0789642076197,621613
2024-12-10,539.708984375,550.3775873539478,533.0723383561854,544.1423621338133,547770
2024-12-11,546.8540649414062,552.1616066209681,539.7178890884697,539.7178890884697,279775
2024-12-12,564.730224609375,570.0020506053141,548.5935228830489,548.5935228830489,724295
2024-12-13,561.2780151367188,578.0302131894609,556.4165391525349,570.8940377179862,559442
2024-12-16,573.364990234375,581.1523247616783,565.5419399829686,566.4339619703235,822892
2024-12-17,590.6524047851562,602.0970081493181,569.1100511343975,574.4621832767273,1211241
2024-12-18,589.9030151367188,623.5233235590573,584.2743589859549,601.2227755061582,806681
2024-12-19,556.1043701171875,591.4106180340867,546.9254828401007,584.2744416475517,686525
2024-12-20,564.7123413085938,567.3259590835867,548.5934981704494,555.7296737564064,592838
2024-12-23,583.3823852539062,584.2744072497073,567.3349182605971,571.7860993084922,315642
2024-12-24,574.7476196289062,592.3026059961509,570.0020560715969,588.7345180082223,449878
2024-12-26,562.5269165039062,579.8143074413491,557.5583473667753,579.8143074413491,174840
2024-12-27,562.9818115234375,571.3400527482695,559.2977565545121,564.649888196182,296075
2024-12-30,571.8128662109375,574.8546371551404,566.4339476299093,566.4339476299093,227508
2024-12-31,563.4188842773438,575.3541419971393,561.9738131134849,575.3541419971393,228922
2025-01-01,563.4188842773438,563.4188842773438,563.4188842773438,563.4188842773438,0
2025-01-02,565.11376953125,571.661180228731,562.9639661185811,567.5221852675318,325191
2025-01-03,566.9691162109375,569.1099906181009,556.6306125443824,565.4527224876193,247108
2025-01-06,562.4198608398438,570.8494794765024,561.973849847901,566.8888996902625,219430
2025-01-07,561.4921875,566.4339697779701,552.1526888524157,562.8658817793688,273092
2025-01-08,555.4977416992188,565.5419175902864,553.9456322138294,564.6409667075791,191502
2025-01-09,553.2855834960938,559.1193878715811,550.8235940246046,553.9456710757562,150183
2025-01-10,555.435302734375,557.4691389518111,548.5935094946248,553.0536193279144,167152
2025-01-13,555.7117919921875,557.5136936724398,552.6165020983725,557.0587537872516,144790
2025-01-14,556.9338989257812,562.8658668439343,556.1757020240777,561.0818228919726,141385
2025-01-15,561.79541015625,564.6409623390143,556.1756827908475,560.1897815439492,160141
2025-01-16,557.8348388671875,566.4071568211276,557.5137240288748,566.4071568211276,143922
2025-01-17,571.7326049804688,574.4621902282995,557.9597825897537,560.6358486933017,389819
2025-01-20,574.997314453125,578.9222327240486,571.7860572821497,571.7860572821497,241424
2025-01-21,568.7086181640625,576.2462149921416,566.4339729411919,574.9973624077762,123438
2025-01-22,561.1978149414062,569.1100458629529,557.3353443699511,568.7086250670557,183795
2025-01-23,565.0602416992188,566.3447554796695,559.2977603260707,564.6409630732173,191306
2025-01-24,563.1959228515625,566.4339670502765,557.5583373075561,566.3447866286217,276709
2025-01-27,570.9921875,575.3541881325707,557.6029286123052,563.7579021702088,539732
2025-01-28,571.7771606445312,575.3541774979576,566.4339576917877,570.8940675948726,206194
2025-01-29,570.4480590820312,572.6781140432589,565.3189326712077,571.7860920587678,218954
2025-01-30,569.3419189453125,572.6780722124703,567.325940696466,568.2179626158,182556
2025-01-31,575.3987426757812,583.7748417761075,568.3696054187404,568.3696054187404,321882
2025-02-03,570.5907592773438,577.1382246064455,569.1189556681203,577.1382246064455,137227
2025-02-04,567.1207885742188,575.3541334019939,563.7578485427289,575.34520447172,339499
2025-02-06,528.2197265625,546.8094891036842,521.8328729619172,545.025445093558,448261
2025-02-07,526.06103515625,530.7530794945303,523.5990457738291,528.9690355298428,196574
2025-02-10,522.787353515625,526.248403320194,517.3281830908313,523.6169274635913,179524
2025-02-11,523.4117431640625,530.7441375456249,521.8328468717364,521.8328468717364,398440
2025-02-12,522.2788696289062,528.0770125026687,521.7525527046963,524.5089245803533,218031
2025-02-13,521.9042358398438,527.1404005122546,519.6473940946655,522.7248808177718,139434
2025-02-14,518.3450317382812,523.6079283008728,517.3816328382135,521.9041904212557,75047
2025-02-17,509.2820739746094,520.9318782029205,499.130860055373,518.3539217584268,262752
2025-02-18,517.6849365234375,520.0220297654308,504.12624592536014,511.1285967203501,99331
2025-02-19,518.1041870117188,521.7436517523805,516.4807005560544,521.7436517523805,59777
2025-02-20,517.0962524414062,520.9408652106349,513.0464920277046,518.2647991222242,137994
2025-02-21,513.0999755859375,519.7722824813159,511.12858743743925,519.7722824813159,137272
2025-02-24,512.5469360351562,513.6262477918044,507.11449819382307,512.957231303422,226064
2025-02-25,517.0338134765625,525.4009846160067,511.0840416796728,514.6967200737452,465201
2025-02-26,509.2285461425781,518.246874634413,508.4524914322836,518.246874634413,232211
2025-02-27,507.06097412109375,512.9126361047794,506.6684822739386,510.2365701772762,213154
2025-02-28,501.1111755371094,510.1473620165134,499.53227930343627,507.1233946161455,193066
2025-03-03,503.3680114746094,504.85767299306815,499.7107429960834,500.6116939411313,116726
2025-03-04,503.3680114746094,503.3680114746094,503.3680114746094,503.3680114746094,0
2025-03-05,490.478271484375,502.1192020585459,488.8280525738222,499.13089571266954,358143
2025-03-06,493.52899169921875,495.9641941510744,489.7200406275897,490.6120625595161,1171864
2025-03-07,497.3557434082031,498.64025716078805,495.07216945301855,495.50032255564764,252685
2025-03-10,507.6051025390625,512.8145349165211,498.64029242817605,498.64029242817605,312489
2025-03-11,502.48492431640625,510.31690382299604,501.3163776423945,507.74787603750855,190335
2025-03-12,498.5422058105469,503.01124489555934,497.74829313648553,502.49385687323013,144451
2025-03-13,495.1346435546875,499.532305352372,493.28815153546736,498.64028337852847,202425
2025-03-14,495.4646911621094,497.7482652550254,494.09099691185634,495.0721993127941,123061
2025-03-17,493.270263671875,501.3163188088685,486.15194617586,497.2932912403718,304930
2025-03-18,499.1665954589844,500.4243224742409,493.2702888910752,493.2702888910752,220058
2025-03-19,496.2407531738281,501.22718007464533,495.0722065397835,500.4689287131237,208598
2025-03-20,495.80364990234375,502.2083610102833,493.2881414541504,496.85622927660353,513294
2025-03-21,499.8266906738281,500.42433015516565,495.0721982818484,495.80366283789914,181915
2025-03-24,500.9952392578125,504.08160047228284,499.3538948545413,500.42433212235284,165945
2025-03-25,499.4163513183594,503.5464175218115,496.4280994050124,500.9952476760291,143077
2025-03-26,502.52947998046875,506.5792945368671,499.5768894608941,503.9924090664338,160911
2025-03-27,505.46429443359375,507.52486310171525,501.762381309165,503.99243633720573,198975
2025-03-28,505.46429443359375,505.46429443359375,505.46429443359375,505.46429443359375,0
2025-03-31,505.46429443359375,505.46429443359375,505.46429443359375,505.46429443359375,0
2025-04-03,505.39288330078125,509.2553535930456,503.3858339110735,506.66846815732043,297827
2025-04-04,487.3740539550781,508.36335766975236,481.6918781919822,508.36335766975236,928292
2025-04-07,468.3026123046875,487.04400288509964,441.5508817364914,487.04400288509964,1183485
2025-04-08,469.0519104003906,477.23173631856906,465.6443800675185,470.98758275926065,338471
2025-04-09,463.8603515625,467.41951049807955,446.01098329969426,467.41951049807955,286668
2025-04-10,473.556640625,477.23176688543884,470.9876129261901,477.22283795434475,175063
2025-04-11,469.00732421875,473.5566143588495,468.3115209684272,473.5566143588495,90049
2025-04-14,471.5852355957031,472.67353070102473,466.5274863136448,470.07771630152877,121896
2025-04-15,472.58428955078125,477.20495672096314,471.5941582524635,471.5941582524635,108243
2025-04-16,472.06695556640625,475.8937101302485,470.9875894072563,475.42984129413463,134671
2025-04-17,470.818115234375,472.77164553238174,468.7843334478573,470.5326616697461,150051
2025-04-18,472.1026306152344,474.5467621173761,468.7575482065294,470.81811679250364,132014
2025-04-21,473.0481872558594,475.4477286269052,472.3256516096553,472.3256516096553,119030
2025-04-22,474.5021667480469,479.90781768394794,471.87069105953873,475.4298499925484,212386
2025-04-23,469.8190612792969,479.90782774803347,464.9753884359476,474.55569584006287,179385
2025-04-24,461.5321960449219,468.31154134170225,459.3913215066222,468.31154134170225,165744
2025-04-25,459.03448486328125,466.47397206299775,454.94013450217176,460.2833374015532,149907
2025-04-28,458.6777038574219,468.2134208112368,450.4800198469222,459.4091683997982,255142
2025-04-29,454.8330993652344,459.3734607435839,448.0983170988705,448.0983170988705,101917
2025-04-30,450.5513610839844,455.82321404737866,449.5790604302913,454.8419844630808,342774
2025-05-02,458.71337890625,467.41952222992916,455.6537500173839,455.6537500173839,262831
2025-05-05,453.79833984375,460.1138433195151,452.2551320585733,457.7232310088614,170468
2025-05-06,460.1316833496094,462.94151973757846,455.4217814671775,456.71522414324136,159388
2025-05-07,456.206787109375,459.48942140780673,437.09076292931996,446.01098258093873,259865
2025-05-08,435.51190185546875,462.0584575153975,414.7902214238607,455.8232325754684,425677
2025-05-09,458.3922424316406,463.8424834605086,441.5508637184791,441.5508637184791,424221
2025-05-12,499.9872741699219,501.9408045833431,472.8697828197819,472.8697828197819,858347
2025-05-13,482.111083984375,502.7078950561099,478.12377194508,502.7078950561099,469630
2025-05-14,474.2167053222656,483.37778818302434,472.9946396047468,478.18621389388557,245782
2025-05-15,481.9683837890625,483.4759030816253,474.5735413291052,477.23174935178884,260489
2025-05-16,479.27447509765625,481.96839892802194,478.56979732610364,481.6918742890885,78626
2025-05-19,480.46087646484375,483.92192611688716,475.9829086847389,481.6918711578232,83353
2025-05-20,476.96417236328125,480.71067563709585,475.34961472758783,480.4608833446473,69859
2025-05-21,478.89093017578125,480.5322746536842,474.65382556675485,476.00078753256633,72642
2025-05-22,480.2646484375,485.08153438873705,476.35758786949987,478.9266154880397,260133
2025-05-23,479.15850830078125,482.5660388367138,477.89185231921203,480.6214374314395,43724
2025-05-26,477.2852783203125,479.8988961876874,476.3397371995396,479.0158031388629,37462
2025-05-27,475.6796569824219,481.68294757659265,475.2693072653042,481.68294757659265,61615
2025-05-28,475.6796569824219,475.6796569824219,475.6796569824219,475.6796569824219,0
2025-05-29,476.5716857910156,479.8186589606355,472.7716633330728,477.2317733645169,245344
2025-05-30,470.3185729980469,481.6918528571746,469.28385149202126,478.56084710245113,204629
2025-06-02,468.775390625,473.6636534682443,468.22234137388983,470.9875876294407,518801
2025-06-03,472.4772644042969,476.3397348017939,468.3115370242356,472.7627179697519,226248
2025-06-04,469.34625244140625,474.5556846648234,468.2936730576565,474.5556846648234,565576
2025-06-05,473.1016845703125,474.09181588337174,469.42655843514683,470.9786679409586,81472
2025-06-06,473.1016845703125,473.1016845703125,473.1016845703125,473.1016845703125,0
2025-06-09,473.1016845703125,473.1016845703125,473.1016845703125,473.1016845703125,0
2025-06-10,473.03924560546875,475.4298579810336,471.0143927311234,474.54676493105154,62589
2025-06-11,475.6885681152344,478.08810936584473,471.87961692306004,475.4477047636881,406971
2025-06-12,479.0782470703125,484.36793083129385,478.12377702683887,478.12377702683887,280060
2025-06-13,484.6265869140625,487.9360079575224,468.31152500493465,478.5697774574237,595674
2025-06-16,484.6265869140625,484.6265869140625,484.6265869140625,484.6265869140625,0
2025-06-17,483.45806884765625,491.2365290425025,477.67778367756034,477.67778367756034,165324
2025-06-18,481.477783203125,482.41439537483524,479.91674476870793,482.31628602568554,259207
2025-06-19,481.3083190917969,484.3679480312636,479.91676694374934,481.6918820200412,124777
2025-06-20,478.55194091796875,483.4759197368553,477.67777678798154,479.9970121896504,150209
2025-06-23,476.9462890625,479.0157865171297,471.8796109265579,478.55191768143885,277704
2025-06-24,481.78997802734375,483.3867322144166,479.0158027392876,481.6026882563559,1205993
2025-06-25,483.0299072265625,483.4669892901859,481.6918742425554,481.7899835946542,257527
2025-06-26,479.6580505371094,486.55341771770026,478.5876676776283,483.83276146789717,195494
2025-06-27,508.73797607421875,511.1285884186242,479.73833314057197,482.5660275387907,845681
2025-06-30,526.4446411132812,530.7531228847455,509.344593558302,515.3836002947754,501848
2025-07-01,534.2141723632812,536.9972768177904,527.1850342181298,527.5507393048103,375906
2025-07-02,532.2338256835938,539.6733131628633,529.9056613166777,535.2132031367239,328065
2025-07-03,531.0474243164062,535.2131514338848,526.29293224332,530.7530418386024,215201
2025-07-04,534.7939453125,538.7812572917834,528.0680649712369,531.0474422370942,141236
2025-07-07,536.0071411132812,539.6733386612591,533.5451515513762,538.3353055901981,249853
2025-07-08,534.63330078125,537.8892024746048,533.4290930013493,536.5511696326281,114229
2025-07-09,534.59765625,536.1408367537787,533.4291097091942,536.1408367537787,66570
2025-07-10,533.482666015625,537.8892567980271,531.6451029048493,534.6155513585488,76368
2025-07-11,538.727783203125,538.781302346762,523.0460207810318,535.2042853203602,122076
2025-07-14,540.324462890625,541.0202661766812,536.1141452288643,540.0747250445264,168066
2025-07-15,538.9418334960938,547.2286980925549,536.9972321125056,540.3244566765462,241475
2025-07-16,538.2192993164062,542.6437479504464,536.2033209244634,542.6437479504464,81323
2025-07-17,540.53857421875,544.133449205154,536.9972728221355,538.219338672151,146409
2025-07-18,539.459228515625,545.0254370337536,538.78128309065,541.4573490662659,250484
2025-07-21,539.227294921875,541.4573499050093,538.3352729286213,539.4592293512733,324183
2025-07-22,542.8399658203125,543.8658128766674,539.6732986757011,539.6822276066661,230948
2025-07-23,544.1512451171875,545.9174311485999,541.4573214169936,545.8103928706173,346952
2025-07-24,548.7540893554688,550.3775759345394,544.1334219125916,544.1334219125916,207958
2025-07-25,548.34375,551.2696083590525,546.8094982590602,546.8094982590602,213697
2025-07-28,545.4714965820312,549.4855959027494,544.1334634751253,548.5935738314787,129017
2025-07-29,550.4578857421875,553.0536458339,544.802442246862,549.4766288650154,351397
2025-07-30,550.6986694335938,553.0446915664405,547.7104176168515,548.593510654558,115876
2025-07-31,578.3513793945312,597.1908799571822,553.0536481676556,553.0536481676556,813579
2025-08-01,584.6044311523438,588.6274589277506,569.1100139677629,575.3541677260299,581404
2025-08-04,579.4574584960938,591.4105748485913,578.0302451008855,588.7345088990501,557948
2025-08-05,579.3236694335938,581.5893855986932,571.9644883064964,579.457440059994,210328
2025-08-06,578.19970703125,583.8283633295653,575.4701220558088,579.3325923243382,168210
2025-08-07,577.236328125,579.8142847037186,574.4621528449151,579.8142847037186,204322
2025-08-08,569.6452026367188,581.5983186945167,567.5043825966876,577.2363182375799,278310
2025-08-11,569.0654296875,583.3734425625687,568.1734077127394,570.0912222916544,1244879
2025-08-12,575.523681640625,577.1382392976573,569.5471232968247,570.8940852403409,810084
2025-08-13,574.729736328125,578.0302284598138,574.2480640711669,577.1382065023141,264794
2025-08-15,573.4720458984375,578.0302653252458,570.9030181414157,577.1382433108549,268127
2025-08-18,577.0579223632812,579.7251138504805,571.8396154927163,573.5701403334077,186117
2025-08-19,576.27294921875,578.9222281973849,574.6851240618879,578.0212773437382,112335
2025-08-20,579.85888671875,580.7063185025867,575.8001975321347,576.2729953227441,185066
2025-08-21,578.6546630859375,584.274390610503,576.2461928769236,580.7063027289122,157023
2025-08-22,578.9935913085938,582.9363128703327,577.9410119977538,578.6546186303085,114063
2025-08-25,577.2006225585938,581.5804261713262,577.0489940787446,579.412819468191,74877
2025-08-26,587.7175903320312,593.1946183713916,577.1203648241964,578.021315737687,417761
2025-08-27,584.77392578125,593.1856865013085,583.8283846622588,588.7345055417736,172221
2025-08-28,590.2509155273438,592.2936261246564,586.0584016131655,591.410533134747,123361
2025-08-29,589.8139038085938,596.7627357957181,589.5373791581358,589.6265595829143,234993
2025-09-01,588.0565795898438,594.978679080099,585.7016284230081,591.9279790585679,266558
2025-09-02,586.6918334960938,588.7166864974802,585.0148277111268,587.8425223236139,160920
2025-09-03,586.1209106445312,587.8425065963429,585.193227351058,586.9504845832984,195529
2025-09-04,589.8495483398438,590.5185648407963,582.4903668293655,586.0673837656109,173224
2025-09-05,600.44677734375,602.1059252084284,589.6265460537828,589.8584804865299,382263
2025-09-08,602.4984130859375,606.5660312292249,601.2228281589645,601.2228281589645,377251
2025-09-09,606.8603515625,610.142985653706,601.2227665652016,603.0959907959088,332240
2025-09-10,613.3810424804688,620.8472616595051,605.6828888890861,607.4669327444295,497338
2025-09-11,612.7655639648438,618.9740563719316,611.980580288843,613.7111050593857,243454
2025-09-12,607.672119140625,614.6031473832014,606.7533648077409,612.8191034140194,213694
2025-09-15,606.5481567382812,611.0350534099155,606.1289325431205,608.3589874825727,127069
2025-09-16,605.709716796875,608.0468100504445,603.8988860273246,607.4580450491842,220992
2025-09-17,606.2716674804688,611.90925322973,604.7909348699377,608.2698425563632,203235
2025-09-18,613.0242309570312,616.2979907333715,606.5749296421109,606.5749296421109,222459
2025-09-19,613.5238037109375,617.2792360040611,611.0440108139587,613.7111479346735,186048
2025-09-22,612.5692749023438,617.2791768359342,608.367886447966,617.2791768359342,203199
2025-09-23,612.5692749023438,612.5692749023438,612.5692749023438,612.5692749023438,0
2025-09-24,616.1909790039062,619.0364768971835,615.0848259980568,615.0848259980568,158045
2025-09-25,617.8054809570312,619.6608473367205,616.2087268874401,617.2791640724589,396639
2025-09-26,628.41162109375,628.9735992914012,618.1712262826844,619.5092592400063,438516
2025-09-29,646.2520751953125,648.0093868303989,629.767526209195,629.767526209195,477229
2025-09-30,659.7662353515625,664.5117989187121,648.4999931507404,648.4999931507404,508066
2025-10-01,648.4108276367188,663.6643823895653,644.9319199834082,660.970458468851,866474
2025-10-02,654.8333129882812,655.2347337677605,648.4999787154331,650.2840226733848,232798
2025-10-03,656.7066040039062,659.2042547024719,652.0680787381691,659.2042547024719,384389
2025-10-06,654.030517578125,659.2131630324485,651.4436320940274,657.4201901662974,398402
2025-10-07,654.030517578125,654.030517578125,654.030517578125,654.030517578125,0
2025-10-08,633.0858154296875,637.7957176318097,615.4951680642639,632.2562415191389,348613
2025-10-09,634.8610229492188,638.6877778842136,630.6595795588534,630.6595795588534,189826
2025-10-10,631.4890747070312,640.8731627784791,629.7764078558852,633.3355666247799,347580
2025-10-13,616.7440185546875,628.8754957009677,608.4303671703545,628.8754957009677,555775
2025-10-14,638.322021484375,639.5797484985577,619.9552652810287,619.9552652810287,185163
2025-10-15,641.4172973632812,652.9600635052188,637.7956904456714,641.3637782243884,629640
2025-10-16,634.4595336914062,646.9389119195928,631.5515334561485,645.8238844947056,438707
2025-10-17,619.5302124023438,635.6493076617032,617.9087046561906,635.6493076617032,475526
2025-10-20,604.2650146484375,617.8991140070159,602.547583224233,617.8991140070159,419831
2025-10-21,606.519775390625,613.1017298282453,602.4516293074479,604.2649842833443,281362
2025-10-22,604.6488037109375,610.1274021361018,603.9867666282519,606.5293872435585,208547
2025-10-23,600.1392822265625,608.1892549640909,594.8717977741669,603.5070335483081,245354
2025-10-24,596.2438354492188,600.8684909820342,595.7161383071514,595.8408741758234,112314
2025-10-27,586.0830688476562,596.3110000566547,585.0372200877638,595.7448866145874,230204
2025-10-28,578.1865844726562,590.6309490426921,572.8039682727783,585.9487276656979,458297
2025-10-29,575.5000610351562,582.3698447974472,573.7730256590664,582.3698447974472,293310
2025-10-30,566.4139404296875,578.5608133305886,565.1282239663627,573.7730640627417,278761
2025-10-31,570.8946533203125,575.6824025987614,561.0600789425837,568.870184259253,351344
2025-11-03,576.094970703125,588.1555241223712,570.8850519621711,575.6824053400045,277330
2025-11-04,570.7698974609375,580.479735626502,569.9255586151111,577.6013237143045,259726
2025-11-05,567.96826171875,575.6823845901393,566.8072811610413,570.7698995932187,217047
2025-11-06,566.9127807617188,572.7943401841773,566.0876501061396,572.7943401841773,83496
2025-11-07,569.06201171875,571.8252918398695,563.2188683303494,568.1985232818002,135183
2025-11-10,571.36474609375,574.6269695799857,568.9660695778233,574.6269695799857,131768
2025-11-11,565.9437255859375,571.8444933631703,563.7082011905495,570.9329845557564,287160
2025-11-12,569.5993041992188,573.7634324694585,563.2284637701314,566.7113468160234,128883
2025-11-13,573.0245971679688,573.7634082560519,569.637696464157,571.8252589400088,119200
2025-11-14,586.7258911132812,589.1149635990889,570.8946258048367,570.8946258048367,285187
2025-11-17,588.318603515625,592.9528631637686,576.6418620735031,589.1149805542944,234226
2025-11-18,599.7459106445312,602.710642061465,583.4540597196624,588.8271303204426,315862
2025-11-19,601.6456298828125,612.1422405507005,600.1488580947698,600.6285933930071,326665
2025-11-20,596.9537963867188,609.263820367086,593.912291035002,609.263820367086,159593
2025-11-21,593.0487670898438,600.1488731059203,591.024298135391,599.6691377956838,190339
2025-11-24,578.5512084960938,596.3110199235012,577.6013419049843,593.0487962290292,470818
2025-11-25,584.9220581054688,586.2365281235477,578.5607634345323,578.5607634345323,273875
2025-11-26,583.1854248046875,586.6683077537789,580.719578345102,580.719578345102,154113
2025-11-27,589.1917114257812,590.0744079640699,582.3986433076267,583.3677179653325,97540
2025-11-28,593.5093383789062,594.9005824570535,589.124550722583,591.9550006964471,133475
2025-12-01,595.0733032226562,598.9015816839487,593.5765313755019,594.8813973834949,103174
2025-12-02,597.6158447265625,601.0987276945206,590.2663256869536,595.8312434627236,163178
2025-12-03,591.2833862304688,599.6787543340786,589.1149732133059,597.62547310885,181765
2025-12-04,590.1511840820312,592.9528217942775,587.2919219156796,591.0338806234223,62023
2025-12-05,591.033935546875,597.7502302689985,590.074464872286,597.7502302689985,171014
2025-12-08,592.3099975585938,594.8621635688753,589.2108677215062,594.8621635688753,68833
2025-12-09,594.583984375,595.8120763774768,592.962476604432,593.912343195447,93106
2025-12-10,595.7257080078125,598.6041197745653,595.3515004233897,596.7907063067661,81879
2025-12-11,592.0029907226562,595.3515338964172,590.0840494369305,590.0840494369305,68222
2025-12-12,594.4112548828125,595.8024404271395,590.074428957965,592.9528408065405,151585
2025-12-15,596.9442138671875,599.170192728094,594.4879714278146,597.7501949532588,87526
2025-12-16,592.4442749023438,600.2064177137114,591.763088265288,599.66911652776,157423
2025-12-17,589.3548583984375,594.8622106683415,588.63525539673,592.952873406975,257534
2025-12-18,590.3431396484375,592.9528717511836,586.2365770873353,591.9934010849195,284629
2025-12-19,586.3324584960938,592.4923018940561,585.2770642637997,590.563756623947,128068
2025-12-22,585.7088623046875,591.0243085536886,585.2770888055757,586.3324830821244,86211
2025-12-23,583.7515258789062,588.1555220311333,578.5608153095814,578.5608153095814,90438
2025-12-24,583.9530029296875,586.7930570415109,583.3581358313536,586.7930570415109,95220
2025-12-26,584.4519653320312,585.2867001119537,581.3432897983283,583.3581547371533,106037
2025-12-29,579.7505493164062,587.1960510988631,575.7399689359472,587.1960510988631,387313
2025-12-30,582.7920532226562,585.2771080221125,580.0000193432247,580.0000193432247,151597
2025-12-31,583.8474731445312,585.2291131722127,581.4391925317067,581.4391925317067,75207
2026-01-01,583.8474731445312,583.8474731445312,583.8474731445312,583.8474731445312,0
2026-01-02,597.0977783203125,599.4772467782451,589.1149755332706,589.1149755332706,189484
2026-01-05,604.12109375,609.2638422058426,599.6595319533659,599.6595319533659,269183
2026-01-06,617.4769287109375,618.8489647120412,599.6787598790022,604.1786795666031,339424
2026-01-07,615.3276977539062,621.7369543921815,611.4322494253264,618.8585425662917,222278
2026-01-08,616.31591796875,619.8180090917539,613.1209230272957,615.0206560802078,402371
2026-01-09,616.7476806640625,619.3382629572711,611.1731589046118,614.0611747368761,415782
2026-01-12,612.4972534179688,616.9396070619771,610.472784469758,616.7477012261863,238512
2026-01-13,613.30322265625,615.0206539463069,610.2329050272258,615.0206539463069,100066
2026-01-14,609.206298828125,616.939629949734,606.5869626847959,613.101747337294,400123
2026-01-15,604.9750366210938,613.8596853484062,600.6286066139018,612.1422540250309,214288
2026-01-16,601.9622802734375,610.223308173685,597.7501902393172,606.4909534447328,695323
2026-01-19,605.4835205078125,606.3854252232286,599.6691309565157,602.5571468610324,2447068
2026-01-20,601.885498046875,608.3043586852383,600.6189898310727,608.3043586852383,518542
2026-01-21,600.7821044921875,608.3043800056633,599.813088346564,602.0678209046589,2245559
2026-01-22,601.5880737304688,606.711672565637,600.6093949665578,600.868470771461,798426
2026-01-23,643.9774780273438,656.7576336004549,604.7159570002506,605.5794454137751,3613948
2026-01-26,633.9990234375,647.162932214568,632.4734393869662,643.9774827335965,1023131
2026-01-27,633.9797973632812,637.5682080054004,627.7336344432404,632.2911197525341,297406
2026-01-28,647.1917724609375,651.2311064605996,637.1556882742625,637.1556882742625,1484802
2026-01-29,627.7144775390625,649.5616434292162,620.7775233363411,649.465719786817,1023309
2026-01-30,618.484375,634.219717424434,614.0612292627131,623.655935969943,981958
2026-02-02,626.774169921875,629.4127140738615,612.0558651397614,619.818008066638,528116
2026-02-03,625.2390747070312,636.1290431984462,622.6964540509678,626.8221661482622,322646
2026-02-04,627.3882446289062,630.3721841398765,621.7369487407001,625.2390398549413,221081
2026-02-06,621.6122436523438,627.3018975641098,618.8585675791935,626.5343327584703,122311
2026-02-09,620.2018432617188,628.9330026349737,617.7071844683314,621.7465769327432,304210
2026-02-10,621.2860717773438,625.9586892607641,619.8276576175856,623.6559362255083,89563
2026-02-11,623.4736328125,625.9586876111766,621.736993244814,625.4597441238495,160398
2026-02-12,617.1986694335938,625.5652249267139,614.0611818429547,622.6964172126213,177591
2026-02-13,613.015380859375,618.3788476792053,611.1828176441485,615.9801710008529,186777
2026-02-16,611.9503784179688,618.7434471232976,606.4430261707602,612.142284263255,231723
2026-02-17,608.3811645507812,615.8746279651358,605.3876208155616,606.3854492068211,240857
2026-02-18,602.2597045898438,614.0611812038171,600.9164223313853,614.0611812038171,1715833
2026-02-19,592.0125732421875,606.3854242092593,587.1960120507384,602.5475417775551,407503
2026-02-20,600.2928466796875,604.4569165831576,583.3581659699629,591.9934019793867,477056
2026-02-23,593.941162109375,601.5785112294718,590.0840712428704,599.6691739494476,126496
2026-02-24,610.3480834960938,614.0516262366742,594.8814209424946,600.6286409001268,539973
2026-02-25,609.3789672851562,618.8489374921429,609.2638354972214,609.2638354972214,295082
2026-02-26,623.6079711914062,624.605799602107,608.304402353659,615.9801676830427,623918
2026-02-27,630.9862670898438,638.0479567367261,604.4664853295299,618.8585445040426,465868
2026-03-02,604.5624389648438,624.6153991676126,594.8718087310596,594.8718087310596,1123362
2026-03-03,636.87744140625,642.845320601447,604.4664954909128,604.4664954909128,858967
2026-03-04,630.3050537109375,640.9167968691659,628.4532823643209,636.8774628694752,537854
2026-03-05,651.02001953125,656.7000691670104,629.4127225716011,630.3050232149473,1104187
2026-03-06,636.719970703125,653.5,635.0,652.3699951171875,501900
2026-03-09,629.719970703125,650.0,608.7000122070312,649.989990234375,600370
2026-03-10,629.1199951171875,650.0,626.0,640.0,796640
2026-03-11,621.25,637.0999755859375,619.010009765625,630.0,153028
2026-03-12,623.5800170898438,630.5,610.5599975585938,620.0,178746
2026-03-13,621.5599975585938,629.3400268554688,620.0,625.02001953125,191692
2026-03-16,614.2100219726562,627.0,611.0,621.5599975585938,207317
2026-03-17,618.7100219726562,622.9500122070312,611.0,619.9199829101562,124412
2026-03-18,641.2999877929688,645.5,615.010009765625,623.0,429005
2026-03-19,637.3800048828125,642.0,630.010009765625,641.2999877929688,216829
2026-03-20,637.3800048828125,637.3800048828125,637.3800048828125,637.3800048828125,0
2026-03-23,637.3800048828125,637.3800048828125,637.3800048828125,637.3800048828125,0
2026-03-24,640.1300048828125,646.0,636.25,640.0,370642
2026-03-25,640.280029296875,643.0,637.0,640.1300048828125,650171
2026-03-26,630.8800048828125,642.0,628.0,639.989990234375,151206
2026-03-27,626.8200073242188,632.9000244140625,624.010009765625,626.0,148293
2026-03-30,620.0999755859375,637.0,615.0,629.0,200632
2026-03-31,620.4099731445312,629.5,618.0,621.5,144133
2026-04-01,629.2899780273438,640.0,620.0,629.0,195984
2026-04-02,628.8900146484375,632.7000122070312,620.010009765625,628.0,129259
2026-04-03,641.219970703125,652.5,622.5999755859375,622.5999755859375,345131
2026-04-06,637.3599853515625,643.0,635.010009765625,638.0,214447
2026-04-07,637.8400268554688,643.97998046875,632.0,636.0,111300
2026-04-08,665.010009765625,675.0,644.0,675.0,1564601
2026-04-09,658.1699829101562,662.739990234375,650.2000122070312,660.0,347196
2026-04-10,657.72998046875,663.0,655.0,655.010009765625,100575
2026-04-13,645.739990234375,653.0,640.0,650.0,201309
2026-04-14,651.3900146484375,660.0,650.0,660.0,120260
2026-04-15,655.260009765625,664.9000244140625,654.0,656.0,209624
2026-04-16,658.8699951171875,662.0,654.25,659.8800048828125,247918
2026-04-17,663.9400024414062,667.0,655.030029296875,659.989990234375,205173
2026-04-20,659.6400146484375,663.9400024414062,650.0999755859375,663.9400024414062,220279
2026-04-21,652.8699951171875,660.989990234375,651.0,659.5499877929688,344740
2026-04-22,654.8699951171875,657.97998046875,651.0999755859375,652.0,59030
2026-04-23,653.8200073242188,655.75,651.0,654.8699951171875,48552
2026-04-24,660.3599853515625,663.0,641.0,653.8200073242188,138775
2026-04-27,659.8599853515625,664.5999755859375,657.5,659.97998046875,57620
2026-04-28,669.0,670.0,655.0700073242188,655.4000244140625,271456
2026-04-29,669.0,669.0,669.0,669.0,0
2026-04-30,664.739990234375,668.0,654.0,668.0,203766
2026-05-04,658.489990234375,677.0,655.510009765625,665.75,599636
2026-05-05,662.2899780273438,668.0,654.0,655.0,184392
2026-05-06,663.5999755859375,674.0,661.5,667.969970703125,541367
2026-05-07,663.469970703125,668.5,662.0,667.0,215894
2026-05-08,657.5800170898438,663.469970703125,656.7899780273438,663.469970703125,170874
2026-05-11,658.4099731445312,660.9500122070312,654.0,657.0999755859375,62274
2026-05-12,657.280029296875,660.0,656.510009765625,658.4000244140625,36825
2026-05-13,659.6199951171875,660.0,654.5,655.0999755859375,168427
2026-05-14,656.760009765625,660.0,656.1599731445312,656.1599731445312,74852
2026-05-15,660.510009765625,662.0,655.1599731445312,656.0,97823
2026-05-18,655.6599731445312,660.0,655.0,660.0,99627
2026-05-19,659.719970703125,662.6199951171875,655.0,655.0,91566
2026-05-20,659.010009765625,661.0,656.5999755859375,661.0,81007
2026-05-21,658.6300048828125,663.739990234375,657.0,659.010009765625,167285
2026-05-22,657.9500122070312,660.989990234375,657.0,660.989990234375,295785
2026-05-25,659.8200073242188,662.739990234375,657.2999877929688,661.989990234375,257990
2026-05-26,659.8200073242188,659.8200073242188,659.8200073242188,659.8200073242188,0
2026-05-27,659.8200073242188,659.8200073242188,659.8200073242188,659.8200073242188,0
2026-05-28,659.8200073242188,659.8200073242188,659.8200073242188,659.8200073242188,0
2026-05-29,664.1799926757812,667.02001953125,659.3300170898438,660.0,148353
2026-06-01,667.52001953125,671.4500122070312,663.2000122070312,664.1799926757812,125311
2026-06-02,670.9199829101562,673.0,667.0,667.0,152339
2026-06-03,670.9199829101562,670.9199829101562,670.9199829101562,670.9199829101562,0
2026-06-04,674.8699951171875,675.0,671.5,672.0,81212
2026-06-05,676.5399780273438,679.9000244140625,674.5,676.5,128130
2026-06-08,674.8400268554688,676.989990234375,665.030029296875,670.0,63722
2026-06-09,675.0499877929688,677.0,673.1599731445312,675.0,80979
2026-06-10,679.8699951171875,682.9000244140625,673.25,675.0499877929688,233172
2026-06-11,692.5900268554688,694.8900146484375,677.0,677.0,334297
2026-06-12,697.2999877929688,705.0,694.8099975585938,694.8200073242188,392394
2026-06-15,699.47998046875,710.0,695.0,703.75,352223
2026-06-16,700.260009765625,704.0,695.0,702.0,104234
2026-06-17,698.0999755859375,704.0,695.2999877929688,704.0,89989
2026-06-18,698.9299926757812,701.0,695.8499755859375,700.0,170803
2026-06-19,693.77001953125,700.0,683.030029296875,697.5999755859375,99109
2026-06-22,687.0800170898438,699.0,685.0,695.0,94430
2026-06-23,689.719970703125,696.0,684.0,691.0,224233
2026-06-24,691.989990234375,695.0,687.0,691.1199951171875,183372
2026-06-25,691.989990234375,691.989990234375,691.989990234375,691.989990234375,0
2026-06-26,691.989990234375,691.989990234375,691.989990234375,691.989990234375,0
2026-06-29,692.8200073242188,705.9000244140625,692.0,693.0,306920
2026-06-30,687.9099731445312,698.0,686.8800048828125,695.0,161748
2026-07-01,687.9000244140625,693.0,686.0,687.0,160000
2026-07-02,685.6099853515625,692.0,685.030029296875,692.0,152251
2026-07-03,685.7999877929688,687.0,683.8499755859375,687.0,112344
2026-07-06,685.0499877929688,688.0,683.0499877929688,685.7999877929688,321617
2026-07-07,685.219970703125,690.0,684.2000122070312,687.0,141271
2026-07-08,683.4199829101562,689.0,682.0,685.0,172060
2026-07-09,682.7999877929688,684.0,678.5,679.989990234375,127512
2026-07-10,682.489990234375,686.0,681.0,682.0,338493
2026-07-13,679.719970703125,684.9000244140625,679.010009765625,680.010009765625,96455
2026-07-14,675.530029296875,679.5,674.0,679.5,182948
2026-07-15,676.0599975585938,681.0,675.5,675.5,102089
2026-07-16,676.0599975585938,676.0599975585938,676.0599975585938,676.0599975585938,0
2026-07-17,679.2100219726562,682.47998046875,678.010009765625,680.260009765625,123537
2026-07-20,682.239990234375,682.739990234375,674.6599731445312,678.25,37631
2026-07-21,683.9099731445312,688.0,682.239990234375,682.239990234375,84204
2026-07-22,675.75,687.989990234375,675.0,683.9099731445312,219152
2026-07-23,672.1199951171875,680.969970703125,671.0,677.489990234375,97568
2026-07-24,670.02001953125,675.0,668.2000122070312,672.0999755859375,130346
2026-07-27,682.239990234375,684.5,676.0,679.7999877929688,90176
2026-07-28,684.1900024414062,687.5,682.25,685.9500122070312,103303
2026-07-29,685.4099731445312,686.0,682.0,683.0,75016
2026-07-30,683.0,686.0,680.0,680.0,99390
2026-07-31,686.97998046875,693.0,683.0,683.0,163661
2026-08-03,687.969970703125,694.0,687.0,690.0,135900
2026-08-04,688.010009765625,692.7000122070312,687.010009765625,692.7000122070312,261886
2026-08-05,688.27001953125,692.0,687.5999755859375,690.0999755859375,214870
2026-08-06,689.719970703125,692.7999877929688,688.0,690.0,315522
2026-08-07,688.6300048828125,693.5,687.5,691.489990234375,459007
2026-08-10,695.02001953125,699.0,691.8699951171875,691.8699951171875,337115
2026-08-11,700.8800048828125,705.0,694.5,695.0,755727
2026-08-12,724.4000244140625,728.0,695.010009765625,695.010009765625,913117
2026-08-13,716.3400268554688,730.0,710.010009765625,730.0,344685
2026-08-14,716.3400268554688,716.3400268554688,716.3400268554688,716.3400268554688,0
2026-08-17,721.7000122070312,722.5,716.7999877929688,722.489990234375,293780
2026-08-18,721.7000122070312,721.7000122070312,721.7000122070312,721.7000122070312,0
2026-08-19,715.1199951171875,721.8800048828125,712.5,716.0,196704
2026-08-20,717.3900146484375,723.0,715.0499877929688,722.0,182526
2026-08-21,717.7999877929688,719.97998046875,709.0,719.97998046875,378874
2026-08-24,719.4099731445312,726.0,715.0,724.989990234375,530713
2026-08-25,722.8900146484375,724.989990234375,717.0,723.9000244140625,214891
2026-08-26,722.8900146484375,722.8900146484375,722.8900146484375,722.8900146484375,0
2026-08-27,747.469970703125,765.0,745.0,748.0,1261270
2026-08-28,739.4000244140625,750.989990234375,738.5,750.0,439594
2026-08-31,734.5599975585938,742.0,732.8499755859375,739.0,194446
2026-09-01,730.0399780273438,737.6799926757812,729.030029296875,736.0,205978
2026-09-02,729.2999877929688,733.0,725.1400146484375,729.9500122070312,142813
2026-09-03,731.5700073242188,734.8900146484375,729.7000122070312,734.8900146484375,78273
2026-09-04,730.2100219726562,733.0,726.0,733.0,100967
2026-09-07,729.3800048828125,732.0,726.5,732.0,108430
2026-09-08,727.2100219726562,730.7000122070312,726.5,729.010009765625,150170
2026-09-09,729.5800170898438,731.989990234375,727.5,728.2000122070312,96419
2026-09-10,726.260009765625,730.9600219726562,725.510009765625,730.9600219726562,109095
2026-09-11,715.8400268554688,725.510009765625,713.0,725.510009765625,795496
2026-09-14,718.9400024414062,720.75,714.7999877929688,715.7999877929688,110944
2026-09-15,736.8900146484375,749.989990234375,720.0,720.0,326665
2026-09-16,733.4199829101562,746.969970703125,732.8599853515625,737.0,314658
2026-09-17,740.1699829101562,744.22998046875,733.4000244140625,733.4000244140625,143428
2026-09-18,741.47998046875,746.510009765625,739.5,740.1699829101562,115635
2026-09-21,746.4000244140625,748.0,742.0,743.0,192076
2026-09-22,746.6500244140625,749.010009765625,745.0,747.010009765625,99387
2026-09-23,748.8400268554688,752.0,747.0,747.0,213984
2026-09-24,748.5800170898438,751.989990234375,747.02001953125,749.989990234375,93856
2026-09-25,747.219970703125,751.5,744.530029296875,748.5800170898438,173330
2026-09-28,752.4400024414062,753.9000244140625,748.2999877929688,748.2999877929688,261258
2026-09-29,750.510009765625,759.5,748.0,753.0,267964
2026-09-30,755.0,757.989990234375,751.5,751.5,106147
2026-10-01,753.52001953125,758.0,753.0,756.3200073242188,167398
2026-10-02,754.1300048828125,756.0,752.02001953125,755.0,135038
