Date,Close,High,Low,Open,Volume
2021-10-04,59.06916809082031,59.96857565270484,58.745056199542255,59.96857565270484,1353750
2021-10-05,58.728858947753906,60.12252970294904,58.33992340500873,59.198814743590056,1597005
2021-10-06,58.169776916503906,60.349423662929965,57.85376943351034,58.54250353280603,2487247
2021-10-07,58.16166687011719,59.1096892286864,58.015816800958746,58.33992875263542,545394
2021-10-08,58.2588996887207,58.57490712735772,57.934787751628086,58.3399261275136,1393546
2021-10-11,59.32037353515625,59.87946659725505,58.50199210172164,58.510096601991556,1223575
2021-10-12,59.96048355102539,60.36562195339718,58.91522573107559,59.51482883564785,1591675
2021-10-13,59.02866744995117,60.93281681635183,58.753176287508985,60.31701085962632,533056
2021-10-14,60.21977996826172,60.56819928836802,58.38045409453366,59.555353146422064,791489
2021-10-15,62.77609634399414,63.27570587208291,60.21975467827475,60.78598050420998,2655843
2021-10-18,64.2666244506836,66.53152852253038,62.49300780096689,63.26740505563683,2939098
2021-10-19,64.2666244506836,64.2666244506836,64.2666244506836,64.2666244506836,0
2021-10-20,64.54972839355469,65.0326871433432,64.1250636834923,64.1250636834923,1057270
2021-10-21,65.66553497314453,66.44826085081719,64.61635016839553,65.61557590959332,2080503
2021-10-22,63.80864715576172,65.9486472809756,63.28405791012328,65.90701684407982,857815
2021-10-25,63.80864715576172,64.53308536887572,63.70040039637409,64.1167428826249,133411
2021-10-26,63.275718688964844,64.94108835517807,63.11751289063375,64.84949251530585,321401
2021-10-27,64.04180145263672,64.98273314291917,63.284055111783374,63.36732233477513,720223
2021-10-28,63.583824157714844,64.44981727987556,63.32569385261537,64.11674202475497,295273
2021-10-29,63.16748046875,64.11674079831265,62.45137090744738,64.11674079831265,795518
2021-11-01,65.3074722290039,65.86536954688766,63.29237644170723,63.29237644170723,2001847
2021-11-02,65.09931182861328,66.19012711677811,64.62468164530898,65.77378462781355,887364
2021-11-03,63.32567596435547,64.94940863918292,63.03423122790105,64.54139490217916,1203766
2021-11-04,63.65876388549805,63.82530469245732,62.959311554915686,62.959311554915686,267419
2021-11-05,63.77534866333008,64.86617046264372,63.49223877914142,64.0334853639009,822891
2021-11-08,62.48468017578125,64.11674193542811,62.36810478958376,64.11674193542811,701246
2021-11-09,60.86928176879883,62.876055982682104,60.786014526325744,62.45971341743329,775921
2021-11-10,61.89347457885742,62.326467962630964,61.20234453761847,61.20234453761847,737552
2021-11-11,60.827640533447266,61.99339442703759,60.62779156350414,61.91012719933575,736151
2021-11-12,60.00328063964844,61.53542438330182,59.91168477901729,61.53542438330182,533352
2021-11-15,59.86172103881836,60.69440599565588,59.703508864096975,59.845070134949715,186943
2021-11-16,63.07588195800781,64.02514224756115,59.99495033091456,59.99495033091456,2212363
2021-11-17,62.184913635253906,63.27572890990114,61.62701623164671,63.07588629648166,608584
2021-11-18,61.80187225341797,62.284831004159564,61.527084720801405,61.70194778168065,325264
2021-11-19,63.72538375854492,64.11674673560006,61.410520412344205,61.410520412344205,2117157
2021-11-22,61.78522491455078,63.70040296982934,61.61869045447544,63.70040296982934,824444
2021-11-23,60.64444351196289,62.23486838635385,60.377984594913436,62.23486838635385,545032
2021-11-24,60.46125030517578,62.276503617510855,59.545298197751265,61.610353165084916,2223977
2021-11-25,59.72015380859375,60.7859893171458,59.20388695475352,60.20311250868163,1109965
2021-11-26,58.66265106201172,59.953315250927496,58.296274010993514,59.87004802809981,1215837
2021-11-29,62.2765007019043,62.70117175426599,57.496891441092565,58.29626813485025,2674972
2021-11-30,63.11750411987305,65.36575031569386,61.74357306559133,62.8593675375213,10701446
2021-12-01,63.86693572998047,64.11674376632685,63.450593237991335,64.03347653850548,833064
2021-12-02,59.8950309753418,63.70040108680422,59.12063368840653,63.70040108680422,2332970
2021-12-03,59.4287223815918,60.86926367144319,58.30459270733412,59.95331157079895,1274226
2021-12-06,62.551292419433594,63.117518409571616,59.12062832002302,59.453703552965685,1985510
2021-12-07,64.93277740478516,66.53153103847086,62.03503088495787,62.36810614686295,5735564
2021-12-08,65.23253631591797,66.38997424785269,63.95020707593893,65.36576895808216,3480094
2021-12-09,67.94708251953125,69.0295753661634,65.19922632504242,65.7821031791482,9674939
2021-12-10,67.43082427978516,69.5208587514766,66.62311893089658,68.19689284358158,5103097
2021-12-13,65.44903564453125,67.94709048861934,65.32413163175045,67.86382326439279,1204911
2021-12-14,65.27417755126953,66.53153369759602,63.95021143220555,66.53153369759602,2145964
2021-12-15,68.3884048461914,69.72902797081663,64.54140488238102,65.74046675348286,4833867
2021-12-16,66.58148193359375,68.90467350036262,66.19844765291636,68.90467350036262,1848749
2021-12-17,67.63067626953125,68.27184092002594,65.61558010753957,66.69806678865665,2988951
2021-12-20,68.17190551757812,68.36341946018507,66.86459066149487,67.28093305327783,1980411
2021-12-21,66.53984832763672,68.69649900457935,66.40661570442671,68.43836873821138,1485506
2021-12-22,66.90621185302734,67.28092376563418,66.21508205338172,66.63142438769164,1747799
2021-12-23,67.0145034790039,68.28018210817947,66.94788714249901,67.36422971632938,1371492
2021-12-24,66.50654602050781,67.65564890878265,66.1235117244162,67.03946385445107,516720
2021-12-27,65.6322250366211,67.15603996250591,65.41572517895615,67.15603996250591,317497
2021-12-28,65.90701293945312,66.69806107531156,65.65720492134952,65.69884170866071,690483
2021-12-29,65.6322250366211,66.27338962874042,65.44903333804936,65.44903333804936,585652
2021-12-30,65.06598663330078,66.19010978864056,64.5330688951711,66.11517120962883,1163000
2021-12-31,65.81542205810547,66.5981479778954,64.65799043575527,65.07433292876993,1165125
2022-01-03,65.7321548461914,66.4399358139134,65.44903864737324,65.99028515900144,451370
2022-01-04,66.29837036132812,66.7396923174792,65.86537067964238,65.9403156199993,923790
2022-01-05,65.83206176757812,66.78132198199587,65.78210270983442,66.20677375929958,902026
2022-01-06,65.09931182861328,66.09853126097534,64.95775690705706,66.09853126097534,465370
2022-01-07,65.44070434570312,65.67386145805742,64.97440282675802,65.67386145805742,307563
2022-01-10,65.37409210205078,66.28171557734395,65.03268824980776,65.60724285339649,1016986
2022-01-11,64.98274230957031,65.68219470482609,64.87449553969961,65.68219470482609,1049225
2022-01-12,65.66553497314453,66.48989128614922,64.99938447901266,65.03269263900745,1668719
2022-01-13,65.5739517211914,65.98196564198265,65.36578044588605,65.69885575695126,494736
2022-01-14,66.29837036132812,66.53152110398294,65.29082245035194,65.94863789446462,1624511
2022-01-17,66.15680694580078,66.61478614167723,65.53229332572255,66.36497815249352,592477
2022-01-18,66.73136901855469,67.69728657568777,66.19845117768187,66.52319778843619,2291121
2022-01-19,66.19845581054688,67.61401773326732,65.45736668769082,67.11440801659434,2137137
2022-01-20,66.96453094482422,67.1560513037334,65.3741057850458,65.61558521459095,2160554
2022-01-21,66.77300262451172,67.32257134234331,66.2817152413396,67.0727696898313,288538
2022-01-24,66.92289733886719,67.19767856725359,66.40663033947244,67.11441133583702,392963
2022-01-25,66.29837036132812,66.95619215832208,66.24008267566442,66.82295953230145,718641
2022-01-26,65.94864654541016,66.75635197618905,65.82374888323372,66.5731602678208,225326
2022-01-27,65.6322250366211,66.69806071607657,65.37409474475096,65.99860843376457,883770
2022-01-28,65.44070434570312,66.28171788769919,65.36576575282197,66.0069303413715,1345330
2022-01-31,66.29004669189453,66.6147933010064,65.57393715567818,66.03191640077529,728534
2022-02-01,67.21432495117188,67.44747570257158,65.92366083793303,66.11518115680079,784293
2022-02-02,68.66320037841797,68.90467977683974,66.83129602520162,67.42250157876583,1810135
2022-02-03,67.93875122070312,69.11283986293833,67.73890864327961,69.11283986293833,901647
2022-02-04,67.76390075683594,69.61246241175124,67.53074998105963,68.52997575952091,2704294
2022-02-07,68.88803100585938,69.73736688791264,67.85549705935419,67.85549705935419,3294297
2022-02-08,68.32179260253906,69.30436095260112,68.19688860790181,68.70482686064717,936692
2022-02-09,69.08786010742188,69.92887354926182,67.86381241308081,68.28015482052302,1884474
2022-02-10,68.52164459228516,69.73736384442117,68.288493825147,69.07121335012765,1824809
2022-02-11,68.33845520019531,69.36266050806005,68.03035947440917,68.6965099912346,819408
2022-02-14,68.16358184814453,68.6964996401528,68.03034922370186,68.68817101290483,569286
2022-02-15,67.13105773925781,68.26350969148511,66.86459883007971,67.91377721147263,1206676
2022-02-16,66.85627746582031,67.855496895575,66.6231266890697,67.855496895575,211094
2022-02-17,66.73136901855469,68.26351257572534,66.28171839915292,67.43082765525136,516026
2022-02-18,67.69728088378906,68.03034974166924,66.28171282627333,66.61478803703476,653088
2022-02-21,66.88957214355469,68.18855841096178,66.78131905268349,68.18855841096178,719716
2022-02-22,66.45658111572266,66.94786851968101,65.69884114563055,66.94786851968101,1160073
2022-02-23,66.44824981689453,67.00614711018241,65.69883222365961,67.00614711018241,596782
2022-02-24,65.11595916748047,66.61479458683705,63.70039732366293,65.78210965450158,1708243
2022-02-25,63.81696319580078,65.54894912164545,63.009257915340484,64.93276414234951,1157364
2022-02-28,65.06598663330078,65.36575365510879,62.95096658071338,64.82450729057318,1576426
2022-03-01,69.27938079833984,69.94553125621836,68.0719902404268,69.94553125621836,5462685
2022-03-02,70.12870788574219,70.36185859005313,67.86380443892698,67.86380443892698,2497732
2022-03-03,72.8682632446289,74.10896206671408,69.94553723150543,70.40351650453124,6786944
2022-03-04,72.51020812988281,73.69261925309385,72.11051655222502,72.85993428978206,1945741
2022-03-07,70.4284896850586,73.56770893240815,69.53751710479702,72.44358559886416,2414042
2022-03-08,68.54662322998047,71.26950015765941,67.90545862871357,70.23697262256594,1203280
2022-03-09,69.04703521728516,70.39557382678267,67.85115549569414,69.08095510073743,1079316
2022-03-10,69.72554016113281,70.18353621930041,68.95373666238402,70.14112666045908,578446
2022-03-11,68.67383575439453,69.9714877648899,68.36002190402556,69.9714877648899,274219
2022-03-14,67.11328125,68.9367826035023,66.79099054574036,68.86892988551352,1272137
2022-03-15,66.22272491455078,67.75785513493827,65.52725087578402,67.75785513493827,800189
2022-03-16,66.12094116210938,66.90122779002697,65.85802004136943,66.13790757229297,387960
2022-03-17,65.17950439453125,66.23967852739867,64.96746956795776,66.15486589092716,211734
2022-03-18,61.43072509765625,64.45858191012945,61.06602496749107,63.61044267446986,1605279
2022-03-21,62.211029052734375,64.03453021391117,61.96506782906024,62.46547348296022,1892503
2022-03-22,61.19325256347656,63.61044830490507,60.73525655918652,63.58500516090942,1549828
2022-03-23,61.19325256347656,61.19325256347656,61.19325256347656,61.19325256347656,0
2022-03-24,61.81238555908203,61.91416459749342,60.70132522394384,61.47313503928852,719066
2022-03-25,61.42224884033203,62.31279772681118,61.08299181354047,62.31279772681118,561585
2022-03-28,62.211029052734375,62.380660829815156,60.633489115231725,61.27807692655738,974453
2022-03-29,62.584205627441406,63.177900605132514,62.20253902396289,62.72838776905354,809493
2022-03-30,61.86329650878906,62.338252552824194,61.06604331705228,62.32129261016185,568832
2022-03-31,61.744544982910156,62.762309576922846,61.36287840706329,62.32975671261219,1326293
2022-04-01,62.06683349609375,62.75382425028653,61.49009852010806,62.73686431163515,774944
2022-04-04,59.70900344848633,61.49009454813666,58.49616408339498,60.44688044175911,1340189
2022-04-05,59.53090286254883,60.64196333695075,59.28494167531679,59.92104618584424,495096
2022-04-06,59.31887435913086,60.81159511090986,59.115316235059765,60.209416886477925,886501
2022-04-07,58.86086654663086,59.91255742808176,58.53009274947461,59.42911830371578,456600
2022-04-08,60.4129638671875,60.64195862604068,59.369749703816055,59.369749703816055,1562270
2022-04-11,62.91497802734375,63.18638236390073,61.91417332301682,62.12620816316414,2327328
2022-04-12,62.584205627441406,63.271196454596826,61.956584298055105,63.1863838107538,1009600
2022-04-13,62.40610885620117,64.28897966881954,61.95659593568783,62.67751324995213,1986130
2022-04-14,61.99050521850586,62.762315173237056,61.82936313373884,61.998988424269406,367308
2022-04-15,62.329750061035156,62.592677621881634,61.413764612489764,62.32127332772211,815950
2022-04-18,67.00300598144531,67.00300598144531,62.329756537247505,62.329756537247505,5599264
2022-04-19,65.23039245605469,68.27520924042541,64.89113546380783,68.27520924042541,2758356
2022-04-20,63.754634857177734,65.64598849845423,63.618935922858135,65.62054535269367,690457
2022-04-21,63.62740707397461,63.7546292624029,63.19486069242341,63.7546292624029,218493
2022-04-22,64.57732391357422,65.22191157472196,63.3984108383897,63.99210574287502,1084383
2022-04-25,64.87417602539062,66.13790829551675,64.71303395162155,65.29824569356433,832741
2022-04-26,63.6867790222168,65.28976830497815,63.61044958868935,65.28976830497815,905238
2022-04-27,63.69526672363281,65.94283739524948,62.76231469129854,63.610454079018794,1364528
2022-04-28,62.660526275634766,63.61892778190705,62.25342305398078,63.61044457747579,989948
2022-04-29,62.660526275634766,62.660526275634766,62.660526275634766,62.660526275634766,0
2022-05-02,62.660526275634766,62.660526275634766,62.660526275634766,62.660526275634766,0
2022-05-03,62.660526275634766,62.660526275634766,62.660526275634766,62.660526275634766,0
2022-05-04,62.660526275634766,62.660526275634766,62.660526275634766,62.660526275634766,0
2022-05-05,62.660526275634766,62.660526275634766,62.660526275634766,62.660526275634766,0
2022-05-06,61.56642150878906,63.186370489050624,61.490092086660006,62.17708276897586,573220
2022-05-09,59.395198822021484,61.57491673587851,59.20860712599803,61.57491673587851,1680965
2022-05-10,58.962646484375,60.294225043876125,58.733651700344325,59.36975623139499,1287259
2022-05-11,59.05594253540039,59.369756434610565,57.927922080943134,59.34431328860783,1252571
2022-05-12,58.58098602294922,59.200130610153224,57.25789067649501,59.200130610153224,1846969
2022-05-13,60.523231506347656,61.27807509714756,58.94569161594124,58.94569161594124,2441652
2022-05-16,58.59794235229492,60.03129986982095,58.3604643786718,60.03129986982095,1595095
2022-05-17,58.43679428100586,59.14922812871304,58.30957210226134,59.14922812871304,282862
2022-05-18,58.40287399291992,59.14923426375848,58.10602652558581,58.33502129444656,1337956
2022-05-19,57.73284912109375,58.51313582180664,57.664996415608236,58.351993734766246,1148647
2022-05-20,57.953369140625,58.1908471470743,57.68196478028431,58.16540399935336,580366
2022-05-23,57.10521697998047,58.4367953372246,56.825329475841464,57.33421172922853,913157
2022-05-24,56.63874816894531,57.65651933271806,56.486082817918906,57.3935917182453,686840
2022-05-25,55.69731140136719,57.274851162141445,55.25628177194607,57.274851162141445,2368043
2022-05-26,55.99415588378906,56.2740434165,55.21386925088851,55.96871273914072,1659941
2022-05-27,56.562416076660156,58.597945367181076,55.977197846701,57.5886639273549,4991546
2022-05-30,57.69892120361328,58.85239128242535,56.969520816400056,56.969520816400056,6220523
2022-05-31,58.28413772583008,58.733650550311154,57.76677219970929,58.17387546796808,2551060
2022-06-01,57.223960876464844,58.60642563666576,57.037369190996976,58.182355977253145,712461
2022-06-02,56.07048416137695,57.6734667640681,55.90085890626871,57.41054567741371,1062013
2022-06-03,55.052730560302734,56.64723027386454,54.88309880090894,56.40126907583601,2033954
2022-06-06,56.791412353515625,57.164595752979714,54.46751225410282,54.46751225410282,1871018
2022-06-07,57.317256927490234,57.92791827458987,56.82533456779447,56.82533456779447,1129828
2022-06-08,56.952552795410156,57.503844610428935,56.52848316397864,57.037365427538646,599517
2022-06-09,57.42751693725586,58.94568721172161,56.82533875086832,57.41055699671662,1958073
2022-06-10,58.589454650878906,59.157706334363176,56.613288857616375,57.67346280626087,909931
2022-06-13,55.99415588378906,58.521613941754275,55.6803484720734,58.43680130266327,1718183
2022-06-14,56.6811408996582,57.308762058307885,55.78210900128089,55.78210900128089,1159907
2022-06-15,57.72435760498047,58.09754096063564,56.57088766094559,56.681149909183276,1927029
2022-06-16,58.92873001098633,59.75141981658357,57.26637104609325,58.08059058721203,2462535
2022-06-17,60.22637939453125,61.32047997502121,59.26797775050124,59.26797775050124,2679386
2022-06-20,59.55634689331055,61.01514762780713,59.369755198787985,60.49778210055451,1155575
2022-06-21,60.964256286621094,61.14236477987285,59.36975658218396,60.54866980236699,1616351
2022-06-22,61.07450866699219,61.82935207518801,60.42992103084231,61.59187412260356,901947
2022-06-23,60.68437194824219,62.032910383594874,60.20940952096957,61.08299199983924,2174352
2022-06-24,57.30877685546875,60.684374388348346,56.138346856734444,60.42992998955009,3692046
2022-06-27,57.173072814941406,58.10602474255864,56.83381580377443,57.656511952847836,1333898
2022-06-28,57.0373649597168,58.56401820866422,56.452146802488784,58.01272639816715,3249218
2022-06-29,56.14682388305664,57.50385205597551,55.97719859683673,57.24092445030778,1513483
2022-06-30,57.257877349853516,58.43679028201811,55.366524147947146,56.31644235067339,6024940
2022-07-01,56.84228515625,57.25787801458599,56.44366517599166,57.24939481094139,532489
2022-07-04,56.579383850097656,57.1646021610797,56.443684898310785,56.825345075426476,210506
2022-07-05,56.14682388305664,56.867747526466,56.062011239946685,56.867747526466,253497
2022-07-06,56.07897186279297,56.36733611376098,55.96023288053682,55.977192819092316,341671
2022-07-07,58.19932174682617,59.030494646486275,55.994154365515406,55.994154365515406,2833319
2022-07-08,58.19932174682617,58.19932174682617,58.19932174682617,58.19932174682617,0
2022-07-11,58.19932174682617,58.19932174682617,58.19932174682617,58.19932174682617,0
2022-07-12,58.19932174682617,58.19932174682617,58.19932174682617,58.19932174682617,0
2022-07-13,60.48929977416992,61.015148514485205,57.59714787941063,58.47920713231577,3742956
2022-07-14,61.159332275390625,62.08380110972374,60.4214486724459,61.06603642430141,3371818
2022-07-15,60.17547607421875,61.44768492543512,59.97192446984501,61.066024858385745,1240827
2022-07-18,58.78453063964844,59.53937407108599,58.106023107199945,59.32733925392288,847843
2022-07-19,56.37581253051758,59.19163435930505,55.17993317648406,58.7845247043096,2756455
2022-07-20,58.21628189086914,58.691237835204554,55.765159795469096,56.570889554008005,2299770
2022-07-21,57.69892120361328,58.92872719172393,57.257891571498064,58.01273510488082,1020891
2022-07-22,57.953369140625,59.11531602515058,57.003450644037414,57.72436786955576,1455537
2022-07-25,57.563209533691406,58.94567409300757,56.82532610405046,58.94567409300757,794316
2022-07-26,57.622596740722656,58.26717806864268,57.24941330923909,57.66499983106999,941701
2022-07-27,57.9194450378418,59.03050567010818,57.249414081723785,58.038184045681376,994789
2022-07-28,58.79301071166992,59.7938152541886,58.02968411639487,58.02968411639487,1610235
2022-07-29,58.05514144897461,59.11531573745691,57.88551615113358,58.94569043961588,1369663
2022-08-01,57.71588134765625,58.52161108588534,57.673471794785556,58.301093058378406,331279
2022-08-02,57.605621337890625,58.241725830943636,57.16459173652127,57.75828667505493,1007896
2022-08-03,58.742130279541016,59.58178638257767,57.84309821299096,58.250207927948075,1501332
2022-08-04,59.00505065917969,59.7938204645651,58.190837710199474,58.190837710199474,1556219
2022-08-05,59.641151428222656,59.836226301649965,58.776052245779404,58.776052245779404,1576695
2022-08-08,59.641151428222656,59.641151428222656,59.641151428222656,59.641151428222656,0
2022-08-09,59.641151428222656,59.641151428222656,59.641151428222656,59.641151428222656,0
2022-08-10,62.211029052734375,63.474755055730576,60.72678497492849,61.4052991416703,4032551
2022-08-11,61.60035705566406,62.55027543239277,61.40528863388994,62.55027543239277,1017468
2022-08-12,63.02522659301758,63.771593286119504,61.49009659690594,61.91416622860874,3289601
2022-08-15,63.02522659301758,64.02603118266775,62.55027067616294,64.02603118266775,3247219
2022-08-16,62.4315299987793,64.0175527076912,62.015943582835654,63.14396385468268,2718440
2022-08-17,62.08379364013672,62.84712029775915,61.829355734788756,62.76230766264317,1261195
2022-08-18,61.057552337646484,62.541796257101524,60.89641025509997,62.46546681865159,1997813
2022-08-19,60.75221633911133,61.48161666209337,60.64196055848917,61.48161666209337,624024
2022-08-22,59.87863540649414,61.278066595214035,59.75989641795204,60.65044530280731,496274
2022-08-23,61.26958084106445,61.5325084225743,60.36207205451137,60.472334304134286,1816969
2022-08-24,60.574100494384766,61.6512409088436,60.47232793104533,61.0660227864874,512755
2022-08-25,59.938018798828125,60.85401104065289,59.75142706762777,60.803124739704096,1136787
2022-08-26,59.13227844238281,60.319674865196546,59.03049938758509,59.70053027239277,2246127
2022-08-29,58.23325729370117,59.53938634232856,58.01273922658116,59.53938634232856,1011906
2022-08-30,57.809181213378906,60.03978537483448,57.68195901669587,59.36975451170758,1167459
2022-08-31,58.80998611450195,59.19165274790233,57.68196556845441,57.800704573301516,1065563
2022-09-01,58.52161407470703,59.36975340912308,58.351988796139665,59.15771857551906,709208
2022-09-02,57.614112854003906,58.85239566927928,57.503857055454134,58.30958694123502,809258
2022-09-05,56.6981086730957,58.012727124526414,56.66418232593998,58.012727124526414,1267801
2022-09-06,56.969512939453125,57.16458781776396,56.5708864491403,56.5708864491403,375456
2022-09-07,56.85078048706055,57.33421966531325,56.74052469931513,57.0712985333412,1235788
2022-09-08,56.86775207519531,57.20700267477106,56.82534251485313,57.1645995852193,523353
2022-09-09,56.579383850097656,57.24093160818656,56.39279212944884,57.24093160818656,1178327
2022-09-12,55.977195739746094,57.09673939570943,55.934786184960764,56.740522430355085,826651
2022-09-13,56.028076171875,56.40125950844801,55.96870668385556,56.06200251799881,448316
2022-09-14,56.46063995361328,56.74052751035997,55.85846175232778,56.0620133977844,697379
2022-09-15,55.50223922729492,56.74052185924605,55.21386849339425,56.73203865421646,1507342
2022-09-16,55.19690704345703,55.76515881988698,54.71346790263331,55.76515881988698,1457907
2022-09-19,55.001827239990234,55.68034120575089,54.772832497249546,55.25627159484767,779084
2022-09-20,51.066471099853516,55.5531291795518,50.879882637028935,55.1714690483136,4767208
2022-09-21,50.82050323486328,51.69408887838097,50.040216663606586,51.10039074546266,1602466
2022-09-22,50.35403060913086,51.041024624255044,49.030935338306925,50.294661115460286,2579347
2022-09-23,49.421085357666016,51.10040105384366,47.606067481051646,51.04951152290669,2063762
2022-09-26,49.70096206665039,50.08262540165362,48.85282276015196,49.40411460353381,2634937
2022-09-27,51.694091796875,53.34796410502207,49.404115003701726,49.99781317013846,4035556
2022-09-28,52.236907958984375,53.68722561711467,51.73650556265112,51.948540421514444,2105549
2022-09-29,52.00790786743164,52.56767974328873,51.06647261362766,51.821316163680926,1307118
2022-09-30,52.118160247802734,53.00870585915765,50.80354498957455,51.48205577749284,2276124
2022-10-03,51.261539459228516,52.06727246224347,51.1597636464945,51.74497861395854,589556
2022-10-04,50.4049186706543,51.35483377721631,50.20984702062605,51.35483377721631,938701
2022-10-05,49.44652557373047,50.837473649585746,49.23449072715753,50.3794808398884,1188777
2022-10-06,50.226810455322266,50.345549439834045,49.62462909253516,49.81970397896986,1638970
2022-10-07,49.734893798828125,50.1080772047343,49.6161548007289,49.870595973140816,816085
2022-10-10,49.8536262512207,50.905320390604444,49.70096092073928,50.01477478639255,1639391
2022-10-11,50.24376678466797,50.80353851781672,49.76032447225409,49.879066675983786,1468539
2022-10-12,50.30314254760742,50.608469974840204,49.78577706208814,50.2352898512926,1164193
2022-10-13,50.4727668762207,51.14279768055673,50.260732057283576,50.464286907036836,1128962
2022-10-14,50.031742095947266,50.871398247605526,49.955409424396976,50.871398247605526,554895
2022-10-17,48.894073486328125,50.3738972262725,48.58613268253806,50.04029577651747,915860
2022-10-18,48.23542404174805,49.244784135835836,47.90182258511869,49.0737055454213,1258927
2022-10-19,48.40650177001953,48.75721140574931,48.07290031933178,48.45782632514559,1201586
2022-10-20,48.10710906982422,49.099360803731976,47.987351793498206,48.731543041218124,859912
2022-10-21,48.492034912109375,48.75720686096434,47.157629233741744,48.2012023196096,1770367
2022-10-24,48.492034912109375,49.2447786685298,48.4150497181226,49.030931270016794,704227
2022-10-25,48.047237396240234,48.92829099719514,47.98736037889073,48.39795030221979,925444
2022-10-26,46.345008850097656,47.90181766310436,45.7633436602872,47.90181766310436,2631592
2022-10-27,45.50673294067383,46.60163071846538,44.907959494799286,46.60163071846538,3722534
2022-10-28,43.667640686035156,45.75479350634364,43.137300020258714,45.70346895299009,3886082
2022-10-31,44.08678436279297,44.454602181835895,43.453794571424105,43.64198134294913,832728
2022-11-01,44.83952713012695,45.09614665413115,44.052570161468964,44.24930940363346,1477729
2022-11-02,45.55805206298828,46.1653812042695,44.736878768787406,45.070480215615724,2916383
2022-11-03,45.43830108642578,46.53320214867714,45.33565523351413,45.75479763273703,1405357
2022-11-04,44.702659606933594,45.0362642959773,44.40327454849331,44.87373818163622,649797
2022-11-07,45.198787689208984,45.806113536785475,45.16457132124772,45.33564989800161,924352
2022-11-08,45.746238708496094,46.01141067827766,44.90795723173665,45.3356520625151,981492
2022-11-09,45.746238708496094,45.746238708496094,45.746238708496094,45.746238708496094,0
2022-11-10,47.687965393066406,48.62889255300026,45.378413053258164,45.378413053258164,6723472
2022-11-11,50.45087814331055,51.066759698594645,47.054980392055775,47.696522591125934,10745242
2022-11-14,48.88551330566406,50.68183002670622,48.731542928083066,49.70668647739464,4940336
2022-11-15,51.00688552856445,52.09323077106041,48.75720984487431,48.79142621386297,8327900
2022-11-16,50.057395935058594,52.3926089719567,49.61259298568961,51.00687884014892,4114813
2022-11-17,49.561275482177734,50.72460593615003,49.27044286868466,50.04029486412297,1835427
2022-11-18,48.7486572265625,49.698136990034406,48.50059344677543,49.21056515420605,2650512
2022-11-21,48.817081451416016,49.30465323481029,48.07289345513826,48.41504731796551,1163517
2022-11-22,48.34661865234375,49.184900035292024,48.24397281809864,49.05659029519646,881274
2022-11-23,48.380836486816406,48.84274438646777,48.24397428265076,48.62034452834321,817647
2022-11-24,49.099365234375,49.62115015886016,48.32096081480075,48.338065735624426,3318834
2022-11-25,49.03948974609375,50.38245122309822,48.85130298066171,49.82644665053222,2485413
2022-11-28,47.95314407348633,48.979609024202816,47.47412470358013,47.901819520729504,1804673
2022-11-29,48.45782470703125,48.96250472823416,47.68797272111069,47.739297274522905,1418046
2022-11-30,48.320960998535156,48.74865580790666,47.81628099295469,48.731547623965504,772852
2022-12-01,47.901817321777344,48.67166926252685,47.782063300561276,48.432157957042364,973639
2022-12-02,47.78205871582031,48.32095502263727,47.51688679210517,47.69651780669347,576489
2022-12-05,46.86680221557617,48.072901556120776,46.70427608502194,47.89327050313711,580459
2022-12-06,46.84113311767578,47.08919688511243,46.10550080173802,47.08919688511243,834508
2022-12-07,46.824031829833984,47.20040210879598,46.618736873912134,46.71283025941579,702322
2022-12-08,47.054988861083984,47.73074754886119,46.64440217134736,47.13197406935041,1035859
2022-12-09,47.93603515625,48.885518157891575,46.960891510148635,47.04642916704957,3587853
2022-12-12,48.15843963623047,48.329518229476335,47.72219232335363,47.9873610429846,913003
2022-12-13,47.756404876708984,48.27818981296807,47.64520331053131,48.11566695705647,902720
2022-12-14,48.91972732543945,50.040288813745185,47.38858250661375,47.816277282799604,2504717
2022-12-15,46.9951057434082,48.928288161087515,45.47251322525828,48.91973243736053,2688390
2022-12-16,47.84193801879883,48.56901783451647,46.627283155267335,46.87534690907301,1463861
2022-12-19,47.097755432128906,48.67167252294289,46.61873605212375,47.226061922147245,3219583
2022-12-20,45.66925048828125,47.45701489323063,45.33564906442387,46.832580873154846,4035137
2022-12-21,44.249305725097656,46.22525696995882,43.20572931919013,45.3270984997683,2093916
2022-12-22,46.747047424316406,47.55966501173594,44.82242063990718,44.950727134369515,6362369
2022-12-23,49.15924072265625,49.74090590420445,46.40488520197517,46.6187325992193,6853755
2022-12-26,52.84596633911133,52.84596633911133,50.55352204136899,50.59629413010739,11055491
2022-12-27,52.27286148071289,55.17263184145442,51.75107327764329,53.290773978747794,12467526
2022-12-28,53.27366638183594,53.675700561693965,51.83661150814399,52.093231013701704,6188555
2022-12-29,54.22314453125,54.992996452467196,53.20523211368706,53.20523211368706,6618729
2022-12-30,58.286251068115234,58.286251068115234,54.48832214213169,54.48832214213169,11900894
2023-01-02,61.049156188964844,62.657286237190675,59.02188055107381,59.02188055107381,14956006
2023-01-03,61.01493453979492,62.00718296522121,59.97135830666965,61.37419656316803,6624462
2023-01-04,59.92859649658203,61.84467400197569,59.74896545409608,61.588054497792854,4196964
2023-01-05,61.006378173828125,62.48620486320965,60.689881713088845,60.73265379803606,4499228
2023-01-06,65.05237579345703,65.57416392424541,60.81819374162194,61.2458885028515,10549556
2023-01-09,67.56722259521484,68.60224322683419,64.7529900314758,65.00105379830924,13970997
2023-01-10,66.9171371459961,70.0564156869461,65.26623481222015,69.28656367423355,9194984
2023-01-11,70.24461364746094,71.21120178475056,65.9591088658977,68.00348999264467,17774824
2023-01-12,69.86821746826172,71.98103066353815,69.39775061364801,71.21117877694492,8125800
2023-01-13,65.10371398925781,69.28656931862722,64.7530010614105,68.51671724319907,12902307
2023-01-16,62.56319046020508,64.75298559518602,61.16890785880773,64.75298559518602,6851446
2023-01-17,58.42311477661133,63.59821816117269,57.87566593140327,62.70006295861494,8640440
2023-01-18,59.75752258300781,60.304971447105885,56.6695653669612,58.423116792531914,6111954
2023-01-19,63.36726760864258,64.06868686912577,59.87727622794834,60.732665888347604,13642897
2023-01-20,62.3750114440918,65.2234605326347,62.01574935889857,63.29883382839302,8309230
2023-01-23,63.76929473876953,64.1542174329253,62.443438301380624,63.28172294732348,3852102
2023-01-24,66.84870147705078,68.00347618247558,63.726527994898504,63.726527994898504,13159970
2023-01-25,68.57657623291016,70.14194062033631,67.40469676754533,67.91792917418063,13282160
2023-01-26,68.653564453125,69.95375364731625,67.41324573796798,69.07270348909331,7806490
2023-01-27,67.2763900756836,69.28655423277151,66.46376607951312,69.27799850987797,4523330
2023-01-30,65.23201751708984,68.43117302888055,64.62469163959115,68.13178795210024,5115060
2023-01-31,66.318359375,67.1908604838632,63.98314925502388,65.43730906832229,10194870
2023-02-01,65.54849243164062,69.20100910615994,65.1122485027656,66.92566999401956,9469438
2023-02-02,64.45360565185547,65.00961020222705,62.27236606731204,65.00961020222705,12289269
2023-02-03,63.777854919433594,64.92408052854546,63.213301102370906,64.58192333808942,3499066
2023-02-06,68.55947875976562,68.55947875976562,65.0951482180585,67.2421779731396,21833048
2023-02-07,69.38920593261719,73.22134764354128,68.64501463946456,70.9973360134026,31774289
2023-02-08,68.47393798828125,69.88532556406764,66.6006327334385,68.31141188091732,15889192
2023-02-09,71.71587371826172,72.70812896370904,69.03850614229032,69.71426482990927,16183849
2023-02-10,68.43972778320312,73.56350996384023,67.61855450162311,69.88533185520618,28035187
2023-02-13,68.42261505126953,70.05641238605129,66.64340957096127,67.57578114023923,12576392
2023-02-14,65.70246887207031,69.44052353362841,65.1806807274607,69.10692213312119,9660375
2023-02-15,66.32691955566406,66.86581272892137,64.93263666390622,65.43731346529083,5666093
2023-02-16,64.41938781738281,67.13097777259061,63.98314382607159,67.13097777259061,4152160
2023-02-17,64.30817413330078,64.9668210873227,63.136288328130966,64.5562378377281,3573598
2023-02-20,60.89519500732422,64.3937357579034,60.647131210474726,64.35951938667188,2746458
2023-02-21,61.49395751953125,61.998640774624064,61.07481844490158,61.998640774624064,1568994
2023-02-22,60.33062744140625,61.759126507083884,60.21087341949943,61.673588852308264,2807642
2023-02-23,58.02108383178711,59.87727787979548,57.74735939395226,59.87727787979548,4693330
2023-02-24,57.00316619873047,58.337571974789746,56.89196789276059,57.96120496360428,4157159
2023-02-27,56.25897216796875,57.65326141863528,55.600325035191844,56.98605856238976,2823739
2023-02-28,53.82966613769531,56.45571186809113,53.16246331434006,55.94247942905666,3540130
2023-03-01,52.940067291259766,53.87244218210745,51.716859775843474,53.63293411354013,4620269
2023-03-02,53.85532760620117,54.531086162961,52.77753816248802,52.94006100929448,3486999
2023-03-03,57.892765045166016,57.892765045166016,52.64922618637744,52.743319559031,6421254
2023-03-06,59.97135925292969,61.579489187286065,58.59418161549898,59.10741401785918,8005520
2023-03-07,59.11597442626953,61.14325008130905,58.636958349576815,60.73266021121202,4447315
2023-03-08,59.6890869140625,60.73266329944095,59.013328328020634,59.1159774322907,4500256
2023-03-09,60.22799301147461,60.50171745943851,59.902940742819865,60.30497495335245,2349244
2023-03-10,59.63794708251953,60.91348026640174,59.52514009949966,60.73126124013285,1598135
2023-03-13,63.264984130859375,63.77693183459147,61.173791759710184,61.59896945163842,10936425
2023-03-14,62.24108123779297,63.12614593808948,61.60764758219042,62.99598761212978,4891548
2023-03-15,61.70309066772461,62.69228325803361,61.39939234966953,61.70309066772461,1789547
2023-03-16,60.95686340332031,62.70964147373404,60.73993506380672,61.86796507732843,2018877
2023-03-17,60.028411865234375,60.95686491659665,59.62926450503569,60.95686491659665,2123583
2023-03-20,57.83309555053711,60.028409245901486,57.65954891011403,59.86354159253142,2752846
2023-03-21,59.30820083618164,60.028404441002905,57.71161159285088,58.050019239429176,4089371
2023-03-22,57.50336456298828,59.85487372142364,57.2690848559792,59.39498005485453,1683067
2023-03-23,57.50336456298828,57.50336456298828,57.50336456298828,57.50336456298828,0
2023-03-24,56.23650360107422,57.44262470315857,55.92412624598913,57.44262470315857,556505
2023-03-27,55.60307312011719,56.921994500762274,55.44688445213432,56.921994500762274,736689
2023-03-28,55.282012939453125,56.40136387853467,55.099793942876175,55.785288236738225,1264561
2023-03-29,54.31885528564453,55.663813648471745,54.1019269445516,55.663813648471745,1488495
2023-03-30,55.29069900512695,55.66381603259277,54.70932930486424,54.70932930486424,2371780
2023-03-31,55.49894332885742,57.09553928518886,54.54445999785474,55.16921464945716,3139173
2023-04-03,55.863380432128906,56.201788092919415,54.926251779944685,55.438202764491855,2713355
2023-04-04,54.68328857421875,56.09766207686206,53.97176398492751,56.09766207686206,6695989
2023-04-05,54.80477523803711,55.57704290258964,54.23208455751233,55.36011125429583,3048626
2023-04-06,58.90037536621094,58.909054352691136,55.14317856571226,55.507619866420406,13574597
2023-04-07,57.329811096191406,60.13252765663319,56.66167484228498,59.438354445712996,5591512
2023-04-10,56.44475173950195,57.60748436172639,56.16708375358813,56.91331108687835,1906457
2023-04-11,56.27120590209961,56.618292544404895,55.446880919235724,56.40136422047998,2006499
2023-04-12,58.119441986083984,58.48387999729456,55.88073999700068,55.88073999700068,3773429
2023-04-13,58.327693939208984,59.65529433947059,57.91986759504963,58.99583032295489,3957408
2023-04-14,58.327693939208984,58.327693939208984,58.327693939208984,58.327693939208984,0
2023-04-17,58.2843132019043,59.38631303518838,58.05003347379764,58.77023725521908,1698788
2023-04-18,58.423133850097656,58.88302080659805,57.702930274383974,58.13678689298837,2240434
2023-04-19,58.492549896240234,58.91772750992579,58.18017261512904,58.57064090645487,2938415
2023-04-20,59.17805099487305,59.4210163068071,58.22356758272242,59.00451096361942,2273610
2023-04-21,59.17805099487305,59.17805099487305,59.17805099487305,59.17805099487305,0
2023-04-24,59.17805099487305,59.17805099487305,59.17805099487305,59.17805099487305,0
2023-04-25,59.17805099487305,59.17805099487305,59.17805099487305,59.17805099487305,0
2023-04-26,59.10863494873047,59.9589903124247,58.88302762728761,59.52513364356472,3113351
2023-04-27,58.52726364135742,59.18672765036676,57.96325525194258,58.91773862648414,2429262
2023-04-28,57.7723503112793,58.74418492343904,57.702931661803085,58.527256608920986,2022385
2023-05-01,57.7723503112793,57.7723503112793,57.7723503112793,57.7723503112793,0
2023-05-02,56.97406005859375,58.119441382013314,56.83522274902663,57.77235472822281,1227511
2023-05-03,56.73109817504883,57.26908285175064,56.323278448981505,56.765807504525824,3661628
2023-05-04,55.87205505371094,57.00875728088542,55.72454539158366,56.921987280818,1308027
2023-05-05,56.20178985595703,57.16495218846026,55.57704181498746,55.87206117154581,3983059
2023-05-08,54.917579650878906,56.53152703896632,54.67461765789917,56.479459735393185,1567777
2023-05-09,53.53791427612305,54.91757863294108,53.017284280871415,54.91757863294108,3287415
2023-05-10,52.68755340576172,54.04986304188005,52.505331094448465,53.190825405888894,2252281
2023-05-11,52.99993133544922,53.58129767278492,52.5226863599484,52.93051268080777,1457004
2023-05-12,52.48798370361328,53.79822944826387,51.93264436111305,53.79822944826387,2822108
2023-05-15,51.43804931640625,52.279732374013314,51.2818606395294,52.279732374013314,4325898
2023-05-16,52.817718505859375,53.260254233500035,51.71572199103215,52.06280870643407,8147822
2023-05-17,51.70703887939453,53.277601241214754,51.628944545158966,52.82638990008302,2885966
2023-05-18,51.24714660644531,52.05412020744722,51.021539303980575,51.707033577530744,2779634
2023-05-19,52.31443786621094,52.85241920816924,51.108316857758496,51.195086867406594,4526257
2023-05-22,51.047576904296875,52.48798090284238,50.93477324433251,52.48798090284238,2331028
2023-05-23,50.50959396362305,51.18641263623708,50.34472961660957,51.064929985209275,1247254
2023-05-24,50.63106918334961,51.3512728033904,50.370755858177866,50.74387283794732,1384652
2023-05-25,50.847999572753906,51.45539956288516,50.500916228438655,50.761229564191005,2574212
2023-05-26,49.303466796875,50.99550830313752,49.190663147107266,50.75254965138859,3488612
2023-05-29,49.53775405883789,50.50091638312916,49.450984050009204,49.459659726866605,2750008
2023-05-30,50.77858352661133,51.48143250249289,49.67658722075122,49.67658722075122,4947319
2023-05-31,49.980289459228516,51.16905917534009,49.89351944508869,50.82197249865306,1976085
2023-06-01,50.38811111450195,51.08228109315474,49.71997147565378,50.06705812001195,1626005
2023-06-02,50.37944030761719,50.58768966631071,50.15383297395802,50.15383297395802,821029
2023-06-05,53.425113677978516,53.70278170067853,50.37076211821443,50.37076211821443,9434106
2023-06-06,53.17347717285156,54.82213399036503,52.97390348400545,53.711461875025265,10796581
2023-06-07,53.32965850830078,53.72880583102268,52.71358286104782,53.31230384513067,2375871
2023-06-08,52.5313606262207,54.33620245388363,52.366492991294486,53.14743623551515,3945300
2023-06-09,53.43379211425781,53.88500016394173,52.49666006476684,52.49666006476684,3751614
2023-06-12,52.14957046508789,53.79822713685573,51.88925712482553,53.79822713685573,2173607
2023-06-13,52.218990325927734,52.67020167082206,51.64629964011259,52.062801656154164,1655102
2023-06-14,52.10618591308594,52.583427592726885,52.06280090767562,52.40988757108562,1073014
2023-06-15,51.117000579833984,52.357831111461365,51.02155156816046,51.98471405313625,1110002
2023-06-16,50.761234283447266,51.88058537231812,50.631075948438486,51.195090986724594,1604432
2023-06-19,48.852264404296875,51.17773661186771,48.50518102574336,51.17773661186771,3360751
2023-06-20,49.893516540527344,50.153829877856495,48.59194654381794,48.67871655290643,5667316
2023-06-21,49.25141143798828,50.67446420341105,49.06919241725515,49.89352081446343,2398710
2023-06-22,48.904319763183594,49.71996903429248,48.64400644772871,49.25140308043565,1792169
2023-06-23,48.92167663574219,49.40759396386054,48.670038985073155,48.85225798311754,1489698
2023-06-26,51.01286315917969,51.455395463698046,49.93689726437269,50.32736889192617,6339034
2023-06-27,51.31656265258789,52.192954915659,50.45752836232123,50.7178416833092,7545699
2023-06-28,51.31656265258789,51.31656265258789,51.31656265258789,51.31656265258789,0
2023-06-29,51.31656265258789,51.31656265258789,51.31656265258789,51.31656265258789,0
2023-06-30,51.31656265258789,51.31656265258789,51.31656265258789,51.31656265258789,0
2023-07-03,55.169212341308594,55.169212341308594,55.169212341308594,55.169212341308594,762271
2023-07-04,56.98273849487305,59.00451234493462,56.48814211208092,59.00451234493462,14413155
2023-07-05,56.42739486694336,58.04134213533047,55.80264023142227,56.54020183287901,6083458
2023-07-06,58.34505081176758,59.00451489065196,56.27121618566228,56.401374527829084,14126634
2023-07-07,57.84177780151367,58.65742388708181,57.4339514486657,58.56197488449494,2651136
2023-07-10,57.60749053955078,58.5706529171316,57.29511319438253,57.96325620159761,5121219
2023-07-11,59.00450134277344,59.61189797325129,57.44261483564932,58.128109101546755,7295326
2023-07-12,60.29739761352539,60.87009159055803,59.36027224585062,59.84618959354327,12591221
2023-07-13,60.3668212890625,62.024157069395834,59.97635290507053,60.95686666895501,10306114
2023-07-14,59.290863037109375,60.609784599613384,59.09128602600754,60.21931618588039,2206447
2023-07-17,59.30820083618164,60.002374102054866,59.00450251490969,59.48174746271339,3601497
2023-07-18,58.188846588134766,59.52512574533143,57.963245916753664,59.43835574709819,2670286
2023-07-19,59.577205657958984,60.32343309690614,58.39711489570668,58.48388491231654,8961317
2023-07-20,61.581607818603516,62.02414341110443,59.86353274309353,60.03707935786176,11323426
2023-07-21,60.661842346191406,62.30182001753276,60.56639334985917,61.94605437299854,4796930
2023-07-24,60.50564956665039,61.16510688902871,60.045755970084656,60.73992923799826,2523215
2023-07-25,61.2085075378418,61.78119497219197,60.20195675850212,60.41021275292786,5958770
2023-07-26,60.61845779418945,61.35601284970716,60.50565743703472,61.29527317737342,2706309
2023-07-27,60.61845779418945,60.61845779418945,60.61845779418945,60.61845779418945,0
2023-07-28,60.61845779418945,60.61845779418945,60.61845779418945,60.61845779418945,0
2023-07-31,67.33454895019531,67.75105423588138,64.21078247799396,64.29755248164155,24102714
2023-08-01,66.1284408569336,68.54936216318816,65.96357318392288,68.54936216318816,7148147
2023-08-02,67.65560913085938,68.07210782033538,65.73796347358397,66.12843182248363,16067758
2023-08-03,66.17182159423828,68.4539053100979,65.77267424964653,67.68164096206402,11564548
2023-08-04,66.27594757080078,66.90070228237676,65.52104114441974,65.52104114441974,8324141
2023-08-07,65.05245971679688,69.19144877135012,64.21077685288346,67.2477730553847,15328254
2023-08-08,60.49697494506836,64.2107869700624,60.21930694189481,64.2107869700624,15271642
2023-08-09,64.07196044921875,65.0351229455928,59.898260711683506,60.4969851337886,22796703
2023-08-10,61.3213005065918,65.69457656011178,60.74861314131817,65.42558754158382,13162106
2023-08-11,63.23028564453125,64.81819633119902,61.60765900303595,61.60765900303595,15365570
2023-08-14,63.23028564453125,63.23028564453125,63.23028564453125,63.23028564453125,0
2023-08-15,64.26284790039062,65.39955687851082,62.319171870659,63.317043536591804,13586629
2023-08-16,63.25631332397461,64.9049702419633,63.09144564613722,64.21079681750646,6077616
2023-08-17,64.41036224365234,64.64464192569486,62.648898654434596,63.25630194661813,7307763
2023-08-18,66.07637023925781,68.87908053850266,64.99172859586923,65.03511028952845,27990154
2023-08-21,64.58390045166016,66.20652668751127,64.34962077617196,65.94621005241147,6101632
2023-08-22,65.7987060546875,66.55361244533182,64.47110566550015,64.6967063739011,6484045
2023-08-23,66.15447235107422,66.62303841399097,64.81819282796977,66.16315133931202,8827889
2023-08-24,65.87680053710938,67.07424928049544,65.65119981686883,66.77054429071448,10213573
2023-08-25,65.20865631103516,65.87679264422043,64.64464133775415,65.87679264422043,2992875
2023-08-28,63.71619415283203,65.08718289055392,63.51661716133976,65.08718289055392,3787006
2023-08-29,61.815887451171875,63.776921166526314,61.28658186154025,63.776921166526314,8315062
2023-08-30,60.41020584106445,62.29314222269445,59.61190452736031,61.18247019334823,7881605
2023-08-31,57.31246566772461,61.12172649551593,55.88073740982393,60.60977221002779,12267446
2023-09-01,58.648746490478516,58.96112384921334,56.75713760276919,57.26908533950638,5284440
2023-09-04,59.78545379638672,60.08915215836009,58.657423743196716,59.004510422649616,3426833
2023-09-05,58.50123596191406,60.29740243887758,58.14547690963411,60.29740243887758,3642368
2023-09-06,59.603233337402344,60.47961907216465,58.23224462779781,58.570652311543185,3929670
2023-09-07,60.72257995605469,62.345199598435705,59.351591346243126,59.52513135907594,13140382
2023-09-08,62.484039306640625,62.865828673573944,60.65316363433025,60.844061627860604,7089082
2023-09-11,63.93312454223633,64.36698124878784,62.56213576070282,62.88319210679702,11683396
2023-09-12,62.76171112060547,63.438526505941695,62.04150741769526,63.438526505941695,4021971
2023-09-13,63.44719696044922,64.16739394637213,62.56212571394473,62.82244234412297,3202449
2023-09-14,63.264984130859375,63.75958048028172,62.98730950088292,63.55132450779938,1473435
2023-09-15,62.70964813232422,64.64465203910278,62.48404740176734,64.29756533500141,8044559
2023-09-18,63.09143829345703,63.41249462337486,62.735679254476175,63.32572461046204,1432531
2023-09-19,63.46455383300781,64.07195052941721,63.1695344719311,63.33439550659794,4000236
2023-09-20,62.145626068115234,63.75957326142068,61.71176943808961,63.69015461178614,6149595
2023-09-21,62.82244873046875,63.03937707096061,61.867965356330075,62.04150538067253,2382619
2023-09-22,64.28020477294922,64.8528921255899,62.475359466206044,62.82244612059932,6762444
2023-09-25,64.35829162597656,64.81817859970553,63.950465329989925,64.28020060936305,2907911
2023-09-26,63.317039489746094,64.60993043125215,63.13482049424205,64.60993043125215,2896927
2023-09-27,64.61861419677734,65.495006533412,62.926569193168206,63.178206858939646,9115995
2023-09-28,64.61861419677734,64.61861419677734,64.61861419677734,64.61861419677734,0
2023-09-29,64.61861419677734,64.61861419677734,64.61861419677734,64.61861419677734,0
2023-10-02,65.48632049560547,65.8594374605251,64.31490892392233,64.63595859179094,6591768
2023-10-03,65.21733856201172,66.2065312513765,64.4711045514204,65.93753561119661,3056591
2023-10-04,64.65332794189453,65.42559234609922,64.5578789373184,65.0351173400711,1990783
2023-10-05,64.05460357666016,64.9483473285574,63.39513953229671,64.68803727797852,4785992
2023-10-06,63.186885833740234,64.21078785076016,62.51874946760869,64.21078785076016,5713471
2023-10-09,63.96782684326172,64.81818218737897,62.25843054808692,62.56212888527165,6484440
2023-10-10,64.15005493164062,64.59259064000513,63.56000952719735,64.20211561963826,3084894
2023-10-11,65.72928619384766,65.93753554399446,64.34094615932324,64.69670518998537,7355736
2023-10-12,66.6143569946289,67.0308623531749,65.78135289766502,66.15446993673378,6826631
2023-10-13,69.9550552368164,71.0570483190487,66.12843604471395,66.69245106701312,15178339
2023-10-16,69.70340728759766,72.88791334117326,69.41706032492691,70.32816188974228,9554904
2023-10-17,68.70423126220703,70.84405937746133,68.35054690896517,70.51689393000633,3791020
2023-10-18,68.50971984863281,68.96066950369043,67.65202097145206,68.61582247518857,3589409
2023-10-19,73.34642028808594,73.64706012897315,68.2002339180073,68.20907805200041,18911504
2023-10-20,73.00157165527344,73.56747478856258,71.90513517778791,73.30221148951313,7552252
2023-10-23,75.35360717773438,76.92752558738817,73.22262305839394,73.39947199245995,24259049
2023-10-24,73.14305114746094,76.04330640540788,72.17924294202635,76.04330640540788,10255853
2023-10-25,72.91313171386719,74.17757267627056,72.4621754520895,73.08113648211874,8207368
2023-10-26,71.47186279296875,73.30220710595283,71.2684882043718,72.90430206202763,4518629
2023-10-27,70.08362579345703,72.02007258576015,69.42045751275538,71.48953931041815,4258249
2023-10-30,71.38343048095703,72.241122382517,69.80950556522659,70.1808848970821,4802381
2023-10-31,71.71944427490234,73.9653751434581,71.53375795356979,73.39062791299236,7796581
2023-11-01,71.63101959228516,73.21378205703274,71.44533328025511,72.07313178647956,6350377
2023-11-02,71.9493408203125,74.45169070923772,71.18006317479751,71.71059645793692,5718084
2023-11-03,72.52407836914062,73.19609076544145,71.45416771295308,71.72828184936719,6010320
2023-11-06,71.9935531616211,72.99273110847939,71.35691047770007,72.94851718750263,3862892
2023-11-07,71.13584899902344,72.84240233009915,70.86174159871642,72.33839470102998,4243204
2023-11-08,71.28617858886719,72.24113588124648,70.83522222412593,70.83522222412593,4665469
2023-11-09,71.28617858886719,71.28617858886719,71.28617858886719,71.28617858886719,0
2023-11-10,72.47103881835938,73.36410744743469,71.7194493466454,72.1085102832916,10555014
2023-11-13,73.09882354736328,73.83273135837187,72.10849661790229,72.41797378335885,9183312
2023-11-14,73.85042572021484,74.18643534065815,71.66639691782042,73.44368326829168,9040327
2023-11-15,76.31739807128906,76.9186708722003,73.87694383179294,74.27484207303145,19292737
2023-11-16,81.84381866455078,82.03834913654877,76.30857807712279,76.94521405898305,24336213
2023-11-17,81.2425308227539,83.77141300261202,80.46441582360387,82.66613256547461,16643997
2023-11-20,80.26103973388672,81.9675929663304,79.84545996411957,81.25137341538905,6097426
2023-11-21,79.12040710449219,81.48128477737879,78.5191342059869,80.2964205011637,5862888
2023-11-22,81.62275695800781,82.65730469328139,78.69597618233716,78.69597618233716,10655403
2023-11-23,80.04883575439453,82.76340445704236,79.47408853152055,81.83497286264311,7358871
2023-11-24,80.3141098022461,81.79076304023344,79.58020187698389,80.45558220872347,6139710
2023-11-27,80.97726440429688,82.14444023050575,80.01345639276819,80.90652484001848,7028494
2023-11-28,82.47160339355469,83.64762341576188,81.17179924627447,81.3486414204891,12452024
2023-11-29,81.45475769042969,84.21353362061453,80.64126608010359,82.4716103976674,14409867
2023-11-30,81.14527893066406,82.89604639889156,80.90654128531817,81.79076578023968,6286258
2023-12-01,83.75374603271484,84.08974891537677,80.90654205268729,81.73771524454808,9506132
2023-12-04,88.45782470703125,90.03174332515208,84.89440085331093,84.89440085331093,23518237
2023-12-05,94.9303207397461,95.08948138250359,86.91925079517594,88.86454154346005,26934622
2023-12-06,98.1312255859375,100.7838987509489,94.61200955207316,97.16741749467974,35324615
2023-12-07,97.8924789428711,99.47524137065578,95.93834389969913,96.37161195098429,15352002
2023-12-08,100.66896057128906,101.78308535892143,98.82093455676896,99.03314655333301,16604019
2023-12-11,100.7662124633789,101.68580665483249,98.59102123490281,99.9173578434441,8672394
2023-12-12,101.72117614746094,102.52581684635355,100.80158195865735,100.80158195865735,6735735
2023-12-13,101.8095932006836,105.65596785259869,97.4857365804754,103.01213888095587,17870916
2023-12-14,106.78778839111328,109.44930598749579,99.91736709126246,101.2437038225624,17322231
2023-12-15,111.64218139648438,113.00388786451175,108.40591665829648,110.52805669608067,20844934
2023-12-18,108.82149505615234,112.25228324968205,107.30062803088661,111.41227278033251,11710100
2023-12-19,104.90438842773438,110.12131404286575,101.69465609611576,107.69854093370539,24378331
2023-12-20,106.4341049194336,107.87538841806342,101.24370470383822,106.3722094746114,24173128
2023-12-21,108.59159088134766,110.07708806762638,105.93008042992464,109.65266415503044,14079720
2023-12-22,104.18816375732422,109.20171453853204,103.47193739851106,108.7596023339226,7362326
2023-12-25,104.18816375732422,104.18816375732422,104.18816375732422,104.18816375732422,0
2023-12-26,96.37161254882812,103.22435144131778,96.37161254882812,103.10056056875408,19050579
2023-12-27,98.30807495117188,99.03313873276429,92.6755627571509,94.83307258115153,11154977
2023-12-28,98.18428039550781,100.97842605442936,96.42467568880893,99.47524723903386,10430061
2023-12-29,101.71234130859375,105.22271358922326,97.97207551932921,99.0331422016219,13683173
2024-01-01,109.34320068359375,109.34320068359375,103.01215027007044,103.46310663655481,7405974
2024-01-02,111.42112731933594,116.27551776923555,110.62532394736125,112.73861989032345,34951008
2024-01-03,114.58665466308594,115.60352097729675,110.62533250990735,112.29651634735735,24928592
2024-01-04,113.38410949707031,114.91382767254113,110.97018026981272,114.8607628664577,11891649
2024-01-05,112.67671966552734,114.94033879931412,108.31749294492053,113.16304580167805,11228730
2024-01-08,110.59878540039062,113.38408675847967,110.085933648667,112.20807347786061,4561042
2024-01-09,110.89058685302734,112.73861263774704,110.30699550242308,112.38492152338962,7418243
2024-01-10,111.96934509277344,115.8245711671015,110.42195223039964,110.70490379824695,15931102
2024-01-11,117.27470397949219,120.166108484328,111.85440328162319,112.65020670952624,19125010
2024-01-12,118.30037689208984,121.93453972661108,116.89446333002526,118.50375821907552,24740483
2024-01-15,116.82372283935547,121.49242656915503,115.61233973477978,119.70630300426664,12654467
2024-01-16,111.98703002929688,116.27551734252016,111.19122666024266,116.27551734252016,10704013
2024-01-17,109.316650390625,113.79966742882486,107.35367806447461,111.41226446025782,16519053
2024-01-18,107.9991683959961,109.85603829915053,105.35533931128528,109.20171412769734,11124990
2024-01-19,108.12295532226562,110.42193734436023,106.55788114930749,109.29013122555037,6414455
2024-01-22,115.84223175048828,116.23129263840018,108.22906600672466,108.22906600672466,23338496
2024-01-23,112.00469970703125,116.04561156782847,110.54572814238557,115.84223024766267,27788195
2024-01-24,112.91545867919922,115.74497419852419,110.09478729321194,112.20808317241654,34477717
2024-01-25,104.58605194091797,112.11964695759642,104.44457955707834,112.03121912833839,27378044
2024-01-26,104.60375213623047,107.65432370288366,103.02098960654966,103.46310181888182,20139069
2024-01-29,100.51863861083984,104.24122284190979,99.92620983151768,104.24122284190979,7641946
2024-01-30,100.70433044433594,106.08041716641867,95.50509267461644,100.51864410392785,18157957
2024-01-31,100.8458023071289,103.35699653404983,100.53631834941777,102.46392794102356,5252850
2024-02-01,102.39319610595703,103.67531888628235,97.04363537543274,100.8015893649142,19781910
2024-02-02,101.10221099853516,103.79025388677455,99.04197334813787,103.00329473894584,18483443
2024-02-06,106.42526245117188,107.30948696024036,101.68581854287693,102.51699174015256,19900893
2024-02-07,107.22988891601562,108.48549267812545,105.6648147124073,106.98230716593945,14223153
2024-02-08,107.22988891601562,107.22988891601562,107.22988891601562,107.22988891601562,0
2024-02-09,103.25972747802734,105.2138626516423,99.18345233096137,105.2138626516423,17861036
2024-02-12,95.513916015625,99.91735646344709,95.513916015625,99.03313206996526,12883624
2024-02-13,89.54540252685547,92.97619753578765,88.35170092931433,88.35170092931433,18646972
2024-02-14,94.93917846679688,95.65539808871962,91.96818387394381,92.84356416141573,15505464
2024-02-15,90.58878326416016,96.68993271627777,89.0413906293671,96.38045553853846,9737543
2024-02-16,86.85736846923828,91.51722823321698,84.53185390774237,88.51086383092571,11953769
2024-02-19,92.43681335449219,93.1441887791509,83.11708799719054,83.64762125220865,11550721
2024-02-20,90.53573608398438,94.06378956306683,89.70456298640879,91.95049377957285,7218710
2024-02-21,93.12651062011719,94.50589848214427,91.53490405155009,92.8435590908271,5836954
2024-02-22,92.18924713134766,93.71011433212166,91.51723463065967,93.28568360902992,3415808
2024-02-23,96.4423599243164,97.39732394376198,91.79133745576968,92.22461229091083,15411890
2024-02-26,95.68192291259766,98.67944313271046,94.96570329688305,96.47772623344551,11066294
2024-02-27,94.32905578613281,96.36277452963577,93.98420882252701,95.48738754870116,4562482
2024-02-28,95.79686737060547,96.76951959847423,93.93999749702311,94.61200992370605,6243665
2024-02-29,100.34178161621094,101.65927400105627,96.55729575374505,97.08783575750229,15985508
2024-03-01,99.97926330566406,100.80159235524815,99.04198750041033,100.6866455995785,4632027
2024-03-04,105.99198913574219,106.90273925606931,101.24370132617292,101.24370132617292,13808772
2024-03-05,103.12928009033203,107.45493122212893,102.31653293524943,106.56090521766423,6853016
2024-03-06,103.26473999023438,105.65784643706603,102.7770875645193,102.7770875645193,7916062
2024-03-07,104.1226577758789,104.73673789026995,102.51520770453894,102.9938345427917,4384060
2024-03-08,103.78852081298828,105.11601800158085,103.58081431220717,104.75479319879939,3220960
2024-03-11,103.5085678100586,104.75478606045353,103.17443368454151,104.75478606045353,2142642
2024-03-12,100.29367065429688,104.30325243308033,99.78796011995996,103.89687888081521,3232318
2024-03-13,97.99990844726562,101.41347547123313,96.64532065498624,100.23949662867507,3482193
2024-03-14,102.01852416992188,102.45198841000571,98.88490993978336,99.3364392089148,2631669
2024-03-15,100.79940032958984,103.74336631490588,100.24853404925369,103.74336631490588,2016604
2024-03-18,100.17628479003906,102.04561570479189,99.78796933964162,101.19673846676261,1545056
2024-03-19,100.3207778930664,101.50378935976237,99.43578431165004,100.23950592509142,1761518
2024-03-20,98.38822174072266,101.36831757455414,97.98184816783184,101.13352043321362,4202005
2024-03-21,96.28410339355469,99.33643875872573,95.81450909750386,99.06551844255873,2352350
2024-03-22,95.74227142333984,96.40150724443488,95.1372238042547,96.40150724443488,1112732
2024-03-26,96.96139526367188,98.29791800797281,96.35634082220824,97.98184890559014,1672934
2024-03-27,95.53456115722656,97.44001517563021,95.28170587531721,97.42195014704258,2464631
2024-03-28,96.7807846069336,97.30456022736834,95.543598784274,95.72420774107698,2576572
2024-03-29,95.85967254638672,98.16246786121236,95.54360341177815,97.30456494016191,1914920
2024-04-01,95.37199401855469,96.71754904677006,94.95658799943412,96.22087108229023,1168218
2024-04-02,94.3967056274414,95.70614461024111,93.55686093150426,95.70614461024111,1009245
2024-04-03,97.59353637695312,98.0270075087033,93.91808838590404,94.8211469280762,4928965
2024-04-04,99.48995971679688,103.6982159056771,98.16246253369697,103.6982159056771,21170581
2024-04-08,101.69342803955078,102.9486789243753,100.42011212470261,101.13352923525163,5332113
2024-04-09,101.73857116699219,103.16539832218338,100.69102002820966,101.79275247079494,3825764
2024-04-15,103.24668884277344,103.83367829624092,99.78797283660657,103.16540998808894,9377687
2024-04-16,102.93963623046875,105.567539766048,102.50617200982633,103.17443336902731,9086389
2024-04-17,101.63019561767578,102.75901864494277,101.23284770734533,102.40682641161858,3641708
2024-04-18,101.69342803955078,102.95771143938713,100.7090905969689,101.61214918402483,4250356
2024-04-19,102.38877868652344,103.76143157791236,101.14256033415914,102.04561890857129,4931904
2024-04-22,102.40682983398438,103.98718212497243,101.8649961407463,102.94866352722244,7042817
2024-04-23,102.02755737304688,103.30086633790056,101.59408624024759,102.86740209489119,2784134
2024-04-24,102.3436279296875,103.26474462642184,102.0636750919293,102.4790880912105,4022391
2024-04-25,102.71387481689453,103.45438253261425,101.5940841738088,102.04561343680349,4801098
2024-04-26,102.99383544921875,104.03234732096651,102.04562116916438,102.77709642590956,5499839
2024-04-29,101.18771362304688,103.85173359857252,101.14255793947933,103.21959536736676,6241486
2024-04-30,103.77046203613281,107.68973286430473,100.42914124315668,101.37735548341249,23164949
2024-05-02,105.29661560058594,107.01242806138457,103.5808031397873,103.98718358275477,9249140
2024-05-03,112.27727508544922,113.19839180702235,105.74815851004517,106.38030365093555,26658354
2024-05-06,113.16226196289062,115.95270950790194,112.29532660260197,114.69746559468933,14348667
2024-05-07,110.28150939941406,113.55960936026479,109.94737526530606,112.88231546746003,11836660
2024-05-08,110.42599487304688,112.52109036669768,109.37845057111635,109.37845057111635,9279853
2024-05-09,110.63541412353516,111.75533087354802,109.76133055509139,111.31829256262549,5570014
2024-05-10,111.50038146972656,113.13018537634578,110.44419985027501,111.71890060709617,6754573
2024-05-13,113.14839935302734,115.36092572612876,110.5807767549367,111.53680932781452,12230801
2024-05-14,114.21369171142578,114.63252296620065,112.5383597457279,113.81306749094618,9789767
2024-05-15,112.04668426513672,115.16971505375967,111.71890208145749,114.73267677325283,9494603
2024-05-16,111.77355194091797,113.23946497215381,111.55502582500516,112.43821644033845,3814356
2024-05-17,112.44731140136719,113.63097008949462,111.64606990187377,111.90101006323084,4354540
2024-05-20,111.34561157226562,112.44732133638243,110.49884199203052,111.80997087667816,5249792
2024-05-21,111.74623107910156,112.99361791813912,111.17260874315994,111.54591895839806,3379929
2024-05-22,110.85393524169922,112.54747435635576,109.80685356056874,112.08311506450508,4054311
2024-05-23,111.33649444580078,112.17415695847222,110.44420388344157,111.199917374983,4918689
2024-05-24,112.52015686035156,114.17727490625818,111.76443639716264,111.76443639716264,11784831
2024-05-27,110.38048553466797,113.08467860210753,110.03448931006265,112.92078748166276,4209486
2024-05-28,110.38048553466797,110.38048553466797,110.38048553466797,110.38048553466797,0
2024-05-29,107.45774841308594,110.79019853934197,106.84771200634466,110.79019853934197,9507056
2024-05-30,108.73245239257812,109.26054670215552,106.71113116713249,107.88568287777248,5658625
2024-05-31,109.20591735839844,110.62630222579344,108.80529313565692,109.26054540819105,3446860
2024-06-03,108.66871643066406,109.66117000036304,107.21191054296678,109.48817191330578,6029798
2024-06-04,106.81128692626953,109.44264452961704,106.57456074395897,108.80529412093712,2818949
2024-06-05,105.90078735351562,107.23012323028043,105.62764014263448,106.99339703683654,2249474
2024-06-06,106.4561996459961,109.03292941544038,105.61853705378775,106.03736834989192,4436045
2024-06-07,104.179931640625,106.39245803226255,103.25122003208763,106.39245803226255,7471203
2024-06-10,102.35893249511719,104.25278386037597,101.96741521236272,103.83395254920131,2982274
2024-06-11,101.81263732910156,103.4970696687468,99.90968580209795,103.31497150371477,3862308
2024-06-12,103.96141052246094,104.61697491449219,100.82017258167609,100.82017258167609,2299537
2024-06-13,111.85548400878906,112.11042417459394,105.72779219901226,106.082888422326,15368916
2024-06-14,109.04203796386719,112.1195411556734,108.7597768009193,111.709816845064,4235086
2024-06-20,108.55035400390625,109.89789685329129,106.98428506008165,109.4881725827644,7357322
2024-06-21,108.88725280761719,110.58079209086495,107.89480602747066,109.2696700577631,8520848
2024-06-24,107.72179412841797,109.6884873463021,107.53969599191697,108.96008090710087,3460930
2024-06-25,106.35603332519531,108.0768863538003,106.16482820497235,108.0768863538003,2854288
2024-06-26,107.84016418457031,108.94187388773639,105.34537664523691,106.50172134664004,11103476
2024-06-27,106.9205551147461,109.03292550214286,106.34693971935172,107.89479475577394,2463246
2024-06-28,106.62918853759766,108.12241544570948,106.18304325259555,106.98428475680727,1931469
2024-07-01,110.03447723388672,111.94653546482957,106.34693784848237,106.66561306253973,10582603
2024-07-02,112.67493438720703,114.01337714350471,110.17104695638021,110.17104695638021,10150735
2024-07-03,113.5581283569336,114.90567119810298,112.62940982772376,113.34870925435541,8358809
2024-07-04,112.22879028320312,114.63252168604033,111.80995903310554,113.81306621993713,4973280
2024-07-05,111.35470581054688,112.4564154484891,110.89945354958242,112.4564154484891,2425734
2024-07-08,112.71135711669922,113.5399126305496,110.53525183579548,111.44575636995097,2781992
2024-07-09,112.37447357177734,113.99517061236621,111.99206331544487,113.08466603256585,2742062
2024-07-10,110.00714874267578,112.44730097696286,108.89633218837079,112.12862580480923,2447648
2024-07-11,108.64140319824219,110.85392954421656,108.35004201857717,109.71579885074411,2412092
2024-07-12,108.06780242919922,109.70670668125236,105.61854262304608,109.16040526390131,2242184
2024-07-15,109.67938232421875,111.53681252558358,109.02381790649014,110.17105563751522,3728718
2024-07-16,109.67938232421875,109.67938232421875,109.67938232421875,109.67938232421875,0
2024-07-17,109.67938232421875,109.67938232421875,109.67938232421875,109.67938232421875,0
2024-07-18,111.40934753417969,111.89191387858016,109.28787007049547,109.67938734084665,4234149
2024-07-19,106.92965698242188,111.98295308622099,106.07378047924861,111.49127979375541,8630861
2024-07-22,104.25277709960938,107.04802595445985,103.79752479786436,106.69292971482663,3513210
2024-07-23,105.27255249023438,106.16484317711217,103.34228008825075,104.2983127707906,2345579
2024-07-24,105.34537506103516,106.3469356366687,104.94475777738026,105.89168335559837,1203909
2024-07-25,104.49861145019531,106.16483656032807,104.16172918897429,105.60942819028382,919987
2024-07-26,102.96896362304688,104.65340271884594,102.79597246980508,103.80663314864493,1722480
2024-07-29,103.83394622802734,106.06467973679895,102.88702060304463,103.22390980844966,3549943
2024-07-30,103.25121307373047,105.4364252923498,102.9143239034381,105.06311510797732,2010746
2024-07-31,101.9947280883789,103.93410744349181,101.43021964980831,103.93410744349181,742400
2024-08-01,100.80196380615234,102.33161181768779,100.2738694690106,102.33161181768779,1036491
2024-08-02,102.46817779541016,103.34226128635495,101.05689303444625,101.05689303444625,1012424
2024-08-05,101.59410095214844,106.89323723852984,100.88390850344761,103.61542219635758,7874158
2024-08-06,101.64872741699219,103.77931167644807,101.38468026387253,103.34226643589867,2473585
2024-08-07,100.73822021484375,102.87790446192001,100.3831240053825,102.15860505268874,2268140
2024-08-08,103.91587829589844,106.07377650760095,100.2465461942586,101.07510864126021,11665371
2024-08-09,103.72467041015625,105.52747236687999,102.89611493188178,105.10864113274373,4215892
2024-08-12,102.35893249511719,104.34383293730971,101.97652220403589,104.23457682362894,2429323
2024-08-13,101.88546752929688,103.1510683849592,101.5212642949727,102.35892687129905,1207129
2024-08-15,102.34070587158203,103.14194732048996,101.9765026869519,102.36801989477465,902512
2024-08-16,101.1661605834961,103.19658182940965,101.07511151828623,102.43176134572879,783081
2024-08-19,101.92188262939453,102.97806430634967,101.16616217770687,101.98561767070564,845466
2024-08-20,102.42266082763672,102.7504430403845,101.25721604746629,101.53037020695572,526606
2024-08-21,102.53192138671875,103.5698960529723,102.02204104444645,102.0857760872305,1213981
2024-08-22,102.85970306396484,104.16172488553143,102.43176480178161,102.79596802150768,1403197
2024-08-23,102.48640441894531,103.61543522216625,102.34072728257452,103.60632823033076,1185722
2024-08-26,102.41355895996094,103.43331965115655,102.15861184056332,102.88701828850193,728553
2024-08-27,102.08576965332031,104.89011830567375,101.93097860494443,103.34226339470078,2668306
2024-08-28,101.85814666748047,103.32405955098518,101.70335561432525,103.25121751968842,871232
2024-08-29,101.81263732910156,102.52282989796606,101.62143217183802,102.40446678535523,986713
2024-08-30,100.71090698242188,102.2496618665856,100.61075092803262,101.98561471834104,2002963
2024-09-02,101.52125549316406,103.11463842691327,101.06600322637857,101.15705229041602,2692949
2024-09-03,102.14041137695312,102.47730059645465,101.4757399294499,101.56679595124972,872874
2024-09-04,102.94163513183594,104.02513769485121,102.43175484175721,102.61385296061448,3432563
2024-09-05,102.8961181640625,103.46062652290992,102.24966078585443,102.9780602368249,1573922
2024-09-06,102.37713623046875,103.20569177820614,101.98561898690532,103.0691147031773,511489
2024-09-09,102.24967193603516,103.79752701641223,101.98562476178749,103.34227470493674,523388
2024-09-10,102.4499740600586,103.3422716204212,101.61231149912963,102.65028618258482,1356688
2024-09-11,102.52281188964844,103.25121831503006,102.23145070881549,102.93254310890003,604730
2024-09-12,103.26031494140625,103.70646018520861,102.43175254203264,102.83237673044167,1355776
2024-09-13,104.334716796875,105.62763858371966,103.84305043522549,105.60032455769453,2868404
2024-09-16,104.25277709960938,104.98118356104095,103.59721267364074,103.85215285116213,892091
2024-09-17,104.25277709960938,104.25277709960938,104.25277709960938,104.25277709960938,0
2024-09-18,104.26188659667969,104.71713890936694,103.80663428399245,104.26188659667969,1396232
2024-09-19,105.9098892211914,106.52903259447622,104.29829922049623,104.29829922049623,4523091
2024-09-20,103.10553741455078,106.93876088954168,100.29208157706053,106.43798753500198,15667189
2024-09-23,100.08265686035156,102.87790550606417,99.70024662268105,102.79596343224834,3329304
2024-09-24,98.32539367675781,100.69270434056045,97.24189788382377,100.57434123868,4806350
2024-09-25,99.03557586669922,99.8004032933598,98.0613362857066,98.78063570667848,3972481
2024-09-26,98.1341781616211,100.82927076510767,97.79729592780924,100.24654841552129,3651625
2024-09-27,97.97029113769531,99.2449989353591,97.46951778809077,98.43465041721113,1512540
2024-09-30,97.26010131835938,98.33449702670023,96.87769105266148,98.06134286743098,1370058
2024-10-01,98.87168884277344,99.33604812284585,96.87768853958937,97.42398989735763,3126778
2024-10-02,99.14484405517578,99.92787855676994,97.87924323328264,98.78064083056941,2279840
2024-10-03,101.4848403930664,102.63207811727779,99.15395087418503,99.15395087418503,5753536
2024-10-04,107.98583984375,108.85082334704991,101.06600655034349,101.06600655034349,21636537
2024-10-07,115.35181427001953,116.45352385222225,106.53813066579988,107.83104535434214,40779930
2024-10-08,116.65384674072266,118.82085216862511,115.36093185557347,115.36093185557347,21544867
2024-10-09,116.65384674072266,116.65384674072266,116.65384674072266,116.65384674072266,0
2024-10-10,120.41423034667969,122.59943577489817,113.72202309291363,114.77820479033942,23209702
2024-10-11,119.94988250732422,124.28387945603474,118.81175174307482,120.65096105499943,7589810
2024-10-14,118.79353332519531,121.09710879456854,117.91034277365884,119.73135192846439,3407579
2024-10-15,119.33072662353516,121.00605169659545,117.45508943378319,119.27609857229146,7285568
2024-10-16,123.49839782714844,124.38019488357504,119.73914283568045,119.73914283568045,9575211
2024-10-17,121.87401580810547,124.84428594970039,121.03861803607347,124.38018079747103,3455452
2024-10-18,119.41426086425781,122.24530538301968,118.34682458239071,122.01325278579931,3741919
2024-10-21,120.20323944091797,120.76017131216817,118.11476616877846,118.11476616877846,2433398
2024-10-22,120.82514190673828,122.3474063437713,120.20324265976276,120.20324265976276,2965363
2024-10-23,121.54914855957031,122.24530635677675,118.92231143850736,120.85299076236387,3130622
2024-10-24,123.79541015625,126.70071309127954,122.0596613296942,122.0596613296942,7642857
2024-10-25,126.39442443847656,132.73410397110635,124.74221085078682,125.0299538450048,16490623
2024-10-28,128.56642150878906,133.85723228835528,126.44082585682536,126.6450332844126,11457053
2024-10-29,129.2718505859375,130.87765041608054,126.00454641122649,129.42964463506232,12415812
2024-10-30,132.73406982421875,135.79716657591214,130.69201004421143,130.8498040919511,15770976
2024-10-31,131.36961364746094,134.03357289968255,129.9772980806497,132.73408403600527,8653799
2024-11-01,140.99514770507812,142.38746324198158,130.4135552899582,132.03792341634556,21652690
2024-11-04,137.16165161132812,145.25564724578138,133.90362411789087,142.48029311495824,21689618
2024-11-05,136.53045654296875,138.52611728706674,133.94075590668282,138.39616840501952,7607170
2024-11-06,135.37017822265625,137.32870239877758,134.49765832949828,135.50012708993313,5906750
2024-11-07,137.0224151611328,138.303350049574,134.7297343326108,136.6789818442938,6540226
2024-11-08,141.20968627929688,142.64935201587176,137.0506359759794,138.55617571673702,8609273
2024-11-11,145.05821228027344,146.31909362834713,141.56724880935298,141.99067739843542,10241549
2024-11-12,142.2447509765625,145.84862517975787,141.15323523900034,145.70748709209593,4370095
2024-11-13,141.20028686523438,143.919657446987,140.34401084078564,142.55526994614377,3662335
2024-11-14,143.52442932128906,145.82977526405116,141.614284309467,141.80247317783508,7079954
2024-11-15,143.6655731201172,146.68605698434195,142.11299694671837,143.4962074391897,4726511
2024-11-18,144.7100372314453,145.84860361585393,143.49620678334017,143.96668614984293,1819912
2024-11-19,146.62022399902344,148.2010280733503,144.71948298384075,145.60398665500182,4297229
2024-11-20,146.5731658935547,150.8357083880269,144.90766468829096,146.78958241151554,8034314
2024-11-21,148.59619140625,150.41224910499807,144.90763514372026,146.69545087311673,5519695
2024-11-22,146.2720489501953,152.80230560347684,145.52869778333735,149.1419762865947,6522334
2024-11-25,144.9735107421875,146.7895541030859,143.49619872256795,146.7895541030859,2359325
2024-11-26,135.21578979492188,144.90766924593652,133.52206091916995,144.90766924593652,6980152
2024-11-27,143.6561737060547,144.86059978313324,140.2028567427867,141.15321993173248,4313776
2024-11-28,154.17611694335938,155.25821390316364,145.01117235987056,145.83922076187983,13297913
2024-11-29,158.0998992919922,160.8757248399577,151.72960428862595,154.55248064748412,11595055
2024-12-02,157.30007934570312,163.63272798800475,154.94768236854438,159.61484428869966,11429845
2024-12-03,156.72608947753906,158.88089308810888,153.2821769544611,157.14011363107517,4872039
2024-12-04,157.49769592285156,159.63366216131485,154.80655305436085,157.61060638962002,5335254
2024-12-05,165.13827514648438,167.2083817069416,157.3753647763505,159.95359714690892,12211804
2024-12-06,164.26319885253906,168.61982871097547,163.0211262370396,167.02960590381014,5483212
2024-12-09,165.85340881347656,168.52574297357359,162.08016883271472,164.26320034971042,8308524
2024-12-10,163.79269409179688,168.24342489353288,161.1485879826132,167.49065503304215,5471951
2024-12-11,174.46316528320312,176.40153801093845,164.4795923713984,164.4795923713984,14203556
2024-12-12,188.12586975097656,191.0146199093738,175.0183216903622,175.0183216903622,11138351
2024-12-13,189.55613708496094,192.7930374782796,183.48695602643403,191.0146260172621,13532441
2024-12-16,198.91868591308594,202.28732016266187,191.014637683147,192.37902508073392,14037093
2024-12-17,193.69638061523438,202.49433704812557,190.54416279618988,199.2009811479445,7373271
2024-12-18,186.19692993164062,202.212038197343,183.96684783631065,196.66979149939462,14054714
2024-12-19,179.08326721191406,188.6622199148035,175.48879807536585,185.14302919742747,12958658
2024-12-20,181.6803436279297,184.42794185506824,171.25451743684906,177.84122964595863,6581109
2024-12-23,191.3345489501953,193.25411284233076,181.79322779097922,182.54599766323054,12654689
2024-12-24,188.52110290527344,203.7175819096494,186.34747599840264,192.90596003807445,18478097
2024-12-26,180.34417724609375,189.6973105439513,177.3707438241553,188.5211119774781,6617599
2024-12-27,180.2218475341797,186.11224477098966,177.84122279043123,180.6640993426603,3963604
2024-12-30,187.21316528320312,187.72127670719394,182.45190179330905,182.5460034145144,4663184
2024-12-31,191.5321807861328,201.33697048480028,190.07369166661732,201.33697048480028,8660922
2025-01-01,191.5321807861328,191.5321807861328,191.5321807861328,191.5321807861328,0
2025-01-02,186.53567504882812,192.19083218819296,185.35005778850638,191.9555924915122,4894624
2025-01-03,181.61444091796875,186.5450698757058,178.79156470295175,186.53566545716313,4660650
2025-01-06,178.40579223632812,184.89840214086598,176.90025242993795,182.07552577230314,7124777
2025-01-07,177.86944580078125,180.56999303794814,169.3725887472585,180.19361525055558,15090927
2025-01-08,172.22369384765625,182.06612954643887,171.2545073994665,177.84121922252288,7135842
2025-01-09,172.7318115234375,175.95929327296648,169.8430611538527,172.1954581227426,5428776
2025-01-10,181.68972778320312,184.52202290627199,170.31353955392083,171.2544983359867,8800365
2025-01-13,182.8282928466797,187.24139179851372,180.61703398236259,185.36887866749856,5825285
2025-01-14,181.35096740722656,183.58104930405867,180.47588270233717,183.4869476902921,3315257
2025-01-15,179.59140014648438,183.48696906933299,178.4057972074929,181.60505143785264,5255518
2025-01-16,176.07220458984375,180.6640880899897,175.4888147332452,180.6640880899897,3562635
2025-01-17,179.34674072265625,180.66407720914998,174.54784542863186,176.8061406505899,5910869
2025-01-20,177.61538696289062,181.65210846084983,176.9002634073194,180.6640987989645,3295799
2025-01-21,174.95248413085938,179.44086217450868,173.1364403171478,179.11153516907635,2702438
2025-01-22,171.4332733154297,175.9122317013751,170.7934139129285,175.22533584868665,8082496
2025-01-23,171.58383178710938,174.54784607158368,170.34175935993363,172.19544922425774,3426908
2025-01-24,170.7463836669922,174.17147299432017,170.31353631799362,171.73437888307635,2228994
2025-01-27,167.41539001464844,172.28956412419174,166.54970963103867,172.18605808061383,3981139
2025-01-28,163.6421661376953,168.4316435042974,162.1460449289985,168.4316435042974,4648597
2025-01-29,163.96206665039062,165.7028461284294,160.43347124184564,163.72682695648763,3428136
2025-01-30,168.0176239013672,169.18441814103278,164.24438376859322,164.65840799421306,3565880
2025-01-31,168.34693908691406,171.724977667465,167.4906631496371,169.37258071311618,3454910
2025-02-03,164.71484375,169.3725870215132,164.36667922442248,169.3725870215132,2275255
2025-02-04,162.10836791992188,166.64379586412656,160.57460060435122,165.6087355239456,2091906
2025-02-06,157.9775848388672,162.78588526106762,155.72869370350688,162.78588526106762,9081125
2025-02-07,158.165771484375,159.9065511202146,156.95194087127464,157.601204782565,4674257
2025-02-10,161.73199462890625,163.20929240107364,156.7637335749454,158.07166566381215,2574660
2025-02-11,169.7583770751953,171.96021717618103,162.50357855838868,164.10320561403066,9793093
2025-02-12,172.8823699951172,174.07739178596603,167.96115910159423,170.12536738456595,5241599
2025-02-13,168.28106689453125,175.01833529031032,166.64380778570484,173.04231608419852,4419469
2025-02-14,163.21871948242188,169.7489614824681,162.701189271741,168.43162490790934,2861448
2025-02-17,160.47109985351562,164.85597110025859,159.98181163831282,163.36925454354736,1743077
2025-02-18,164.3008270263672,164.66780040724475,160.17001820760973,161.7978730142828,2556136
2025-02-19,163.39749145507812,166.0792298041374,161.83551074398898,165.18532180708166,1544507
2025-02-20,164.14085388183594,167.4906648822176,162.29656833307624,163.58569164076079,4254300
2025-02-21,162.0425262451172,165.45819703071592,161.7602357248639,164.66779506032054,837321
2025-02-24,167.547119140625,169.37258148275737,159.5866158513547,160.90395240861952,5965581
2025-02-25,166.32388305664062,173.08937956266797,165.25119052970575,169.3725949342994,7935178
2025-02-26,162.65411376953125,166.54968202911704,161.85429316917342,165.79691223311374,2027867
2025-02-27,164.66778564453125,166.2674126906427,162.31538870675223,162.78586809430806,4966204
2025-02-28,163.05874633789062,165.59934661853444,160.90395697424603,164.64896902864152,4593938
2025-03-03,160.78163146972656,164.65839163155255,160.43348129545845,164.65839163155255,2127865
2025-03-04,162.55064392089844,163.25636306961437,160.90396590722798,160.90396590722798,1523997
2025-03-05,161.00746154785156,163.70800872115998,160.62166499226697,163.0117083951596,1151122
2025-03-06,173.12701416015625,174.06797295678277,160.8098526003172,161.35561042530762,16644912
2025-03-07,175.61114501953125,180.56998754601773,174.0773775846653,174.0773775846653,12810997
2025-03-10,170.76519775390625,174.2655656129173,169.56077164735316,172.6471153401319,4219714
2025-03-11,175.64877319335938,177.17312181769313,166.79434765520398,169.37257987322624,10010242
2025-03-12,175.2302703857422,179.29168286234116,174.0698668209996,177.38938383992905,7291302
2025-03-13,175.6012420654297,176.9043269426192,174.34573208635706,174.88787983472724,4259010
2025-03-14,174.13644409179688,177.05646537384428,173.20432168895638,176.91379876084432,2371832
2025-03-17,175.09710693359375,176.8662455736397,173.91769084915614,176.71405817132856,3753006
2025-03-18,177.91253662109375,180.71842505479253,176.53337259572226,176.9138266325864,7168874
2025-03-19,180.38551330566406,181.12740882219148,176.4382483263606,177.960093470381,4237123
2025-03-20,182.87750244140625,184.33275988811494,180.8135099484494,182.50655474937045,7669794
2025-03-21,182.031005859375,184.14255902534487,180.81353559419836,183.2865157207301,2607697
2025-03-24,175.48709106445312,182.98215412384852,174.29815413312213,182.03100457878375,4209721
2025-03-25,176.41921997070312,178.34054618535612,172.3958613125109,174.53594786673517,4550121
2025-03-26,183.85720825195312,184.90346403374937,176.5618930508339,184.52301002462167,15934134
2025-03-27,182.1260986328125,184.23765164256952,181.00374921119914,184.23765164256952,4400671
2025-03-28,182.1260986328125,182.1260986328125,182.1260986328125,182.1260986328125,0
2025-03-31,182.1260986328125,182.1260986328125,182.1260986328125,182.1260986328125,0
2025-04-03,182.4304962158203,183.08679176208213,178.86368521517232,180.59476994052343,4796657
2025-04-04,176.8377227783203,183.8096507286786,176.1528939405368,183.5718633409313,4523518
2025-04-07,166.2514190673828,175.0115125773928,159.1558517392978,175.0115125773928,8401012
2025-04-08,165.7092742919922,169.77068689821093,164.5488706902154,168.73392286773185,4802064
2025-04-09,160.5255126953125,165.40489998968357,156.09315233455493,165.30979374326398,5789175
2025-04-10,165.37635803222656,169.2094893355618,164.3491148361387,166.92673635318178,4253979
2025-04-11,161.31495666503906,165.38587525443634,160.1735656850375,165.38587525443634,4250714
2025-04-14,162.9128875732422,164.96737400639802,160.2972264101212,163.11263535704475,3761906
2025-04-15,164.27304077148438,166.30850017349275,162.1709939363301,163.12214346088336,6856730
2025-04-16,161.3910369873047,166.451159193205,160.31624794276186,166.213371822929,7933219
2025-04-17,163.3504180908203,163.58820546252463,160.83938402615826,161.39103795672963,3149647
2025-04-18,162.5514373779297,165.16709840048108,160.84888622550557,164.4537363034216,4135709
2025-04-21,162.46583557128906,163.59770574129254,161.2198321113319,162.6465562893083,2099090
2025-04-22,162.32318115234375,163.88306579023882,161.69541898366418,162.65607477751146,1728318
2025-04-23,161.5242156982422,164.06378313172638,160.50647876277122,162.64656514627484,3967268
2025-04-24,158.2712860107422,160.64915998634464,157.8908319800022,160.64915998634464,3762973
2025-04-25,156.03607177734375,159.79310924074295,151.232764102846,158.84195978097662,6004748
2025-04-28,152.4217071533203,158.34736446595304,151.327891035267,157.89081677036611,2025805
2025-04-29,149.42559814453125,153.61065030411706,146.47702877296612,152.4217133822586,5810849
2025-04-30,141.34083557128906,146.4770375770769,140.29456521181066,146.00146277974872,7166892
2025-05-02,143.46188354492188,145.54490331153326,141.86394480768155,144.4796059822431,4500222
2025-05-05,141.2266845703125,143.57602517727636,139.8189872656728,141.2457116255266,3143530
2025-05-06,144.38450622558594,147.3806215366142,141.24570977240984,142.43464672335605,7329525
2025-05-07,138.1829833984375,142.6724097186556,134.11206513553623,134.11206513553623,8361342
2025-05-08,125.46614837646484,141.95907910937535,124.36281134707423,139.91411325586984,12205184
2025-05-09,133.08554077148438,134.1781335597867,123.21386087759173,126.51081164208458,9179993
2025-05-12,146.39791870117188,146.39791870117188,146.39791870117188,146.39791870117188,750845
2025-05-13,161.04251098632812,161.04251098632812,151.43918622376398,153.34643780874234,19195618
2025-05-14,162.84432983398438,165.13494157268406,159.81573429788827,162.92100480475008,11785256
2025-05-15,166.04542541503906,170.59789739611517,162.9305761648291,162.9305761648291,16962449
2025-05-16,165.22119140625,168.20186318498256,164.36820248560974,166.76424042271776,4626039
2025-05-19,168.44146728515625,170.58832254544282,165.42246532860935,167.14760094706185,8304279
2025-05-20,165.85374450683594,169.63948142162005,165.0486792912663,168.68106627234536,3476404
2025-05-21,168.00059509277344,168.6619039250608,165.08701930003164,166.5725657947814,3768908
2025-05-22,163.24685668945312,169.43821046122278,162.21176655710283,168.68106891610103,5966198
2025-05-23,162.01051330566406,164.3202976518215,159.6719922951602,162.99769450331044,2998829
2025-05-26,158.9148406982422,161.91468530749802,156.84466011247605,160.56331620643482,5383521
2025-05-27,160.49623107910156,161.97218419269336,158.3877057393179,159.95950623172052,4091914
2025-05-28,160.49623107910156,160.49623107910156,160.49623107910156,160.49623107910156,0
2025-05-29,161.10000610351562,163.40979022591432,160.29494085210658,161.50253872922013,3075288
2025-05-30,159.432373046875,161.86674120000444,159.0969218799561,161.26293494925255,3378953
2025-06-02,156.59544372558594,164.0806633703154,154.7361160783886,160.77413417648438,7625394
2025-06-03,158.45477294921875,159.2406657400541,156.22166397309772,156.7008715312974,2923919
2025-06-04,161.39712524414062,162.93059552228826,158.6177268172865,159.38446195636033,5665764
2025-06-05,159.6240692138672,161.78050361284818,159.09693788037603,161.47380370090542,1899901
2025-06-06,159.6240692138672,159.6240692138672,159.6240692138672,159.6240692138672,0
2025-06-09,159.6240692138672,159.6240692138672,159.6240692138672,159.6240692138672,0
2025-06-10,158.5889892578125,160.9179315404806,158.13853287302146,160.9179315404806,2153047
2025-06-11,167.1188507080078,169.63948731797439,161.01375067468754,161.01375067468754,14506340
2025-06-12,163.87942504882812,169.92702279572214,162.93058870867495,167.25303612086122,7250066
2025-06-13,160.1416015625,163.88900872204786,159.19277981889633,161.01376295499438,4703098
2025-06-16,160.1416015625,160.1416015625,160.1416015625,160.1416015625,0
2025-06-17,160.2757568359375,162.34593701029462,159.86364535291725,160.1607517010024,2302616
2025-06-18,156.64340209960938,161.0041947265335,156.03001688033208,161.0041947265335,3761801
2025-06-19,155.66580200195312,160.91791343842368,154.68821435937173,160.91791343842368,3866933
2025-06-20,156.8254852294922,158.71356435997146,155.55079124741573,156.22167896844135,2457753
2025-06-23,146.95379638671875,155.59870511582108,145.00821480636517,154.30483881641635,5839530
2025-06-24,160.28536987304688,161.6463177578384,154.30485351553855,157.08425185959433,9849420
2025-06-25,159.71031188964844,162.2596998880829,159.0873478455167,160.29494575960138,4810323
2025-06-26,160.9754180908203,163.45770986671852,159.6719728770554,159.81572930258815,8561198
2025-06-27,164.08067321777344,168.58522156552957,160.582463717472,161.11917386964654,11415124
2025-06-30,163.093505859375,166.76423767341888,161.9721618782057,166.47671020085514,4616753
2025-07-01,162.79641723632812,164.75157793911424,161.5888192691005,163.07435122805882,3008775
2025-07-02,164.9145050048828,165.662067666107,162.45137100307002,163.79314638879165,8211705
2025-07-03,167.8089141845703,168.4893954125662,165.56622612202952,166.65881886718444,11545075
2025-07-04,165.182861328125,168.96859834606352,164.50238011892608,168.39354339112765,3850794
2025-07-07,166.28501892089844,166.76422646822093,163.99440742966718,164.91449235519798,3859123
2025-07-08,165.4895477294922,167.67473317462353,164.60780751691772,166.81216536048146,5419141
2025-07-09,163.8123321533203,166.38089261818422,162.93059188157778,165.4895588344542,2994146
2025-07-10,162.88265991210938,164.4640537627496,162.06801576867838,163.81232382374944,2249403
2025-07-11,162.87307739257812,164.36820272765442,162.54721974247278,162.92100107624185,3020038
2025-07-14,161.7421417236328,163.64939321085131,161.1575078744833,163.0743382488417,2441870
2025-07-15,158.5889892578125,162.7485083702265,158.13853287302146,161.74216932709209,4005017
2025-07-16,156.67213439941406,159.38445117872925,155.69454679759335,158.52186872150318,4372638
2025-07-17,157.14175415039062,160.28535466688328,155.9820653862723,157.60178932678465,9099762
2025-07-18,156.2696075439453,158.66564563991426,155.8862326740367,157.66888560240784,2846193
2025-07-21,156.31752014160156,157.65929553045666,154.4294410859773,156.231251661832,2758846
2025-07-22,160.72622680664062,162.92100581366623,156.7008858741735,156.7008858741735,11239223
2025-07-23,161.1575164794922,165.09660369409661,160.5345524242646,161.4929676626184,6596758
2025-07-24,159.45152282714844,163.79314225951802,158.90523379968207,161.3012716596765,3923893
2025-07-25,160.35244750976562,161.1862640682394,158.3397843299573,159.1256772027618,3075713
2025-07-28,161.28208923339844,163.41935077682612,160.58245031657523,162.9305643485119,4612077
2025-07-29,158.9052276611328,161.87630571819972,158.37809642744634,161.4833666387734,1823166
2025-07-30,158.56021118164062,159.7678090548477,157.6592985642498,159.09692134751043,1888950
2025-07-31,162.74847412109375,166.28502836098625,161.11917129255173,162.93057533929488,21087934
2025-08-01,174.22071838378906,179.02237339501795,161.013757756775,163.8602521442013,43041726
2025-08-04,172.48599243164062,178.55276267400237,171.55632847610337,177.30681993340292,15436821
2025-08-05,170.30079650878906,172.4668095614737,169.16028009911815,171.57549045934744,8099690
2025-08-06,172.83102416992188,174.08654581031962,169.25613937430163,171.3167263166597,9327089
2025-08-07,181.84970092773438,183.80486145391663,172.80225931801726,173.85650723804264,33121252
2025-08-08,180.40248107910156,185.44375416924498,178.75400583755146,182.9614477958177,21967632
2025-08-11,182.0030517578125,182.9327157285918,177.35474652817223,180.18206861618125,14489018
2025-08-12,179.5111541748047,182.96143981829726,177.78600404093135,182.33847584251856,16539375
2025-08-13,175.71583557128906,179.21405975244215,174.52741010774818,179.21405975244215,14261626
2025-08-15,171.97802734375,176.7317585880679,170.6937544742513,175.38040425859072,5161306
2025-08-18,175.8691864013672,176.4346478505476,170.22412154816817,171.9780230911687,8167684
2025-08-19,173.31980895996094,176.33882574866968,172.6201699276627,176.23339948701465,5597497
2025-08-20,173.27188110351562,175.65834026486854,172.4188921431073,173.3198047893431,4564827
2025-08-21,172.63934326171875,176.20464915338732,168.69066249638598,173.48273873526782,12255013
2025-08-22,172.74476623535156,175.4858343767797,172.03553370076673,173.66483666611782,7565917
2025-08-25,171.09628295898438,173.47314852352073,170.71290811034618,172.99394093091433,2517419
2025-08-26,171.23045349121094,172.94601016784918,171.0675246713043,172.51472627700758,2939273
2025-08-27,169.32322692871094,171.55633630139974,168.48941030913107,171.55633630139974,4235219
2025-08-28,170.15704345703125,171.09630096686033,168.79609550569995,169.783262080428,2453372
2025-08-29,169.9365997314453,174.41239703847754,169.16028574580722,171.0675372917526,8173971
2025-09-01,171.6713104248047,172.39971527047885,168.58521258985374,170.1282615073292,6553568
2025-09-02,171.13461303710938,173.47314842761662,170.83750666973847,172.99394083527514,4553947
2025-09-03,173.35813903808594,175.8691820806752,170.59789869406094,171.55631385526354,11055445
2025-09-04,173.36773681640625,175.38041472394997,172.7351792312632,173.47316308059675,5574117
2025-09-05,178.97445678710938,181.52383006300172,173.7127521603884,173.7127521603884,18214692
2025-09-08,182.58767700195312,183.54609221515287,180.08621271053156,181.99346424953106,12940376
2025-09-09,184.57159423828125,185.92296313080857,180.75710597621406,184.44699558706452,14851437
2025-09-10,187.9069061279297,191.4913847052687,183.53653458933886,183.56528587912507,27646279
2025-09-11,183.21066284179688,189.7566407592803,182.59727766629177,188.80780439631278,8635840
2025-09-12,181.4375762939453,184.494923073327,180.18205474174272,184.02529436804485,5890943
2025-09-15,182.0509490966797,184.0061241308207,180.1820425377612,181.47590879930317,3542898
2025-09-16,184.01571655273438,184.72494905834657,181.71552594552728,182.57809376716614,5336128
2025-09-17,181.5430145263672,185.83671074273653,180.9104569528479,185.22332556896947,8463293
2025-09-18,183.76654052734375,185.44376717128645,182.0988927709201,185.44376717128645,7603706
2025-09-19,183.1435546875,189.57452703092744,181.83053056025798,184.48534472468458,19520155
2025-09-22,184.73452758789062,185.83669920499048,181.6196782251895,183.05730100797462,11690566
2025-09-23,184.73452758789062,184.73452758789062,184.73452758789062,184.73452758789062,0
2025-09-24,192.18142700195312,196.76265065495417,186.12423569758428,187.28392456651613,38578188
2025-09-25,194.85540771484375,197.43354715101722,191.69263437446645,194.48162634161548,19064352
2025-09-26,200.13626098632812,203.5194653355066,194.088649034634,196.47510805081217,17782680
2025-09-29,199.51329040527344,201.15218683175016,197.5485363206569,200.97966449115796,6828048
2025-09-30,198.94784545898438,202.94443541929655,198.1523590221467,199.51330696402647,9116953
2025-10-01,196.1780242919922,201.25762815653857,194.56787903102264,199.35037650124147,6827405
2025-10-02,194.97999572753906,197.89357157707062,193.983235703886,196.47512113876286,5626743
2025-10-03,193.99281311035156,197.43351997287326,193.59985939087574,195.42084231762274,3969859
2025-10-06,194.2899169921875,194.89372320592688,188.83653254383904,193.50400956324074,5939913
2025-10-07,194.2899169921875,194.2899169921875,194.2899169921875,194.2899169921875,0
2025-10-08,187.5043487548828,193.3602661997309,186.89096361312278,189.21990552465914,6934556
2025-10-09,185.74085998535156,190.72461586707752,184.8782775711989,187.8493704017447,4742778
2025-10-10,181.9934539794922,185.45333328886971,181.14046507284948,185.08913084864426,6248787
2025-10-13,172.69683837890625,179.65492751255002,171.46047457308288,179.22364359452658,17452681
2025-10-14,180.55584716796875,181.6196886734006,175.10246209166746,175.85002481178108,11748831
2025-10-15,176.97134399414062,184.8591108692023,176.06085256561124,182.09887067603586,13517917
2025-10-16,178.38023376464844,180.27790640522315,175.96503797088053,177.54641721377064,6743646
2025-10-17,177.09791564941406,180.30375027541288,176.61218357951626,179.6334376472153,4784202
2025-10-20,180.16773986816406,181.66378807117508,177.3893519282585,177.82650781188494,5670242
2025-10-21,183.29583740234375,185.7439310599046,180.711754188471,182.05236455290202,9705378
2025-10-22,189.17320251464844,193.30192499360425,181.66378907405485,183.29584166816758,19304493
2025-10-23,188.92063903808594,194.18597308053464,188.02689377712014,190.40697803792077,10901523
2025-10-24,189.52293395996094,192.9327825503377,188.12402323810034,189.48408191696092,9531929
2025-10-27,185.7244873046875,189.9212190558163,185.21933667874276,189.38691087129322,4779337
2025-10-28,181.54722595214844,187.49258183472563,180.69233275263713,185.986809430447,4150514
2025-10-29,180.7603302001953,184.08273560659396,178.84654475852227,181.64435125564628,7181993
2025-10-30,177.70021057128906,182.34380776194203,176.32073333447337,181.6929285967564,5004185
2025-10-31,182.25637817382812,183.60671266344477,179.24483357116614,179.24483357116614,6491016
2025-11-03,181.89694213867188,185.54964179252138,181.5666330812414,183.60671360621225,5430158
2025-11-04,179.73056030273438,181.89693582813442,177.59334233661383,181.89693582813442,4273787
2025-11-05,179.27398681640625,183.60672342588023,177.77793855521736,182.3146743340793,3768039
2025-11-06,177.93336486816406,180.69231930423388,177.03961969126956,180.43974397925246,2613582
2025-11-07,180.8769073486328,181.9066569467933,177.8167864685923,178.31224265804525,2832884
2025-11-10,186.1797637939453,187.44656842934222,181.81962548626632,183.6363547759069,5776950
2025-11-11,180.3564453125,187.07340818331681,179.70831337295002,187.05376373487852,7404040
2025-11-12,183.26318359375,188.00630617162216,181.2205956213275,181.66251327149575,10397642
2025-11-13,185.54147338867188,186.53330077562725,183.5185297173491,185.10938542308372,3832066
2025-11-14,189.57752990722656,192.7199671388684,185.54145763936577,185.89498276444564,16062359
2025-11-17,191.0996551513672,194.7330987212203,189.92122806118962,191.49245419187778,10648032
2025-11-18,189.9114227294922,192.22897314558844,189.2338316143991,191.05056098140741,3701196
2025-11-19,197.4041748046875,199.79045820309926,188.54641705771962,190.75594538261478,21542517
2025-11-20,200.89031982421875,202.68738965173176,198.46474756324287,200.32075073213508,17861876
2025-11-21,197.91481018066406,201.5580834713481,196.79531643091474,199.3387404191989,6926256
2025-11-24,195.62673950195312,199.2994570897338,195.00806675991592,196.60875211632415,4937856
2025-11-25,193.57432556152344,196.63821516803225,192.96548252360807,196.40252674158583,2999769
2025-11-26,194.96876525878906,196.89351645161744,190.01942859545125,193.42701334575372,7589002
2025-11-27,201.72503662109375,203.27661840510666,195.4401616593031,196.255233956341,12244212
2025-11-28,206.73330688476562,208.5794804739529,202.7954265757051,203.57122495896726,17027874
2025-12-01,209.33563232421875,211.62372356975067,204.3077324107238,208.18667933543918,18633041
2025-12-02,204.4943084716797,209.6695040660707,204.0229316366882,209.6695040660707,11028041
2025-12-03,205.37811279296875,206.21282948949747,202.2945938549411,205.24063162952763,8112515
2025-12-04,206.84130859375,208.17684626365568,202.85434003068045,204.36663276744662,4984118
2025-12-05,213.4306182861328,214.96255556903353,207.20466189923692,209.64004899040415,19146182
2025-12-08,215.48301696777344,218.98880913154727,215.06075874353746,216.0427713405399,11858492
2025-12-09,214.79562377929688,218.00680935596162,213.88235920284876,217.51580302858332,6840762
2025-12-10,211.51568603515625,215.54194355031882,210.83809496698436,214.9429152855619,4677200
2025-12-11,213.13600158691406,216.04276538704167,211.92813032149684,216.04276538704167,7201014
2025-12-12,216.30792236328125,218.0067999873923,211.79065835179514,215.5026648285103,10127468
2025-12-15,224.86123657226562,226.63867694615075,219.98063284659017,219.98063284659017,18843356
2025-12-16,220.1181182861328,227.92513044323175,219.39143855213308,226.84491058955226,7154475
2025-12-17,217.41758728027344,221.68934815540257,216.92658097206657,220.94302396128452,6261232
2025-12-18,216.83819580078125,218.74330260706168,215.3062585705871,218.00679317067426,4695257
2025-12-19,215.38482666015625,219.9708237318032,214.088562827833,217.5157922169393,5985255
2025-12-22,214.5304718017578,216.828377610392,213.80377710842518,215.5615730087934,2314369
2025-12-23,213.263671875,215.5419482709637,211.82011217231954,215.10986033487933,3101795
2025-12-24,217.04443359375,218.00680176629697,213.68595222952317,214.7661571215549,4271097
2025-12-26,223.2703857421875,224.29167225494618,216.53377869454,217.04442944308093,9526463
2025-12-29,225.59774780273438,226.40300531793017,221.68934189538302,224.78267555600803,9686284
2025-12-30,230.5372772216797,231.38180867405055,225.4799182236192,226.6386859224667,9807967
2025-12-31,231.3130645751953,234.57333852582283,228.95622540931834,231.244316502608,9144559
2026-01-01,231.3130645751953,231.3130645751953,231.3130645751953,231.3130645751953,0
2026-01-02,239.5816192626953,244.03013521699978,231.5487482673258,232.44238334463975,13641163
2026-01-05,238.7469024658203,247.95818560115563,235.69284262993412,240.00387741586445,12948732
2026-01-06,235.99728393554688,239.58162406412188,232.50130636367282,239.57180933211592,18835697
2026-01-07,242.11520385742188,245.97450609257618,236.46863153964372,236.46863153964372,16964989
2026-01-08,237.71578979492188,244.91392874023336,236.6650291535082,244.52112970632174,10772067
2026-01-09,235.96780395507812,239.61107733886558,234.21000797262064,238.33445794634304,7815863
2026-01-12,232.7566375732422,236.41954048462074,231.95138002480678,234.00378282363812,3857799
2026-01-13,235.741943359375,236.89089630813422,230.03645252664344,233.71899979227808,10712254
2026-01-14,240.76002502441406,242.55710986321984,234.8188458547864,236.46863479874045,22568863
2026-01-15,245.38531494140625,249.33299483137378,239.61107601939798,243.04812014262706,14984930
2026-01-16,259.9976501464844,261.2153361083012,246.5833552297982,246.9859689838351,24058939
2026-01-19,259.9878234863281,265.1335596756568,258.2791312335514,261.7063454546041,10539970
2026-01-20,266.30218505859375,267.6966562173504,257.48373058112526,264.937203049441,10697889
2026-01-21,268.8161315917969,273.3825143615392,266.4200183428274,266.61643285909605,14591993
2026-01-22,270.2007751464844,273.9815298496082,265.8308368272044,269.523184019257,8394693
2026-01-23,267.0779724121094,271.0453117725623,264.406896897445,270.2498839509754,4778757
2026-01-26,264.9961242675781,268.92417493682177,263.17939483932327,266.11560312461546,4548230
2026-01-27,268.6393737792969,271.0354870039248,261.2644493074476,263.67039224838334,8393339
2026-01-28,276.4561767578125,278.5380686464464,270.05346538538794,270.80960429975437,9438281
2026-01-29,267.2547302246094,279.08800035141945,265.63441538512086,276.9275605863367,13530951
2026-01-30,272.35137939453125,279.4808006831822,268.11890735382366,268.1974551780727,9291919
2026-02-02,274.2957763671875,276.92756303619086,268.875047442715,270.2007704935326,5553735
2026-02-03,272.2728271484375,277.0453940710474,271.52648797128006,275.35633117497565,4693208
2026-02-04,270.30877685546875,274.30554505063776,268.72772110866464,272.0272987718919,2504197
2026-02-06,256.766845703125,271.5264944561931,255.2250786687103,271.5264944561931,20337428
2026-02-09,249.27407836914062,260.78326740524165,242.75351521083113,260.78326740524165,17062278
2026-02-10,248.1349334716797,252.36740532724528,246.49497424831222,251.39522245537282,4729945
2026-02-11,243.922119140625,250.1579054006655,242.52766298942706,248.15459122310176,2785382
2026-02-12,232.9039306640625,244.52114172569526,228.02332675697645,243.53912910832298,16498955
2026-02-13,232.02012634277344,233.71900398283643,224.8514312069394,229.79095349572992,12912392
2026-02-16,226.93328857421875,236.66503705517317,223.99708048453837,232.73698664761844,11761441
2026-02-17,230.71405029296875,233.32620749183675,225.87272022256127,228.32775180398073,8118106
2026-02-18,232.59950256347656,234.6028016530848,226.99220408396465,232.24597743186064,27579038
2026-02-19,219.7154998779297,232.73698128455757,216.04276743714206,232.73698128455757,7692389
2026-02-20,224.90052795410156,226.84490869012075,220.46182684386193,220.85462588682557,6429530
2026-02-23,217.27029418945312,229.0544457387116,215.84637887411577,224.7532256282487,4854882
2026-02-24,215.64015197753906,221.93485659489752,214.07875547649408,217.260481823804,8211875
2026-02-25,209.66949462890625,217.5157803154541,208.18666106941882,216.63197501219022,4912692
2026-02-26,218.16493225097656,219.0769248742457,204.31649375359603,209.16394184826171,9738299
2026-02-27,214.86390686035156,219.0670171042758,212.68305362215008,216.05346179700584,4604802
2026-03-02,193.38247680664062,209.1639441419446,193.38247680664062,193.38247680664062,13764333
2026-03-03,197.823486328125,203.21615150029467,189.44701871831518,193.30316850028032,12292894
2026-03-04,202.4330291748047,203.71179730536414,194.39359948875935,197.26835846115554,21869075
2026-03-05,216.49954223632812,220.06822215959102,203.21615109331603,203.28554923466274,14694443
2026-03-06,212.88131713867188,217.5899842232292,208.67820675888154,216.68789910941845,8520034
2026-03-09,202.9881591796875,211.6421891909474,192.37134762384397,211.6421891909474,12834557
2026-03-10,218.4425048828125,222.54647944436294,213.22828101023777,217.88738022730035,7999142
2026-03-11,212.87139892578125,222.9132402557991,211.2060099433367,222.9132402557991,4188514
2026-03-12,208.78724670410156,214.5863479094531,206.1900499536629,208.17264658783273,3524255
2026-03-13,207.677001953125,210.155247799821,204.40571441028385,207.657171751068,2830883
2026-03-16,200.49008178710938,209.95698360621478,198.96348905589372,208.28168705393813,2014102
2026-03-17,204.7725067138672,205.5258880119048,198.35880520140262,202.2248627026663,3162497
2026-03-18,217.4611053466797,219.57257558654905,203.71180263221595,206.1900484063305,6977036
2026-03-19,211.9693145751953,214.60617164949082,208.66828946357182,214.60617164949082,5061334
2026-03-20,211.9693145751953,211.9693145751953,211.9693145751953,211.9693145751953,0
2026-03-23,211.9693145751953,211.9693145751953,211.9693145751953,211.9693145751953,0
2026-03-24,212.89122009277344,219.07692700655815,211.6818349417513,218.08562869431128,5723725
2026-03-25,218.53170776367188,220.06822315776856,214.91347500990605,215.1117316452062,7654744
2026-03-26,209.0449981689453,217.4412962943024,207.18135245486474,217.0943358259109,5094295
2026-03-27,202.89892578125,207.5283020846401,199.36990630563022,206.1702131480476,9022230
2026-03-30,194.9685516357422,201.23356444953382,185.27365501175203,201.22365691142784,12435449
2026-03-31,196.4554901123047,201.72920433627422,193.41221219251202,195.28576537713033,6638718
2026-04-01,207.68690490722656,211.19610941926226,202.4726812062273,203.21615494382667,12063067
2026-04-02,199.45913696289062,202.22485255563285,196.2968929758049,202.21494501802863,4639788
2026-04-03,199.33026123046875,205.44656984200688,194.29446412078818,194.29446412078818,6832475
2026-04-06,205.8430938720703,207.42917726355856,197.76401846633183,199.34017919379048,8689659
2026-04-07,205.3177032470703,206.58656388689212,201.82834405056627,203.15668016944036,4851678
2026-04-08,225.84750366210938,225.84750366210938,219.07693415346674,225.84750366210938,10190331
2026-04-09,222.14002990722656,224.47949447383795,219.0769218250735,224.01358306802044,8698610
2026-04-10,222.51673889160156,225.0247224738503,220.71256865797736,223.04212580007186,6554328
2026-04-13,212.60374450683594,219.96908350780842,211.14653481703184,218.08562281571363,5881650
2026-04-14,216.79693603515625,218.56144580599639,216.10303024763684,217.09432855152508,3366537
2026-04-15,220.03848266601562,224.92557597577724,219.13639759177187,224.92557597577724,6856960
2026-04-16,226.2935791015625,228.98991173992306,223.11151996743158,223.1412577069272,11449484
2026-04-17,236.35525512695312,239.69594080686898,225.52037156877228,228.24644199432885,13606643
2026-04-20,237.68360900878906,244.73174086435975,229.98121661364348,232.9551116560613,15032761
2026-04-21,237.4754180908203,241.33156786893113,235.92899516452562,239.904095898194,6228671
2026-04-22,232.00344848632812,237.5646325785731,231.12119360052867,235.92899642685884,4634600
2026-04-23,226.24400329589844,231.46814949187623,224.53896903602725,231.3690136129955,2782143
2026-04-24,229.98121643066406,232.16206976816616,221.06943884861138,224.00368861024114,4898935
2026-04-27,226.6008758544922,232.90553367779643,225.5203643325483,228.49425924682365,3699011
2026-04-28,223.50802612304688,226.4620907849147,223.0421147177777,224.03341300541229,2827974
2026-04-29,223.50802612304688,223.50802612304688,223.50802612304688,223.50802612304688,0
2026-04-30,204.84188842773438,214.12044149767408,200.34140061836754,214.02130561324245,7936437
2026-05-04,207.34986877441406,214.51695142712774,205.19875322481164,209.054903103078,6457740
2026-05-05,214.0906982421875,216.10303261100722,203.72171121467284,206.1900494637133,6318068
2026-05-06,230.6949462890625,235.31440009147815,220.06822708634368,220.06822708634368,17196634
2026-05-07,232.83615112304688,235.02691191033458,228.29600306314143,231.6961489947102,7070913
2026-05-08,227.92921447753906,231.65650582536787,226.52157268431014,228.4942617779964,5009796
2026-05-11,229.82260131835938,230.47686184674788,225.02472102886782,226.9577497481865,3278202
2026-05-12,227.83999633789062,233.72831062635527,226.51166025373513,229.78294765021676,6200930
2026-05-13,229.94000244140625,231.8800048828125,228.0,228.0,2519223
2026-05-14,227.5399932861328,232.10000610351562,226.8000030517578,230.0,2171756
2026-05-15,227.3699951171875,229.0,222.0,227.5500030517578,3198271
2026-05-18,217.89999389648438,225.99000549316406,217.35000610351562,224.00999450683594,3074000
2026-05-19,222.25999450683594,223.69000244140625,219.25,220.10000610351562,3496553
2026-05-20,226.7899932861328,227.89999389648438,222.24000549316406,223.0,2916477
2026-05-21,234.11000061035156,234.94000244140625,230.0,231.8800048828125,6167890
2026-05-22,235.25999450683594,236.88999938964844,232.55999755859375,235.0,4777183
2026-05-25,240.72999572753906,242.0,238.5,239.99000549316406,4808099
2026-05-26,240.72999572753906,240.72999572753906,240.72999572753906,240.72999572753906,0
2026-05-27,240.72999572753906,240.72999572753906,240.72999572753906,240.72999572753906,0
2026-05-28,240.72999572753906,240.72999572753906,240.72999572753906,240.72999572753906,0
2026-05-29,237.52999877929688,241.4499969482422,236.6199951171875,240.67999267578125,3702125
2026-06-01,228.11000061035156,238.0500030517578,227.0,238.0,4205488
2026-06-02,230.3699951171875,234.89999389648438,227.50999450683594,227.97999572753906,3918931
2026-06-03,230.3699951171875,230.3699951171875,230.3699951171875,230.3699951171875,0
2026-06-04,232.77999877929688,233.8800048828125,228.5,229.0,4811743
2026-06-05,228.72999572753906,234.08999633789062,228.00999450683594,233.5,2750296
2026-06-08,224.82000732421875,227.0,224.0,227.0,2229616
2026-06-09,225.3000030517578,228.9499969482422,224.89999389648438,228.00999450683594,2489049
2026-06-10,224.05999755859375,226.0,223.50999450683594,223.50999450683594,998269
2026-06-11,222.6699981689453,224.8800048828125,221.8000030517578,224.8800048828125,2987442
2026-06-12,225.83999633789062,228.25,224.0,226.99000549316406,3398384
2026-06-15,232.77999877929688,233.89999389648438,226.6999969482422,233.89999389648438,8153501
2026-06-16,238.88999938964844,240.4499969482422,231.1300048828125,233.8000030517578,9142364
2026-06-17,245.5800018310547,247.10000610351562,239.5,241.0,12349535
2026-06-18,249.05999755859375,251.5,246.3000030517578,246.3000030517578,9554594
2026-06-19,241.94000244140625,252.0,240.16000366210938,250.49000549316406,12036538
2026-06-22,242.6300048828125,244.97999572753906,240.89999389648438,244.00999450683594,7075385
2026-06-23,244.32000732421875,246.5,242.5500030517578,243.97000122070312,4863762
2026-06-24,247.97999572753906,248.6999969482422,244.36000061035156,245.0500030517578,4102051
2026-06-25,247.97999572753906,247.97999572753906,247.97999572753906,247.97999572753906,0
2026-06-26,247.97999572753906,247.97999572753906,247.97999572753906,247.97999572753906,0
2026-06-29,244.49000549316406,249.89999389648438,243.0,247.97999572753906,3454522
2026-06-30,242.6199951171875,249.0,241.0,245.75,6671079
2026-07-01,243.74000549316406,245.0,241.8000030517578,243.88999938964844,3456873
2026-07-02,245.9499969482422,247.4499969482422,244.0,245.97999572753906,4322680
2026-07-03,248.7100067138672,249.99000549316406,245.00999450683594,245.3300018310547,7703756
2026-07-06,252.66000366210938,254.49000549316406,250.11000061035156,250.89999389648438,5278713
2026-07-07,246.82000732421875,253.49000549316406,246.10000610351562,253.0,4786860
2026-07-08,238.77999877929688,245.6999969482422,235.8000030517578,243.50999450683594,8295083
2026-07-09,235.6199951171875,240.14999389648438,234.60000610351562,236.0,4486245
2026-07-10,236.5500030517578,239.7100067138672,235.11000061035156,237.89999389648438,2565649
2026-07-13,232.4199981689453,235.4499969482422,226.5,232.72999572753906,3092517
2026-07-14,222.5800018310547,230.0,221.8000030517578,228.0,7341810
2026-07-15,224.1999969482422,227.3000030517578,222.5800018310547,225.47000122070312,3649538
2026-07-16,224.1999969482422,224.1999969482422,224.1999969482422,224.1999969482422,0
2026-07-17,219.74000549316406,226.44000244140625,219.0,225.0,3798604
2026-07-20,220.1699981689453,222.14999389648438,217.02999877929688,217.69000244140625,4642510
2026-07-21,219.77999877929688,224.39999389648438,218.75,221.75,3427492
2026-07-22,216.83999633789062,220.0,214.8800048828125,219.0,3369470
2026-07-23,212.66000366210938,219.0,212.0,216.0,3517317
2026-07-24,211.10000610351562,214.1999969482422,209.25999450683594,212.0,3154181
2026-07-27,224.6699981689453,225.89999389648438,216.3000030517578,219.8800048828125,5306901
2026-07-28,222.83999633789062,227.4499969482422,222.0,227.4499969482422,2745021
2026-07-29,218.14999389648438,221.0,217.64999389648438,221.0,1919874
2026-07-30,215.14999389648438,218.75,214.0,216.14999389648438,2728296
2026-07-31,216.2100067138672,217.92999267578125,215.64999389648438,217.0,1577478
2026-08-03,221.32000732421875,222.97999572753906,219.39999389648438,221.00999450683594,3444650
2026-08-04,217.72000122070312,222.47999572753906,217.4499969482422,222.0,2408478
2026-08-05,220.69000244140625,222.5,218.89999389648438,222.0,4632006
2026-08-06,222.47999572753906,223.50999450683594,220.11000061035156,222.11000061035156,3599898
2026-08-07,221.5500030517578,223.6999969482422,220.10000610351562,220.99000549316406,2856468
2026-08-10,229.47000122070312,230.3000030517578,221.55999755859375,222.11000061035156,10002045
2026-08-11,228.83999633789062,234.1999969482422,227.00999450683594,229.47000122070312,9506790
2026-08-12,229.4499969482422,232.0,228.25,229.0,5112653
2026-08-13,230.6199951171875,234.22000122070312,228.02999877929688,230.0,6914770
2026-08-14,230.6199951171875,230.6199951171875,230.6199951171875,230.6199951171875,0
2026-08-17,239.0399932861328,240.49000549316406,231.35000610351562,232.0,11007486
2026-08-18,239.0399932861328,239.0399932861328,239.0399932861328,239.0399932861328,0
2026-08-19,236.47000122070312,243.5,235.0500030517578,237.0,16431717
2026-08-20,233.05999755859375,239.3000030517578,232.0,238.89999389648438,9673687
2026-08-21,240.66000366210938,241.75,235.00999450683594,239.25999450683594,8164123
2026-08-24,245.66000366210938,250.0,242.0,242.02000427246094,22019239
2026-08-25,243.52000427246094,247.6999969482422,242.6300048828125,246.75,5718456
2026-08-26,243.52000427246094,243.52000427246094,243.52000427246094,243.52000427246094,0
2026-08-27,237.6300048828125,245.44000244140625,236.8000030517578,244.25999450683594,5198412
2026-08-28,237.0800018310547,240.0,236.0,237.0,3877076
2026-08-31,234.5,239.05999755859375,233.91000366210938,237.0,4201228
2026-09-01,232.24000549316406,237.0,231.89999389648438,236.0,4190546
2026-09-02,226.97000122070312,230.39999389648438,226.0,229.94000244140625,3893896
2026-09-03,225.39999389648438,228.6999969482422,224.75,228.3000030517578,3195494
2026-09-04,227.2899932861328,230.0,222.8000030517578,225.39999389648438,8889783
2026-09-07,223.22999572753906,228.99000549316406,222.00999450683594,227.2899932861328,3189585
2026-09-08,221.3699951171875,225.3000030517578,218.39999389648438,222.00999450683594,3955208
2026-09-09,219.91000366210938,222.97999572753906,219.39999389648438,222.97999572753906,2711846
2026-09-10,213.1999969482422,219.99000549316406,211.8000030517578,219.42999267578125,4439705
2026-09-11,218.86000061035156,219.99000549316406,207.2100067138672,209.97999572753906,5134684
2026-09-14,219.89999389648438,223.0,214.0,216.6999969482422,7875159
2026-09-15,219.89999389648438,224.47999572753906,219.5,222.02999877929688,2767366
2026-09-16,218.02999877929688,222.19000244140625,217.4499969482422,219.8800048828125,2705448
2026-09-17,225.50999450683594,227.39999389648438,219.6199951171875,219.97000122070312,7316874
2026-09-18,228.8000030517578,233.02999877929688,226.8000030517578,227.0,6304169
2026-09-21,228.38999938964844,231.5,228.0,230.00999450683594,2647012
2026-09-22,230.50999450683594,231.88999938964844,226.5,228.02000427246094,2269462
2026-09-23,232.8300018310547,233.49000549316406,231.25999450683594,232.3800048828125,2745218
2026-09-24,231.4499969482422,236.5,230.5500030517578,232.8300018310547,5117134
2026-09-25,231.67999267578125,233.64999389648438,230.11000061035156,231.50999450683594,2329352
2026-09-28,231.00999450683594,232.0,229.25999450683594,232.0,1853684
2026-09-29,227.7899932861328,231.4499969482422,227.39999389648438,231.4499969482422,2744488
2026-09-30,226.91000366210938,231.4499969482422,226.3000030517578,228.02999877929688,2391152
2026-10-01,221.36000061035156,227.47999572753906,220.6199951171875,226.0,3545043
2026-10-02,220.66000366210938,221.60000610351562,218.52000427246094,219.97999572753906,2469461
