Date,Close,High,Low,Open,Volume
2021-09-10,167.8995361328125,169.09898557729105,166.9823107906934,166.9823107906934,211983
2021-09-13,169.59288024902344,171.60763711540454,168.15824206309154,168.55021931731784,492097
2021-09-14,167.6643524169922,170.11813393716864,165.53199512679478,169.72615667003228,520390
2021-09-15,166.31594848632812,168.47182344035036,165.2105816920808,167.852504626016,283946
2021-09-16,166.44139099121094,167.82899391409015,165.50064791011548,167.33509871258119,234340
2021-09-17,162.96063232421875,166.9039228467502,161.88661839328992,166.9039228467502,617453
2021-09-20,161.45542907714844,163.0625382164324,160.31869742913665,163.0625382164324,208407
2021-09-21,161.45542907714844,161.45542907714844,161.45542907714844,161.45542907714844,0
2021-09-22,158.49993896484375,160.70286149021862,154.4390597844479,160.49902563368104,804947
2021-09-23,156.90065002441406,160.31869205477884,155.22298790633843,159.15059556666884,332474
2021-09-24,155.70904541015625,158.74295758508694,154.2822543814136,156.7830712539262,577735
2021-09-27,153.22390747070312,157.535657300569,149.7353122735237,154.8466990576161,722958
2021-09-28,153.22390747070312,153.22390747070312,153.22390747070312,153.22390747070312,0
2021-09-29,153.2709503173828,156.00695601315016,151.70304121172302,155.88936761510453,787079
2021-09-30,157.56703186035156,159.1427762249564,152.0950204000316,152.86330448424448,1158987
2021-10-01,155.61497497558594,159.1349351391072,155.22299770864493,159.1349351391072,974301
2021-10-04,157.0888214111328,158.04524694866325,153.6550965481236,155.14460545427232,502445
2021-10-05,156.751708984375,158.1236294390358,156.00695455857,156.7987443431547,143874
2021-10-06,155.75607299804688,157.56701792594328,155.22298968441925,156.79089867113055,117627
2021-10-07,155.63064575195312,156.9868836445108,154.83100883790704,154.83100883790704,114698
2021-10-08,154.46253967285156,156.00693084979756,153.96864455632914,155.22297642341664,138660
2021-10-11,151.4913787841797,154.4390435320037,151.2248251507736,153.65508899630825,351818
2021-10-12,152.3302001953125,153.65508524221983,147.4696845851918,150.52710241482671,889337
2021-10-13,150.99954223632812,155.2972826409835,147.11504634387464,154.55344756350874,504402
2021-10-14,154.93365478515625,157.03293158477243,147.95808464854224,150.4210186759399,412007
2021-10-15,157.04946899414062,158.68591395061378,153.56994418618106,156.19818619382426,427290
2021-10-18,155.2642364501953,159.95042794127951,154.5617156995748,154.80140459101005,787815
2021-10-19,155.2642364501953,155.2642364501953,155.2642364501953,155.2642364501953,0
2021-10-20,156.6692657470703,159.0164916740181,154.96670028440786,154.96670028440786,506769
2021-10-21,157.35525512695312,158.85119834101235,156.413058082057,157.42137576656967,499391
2021-10-22,152.71864318847656,157.437901136846,151.74339217858295,157.32219317615994,698277
2021-10-25,152.71864318847656,153.72696082212155,150.51191897389273,151.25575406241424,162970
2021-10-26,150.9665069580078,152.8922281371816,150.42102110751773,152.8922281371816,151015
2021-10-27,154.00796508789062,157.1982132950458,152.07398375594846,153.06576808428633,809602
2021-10-28,157.8015594482422,161.1240491958857,154.38816800542867,154.97496821023728,1168328
2021-10-29,157.2891387939453,158.27266284193368,156.206440089428,158.27266284193368,278370
2021-11-01,161.60340881347656,163.39688860384055,157.85941428974328,157.85941428974328,866589
2021-11-02,162.38031005859375,164.42173908883197,161.21495743267366,161.99185918328706,630051
2021-11-03,158.85118103027344,163.64481968469562,157.86765711639327,162.4050862022358,753617
2021-11-04,159.0660858154297,161.16536242318378,158.27265078994714,159.92562886608235,335843
2021-11-05,159.92562866210938,161.8265559694848,159.0991396250959,161.16536221762962,539160
2021-11-08,158.28919982910156,160.6198925901891,157.85942195546252,160.6198925901891,278698
2021-11-09,155.66094970703125,158.97517897637778,155.17332417838378,158.33051850533343,543304
2021-11-10,156.0411376953125,157.58666820831056,155.3799439223347,155.83451542945832,361509
2021-11-11,153.67738342285156,157.42963834276887,153.02444997942243,155.37994893057177,236088
2021-11-12,151.8425750732422,153.72696917030294,150.84251773561573,152.90874043951766,253856
2021-11-15,150.56150817871094,151.66074012456806,149.677171456256,151.2474956010679,162269
2021-11-16,153.75177001953125,154.26418923845594,148.76804163370016,151.90870281265623,469007
2021-11-17,150.6276397705078,153.64431996696433,150.18134120160738,153.64431996696433,274896
2021-11-18,149.92510986328125,151.2474973986876,148.76803022821733,149.84246852433222,493243
2021-11-19,149.6193084716797,151.23923252352802,149.18127029356586,150.75159441006204,378742
2021-11-22,147.80104064941406,149.5862600521847,147.1977071645672,149.5862600521847,835628
2021-11-23,143.41238403320312,149.58625826910873,142.9826061944245,148.09857545119976,915247
2021-11-24,138.26333618164062,145.79265130839542,137.1971709443238,143.73470181541202,2737292
2021-11-25,135.61859130859375,140.08990029758777,132.32090792144365,139.59400180071788,1891318
2021-11-26,136.37069702148438,138.84190388936833,132.32090560897169,136.8583225477769,2615394
2021-11-29,145.84225463867188,146.59435004491584,134.10610073764545,136.12273591751133,1940503
2021-11-30,148.3547821044922,152.07398277006442,144.63558143891996,147.7762423009809,7106828
2021-12-01,149.00770568847656,150.62762977990323,148.35478488610497,149.59451846454039,572567
2021-12-02,142.7263946533203,150.00776109414414,139.67664807113147,148.6027322452588,1887180
2021-12-03,144.80087280273438,149.18126710136215,139.7675577316586,139.7675577316586,1374891
2021-12-06,146.2224578857422,150.42102425183248,145.04884481426703,147.11506767486912,1878974
2021-12-07,147.22250366210938,151.22270777734798,145.8835827786413,146.495189237076,1525571
2021-12-08,146.38772583007812,149.17300230118786,145.7100114163128,148.76801815616759,529704
2021-12-09,147.25555419921875,149.92511032992525,145.94143962147263,147.10679222191413,992350
2021-12-10,146.4951934814453,147.9415494114455,145.4703424538621,147.9415494114455,185668
2021-12-13,144.30499267578125,148.7184411608354,142.24703040835348,145.98276443258524,535435
2021-12-14,145.3959503173828,145.93317575979796,142.99913714729044,144.38763268028197,170250
2021-12-15,153.55340576171875,155.46260619382204,145.3959623047853,147.1150611620481,2308008
2021-12-16,148.80108642578125,153.55339857227446,146.37121915647936,153.55339857227446,1566457
2021-12-17,149.47055053710938,151.6607414868447,146.28856263308725,149.42922356214373,442337
2021-12-20,150.90863037109375,151.34666855218902,148.1894869859237,148.76802679008523,397366
2021-12-21,148.08204650878906,152.07399026663492,147.54483365287962,151.5780917756243,489513
2021-12-22,147.24728393554688,148.97464292670008,146.95800773974435,148.08203328929895,327167
2021-12-23,147.37124633789062,149.5118497451678,147.04065579412102,148.00764637642902,359953
2021-12-24,146.77618408203125,148.72669870088177,146.37121252776538,147.19770155929152,133968
2021-12-27,146.9745635986328,148.3465385820355,145.1562900336727,147.28036054134398,343240
2021-12-28,147.1398468017578,148.7680312639331,146.28856407620088,146.38773872811905,297119
2021-12-29,151.09046936035156,152.90048249525316,146.08194746505944,147.09852552023688,1532318
2021-12-30,149.31350708007812,152.23927261687624,148.36303715498485,149.80113256767424,842211
2021-12-31,150.33009338378906,152.4706970049078,148.7680295776724,149.59451863088168,1330642
2022-01-03,150.94171142578125,152.03267050204178,149.01599027043073,150.34663825283073,390101
2022-01-04,151.62770080566406,152.28062166713036,149.60279235530436,151.23097694457806,378408
2022-01-05,155.36341857910156,156.52877124498778,150.99955710932034,151.24750636330805,1344040
2022-01-06,151.79298400878906,154.553454446542,151.34667285345043,154.553454446542,345220
2022-01-07,152.0244140625,153.30547474865298,151.2640455688819,151.2640455688819,428870
2022-01-10,154.68569946289062,155.37994726439985,151.74340035163695,151.83431465501715,877123
2022-01-11,153.83441162109375,155.3303547906928,152.4872304277937,155.17331985267353,483496
2022-01-12,154.93365478515625,156.11552816422298,153.37985121598922,153.37985121598922,629202
2022-01-13,153.45420837402344,156.45436742599352,152.91699557811336,155.95020864055533,419530
2022-01-14,154.0162353515625,155.4129912149055,152.85914314608567,155.25596889307369,569858
2022-01-17,153.74349975585938,154.54519515965006,151.5780898249505,154.54519515965006,241125
2022-01-18,153.86746215820312,154.8013988034995,152.99138579875287,153.72696053557638,342172
2022-01-19,148.5531463623047,154.4625380243319,147.32167313796978,154.14020779933446,607202
2022-01-20,150.0077667236328,150.81772248389086,146.29682624646264,148.35478857791784,529319
2022-01-21,150.6276397705078,152.07399570794755,149.26393778826812,150.0077729401765,258434
2022-01-24,152.983154296875,154.96672331076306,149.52842292069712,149.7598388852766,1163989
2022-01-25,154.15675354003906,156.6610145541251,153.3963850662092,154.14022022656667,1788495
2022-01-26,153.8592071533203,156.1981727173672,152.90047681255902,154.38815964973648,318582
2022-01-27,154.1484832763672,156.41306803525353,153.91706732859467,155.1815946900743,713428
2022-01-28,153.33851623535156,155.58656751592702,152.90047803690038,154.55345617783985,474151
2022-01-31,155.2559814453125,155.71054035830636,152.98313643545217,153.5203493023846,511081
2022-02-01,155.7105255126953,156.82629072837395,154.39641100443137,155.35514128933224,646684
2022-02-02,158.7272186279297,159.42972672737653,155.13198635063847,155.2972816322012,1478594
2022-02-03,157.34698486328125,160.3306107526863,157.12382929503718,160.3306107526863,750513
2022-02-04,161.35545349121094,162.40509811449257,157.0742462711468,157.85940834538465,2169200
2022-02-07,160.64468383789062,164.47133244236718,159.92564234973895,160.9587537344272,1185706
2022-02-08,160.22315979003906,161.4959473149684,159.71900099009753,160.65293760586337,280231
2022-02-09,161.54556274414062,161.99186130287384,159.92563858217392,160.22317515840362,508581
2022-02-10,162.69436645507812,164.45477946849786,162.19846800522328,162.81833476193114,1157911
2022-02-11,155.15679931640625,163.6448461290931,154.6361197452636,162.40511244629695,2890182
2022-02-14,151.47891235351562,155.79318621134288,150.8590455648763,155.1733194227036,1156904
2022-02-15,151.9913330078125,153.22280624659055,150.66895807925664,151.66900277903466,480872
2022-02-16,151.0574188232422,153.0823146293099,150.42927902572583,152.735190714946,271046
2022-02-17,149.1977996826172,150.94995234900466,148.39610433366335,150.13172368870147,533667
2022-02-18,151.46238708496094,152.69386037716336,148.7845704870122,149.18128172166703,786613
2022-02-21,151.3632049560547,153.05751004024097,151.18963670564972,151.24749699285877,819534
2022-02-22,149.6275634765625,150.72679536332882,148.35477596154016,150.68548100217734,678191
2022-02-23,148.7680206298828,150.79291616621194,148.10682690483907,150.79291616621194,566239
2022-02-24,143.5776824951172,147.94154378329077,142.15612028338555,147.94154378329077,902620
2022-02-25,145.86705017089844,146.4538503067441,143.57767207803917,145.46206601524807,558039
2022-02-28,149.8176727294922,150.41274585083443,142.98260479568904,145.4538115804637,459030
2022-03-01,149.79287719726562,153.72696046261305,148.72669928016003,153.72696046261305,1631059
2022-03-02,147.05718994140625,147.98286624880907,144.5529291402426,147.98286624880907,2377738
2022-03-03,144.8422088623047,147.1315871069909,142.77598619665127,146.4951869948274,1064947
2022-03-04,143.03219604492188,144.63558685412895,142.85864040298145,143.80909778639105,474260
2022-03-07,136.2963104248047,142.48670525467082,134.96566256779406,142.48670525467082,1368270
2022-03-08,132.5853729248047,136.9079071589756,132.2299886839113,135.95744978852946,891659
2022-03-09,131.8249969482422,133.05647011181094,130.95718096646402,132.65148595732208,418571
2022-03-10,135.18882751464844,135.95745632070378,131.94897915976838,133.89123358026757,548284
2022-03-11,133.63502502441406,135.5442128337276,132.89945022750922,134.70119041788763,324998
2022-03-14,132.3539581298828,134.51109509015538,132.11428185039577,133.64327905120024,657370
2022-03-15,134.93258666992188,135.33757081116738,132.35394508150748,133.06472611052183,175756
2022-03-16,136.32110595703125,137.00709338204013,134.96566441915962,135.51941056944392,335660
2022-03-17,135.00698852539062,137.19717941738423,134.71771231947972,136.3706903847494,241112
2022-03-18,129.09759521484375,133.43666300050134,128.27937907501666,133.0647454268324,1969868
2022-03-21,130.2464141845703,130.5852777421136,128.94883285598138,128.94883285598138,581295
2022-03-22,129.56040954589844,131.3290954802344,129.27940631596215,130.95717795693977,260108
2022-03-23,129.56040954589844,129.56040954589844,129.56040954589844,129.56040954589844,0
2022-03-24,130.18028259277344,130.50261281006794,127.8991774097064,129.76703807771784,454355
2022-03-25,129.46949768066406,131.07288836929763,128.7752499426644,130.18027872991746,897935
2022-03-28,131.69276428222656,132.1555961397479,128.609963608133,129.51083366018148,294068
2022-03-29,137.1641387939453,138.02368192285007,132.4035534300942,132.8994519425697,996430
2022-03-30,134.80038452148438,138.01542678935616,132.74242201150082,136.5773311377892,1488784
2022-03-31,137.75094604492188,139.67666729073866,134.22183381951027,134.63507839729354,1205187
2022-04-01,137.56910705566406,139.83369171131537,133.89123311277376,137.61043403257304,647062
2022-04-04,129.2215576171875,134.29619947152582,127.89917019907377,133.72592005510452,1454985
2022-04-05,129.4447021484375,130.95717852014678,127.96529239875773,129.92406727809572,585586
2022-04-06,129.93235778808594,131.57706303638614,129.65134190776547,130.00673878086653,339181
2022-04-07,130.54393005371094,131.3952126823773,129.8000950265414,129.8000950265414,452860
2022-04-08,133.54409790039062,134.22181234167266,129.34553214860992,129.34553214860992,915671
2022-04-11,141.19740295410156,141.7428888182298,137.21373182037007,137.610443080089,2806493
2022-04-12,139.4452362060547,141.49492555832254,138.0236740038241,141.32963026738875,1097011
2022-04-13,139.63531494140625,142.5693534328483,138.3790481220444,139.18074346618766,1527351
2022-04-14,139.99072265625,141.49492620521326,138.89149068024255,140.37090056601355,716111
2022-04-15,141.37094116210938,142.56934764908942,139.75929018918995,142.1478428134708,1473955
2022-04-18,141.5527801513672,144.22233619565176,138.60220825145652,139.26340199981274,2854897
2022-04-19,140.01553344726562,141.74289278748645,139.6932031751133,141.74289278748645,858217
2022-04-20,137.99063110351562,142.56937534837442,137.37902460545902,140.91639708346574,492050
2022-04-21,136.7756805419922,138.85016356473477,136.37069635822166,137.23851240274573,271186
2022-04-22,138.15591430664062,138.8501620903993,137.03188868050754,138.0236730303374,359383
2022-04-25,141.28004455566406,143.06526398508237,140.91638734472082,140.91638734472082,1884703
2022-04-26,138.83363342285156,141.2552530076858,138.6022174871898,141.2552530076858,481517
2022-04-27,138.61050415039062,139.6766696299887,138.02369129117227,138.8501804605805,432743
2022-04-28,140.16427612304688,142.89995288339648,136.3789547293664,138.8501615493623,3048107
2022-04-29,140.16427612304688,140.16427612304688,140.16427612304688,140.16427612304688,0
2022-05-02,140.16427612304688,140.16427612304688,140.16427612304688,140.16427612304688,0
2022-05-03,140.16427612304688,140.16427612304688,140.16427612304688,140.16427612304688,0
2022-05-04,140.16427612304688,140.16427612304688,140.16427612304688,140.16427612304688,0
2022-05-05,140.16427612304688,140.16427612304688,140.16427612304688,140.16427612304688,0
2022-05-06,140.2056121826172,142.89996214245804,139.71798663417886,140.50314876680758,1185234
2022-05-09,133.1721954345703,140.33785456436354,131.82501413850395,140.33785456436354,856653
2022-05-10,134.72596740722656,135.5359357076502,132.30436068958346,132.30436068958346,906643
2022-05-11,131.91590881347656,135.13095049511955,128.3124162958245,134.71770599819257,800512
2022-05-12,134.65985107421875,135.5442003862226,130.62659319933266,132.23824427924157,1120197
2022-05-13,135.70123291015625,136.7839314981772,133.89948030600067,135.13095347403004,640245
2022-05-16,131.13076782226562,133.47799391456502,129.84144680286803,133.07300970258572,812053
2022-05-17,132.12252807617188,134.30445846618915,131.4282803637166,132.53577256376016,479913
2022-05-18,133.32093811035156,133.9738714803736,130.58526154762396,132.6514840404661,529244
2022-05-19,132.7506561279297,133.89121495760372,132.24649734493678,133.76724665490914,561403
2022-05-20,133.4862518310547,134.71772514697838,132.52753404644002,132.56884841302818,905974
2022-05-23,130.8166961669922,133.3044238641229,129.75879110825585,133.3044238641229,673690
2022-05-24,129.9075469970703,132.48620149150443,129.75878501668004,130.99851863148908,526685
2022-05-25,130.01498413085938,130.58526356549146,128.6016949862004,130.5770032154321,864139
2022-05-26,132.71762084960938,133.0647447573688,129.26288986266914,129.7587883658814,1356186
2022-05-27,133.52755737304688,139.3460468450331,131.82499209482134,136.3706814774014,3247766
2022-05-30,135.3375701904297,136.53597668666563,133.08125881091584,133.4779699893398,943625
2022-05-31,136.10621643066406,136.37069899118535,134.3127366300055,135.3375876351915,680641
2022-06-01,133.77552795410156,135.99878567954315,133.51931834759603,135.9574587017661,308253
2022-06-02,133.7589874267578,133.89122870402304,130.9985169727633,133.76726038860085,564857
2022-06-03,128.62649536132812,136.04010317605935,127.2793141692701,134.96566488485357,1792577
2022-06-06,131.3208465576172,131.81674503930944,128.1058046108644,128.51904914186719,873214
2022-06-07,131.1224822998047,132.3126285456228,130.7175107378402,131.81674268401326,416370
2022-06-08,132.0150909423828,132.2382465145182,130.41997314718796,131.03156696613559,302738
2022-06-09,133.60194396972656,136.9905539691071,132.03161988877744,132.65148664881866,2667128
2022-06-10,135.1640167236328,136.04010572973493,133.31268928123706,133.88296875634015,450962
2022-06-13,132.82505798339844,134.92433457734884,131.20513393050004,134.31272815316052,684047
2022-06-14,134.2383575439453,135.11443396846423,131.5026806522493,133.05648418930414,443827
2022-06-15,135.4202423095703,136.78394426225782,134.30447699466404,134.717721539263,836831
2022-06-16,139.5526580810547,139.93283591895994,135.29623261003889,136.45332465560531,2319037
2022-06-17,142.91648864746094,144.6851747549952,138.02367486036823,139.67665300240856,2479141
2022-06-20,141.59410095214844,144.5942474342025,140.08988492493697,143.63551717144492,1681195
2022-06-21,142.92474365234375,143.93306129017222,139.2551429076944,141.60236875490546,1602362
2022-06-22,142.0073699951172,144.33806281055348,141.189141207013,143.81737061710325,668508
2022-06-23,144.5777130126953,146.20589733240408,142.73464609555873,142.9743349650178,2754510
2022-06-24,138.88320922851562,144.8835275787043,134.30446561137904,144.55292440431256,2500073
2022-06-27,143.66859436035156,144.22234051545968,138.883215655749,140.0816348779498,1311656
2022-06-28,141.36268615722656,145.04057263823233,140.0898985277998,145.04057263823233,3919220
2022-06-29,141.65196228027344,143.38759438496382,141.32963204497065,142.19744809731583,1293124
2022-06-30,142.02386474609375,142.8172997239293,140.92463287812777,142.15610601093653,1129622
2022-07-01,142.50323486328125,144.42895578712282,142.0238697198544,142.1561109893283,726129
2022-07-04,140.80067443847656,142.4453921807278,140.30477596618536,142.25529061999035,276460
2022-07-05,139.99072265625,141.04035469465043,139.77582742695355,140.91638637868894,221226
2022-07-06,139.96591186523438,140.87504216388612,139.80887694341814,140.13120713669645,201924
2022-07-07,142.4453887939453,143.4454334539521,138.98239775433248,140.50313453674283,835618
2022-07-08,142.4453887939453,142.4453887939453,142.4453887939453,142.4453887939453,0
2022-07-11,142.4453887939453,142.4453887939453,142.4453887939453,142.4453887939453,0
2022-07-12,142.4453887939453,142.4453887939453,142.4453887939453,142.4453887939453,0
2022-07-13,145.13975524902344,147.1150637465649,141.74288445244878,142.08174801923275,1392492
2022-07-14,147.131591796875,149.63585273857356,146.70181393757747,149.1812812153957,1196142
2022-07-15,150.6441650390625,152.47897176775828,145.99102757893857,147.1150532090295,3326247
2022-07-18,146.9745635986328,150.00777719439586,146.37123006447558,147.94155436802674,1054604
2022-07-19,141.98255920410156,148.16470685076192,138.85017101409088,147.115062145882,1812713
2022-07-20,143.74298095703125,144.63559068719036,141.98255516050446,142.15612341826707,1457919
2022-07-21,140.32957458496094,144.22234367963569,139.8832760331137,144.22234367963569,534006
2022-07-22,140.44528198242188,142.14786006454267,138.10632900602386,142.11479343937086,965805
2022-07-25,139.6683807373047,139.8419363651292,137.7757138638382,138.8088251144837,228660
2022-07-26,142.23048400878906,143.39583648472393,138.4782296289617,139.58572182353402,635020
2022-07-27,141.4783935546875,143.3545272827589,139.67665342776348,142.02387936991536,818203
2022-07-28,143.50331115722656,144.63559722563005,141.32964071761566,142.36275212637017,567550
2022-07-29,142.519775390625,145.25545215886555,141.99082289716964,143.39585177560838,946509
2022-08-01,142.8173065185547,145.04056402101497,142.24702707160728,143.80909082961807,1003401
2022-08-02,142.18917846679688,143.31320414133066,139.84195246184254,141.5362576301709,593796
2022-08-03,145.98275756835938,147.11504347411423,142.77597618063615,142.77597618063615,1614294
2022-08-04,149.37136840820312,151.4541244280698,147.44564733186922,147.9332854752664,2908389
2022-08-05,154.6443634033203,155.2146428536433,149.67716885714233,150.42100394203732,3032564
2022-08-08,154.6443634033203,154.6443634033203,154.6443634033203,154.6443634033203,0
2022-08-09,154.6443634033203,154.6443634033203,154.6443634033203,154.6443634033203,0
2022-08-10,155.39646911621094,158.68589188561444,154.56998009597336,156.8676185633361,2282757
2022-08-11,156.44610595703125,157.44616325155624,153.72696254482656,154.96669611373645,1601482
2022-08-12,159.36361694335938,159.83470912117033,157.36350244151325,158.67762955179126,2272446
2022-08-15,159.33056640625,162.40510684239314,158.68590592233832,160.2562301552057,2152423
2022-08-16,156.89242553710938,160.66947412223618,155.79319353357877,159.76034368956962,1037612
2022-08-17,156.88417053222656,157.94207559504358,153.31373148680183,157.28088177797716,472234
2022-08-18,156.29736328125,158.35532579979102,155.80146474796527,156.2064489705219,480091
2022-08-19,154.92538452148438,158.27266801213182,154.5534669361287,157.76850913960246,891010
2022-08-22,153.0409698486328,154.55344626392042,152.48722372028513,154.55344626392042,1054409
2022-08-23,154.34683227539062,155.7105341827325,153.520343213675,153.7269654791039,1163319
2022-08-24,153.652587890625,155.75186460490255,153.52034661113063,155.346893026882,836223
2022-08-25,151.8177947998047,154.34684959464403,151.3384295768734,153.72698272880208,744783
2022-08-26,142.77598571777344,152.88394343310512,141.3296298566672,151.66074315028322,5366892
2022-08-29,141.56105041503906,142.18091723292764,138.94108151144349,142.18091723292764,1432034
2022-08-30,139.932861328125,144.21408123503548,139.6766517362269,143.79256374145396,1174610
2022-08-31,140.7593536376953,142.07346825231616,139.76756926083473,140.08989949859497,855002
2022-09-01,140.68496704101562,142.07346259104787,140.58579239064818,141.16433220316165,823744
2022-09-02,139.2882080078125,141.2800497797162,138.82537612630622,141.2800497797162,393425
2022-09-05,136.7425994873047,139.31298072460152,136.4533359104692,139.31298072460152,623071
2022-09-06,140.69322204589844,140.91637761196853,136.37068801158244,137.19717702983445,1232963
2022-09-07,142.32968139648438,143.06525612869027,141.6189003262792,141.94949089377016,1228346
2022-09-08,141.23045349121094,143.28840316314964,140.99903756513928,143.28840316314964,806576
2022-09-09,140.39569091796875,141.90816739313922,140.1394813302094,141.70154513059498,429325
2022-09-12,139.932861328125,140.91638533151885,139.6766517362269,140.42048684891316,174474
2022-09-13,139.7758331298828,140.70976985230587,139.67665847306722,140.00724906993443,161581
2022-09-14,139.9989776611328,140.21386027100175,139.26340292166313,139.4700251811908,251202
2022-09-15,139.3625946044922,142.13133826506674,138.85843572517402,140.4948933007321,1033069
2022-09-16,138.924560546875,139.67666871279144,137.44515049228747,138.85017954881042,872173
2022-09-19,136.96575927734375,139.50307397152483,136.74260371426547,139.50307397152483,319280
2022-09-20,136.17233276367188,138.0236727950952,135.17228806498588,137.9823458199181,501792
2022-09-21,134.12265014648438,136.35416819436261,133.89123420736945,135.62686636195411,251378
2022-09-22,133.5358428955078,133.89122713637204,130.83322014994624,133.48624295869735,570383
2022-09-23,132.37875366210938,135.7095036262845,131.41176295746718,133.89123018307976,601000
2022-09-26,135.61859130859375,137.34595047436025,132.130806351284,132.15560001500526,634107
2022-09-27,137.1641387939453,139.18076163699553,135.1227096751706,136.04011309539413,919863
2022-09-28,137.1889190673828,139.0154527672254,136.74260792747486,137.45338899999118,585245
2022-09-29,135.92440795898438,137.1806623573377,135.5442174099937,137.1806623573377,314594
2022-09-30,134.24659729003906,136.1227307823308,133.17217171844533,135.55245137546345,479381
2022-10-03,136.85006713867188,137.19719104845979,134.3871331437636,134.626809434609,484645
2022-10-04,135.4615478515625,137.40380212915508,135.2962525667342,136.37069083495092,301754
2022-10-05,136.24671936035156,137.11452273835434,135.46154470601144,136.3624273181667,386370
2022-10-06,137.61868286132812,139.30472753275762,135.95744446294532,136.5359842575646,888944
2022-10-07,138.6848602294922,139.55267622368294,136.9492282411107,136.9492282411107,1078556
2022-10-10,137.81703186035156,139.6766319904013,137.44511435658572,138.67657481597087,509419
2022-10-11,136.97402954101562,138.85016325422387,136.7839405867503,138.02367418723443,556040
2022-10-12,137.4451446533203,139.04853558112376,136.94924613150903,137.34595738222407,455644
2022-10-13,139.15597534179688,141.56932216712065,138.6848830800982,139.92461681571666,1580868
2022-10-14,139.0154571533203,139.85021917380288,138.02367280510887,139.84194621203355,864694
2022-10-17,138.07522583007812,140.55324421723228,137.96098632778362,140.5093049157042,603894
2022-10-18,136.82742309570312,139.22635870905688,136.59894409836056,138.07522145084957,281561
2022-10-19,137.2843475341797,138.3915588462903,136.46713290704207,137.6885703038246,683981
2022-10-20,136.47593688964844,138.13674071089517,136.20353197104927,137.78525308852076,380608
2022-10-21,134.89419555664062,136.8625608087765,134.00668072769446,136.8625608087765,631678
2022-10-24,134.63058471679688,137.74129123151997,134.44604502980897,137.08224199117777,495847
2022-10-25,135.0611572265625,136.0189722538315,134.323025283074,135.14903582343123,307161
2022-10-26,131.87136840820312,134.4460477226815,131.3704845394829,134.4460477226815,653742
2022-10-27,130.5181121826172,132.68858211505125,130.05238511938796,131.8098497831635,563263
2022-10-28,124.35820007324219,130.9311139875284,123.98913411261982,127.4601240500741,1204177
2022-10-31,123.25098419189453,124.79756157886324,122.76769216685726,124.79756157886324,267747
2022-11-01,127.25802612304688,128.29492386621155,124.34062826759543,124.34062826759543,1442471
2022-11-02,130.4741668701172,130.88717211973818,126.53744995907319,127.34588205813816,1026531
2022-11-03,129.9821014404297,131.15081719935404,129.21760850522978,130.83447298334147,266720
2022-11-04,128.30369567871094,128.47065695764763,126.54623111456148,127.75888595450958,555395
2022-11-07,129.85028076171875,131.7922717113419,129.35819279997517,129.35819279997517,432114
2022-11-08,130.43902587890625,130.93111382579488,129.6745330620179,130.75537004596194,212655
2022-11-09,130.43902587890625,130.43902587890625,130.43902587890625,130.43902587890625,0
2022-11-10,132.3458709716797,134.09455305895088,130.84323285338053,130.88717214963782,894123
2022-11-11,136.05413818359375,137.52161967269146,131.24747091533374,133.2158363050823,2230210
2022-11-14,133.33885192871094,135.632343903925,132.77646375972776,134.44604986528643,547359
2022-11-15,133.40036010742188,135.50052995369674,132.42496663188214,133.40036010742188,690939
2022-11-16,132.9521942138672,134.0506095437762,132.50403217789454,133.56730411693817,319136
2022-11-17,130.15782165527344,133.4618636254957,129.30545026686104,132.54797454115698,499718
2022-11-18,129.542724609375,130.40387857917406,128.30370874743258,129.7184684020127,515152
2022-11-21,129.49000549316406,130.05239368628256,128.80459530181312,129.43728369512047,202245
2022-11-22,128.59368896484375,130.03480948344787,128.34764497935464,129.95572678991027,403710
2022-11-23,129.44606018066406,130.35994933228676,128.65520642995236,129.52514287405694,662489
2022-11-24,130.84324645996094,132.24922363605992,128.743076601013,129.3494040906008,720849
2022-11-25,131.1332244873047,133.30369445870204,130.57963222598363,131.62531245665295,953514
2022-11-28,128.30369567871094,130.62354836705262,126.98559725559885,128.30369567871094,427821
2022-11-29,131.1508026123047,131.7219732737253,128.29492248841865,128.38280108635638,796431
2022-11-30,131.941650390625,132.68857821412712,130.49174744899256,132.42495584063278,734929
2022-12-01,133.51458740234375,135.10509071517663,132.90825997184044,132.90825997184044,1352036
2022-12-02,131.72198486328125,133.83095072382008,130.93113104582463,132.6973783892872,295297
2022-12-05,128.83094787597656,131.80984994847648,128.69034748468428,131.80984994847648,188836
2022-12-06,128.46188354492188,129.96450834481612,126.3617137786035,129.1736545983867,407360
2022-12-07,129.3494110107422,129.61303342141346,128.39159588008297,129.12972790324827,423488
2022-12-08,128.84852600097656,129.95572391115113,128.32128123895555,129.95572391115113,237768
2022-12-09,127.5216293334961,129.5251379401463,127.3722464488694,129.5251379401463,289462
2022-12-12,125.7378158569336,128.9100403562336,125.04362316085287,128.1191865598487,448169
2022-12-13,125.3335952758789,126.53745426535721,124.77998962278281,125.36873866903831,258976
2022-12-14,124.79757690429688,125.87841398204422,124.6130372040024,124.87665960082646,292141
2022-12-15,123.08405303955078,125.54449301955405,121.23870964615605,124.82393942780803,640873
2022-12-16,121.94168090820312,123.1982616187493,120.4390428262451,122.80283477877835,488467
2022-12-19,121.6253433227539,123.1982682718985,119.94696137776906,121.71320850949783,222786
2022-12-20,112.74136352539062,121.26506466432033,112.50410203582818,121.26506466432033,1425138
2022-12-21,109.3143081665039,113.79584191256897,107.46897153038252,112.65348714991501,732819
2022-12-22,114.17369079589844,116.87140561722646,110.01729042566562,110.01729042566562,1274696
2022-12-23,116.52869415283203,118.53220278113058,113.18072613997501,114.2352022482809,576209
2022-12-26,121.14203643798828,122.93464444544391,116.34415213975412,116.34415213975412,1068909
2022-12-27,120.7817611694336,122.27560351174134,119.70970660896045,121.95925932326742,441283
2022-12-28,123.54097747802734,129.83270430215595,118.67280617410579,120.39511406596304,1309927
2022-12-29,123.25098419189453,125.65871545490417,120.37753930371511,122.58315248922469,1371741
2022-12-30,126.52867126464844,129.16486821799853,122.14379217188862,122.67103692591508,2836596
2023-01-02,127.38982391357422,129.55149788510306,125.48297641197371,125.65872019210265,954111
2023-01-03,125.82569122314453,128.11918326372677,125.4829861324089,128.11918326372677,363213
2023-01-04,126.11568450927734,130.87841276155575,125.75540098810303,129.17366966955345,1345255
2023-01-05,124.94694519042969,126.88893602289171,124.51636154568568,126.88015352710161,259107
2023-01-06,127.44254302978516,129.39332978753848,124.77998526200655,125.2193514072953,1416917
2023-01-09,128.39158630371094,129.83270684504618,126.71320426962896,127.85555902507085,1008489
2023-01-10,128.0312957763672,132.60070113849017,127.15256346025157,130.5005314393095,1139364
2023-01-11,129.63938903808594,130.81688722824921,128.29492954768907,128.7342957447702,1600198
2023-01-12,128.98910522460938,131.80984173748334,128.64640017242755,129.17364490273366,1110453
2023-01-13,125.11392211914062,128.2949290838211,124.43729442373231,127.85556288832856,458436
2023-01-16,121.18598175048828,125.9047701849091,120.38633209302428,125.8344699878186,653005
2023-01-17,112.17897033691406,122.14379155199069,112.09988094253326,121.66048609798446,1720644
2023-01-18,114.04188537597656,114.6745737521078,111.33538807994661,112.17018785008486,1188014
2023-01-19,115.8257064819336,117.75013243346491,112.47773844390679,115.10515294239079,2445531
2023-01-20,110.69391632080078,115.9926713721766,110.01728865011341,115.55330519273654,1248524
2023-01-23,109.95577239990234,110.72027192911376,108.6113130277201,110.72027192911376,685568
2023-01-24,111.64295196533203,112.30200125272079,109.41097090753863,110.71149108030264,1690803
2023-01-25,113.26859283447266,114.2352037681753,112.1701841178205,112.30199530916138,1411774
2023-01-26,115.24574279785156,116.77474191995834,113.79583977793719,113.8837183766436,3207567
2023-01-27,114.45487976074219,116.300222916786,113.48826888693057,115.81691747988017,1098177
2023-01-30,114.40216064453125,117.30197992539001,114.1473207680256,115.55329781583313,1833589
2023-01-31,115.31604766845703,115.77299226514364,114.34065418021007,115.1051604764418,627027
2023-02-01,114.92939758300781,116.43203579369799,114.68335359890754,115.5972427470441,390236
2023-02-02,114.37580108642578,114.7624454495165,113.79583454178969,114.0594569173871,468500
2023-02-03,114.39337158203125,115.02605995054681,112.91710766108936,114.45488928293298,362259
2023-02-06,122.15257263183594,122.93464384529084,115.55329786230953,116.87139631701268,3467141
2023-02-07,120.13150787353516,124.86787479853379,118.62886962525617,122.67104387954755,2841008
2023-02-08,120.33361053466797,121.79230945829231,119.24397759020313,119.9469661541033,1945608
2023-02-09,123.54976654052734,124.7799863951514,121.3089964975278,121.70442335020049,3500714
2023-02-10,117.45137023925781,123.46189635257186,116.86262116814935,121.26506545661863,3638652
2023-02-13,117.84679412841797,119.41093661397427,115.99266836294731,117.45136725885891,1236892
2023-02-14,117.14380645751953,119.05065403213128,116.08054783157422,118.58492696318143,782527
2023-02-15,117.170166015625,118.62886490581411,115.20181417189156,116.168411692756,847702
2023-02-16,115.99266815185547,118.32130347488088,115.64996307774246,118.27737758486975,664707
2023-02-17,112.51288604736328,115.55330592813044,111.20358340567005,115.55330592813044,1775392
2023-02-20,109.3055191040039,112.2141211069812,108.10165334209506,112.2141211069812,932104
2023-02-21,110.81694030761719,111.33538919066612,109.5779244413,110.01729062864153,457290
2023-02-22,110.58846282958984,111.51113446143854,110.01728547197852,111.33538397222202,393211
2023-02-23,108.50587463378906,110.45665483914786,108.08408015164379,110.45665483914786,519666
2023-02-24,106.52872467041016,108.78706651906035,106.32661328209394,108.52344413502976,692048
2023-02-27,103.83101654052734,106.73082924079507,102.03840176193849,106.32661316878911,1263478
2023-02-28,99.02434539794922,103.77828367231957,98.41801796336807,103.77828367231957,1923517
2023-03-01,99.13858032226562,100.04367354145877,96.49359415527341,99.20888051704844,1512850
2023-03-02,98.27742004394531,100.73787323647375,97.63594920082319,98.50589232569902,957723
2023-03-03,105.33365631103516,105.60606121256174,95.79940430724986,97.09993122279518,2755146
2023-03-06,103.99797058105469,107.94347689086176,103.4267932220556,105.66756335959217,1648417
2023-03-07,103.15438842773438,104.56914802559275,102.47776747859135,104.56914802559275,644232
2023-03-08,101.8978042602539,104.52521215492818,101.06301119502369,103.69041908969795,1192306
2023-03-09,103.42679595947266,104.92064499210025,102.23171941504891,102.23171941504891,1131241
2023-03-10,105.16668701171875,106.75719040619754,103.7782883016522,103.7782883016522,1177450
2023-03-13,107.4601821899414,108.80464164159518,106.67811091800952,106.75719361319106,2376024
2023-03-14,106.86264038085938,108.08407779686225,106.15965182733159,107.21413465762328,602560
2023-03-15,107.2053451538086,108.08407749113489,104.5691481418297,106.75718978459739,878858
2023-03-16,107.01201629638672,108.1719426411862,106.7659723299437,108.0401314579645,552263
2023-03-17,105.91360473632812,107.2932142011739,105.44787768256806,107.20534231061086,319071
2023-03-20,104.1297836303711,105.9136092308614,103.83101784893928,105.9136092308614,262166
2023-03-21,105.4830322265625,106.76598065461654,103.29499054958099,104.56914977694953,731759
2023-03-22,103.98040008544922,106.76598001257274,103.65526670399923,105.75543647408372,408330
2023-03-23,103.98040008544922,103.98040008544922,103.98040008544922,103.98040008544922,0
2023-03-24,101.45843505859375,103.9979709820221,101.14209088021137,103.9979709820221,240383
2023-03-27,100.77303314208984,102.548069662119,100.526989139729,101.45844334986542,282878
2023-03-28,101.44964599609375,101.88901216620103,100.7203032489044,101.40571340160045,270751
2023-03-29,101.38813018798828,101.93294662657168,100.83453125344052,101.89779653012803,426864
2023-03-30,101.07179260253906,102.17020804716158,100.83453781634677,101.49358708312027,423740
2023-03-31,103.59375762939453,104.96457796889823,100.19306097463051,101.07179333671152,772324
2023-04-03,101.15087890625,103.59375370768488,100.82574553107797,103.59375370768488,531937
2023-04-04,100.15791320800781,101.66932717329031,99.200091488966,101.66932717329031,428728
2023-04-05,100.46546936035156,101.40571268961169,100.28093637470562,100.28093637470562,147205
2023-04-06,103.5849609375,104.34946045073362,100.35122581073261,101.05421433123676,829238
2023-04-07,102.36353302001953,104.10342608143281,101.93295603120055,104.02433668108876,182020
2023-04-10,101.29147338867188,102.81168327931468,101.0542186078734,102.81168327931468,155735
2023-04-11,101.0454330444336,101.77478251834134,100.63242775910761,101.3178446371654,72909
2023-04-12,100.92240905761719,101.58145832012343,100.74666526929384,101.0630094516325,411352
2023-04-13,101.10694122314453,102.67987292135211,100.79059704338236,101.93295177076753,497133
2023-04-14,101.10694122314453,101.10694122314453,101.10694122314453,101.10694122314453,0
2023-04-17,100.74666595458984,101.89780319558834,100.61485476035284,101.66933090585724,241787
2023-04-18,100.57970428466797,101.3354146443191,100.19305990414067,101.3354146443191,127819
2023-04-19,100.65879821777344,101.05422511262265,100.36881491931275,100.9663532142335,105951
2023-04-20,101.39691925048828,101.49358033952822,100.52697615332417,100.6148480422163,243156
2023-04-21,101.39691925048828,101.39691925048828,101.39691925048828,101.39691925048828,0
2023-04-24,101.39691925048828,101.39691925048828,101.39691925048828,101.39691925048828,0
2023-04-25,101.39691925048828,101.39691925048828,101.39691925048828,101.39691925048828,0
2023-04-26,101.2475357055664,102.59199503897335,100.97513084052706,101.59024076293699,515233
2023-04-27,101.46722412109375,103.42679348008946,101.09815814821505,101.49358501855713,799734
2023-04-28,101.0630111694336,102.37232051602594,100.86089977565017,101.93295433355372,478990
2023-05-01,101.0630111694336,101.0630111694336,101.0630111694336,101.0630111694336,0
2023-05-02,100.66757202148438,101.53752184174152,100.43910644624106,101.4935825442433,465172
2023-05-03,101.07179260253906,102.21414734662481,100.4830435332284,100.96634901054063,688712
2023-05-04,100.16669464111328,101.63418270134741,99.73611768423275,101.06300535614926,445152
2023-05-05,100.14033508300781,101.27390058823865,99.99974139700629,100.17548518055709,380686
2023-05-08,99.05949401855469,100.70271911045182,98.90132193815973,100.18427027727657,417587
2023-05-09,97.16143798828125,99.29675791786875,96.66935000588938,99.29675791786875,616093
2023-05-10,96.70449829101562,97.75897443470036,95.78182663714462,96.44966510371606,436532
2023-05-11,96.79236602783203,97.75897023538776,96.66055483948453,96.66055483948453,189663
2023-05-12,97.41626739501953,97.84684436288133,96.88024013323017,97.5305001852943,324202
2023-05-15,98.11046600341797,98.41802097813552,96.66055631781167,97.41626665808657,422011
2023-05-16,98.6728515625,99.51643377275902,98.41801838895373,98.41801838895373,525880
2023-05-17,97.99622344970703,99.28796100737958,97.80290797463236,99.28796100737958,462078
2023-05-18,96.66934967041016,98.76951949336757,96.39693807750636,98.76951949336757,514145
2023-05-19,96.98568725585938,97.45141430646838,96.22118773432288,97.41626420964188,115315
2023-05-22,96.41452026367188,97.53929666606867,96.22119806247315,97.41627466606877,299246
2023-05-23,94.91188049316406,97.22294409909678,94.73613000528981,97.22294409909678,507842
2023-05-24,93.1456298828125,95.64122655977195,92.96988609301383,95.64122655977195,572137
2023-05-25,92.89958190917969,93.620142143149,92.22295426867703,93.58499204585834,674571
2023-05-26,89.12103271484375,93.04896736499103,87.8908060924685,92.4426399023199,1577724
2023-05-29,88.26866149902344,90.68517545120791,87.95231731803818,89.32314433703957,1157790
2023-05-30,88.98922729492188,89.51647209885215,88.40926739647323,88.79591179823645,621989
2023-05-31,87.13510131835938,89.62190872442096,86.8187571422887,88.75196559232444,976256
2023-06-01,87.14388275146484,88.53228142903632,87.00328906614634,87.44265522708449,334034
2023-06-02,87.02085876464844,87.85565847378038,86.95055857150557,87.85565847378038,369329
2023-06-05,93.54984283447266,93.54984283447266,87.60961042001178,87.60961042001178,2207749
2023-06-06,98.99798583984375,100.56212828809255,95.12277311213462,95.1315623124606,6852097
2023-06-07,100.6500015258789,101.27390067346359,97.27566590445988,99.12100915427428,3843557
2023-06-08,97.66231536865234,101.44964974976725,96.83630479294533,100.65000677676667,2074762
2023-06-09,99.62189483642578,100.43911623852068,97.53929663000424,98.41802903207636,2022279
2023-06-12,98.1543960571289,99.99973926606714,97.75896920046812,99.99973926606714,605642
2023-06-13,98.75194549560547,100.25457710723103,97.1262918833226,97.1262918833226,1124990
2023-06-14,97.65352630615234,100.16670143205192,97.36354971793006,99.29675825899314,943823
2023-06-15,97.71504211425781,99.29676314694969,97.36355451072299,97.97866452110522,404820
2023-06-16,95.5006332397461,97.96108653166017,94.92066666360508,97.96108653166017,757660
2023-06-19,92.59202575683594,96.22118777730046,92.26689238919222,95.34245546883197,626203
2023-06-20,93.52348327636719,94.46372661262266,91.21241963414558,92.71505113203823,1331743
2023-06-21,90.94001007080078,94.20010632231225,90.50943309152082,93.80467944194027,589780
2023-06-22,89.2967758178711,92.14386649954439,88.92770316875801,92.14386649954439,373750
2023-06-23,89.04195404052734,90.0261300194886,87.65355526541153,89.29678723627869,841044
2023-06-26,95.39517974853516,95.72031312465367,91.38816246281583,91.38816246281583,3181164
2023-06-27,97.54808044433594,98.28621240330072,94.68341109460057,95.4039713563406,4719530
2023-06-28,97.54808044433594,97.54808044433594,97.54808044433594,97.54808044433594,0
2023-06-29,97.54808044433594,97.54808044433594,97.54808044433594,97.54808044433594,0
2023-06-30,97.54808044433594,97.54808044433594,97.54808044433594,97.54808044433594,0
2023-07-03,104.86791229248047,104.86791229248047,104.86791229248047,104.86791229248047,1519143
2023-07-04,104.52520751953125,107.20534379611229,103.25104832822291,107.20534379611229,6679910
2023-07-05,105.88724517822266,108.47072035944886,104.1297805279617,104.1297805279617,6666234
2023-07-06,108.39163970947266,109.7360992027273,107.20535231567125,108.08408471170135,5666209
2023-07-07,107.4601821899414,109.27036872440901,107.19655979761104,108.34770375964462,1772243
2023-07-10,109.1737060546875,110.4566544902075,107.25806925004623,107.99620791541966,5777349
2023-07-11,109.34066772460938,110.7202772604005,108.74312945217906,109.62186181138858,2961875
2023-07-12,109.1561279296875,110.52694817926482,108.08407344560455,110.28090420669406,2410754
2023-07-13,108.63768005371094,110.80815007157388,108.31255336880082,110.09637900007236,2938904
2023-07-14,106.88899993896484,108.96280877126982,106.59023416518654,108.95401957080703,1154745
2023-07-17,105.92239379882812,107.73258021801443,105.4478775453705,107.20534217112667,1542745
2023-07-18,103.06652069091797,106.32661698572895,102.63594370591922,106.32661698572895,1430652
2023-07-19,103.88374328613281,105.00851966256677,102.1526394206978,103.07531110359541,2255982
2023-07-20,105.70271301269531,106.23874027150995,104.04190944167804,104.99972446547085,2276223
2023-07-21,105.16668701171875,106.68689691399086,104.56914875068983,106.23874154217025,1516207
2023-07-24,105.43909454345703,106.30025521054816,104.65702327535598,105.35122264784265,1061366
2023-07-25,106.66053009033203,107.2932184541779,105.27213807433223,105.68513664676894,2307977
2023-07-26,109.45490264892578,110.10516943442279,106.94172751631837,106.94172751631837,4033582
2023-07-27,109.45490264892578,109.45490264892578,109.45490264892578,109.45490264892578,0
2023-07-28,109.45490264892578,109.45490264892578,109.45490264892578,109.45490264892578,0
2023-07-31,120.79933166503906,122.47771359427296,118.73430537426533,119.49881160127036,5836326
2023-08-01,118.5409927368164,122.09986155864085,116.43204038749408,121.48475157412118,4265786
2023-08-02,119.0242919921875,120.21058600677857,117.04714424012992,118.54098652667294,3063830
2023-08-03,116.17721557617188,119.5076054458905,115.56209217436894,119.06823924939826,2600290
2023-08-04,117.46893310546875,118.18950006232271,114.33186561521156,114.6745706924395,2799533
2023-08-07,114.31428527832031,119.50759655239798,112.93468249636564,118.62886422480682,2219136
2023-08-08,106.11571502685547,113.79583349522737,105.7378598675452,113.44434593659074,2909062
2023-08-09,110.50938415527344,112.36350998269363,104.56036228687533,104.56915148770462,3893284
2023-08-10,108.18074035644531,113.35647337173377,106.41448645231557,111.1596424924366,3156691
2023-08-11,109.70973205566406,112.9083239629176,106.59023624992692,106.59023624992692,5177006
2023-08-14,109.70973205566406,109.70973205566406,109.70973205566406,109.70973205566406,0
2023-08-15,109.55155944824219,110.72027507189696,109.18249347367617,109.84154273005652,772074
2023-08-16,107.27564239501953,110.28090529689206,107.0471701164329,110.10516151594572,1256102
2023-08-17,108.16316223144531,108.52344571458464,106.41448672423128,106.76598100665615,1067859
2023-08-18,107.86439514160156,110.67633595852305,107.64471205577345,108.52344439908589,1378377
2023-08-21,105.43031311035156,108.0752927272638,105.14032981812261,106.32661718137312,923242
2023-08-22,106.46721649169922,107.55684274641088,105.44788373095264,105.44788373095264,1529047
2023-08-23,108.0401382446289,108.78706609507257,102.46897844131068,106.50235665356719,6788187
2023-08-24,108.5673828125,108.87493778931191,107.65350037840481,108.53223271455069,4421153
2023-08-25,107.68865203857422,108.892511065873,107.11747467095431,108.34770130024434,1340492
2023-08-28,105.9839096069336,107.64471321738037,105.54454343053612,106.98566395278417,672275
2023-08-29,104.44612121582031,106.32660779250922,103.51466712760862,105.4918147931718,1186554
2023-08-30,101.9153823852539,105.40394423397224,100.79059932936894,103.74314060465072,1691122
2023-08-31,96.62540435791016,102.57442587280475,94.90308982848919,101.9329483343032,3272895
2023-09-01,97.5568618774414,98.85738869635964,95.97514768081709,96.66055783644053,1297165
2023-09-04,100.24578857421875,100.93998793852691,98.41802366851084,98.41802366851084,1116384
2023-09-05,98.69922637939453,101.06301876407092,98.42682147113389,100.61486334709663,541157
2023-09-06,100.0524673461914,100.26336123604946,97.99623013143884,99.60431196407167,526564
2023-09-07,102.71501922607422,104.12977878215047,100.6148495405589,100.6148495405589,2718676
2023-09-08,103.06652069091797,103.91010296332603,102.59200440565169,103.16318178814976,508116
2023-09-11,103.80464935302734,104.39340511852491,102.5920011321704,102.86440601338855,1400626
2023-09-12,102.95228576660156,104.12978390242085,102.72381347748893,103.59375663038496,672941
2023-09-13,104.2967529296875,105.43910105157656,103.03137610130942,103.59376431298938,1069984
2023-09-14,104.60430145263672,105.88724990003404,104.4812794579682,104.56036215274258,644523
2023-09-15,105.3863754272461,107.5392670934351,105.07003123163193,106.32661881304485,1183480
2023-09-18,105.14032745361328,106.49357608271913,105.01730546043963,106.30025389224747,568309
2023-09-19,105.4742431640625,106.32661461838534,105.26334927670499,105.36001037178464,1182515
2023-09-20,104.59550476074219,105.89603151663246,104.39340008577393,105.86967062026228,315138
2023-09-21,105.86967468261719,106.32661254702276,104.44612588624578,104.83277025903212,431649
2023-09-22,106.7132568359375,107.18777310102169,105.4566693295652,106.54629554705723,935514
2023-09-25,105.87845611572266,106.74840594575592,105.1930459738993,105.93118461415217,951744
2023-09-26,105.91360473632812,106.94171993472624,105.5357495731311,105.5357495731311,1608439
2023-09-27,108.18952941894531,108.34770151022052,105.64120426137646,105.88724824687213,2133979
2023-09-28,108.18952941894531,108.18952941894531,108.18952941894531,108.18952941894531,0
2023-09-29,108.18952941894531,108.18952941894531,108.18952941894531,108.18952941894531,0
2023-10-02,109.23521423339844,109.84154168886357,106.76597852157539,106.76597852157539,2449414
2023-10-03,109.1473388671875,110.19303245612808,108.96280588752659,109.79759889611576,810280
2023-10-04,108.83978271484375,109.65700401826115,108.5234385519599,108.96280469994355,492189
2023-10-05,109.22643280029297,109.62185967254369,108.87493852262803,109.01553221117656,619319
2023-10-06,108.16316223144531,109.49004996310615,107.55684146606313,109.40217806854889,760232
2023-10-09,107.38109588623047,109.08583887626834,106.32661969490162,107.20535208907437,1208486
2023-10-10,109.72731018066406,109.95577576302456,107.64471211240743,107.64471211240743,2511291
2023-10-11,111.08055114746094,111.90655493489152,109.40216926838207,109.79759611418004,3225786
2023-10-12,111.03661346435547,112.15260053048438,110.61481901240876,111.39689021955158,1990347
2023-10-13,113.05770874023438,113.70796210575035,110.72906664365227,111.32660491706736,4439674
2023-10-16,115.01728057861328,116.42325774870795,113.26859831696194,114.23520929745104,4608168
2023-10-17,113.67498779296875,117.4501748285654,113.16231272541734,116.51803058389424,2029300
2023-10-18,113.38602447509766,114.28088208965099,112.45388023764261,114.04784603028722,1482079
2023-10-19,121.88717651367188,121.88717651367188,113.44195191877469,113.6936348478006,6302984
2023-10-20,122.09224700927734,124.81410644841726,120.48895779913583,123.96586601065702,9568475
2023-10-23,124.9073257446289,126.7716141885786,123.04303730067922,123.27607335617293,8913065
2023-10-24,126.26825714111328,126.7716087410576,122.76338591412528,125.71828126400325,5911623
2023-10-25,132.83987426757812,134.2287743447613,126.30554808135524,126.48265776769185,12488263
2023-10-26,130.7705078125,135.53376539834173,130.50019224400143,133.17544163351795,4615358
2023-10-27,128.4401397705078,131.43232883417375,128.08593465548495,131.33910872720432,2964957
2023-10-30,131.283203125,132.36449395401345,127.06992102308185,128.44949063948897,4245368
2023-10-31,131.78656005859375,134.13555335345563,131.41369382047807,132.83055707853237,4348599
2023-11-01,133.79066467285156,136.18628225137635,132.25263233122072,132.8492040894561,5098989
2023-11-02,133.091552734375,135.6176698694976,131.991629364312,134.0423438366173,2622115
2023-11-03,133.36187744140625,134.6948368193804,132.3737926423486,133.28730419864388,2636536
2023-11-06,133.35255432128906,134.22877219329365,132.6907398679358,133.7627000676225,1875067
2023-11-07,130.1646270751953,136.2794912943357,129.48416573133304,133.29663243419319,3266614
2023-11-08,130.7518768310547,132.36448238745052,130.03412178203766,130.79848688784142,1868137
2023-11-09,130.7518768310547,130.7518768310547,130.7518768310547,130.7518768310547,0
2023-11-10,132.14076232910156,133.9491244302681,131.5255579405397,132.35516574512314,3682660
2023-11-13,135.70155334472656,137.86412047665726,135.16090800589598,136.55912429561215,5824162
2023-11-14,136.288818359375,137.02520606565275,131.6280970646249,136.4659138209257,4036993
2023-11-15,146.27207946777344,146.5144318614062,135.263457739745,136.2888221424086,11565263
2023-11-16,153.78515625,155.574871524927,147.38132972621824,149.60915394183698,10210729
2023-11-17,155.58419799804688,160.7948808688194,152.49880284958215,153.71057897886521,7757363
2023-11-20,154.48426818847656,157.4205312168027,152.87166255987668,155.66809541158176,3969912
2023-11-21,156.02230834960938,160.32881021195658,154.96898080080106,154.96898080080106,4729669
2023-11-22,165.27850341796875,167.72071693042474,155.7147080284502,157.06631441763247,11363194
2023-11-23,163.64724731445312,167.79528651053766,161.72703237582027,166.38775376993613,4496810
2023-11-24,164.99884033203125,165.9216682138665,161.96005534920957,163.64723408170903,3755051
2023-11-27,163.330322265625,167.7673239284937,162.7523973621444,166.66740050272185,3209494
2023-11-28,163.06930541992188,164.87766740813566,162.1371612382357,164.79376362200642,2587235
2023-11-29,164.73785400390625,170.95525462137718,163.3116743987274,164.08535585503242,6903940
2023-11-30,162.4634246826172,166.84451429543753,161.73635326248814,165.64204017672103,1956418
2023-12-01,166.63941955566406,167.31988082661545,162.84558590412237,164.04805986513432,2825609
2023-12-04,171.30014038085938,174.68381409103876,167.69273272309337,167.7859528306892,6160140
2023-12-05,175.8303680419922,177.0141809556479,169.23078528491325,171.4679257142927,6595463
2023-12-06,177.40570068359375,179.8758772594709,175.24311919397167,177.09809137394618,5259149
2023-12-07,190.53961181640625,190.70739095616815,181.76813090623963,181.76813090623963,10399092
2023-12-08,202.48036193847656,203.20743326826232,192.01238667514278,192.9352003195831,9672655
2023-12-11,192.70217895507812,195.61047871920877,188.61939676674803,191.19210980483223,7568538
2023-12-12,196.34686279296875,198.91957578344218,192.02171407402352,192.02171407402352,5560440
2023-12-13,191.37852478027344,201.7812575394875,184.0052606924931,198.91956799801284,6339915
2023-12-14,190.64215087890625,193.64365657870934,186.4568179687105,191.08957614782432,3573816
2023-12-15,192.15220642089844,197.23238950856992,191.08956259297562,193.41992311240216,5530685
2023-12-18,186.88560485839844,195.75029151067486,185.82296098770476,194.3707220101971,2689216
2023-12-19,174.0313262939453,187.46352816973177,172.8661459970879,187.46352816973177,5151889
2023-12-20,168.88587951660156,175.70918189541825,162.3329069211849,172.71699275179807,5400626
2023-12-21,174.34825134277344,176.17526030047839,167.36650013013292,170.12563909883968,3780236
2023-12-22,169.74346923828125,176.17525870810934,168.99775101282776,176.17525870810934,2166621
2023-12-25,169.74346923828125,169.74346923828125,169.74346923828125,169.74346923828125,0
2023-12-26,157.0103759765625,167.7766446502867,157.0103759765625,167.7766446502867,5473734
2023-12-27,160.1516876220703,161.16772135407433,152.62929156397996,153.8037880981266,3056055
2023-12-28,161.26095581054688,163.58200012153617,158.46452305082641,161.25163948843579,3885819
2023-12-29,164.71922302246094,168.71811575074645,160.80420564290046,162.19310574933638,4231939
2024-01-01,177.07012939453125,177.07012939453125,166.36910307870428,167.7859663325065,5757678
2024-01-02,175.14059448242188,182.68163856449897,174.3109866124002,179.90385249301195,7550848
2024-01-03,171.92469787597656,177.1074179356126,171.0484799536048,174.77705717330193,4338525
2024-01-04,172.04586791992188,173.56525334787477,168.7367530479418,173.37882734594467,2596225
2024-01-05,170.63832092285156,173.4720473547038,163.12524068477003,172.44668300961405,2478560
2024-01-08,166.73263549804688,171.41200356092688,165.98693148547306,171.41200356092688,1498188
2024-01-09,164.74717712402344,168.71810644252577,162.65916891834667,167.78596220803666,2521805
2024-01-10,164.1971893310547,167.78595006343463,163.5819849905994,163.5819849905994,2060132
2024-01-11,167.73934936523438,168.7181036398678,163.59131043534143,165.9216709828534,2997726
2024-01-12,169.10028076171875,173.37881917616167,167.32919826835743,168.72741455203615,4677929
2024-01-15,171.123046875,174.95416039546242,169.6968672790914,171.51454576177954,4818672
2024-01-16,167.4876708984375,170.47986017932246,165.05478807658082,169.4638263671966,2418910
2024-01-17,166.31317138671875,173.8448984527663,165.45560040410734,167.22666874724513,11099585
2024-01-18,166.84449768066406,168.25203032082158,161.26094872854367,166.5741678939965,4010734
2024-01-19,167.1334686279297,170.5823995445341,166.02421468301748,168.2613552171953,3038019
2024-01-22,172.62379455566406,173.36018224899482,165.92167517590576,166.87246628586814,5734670
2024-01-23,169.109619140625,173.51865774769206,166.38775946018436,172.91276963509355,10159241
2024-01-24,168.8672637939453,172.16704833796172,167.7952893213061,168.71811729322093,4035794
2024-01-25,164.8403778076172,168.62488100438185,163.61927117474298,168.62488100438185,2530462
2024-01-26,162.5473175048828,165.91235878813072,161.36349033474943,164.05738662574788,1907453
2024-01-29,156.2366943359375,162.70577754207218,155.20201367582962,162.19309537293904,1377436
2024-01-30,150.998046875,157.29933666328284,145.8805700018001,156.23669282453767,3832148
2024-01-31,152.53607177734375,154.26986050665633,151.00735590379654,151.49207485591384,3351993
2024-02-01,153.3284149169922,154.139375874188,150.72772445853445,152.592012984239,1707074
2024-02-02,153.319091796875,154.40969893042487,151.52937643232707,152.13527876656144,1298686
2024-02-06,156.2366943359375,157.43915412954777,154.130053504963,156.6002300152515,1813852
2024-02-07,157.9518280029297,159.1170082245851,155.66807761316335,157.06629387914984,2150325
2024-02-08,157.9518280029297,157.9518280029297,157.9518280029297,157.9518280029297,0
2024-02-09,153.2351837158203,156.55361477576554,146.49578516549823,154.73593643937886,2494374
2024-02-12,143.5781707763672,151.8928953792077,141.74184555441448,151.8928953792077,2975342
2024-02-13,137.81753540039062,141.66728154658682,132.81191102068343,136.60574501006212,8028276
2024-02-14,144.5382843017578,145.32128205366087,139.92417313535267,143.36378767390326,3004761
2024-02-15,137.96665954589844,144.01628059554332,136.19559123440385,143.55020849005612,3429739
2024-02-16,131.60011291503906,138.75898785349364,130.08072752263124,137.03451537335067,3333047
2024-02-19,135.6269989013672,136.4659231021213,127.70377216142478,130.0341329672902,2408832
2024-02-20,140.57666015625,145.38652749234308,134.6109431510587,135.53375677740115,4842958
2024-02-21,147.17625427246094,148.19228808588537,143.56886059583704,144.43574791644895,2639924
2024-02-22,150.4014892578125,151.5666696387271,145.41451153814072,147.26948382497835,3332872
2024-02-23,152.3776092529297,153.3377166142234,149.33882436628448,150.55060041370209,2791464
2024-02-26,151.9861297607422,155.9570593269961,151.46413123260288,152.87166399407803,2058485
2024-02-27,148.0151824951172,152.38694140070757,145.41450623799963,151.9395161332945,2009709
2024-02-28,149.8981170654297,151.93951528270085,146.3466496894726,147.27879395501063,1330837
2024-02-29,153.2351837158203,154.17664423277145,149.70236347347864,151.0073596577071,2557256
2024-03-01,156.94512939453125,159.30345330793628,152.43355444918186,153.71058757368374,4913473
2024-03-04,160.00254821777344,160.60845048929554,157.99844385236568,160.32880438116163,2933925
2024-03-05,156.56295776367188,158.93991427218506,155.20202087190768,158.93991427218506,1751828
2024-03-06,159.1170196533203,163.3862419989138,155.76130890796034,156.60023303845225,4477457
2024-03-07,160.28219604492188,161.11180383313504,156.64683927036802,159.3780150121804,2051551
2024-03-08,162.510009765625,163.49808030145746,160.37540589325025,161.82023218881653,2554872
2024-03-11,160.9999542236328,166.3877467913873,160.44066199043928,163.12524195234047,3805445
2024-03-12,155.8731689453125,161.26096179097777,153.80380748850482,160.43135394376338,1392960
2024-03-13,149.14308166503906,157.03834468855348,146.37461207376035,154.87576317718194,1478616
2024-03-14,156.82394409179688,157.89590422398732,149.60914292026766,151.00735920924214,1347599
2024-03-15,154.27919006347656,158.93059500244448,153.79448529316804,157.54169494622468,1152148
2024-03-18,154.92236328125,156.78665168228403,152.87164888479091,154.7266209642408,1348232
2024-03-19,157.29934692382812,158.4179172128301,154.26987802010996,154.26987802010996,4096343
2024-03-20,157.40188598632812,158.74417604485583,156.13416917809562,158.55775003081436,1601869
2024-03-21,156.75869750976562,159.02381544345886,156.04094245153775,157.34595294135138,2497754
2024-03-22,157.345947265625,158.37129737414332,156.600229044544,157.25272715421787,1546317
2024-03-26,158.31536865234375,159.48987945575675,158.1848690323414,159.2941229140573,432428
2024-03-27,159.05177307128906,161.26095032483164,156.69344932868745,158.46451766023918,1315627
2024-03-28,161.3541717529297,163.21846021120322,159.0704070128309,159.3034430701151,1197101
2024-03-29,160.83216857910156,163.5913219193389,159.95596489937745,162.19310549267786,1226728
2024-04-01,159.60174560546875,162.6964572353085,158.56706488024852,161.16774117694098,496875
2024-04-02,157.51373291015625,159.86274042548888,157.26206420105794,159.86274042548888,486851
2024-04-03,157.7001495361328,158.74416071606007,157.35526073228988,157.53237040671468,318163
2024-04-04,158.995849609375,160.79488116269158,158.61366705792489,158.930592685443,608445
2024-04-08,161.9787139892578,162.659175324685,158.9305982398785,158.9305982398785,1104270
2024-04-09,168.13084411621094,170.39596190912852,162.23970019242205,162.24901651396303,4389779
2024-04-15,172.88478088378906,175.05667851342986,167.31987903376415,167.31987903376415,4141503
2024-04-16,170.42393493652344,175.243119002279,170.11632562721235,173.37883050225477,1821081
2024-04-17,166.91908264160156,170.81543889531383,166.38775357606286,168.7647243289709,1804216
2024-04-18,168.39186096191406,169.10961605058915,165.45561212621456,166.8538285667178,980073
2024-04-19,170.7781524658203,171.84079633046676,167.33853794453537,169.1841795571545,1650575
2024-04-22,170.4425811767578,172.91275774084144,169.41721681616136,171.5145413709694,1949089
2024-04-23,167.9910430908203,171.04847518791544,167.01228875324085,171.04847518791544,1002141
2024-04-24,168.4757537841797,170.6756147428823,167.78596193137395,168.53168016241406,1025798
2024-04-25,168.1588134765625,169.97650610457526,167.41310947094843,169.1841778193701,780040
2024-04-26,167.41310119628906,170.1163136415099,166.85380899633026,168.7087810435819,1394534
2024-04-29,164.85902404785156,168.2427120508153,164.05737946561797,167.78595627165475,544816
2024-04-30,165.53018188476562,170.02310988930952,164.05739222502925,164.85903686960998,1495029
2024-05-02,162.75238037109375,167.5715641001664,161.7270160783585,165.8284448025165,1352457
2024-05-03,166.54620361328125,167.5995311177621,162.65916398027315,163.58199186482298,1323132
2024-05-06,166.97500610351562,170.58239984380887,166.39706698951483,168.72742764311877,1907971
2024-05-07,165.84710693359375,167.69274860700145,164.99885223365547,167.69274860700145,639574
2024-05-08,165.77252197265625,168.7087847518935,164.98952425421638,165.92166845904245,755068
2024-05-09,165.94964599609375,166.76060697292652,165.45561066269067,165.9216828054025,543502
2024-05-10,169.08164978027344,171.51454691137596,167.04025153857452,167.1800817141141,3143773
2024-05-13,170.7222137451172,173.14579448514104,170.11632567180746,170.5823977969357,3010465
2024-05-14,171.2535400390625,173.1924017552016,170.5357849953657,171.56114934350398,1498563
2024-05-15,168.2240753173828,173.052575744822,167.7859663784122,172.33483490726815,1155786
2024-05-16,166.43435668945312,169.6502514687706,165.68863845370313,168.25203511051149,995856
2024-05-17,166.91908264160156,167.97239600353726,166.1547175066286,166.85382571493136,583637
2024-05-20,165.05477905273438,167.73934465619635,163.87095194528274,166.85381051768027,1068484
2024-05-21,165.76321411132812,167.7766491101291,165.4556048012286,165.54882491582572,1005247
2024-05-22,163.33963012695312,167.77664578337524,163.12524093570175,167.0868539298545,814259
2024-05-23,165.0081787109375,165.87506603407292,162.1930991003245,163.8616310454202,850663
2024-05-24,165.4742431640625,166.6207765530386,164.9895241951767,165.0174873834401,551845
2024-05-27,162.85491943359375,166.38773969315608,162.06259117426964,166.34112963847963,959136
2024-05-28,162.85491943359375,162.85491943359375,162.85491943359375,162.85491943359375,0
2024-05-29,160.17965698242188,162.8455899811333,158.80940386141407,162.8455899811333,1142046
2024-05-30,158.86532592773438,161.24229643377012,157.662866192634,161.24229643377012,986891
2024-05-31,157.8213348388672,159.79747602409532,157.51372554096795,159.3780139718298,1050589
2024-06-03,156.3392333984375,159.16362931368747,156.11551365994723,159.16362931368747,898904
2024-06-04,156.3392333984375,157.9052288976923,155.57486829280668,156.6002326483133,695348
2024-06-05,156.07823181152344,158.76281173963966,154.87575779230798,156.57226711449036,551234
2024-06-06,153.80380249023438,157.81202564223415,152.8716582327178,156.67480851019252,843882
2024-06-07,151.50140380859375,154.04615362844248,148.67700786907764,153.91565400238338,1094964
2024-06-10,152.93690490722656,154.03682823014424,150.72771349307854,152.52675918566686,494236
2024-06-11,150.79296875,157.06629513083632,150.0658974237642,156.60022303845994,1237819
2024-06-12,152.72250366210938,153.3284059314913,150.07521752436202,150.07521752436202,640319
2024-06-13,159.9932403564453,160.99995786492693,152.00477143747014,152.72251227745093,3410316
2024-06-14,160.02120971679688,165.5488327927072,159.2102487301075,163.1159356092459,3917467
2024-06-20,158.6229705810547,161.54058636402019,157.5323636166693,160.32879610690603,1218602
2024-06-21,155.901123046875,160.88810038526498,154.92236875705922,159.10770148573434,1663127
2024-06-24,155.7706298828125,157.2527358618681,153.8038048997048,156.5909213937633,949262
2024-06-25,156.3392333984375,158.18487501495704,155.9104407888459,156.22738064088855,1275158
2024-06-26,157.1035919189453,158.0916768111064,154.27919586637512,156.57227707136326,1771467
2024-06-27,156.17144775390625,158.37130884253153,155.20202395267498,157.31799546899424,631886
2024-06-28,154.93170166015625,157.0476588614786,154.26987298603225,155.80790530529734,619788
2024-07-01,153.3470458984375,157.20612253586054,152.40558532358773,155.7147002655062,861269
2024-07-02,156.3392333984375,157.9052288976923,153.80379992245057,154.03683598293912,1869011
2024-07-03,160.2542266845703,161.7270162046531,156.69344329167467,156.69344329167467,2333905
2024-07-04,162.30494689941406,164.5234546926474,159.96527002958848,161.2516336036,2074150
2024-07-05,161.04656982421875,163.12524756781866,160.28220469410098,162.19310329600256,630950
2024-07-08,162.7803497314453,164.52345487180276,161.72702221109225,162.19309432121065,1185299
2024-07-09,166.29452514648438,167.29192630103523,162.0066702172637,163.13455677184663,2360032
2024-07-10,163.18116760253906,166.94703827932761,162.8922051652562,166.36909918136962,1118028
2024-07-11,160.6737060546875,163.49810210389447,160.32881722029242,162.33292174618884,652839
2024-07-12,156.59092712402344,161.12114902123767,152.87166622174357,160.7855765020591,1845431
2024-07-15,159.34072875976562,160.56183536254218,158.46451095287182,158.46451095287182,1096693
2024-07-16,159.34072875976562,159.34072875976562,159.34072875976562,159.34072875976562,0
2024-07-17,159.34072875976562,159.34072875976562,159.34072875976562,159.34072875976562,0
2024-07-18,160.30084228515625,161.90413147776582,159.86273336488551,159.86273336488551,946733
2024-07-19,156.7120819091797,160.7948781493263,155.20201282239321,159.6296978728819,754270
2024-07-22,150.30825805664062,156.6002316497093,149.60914987963298,155.6680874136991,1238594
2024-07-23,151.4361572265625,152.87165307642667,150.16844051016378,152.75980032078303,643449
2024-07-24,152.0140838623047,153.23519053691575,151.380218385041,152.39626641305247,415109
2024-07-25,153.8131103515625,157.9984429580099,152.9648699336601,154.72662191452173,1871917
2024-07-26,151.05397033691406,153.28179440424154,150.55060450420714,151.9581513480805,553381
2024-07-29,151.79969787597656,152.87165808170465,150.2709818640952,151.93019750296426,1065518
2024-07-30,150.38282775878906,152.87165110348388,150.075218461347,152.3589689410804,419403
2024-07-31,148.7049560546875,151.47342533561587,148.30414089487326,151.00735325766016,442354
2024-08-01,147.05506896972656,149.84218534477213,146.3466444735877,148.67700505437733,455827
2024-08-02,150.42010498046875,152.3962603560855,146.53306537384546,149.031219225643,792708
2024-08-05,148.08973693847656,152.8716409917147,147.74484815357795,149.16171124775795,613094
2024-08-06,145.47975158691406,149.98199553979364,144.9484225676375,149.1430714522315,830689
2024-08-07,144.37982177734375,148.20161887750675,144.0162860901296,148.20161887750675,737268
2024-08-08,148.15501403808594,151.24040932704267,143.73664503347229,144.48236330164323,1788041
2024-08-09,150.30825805664062,151.47343835165333,147.79147146409161,149.79557588215656,993319
2024-08-12,147.93128967285156,151.38022055416462,147.46521754771757,149.42272616263733,524436
2024-08-13,147.49317932128906,148.2016180476623,146.63560832608306,147.30675331770382,315369
2024-08-15,147.744873046875,149.1337731883682,147.278800892153,147.2881172148258,274557
2024-08-16,146.93389892578125,149.59983198161973,146.8127156248911,148.66768775542994,422177
2024-08-19,146.11361694335938,148.18297839774922,145.88058087167937,146.54240957354352,242451
2024-08-20,146.1229248046875,148.94732069203351,145.41450030822247,146.7754371463228,482621
2024-08-21,145.44247436523438,147.26948345622682,145.3492542456373,147.26948345622682,619322
2024-08-22,148.9752960205078,149.5905003957353,146.6822149817406,148.20161461134546,855443
2024-08-23,148.49989318847656,150.63451141415646,148.21093075645513,149.152391296814,839546
2024-08-26,148.36940002441406,149.7583000909906,147.27879294799865,149.7583000909906,294281
2024-08-27,150.2150421142578,154.2698753428375,148.21093764055084,148.21093764055084,4452213
2024-08-28,149.85150146484375,151.47343754731,149.24561340401138,150.5226464490786,603165
2024-08-29,150.6717987060547,151.00737121101486,149.61847113315883,150.06591062203424,475681
2024-08-30,149.78627014160156,151.24041297675998,149.56255038873363,151.00737690129503,458875
2024-09-02,150.15911865234375,150.99805703838376,149.51593682339765,150.06591275837906,240190
2024-09-03,151.6785125732422,152.489473514313,149.79557721717063,150.53197913528135,559209
2024-09-04,152.61996459960938,152.91825756832816,151.47343122580372,151.83696689180996,480568
2024-09-05,151.2404022216797,153.1046906928252,151.0073661627865,152.8623383119975,432468
2024-09-06,151.5386962890625,152.4055836071224,151.3802192512955,151.89290142920893,203585
2024-09-09,150.23367309570312,152.40557070304894,149.8981006279718,152.40557070304894,221170
2024-09-10,151.16583251953125,151.70647789564387,149.24561762498203,150.6904440686667,286217
2024-09-11,149.73965454101562,151.16583413221682,149.143082778836,151.16583413221682,545380
2024-09-12,151.81832885742188,152.91826646432156,149.7955775495711,150.77433185295502,608087
2024-09-13,154.1114044189453,157.81201808187075,153.33772301546452,155.20201144118445,1187187
2024-09-16,154.9037322998047,156.83327781997457,154.08345499113804,154.08345499113804,706624
2024-09-17,154.9037322998047,154.9037322998047,154.9037322998047,154.9037322998047,0
2024-09-18,156.80531311035156,157.42984807588752,155.20202379870372,155.66809594224338,980070
2024-09-19,157.47645568847656,159.303450497669,156.66549472280187,157.2806991329381,1449273
2024-09-20,156.27398681640625,158.3899583682262,154.73595440475248,157.53238731568175,1961771
2024-09-23,155.17405700683594,157.89591655513408,154.73594806420442,156.2739804128349,610433
2024-09-24,153.2258758544922,155.65877290779855,152.8716564891902,155.65877290779855,629118
2024-09-25,154.19529724121094,155.1460883409593,152.87165413780048,152.88097045970474,1009009
2024-09-26,152.49880981445312,155.668094675373,152.04205399707996,155.10880241831987,822239
2024-09-27,150.25233459472656,152.8716576730153,149.61846910577188,152.8530108053833,1350506
2024-09-30,150.34555053710938,151.42684135777117,149.5159426644312,150.27099150838205,442526
2024-10-01,152.0140838623047,152.40558273500037,150.53197793922985,150.53197793922985,1345003
2024-10-02,153.8876953125,154.73595001838376,150.07522863228786,150.07522863228786,1188133
2024-10-03,156.84259033203125,157.98913802923042,153.80380512097165,154.72663307211891,1709169
2024-10-04,164.5793914794922,165.92168151581242,157.4391628950289,157.53238301220392,4266996
2024-10-07,174.09658813476562,175.24312159670475,163.64724467913743,164.05739043095764,6851203
2024-10-08,177.470947265625,180.36991651865907,175.22447615790236,175.2338067035879,3913140
2024-10-09,177.470947265625,177.470947265625,177.470947265625,177.470947265625,0
2024-10-10,183.1756591796875,184.3781332124028,174.32028891430136,177.10740530772307,4131553
2024-10-11,192.6276092529297,197.60527050447848,184.37814093122267,184.6671033815002,10335161
2024-10-14,193.00047302246094,199.29244681478178,191.92849858306693,194.63172548713672,4824506
2024-10-15,189.6409454345703,193.9309376251076,185.6056195957469,192.9514884451828,2604133
2024-10-16,199.83702087402344,205.63535839664146,188.59294814176056,189.03369729667475,7297940
2024-10-17,197.72140502929688,203.23570880240234,196.86928900859215,200.79687491649835,2360218
2024-10-18,192.96128845214844,197.8389564041385,191.13951227681451,194.91039781052905,1771879
2024-10-21,195.56661987304688,199.7096858023223,192.36381680598564,193.9309415032876,2951260
2024-10-22,192.43238830566406,197.26106575787375,191.9720459793825,195.56662280199996,1750500
2024-10-23,191.3060302734375,194.39128936172784,189.13165179294765,191.48232396067277,1349294
2024-10-24,201.02215576171875,202.74598094405988,190.11109245751345,192.36381362294733,5843435
2024-10-25,220.35647583007812,221.12044500699008,204.70488186985483,210.5619838745827,23434446
2024-10-28,229.16172790527344,234.9502761980861,221.40449212319527,223.31441505236458,13463820
2024-10-29,225.80221557617188,233.54966245799395,224.29387036012238,231.13042169997766,5390420
2024-10-30,218.8775177001953,228.21166754180345,216.12526779189028,226.25276910796822,4858652
2024-10-31,217.23204040527344,224.9794874820061,214.2936926847112,221.35552828235456,8180925
2024-11-01,232.14906311035156,237.56541621335555,216.06650837875821,217.43773133703417,13095823
2024-11-04,236.71327209472656,244.60764508772655,234.0883554499916,238.59382768359788,11769120
2024-11-05,234.25486755371094,240.4058074439328,231.00310392315208,239.965058285104,11850635
2024-11-06,232.31556701660156,236.9777400064799,230.17057079540243,235.55754160125227,2892004
2024-11-07,230.699462890625,234.0883637704745,229.68084227688814,233.10891454967754,2112063
2024-11-08,241.74766540527344,243.39313293309252,231.3361153387873,232.12946682150073,8102129
2024-11-11,244.29421997070312,246.82120072392073,239.96505625936737,243.02093300967286,7702415
2024-11-12,241.26773071289062,245.35203221014945,238.2510252898956,244.21586751605864,5022222
2024-11-13,241.00326538085938,247.31092055780468,238.9856024400172,240.94450082067308,6994267
2024-11-14,242.41368103027344,245.74380238755523,241.14039406006253,241.92395642213148,2122582
2024-11-15,249.9358367919922,257.0074611298312,243.14826108818525,243.14826108818525,11165906
2024-11-18,249.97503662109375,251.8947487651921,248.30997589952003,251.8947487651921,1770889
2024-11-19,256.77239990234375,257.88895642142523,249.75954020617525,251.2385180288001,5409635
2024-11-20,251.58131408691406,259.5540451416859,248.7996968144361,257.5951466877864,5504897
2024-11-21,260.6118469238281,261.5129533981832,249.75956223421989,252.45304770929482,8900389
2024-11-22,263.6775207519531,269.83826482266625,260.5334970701605,261.4052212385856,8490259
2024-11-25,268.22216796875,269.8382531620545,259.6519875144198,263.56978429354217,4319599
2024-11-26,256.3316345214844,269.25057149576634,254.65678480611464,269.25057149576634,6240800
2024-11-27,279.9951477050781,281.83651704722814,264.94101776290256,269.3485393153353,8977194
2024-11-28,285.12744140625,286.9786147360776,276.20467356851157,281.1019195537688,6096870
2024-11-29,286.71417236328125,288.9375112656908,278.76101982659384,286.8708878206483,6545500
2024-12-02,286.54766845703125,290.3087499674511,283.4526052588858,287.08635358510816,4947243
2024-12-03,295.86224365234375,299.58413886543764,280.12248694968696,287.44877813815276,9718563
2024-12-04,301.6605529785156,303.5313045586707,293.83476334632553,301.67035703556087,6061286
2024-12-05,303.4627380371094,307.4001430230249,297.7917485864397,303.6292575559401,6456467
2024-12-06,296.56744384765625,305.6958880507773,295.5488082683999,304.6087137414163,4202813
2024-12-09,299.0650329589844,301.67037157305657,291.88568304703347,296.5674493063492,3517291
2024-12-10,292.5321044921875,300.6909031422774,282.1401329806377,300.1913744874332,4986236
2024-12-11,303.5900573730469,304.6086928825496,292.54187189433827,293.8347519767359,6446693
2024-12-12,333.0029296875,333.9529966235057,304.62828467840933,305.68610657129096,10549130
2024-12-13,356.2844543457031,366.30420063838704,325.6668624631786,335.9510791725421,11182736
2024-12-16,378.7334289550781,389.477988427132,366.32382369166555,372.19071513638124,8969500
2024-12-17,368.0769958496094,383.9440847787768,359.02689484475746,380.99593313429193,8441394
2024-12-18,386.9411926269531,403.49387787503116,372.1906902923881,372.1906902923881,13894652
2024-12-19,372.86651611328125,395.5799453169192,370.23179538977666,384.8745727985287,7768798
2024-12-20,388.8902893066406,396.67692233078213,370.4374701361773,376.10848932103784,6954013
2024-12-23,427.78424072265625,427.78424072265625,392.8668529473935,396.67692467001945,7656611
2024-12-24,423.64117431640625,455.44389201463645,419.51770142683824,431.05561216225897,9641958
2024-12-26,410.4675598144531,425.6196402163972,404.51252179788065,421.1533542313635,5442404
2024-12-27,418.92022705078125,426.06042039639675,407.49984529882295,414.54208774212566,4147020
2024-12-30,435.4826965332031,437.5689281021446,423.12205246810623,426.0604000546903,3799376
2024-12-31,431.63348388671875,441.7217990071892,428.01931383404906,439.3417445501877,3247258
2025-01-01,431.63348388671875,431.63348388671875,431.63348388671875,431.63348388671875,0
2025-01-02,423.1612548828125,438.7932562680444,419.43932986414495,437.3142783616713,3200243
2025-01-03,426.6578674316406,432.62273958363846,415.2864761468139,426.16814281354294,4069658
2025-01-06,404.75738525390625,430.93807334739535,402.122664492841,426.06040553042766,4556039
2025-01-07,398.03839111328125,408.7731464176618,382.9646529576495,407.01992390820595,7977242
2025-01-08,384.13018798828125,408.46950683024875,380.0262934079262,399.61527760421103,4702608
2025-01-09,379.9773254394531,393.758152834116,376.1084891805179,384.1889450027556,4678631
2025-01-10,380.8882141113281,384.9235400798254,369.2425486403929,377.087946388633,3407157
2025-01-13,385.3349304199219,388.8413455224714,380.07526293046993,383.84614845581183,2365661
2025-01-14,394.4731750488281,395.6974865790852,385.0214960133272,386.88244356123425,3313086
2025-01-15,392.5926208496094,401.5741834208301,389.85017496778084,396.6867413387641,2774787
2025-01-16,381.02532958984375,391.779692921078,380.0752626388934,391.779692921078,1683902
2025-01-17,389.8599853515625,395.67791625067093,377.14672340713685,381.00575581874534,3428854
2025-01-20,385.20758056640625,393.7385746477916,383.9440827411301,390.790423018953,1800695
2025-01-21,374.668701171875,387.6659812915605,372.19069589220936,385.2075841257564,1425622
2025-01-22,364.8154602050781,373.9537084771892,362.4451798886823,373.16035698274686,1899909
2025-01-23,376.6177978515625,378.459167140923,362.59210794130223,365.75570974615124,2589162
2025-01-24,377.1173400878906,385.90300097577307,374.14961008310996,377.05857552466085,2454169
2025-01-27,362.8173522949219,380.8098289352303,360.92702255267443,377.2348454090606,1986035
2025-01-28,356.58807373046875,362.3962002527107,346.8229641118263,361.8477110976157,3010812
2025-01-29,348.9189758300781,362.81736246439266,345.6476190665483,360.4373080658105,2140461
2025-01-30,363.0132751464844,369.24255794047826,350.1531018944398,352.5723427031454,3100589
2025-01-31,361.3775634765625,372.16130858470694,359.5753805602783,371.21124167819886,1983044
2025-02-03,350.0551452636719,360.0455392642317,347.8121981804667,359.5655888209285,1519429
2025-02-04,342.8561706542969,356.4607339988668,339.5358535046997,352.84656416346087,1749405
2025-02-06,335.51031494140625,345.7455711424417,328.21343626089435,342.80722351233595,3942888
2025-02-07,336.0588073730469,340.60346609916826,327.1360393303299,335.9510823062968,2193928
2025-02-10,345.9610595703125,348.6839272447531,330.46616551736486,335.93150898079057,3096218
2025-02-11,357.7536315917969,361.29923298503286,346.73482786896324,348.68392225144623,4148106
2025-02-12,354.7173156738281,359.8888061057221,353.2383378593605,359.4578460788629,1431736
2025-02-13,344.2666015625,364.35511490911665,340.84833330207687,356.32361923721066,9802906
2025-02-14,329.7413635253906,347.59673278317706,327.14582918434746,344.76611031416354,5779058
2025-02-17,324.61883544921875,329.5846499792179,318.81070896949603,329.5846499792179,2629757
2025-02-18,326.2545471191406,329.094943930937,323.610022220671,328.1154946930473,2278017
2025-02-19,331.4945983886719,335.65725754759677,327.1360374308068,327.91958484573144,4330552
2025-02-20,337.3125305175781,339.6240163245421,331.0734138912785,332.4740489896663,3677225
2025-02-21,331.03424072265625,339.37913687753667,330.564094361237,338.88941229329777,1505243
2025-02-24,335.5984802246094,338.88941511065383,325.1771266379684,329.19287424019535,2749531
2025-02-25,338.9677734375,346.7250244238515,336.4506116548695,338.88943065156104,4154143
2025-02-26,332.19000244140625,338.2527955299793,331.5435623666329,337.9099823234516,1231237
2025-02-27,328.25262451171875,334.9226712796994,327.1360380583704,332.0332841370885,1790217
2025-02-28,328.448486328125,332.79724310363247,327.14583206299756,330.0743755631496,2037751
2025-03-03,323.805908203125,329.7805542404122,322.14083262390136,329.7805542404122,679594
2025-03-04,326.76385498046875,328.11549973198095,322.2877647208722,325.1771519731871,1482958
2025-03-05,318.98699951171875,329.09492215150055,318.3209812477312,327.1458278620247,1457547
2025-03-06,337.5182189941406,339.9178517328123,315.54917939491565,319.3004568869255,7411335
2025-03-07,363.5127868652344,368.27289558308354,343.00311842743247,343.78666582357,12459622
2025-03-10,349.5556335449219,357.40100118147745,347.5085584472648,352.60170615906253,5436066
2025-03-11,372.8861083984375,380.9077999922869,339.88846141182785,348.6741222103097,14303880
2025-03-12,374.7568664550781,383.9343011255822,369.2621705216715,377.097764504998,7987668
2025-03-13,391.8580322265625,394.7180371112619,377.06837286251977,377.0781470292714,10540509
2025-03-14,388.1263427734375,399.2920881138077,382.0047849729796,396.6769454696678,5544763
2025-03-17,404.8259582519531,409.4097734218273,384.6492983683919,393.73858592242726,11410811
2025-03-18,411.96612548828125,418.22482040331005,405.0512163290525,415.26689449496604,6337613
2025-03-19,412.09344482421875,414.5518718691085,406.4714160086947,412.8378357775056,3738949
2025-03-20,409.4489440917969,414.30700366139394,404.83571692709114,413.4352795426968,5203140
2025-03-21,411.2021484375,416.2561099449387,404.51252348896986,409.40976953605184,4817237
2025-03-24,398.5281066894531,413.31776597003324,393.73858566567156,411.3686715910001,4023237
2025-03-25,410.26190185546875,413.3275827851336,390.32032950735965,396.4516614762703,8838908
2025-03-26,411.30010986328125,425.08096776617543,399.1353671096209,422.14262006272264,26879128
2025-03-27,412.1130676269531,414.34621067599227,406.47143049657285,411.3001080273257,7058563
2025-03-28,412.1130676269531,412.1130676269531,412.1130676269531,412.1130676269531,0
2025-03-31,412.1130676269531,412.1130676269531,412.1130676269531,412.1130676269531,0
2025-04-03,414.845703125,419.20426408863074,405.981699683966,408.33237182226725,7951282
2025-04-04,402.80828857421875,415.16893272696854,401.86799581874345,414.30701264632495,7055542
2025-04-07,379.48760986328125,393.7385839686666,362.5235423056573,393.7385839686666,11008162
2025-04-08,383.7481994628906,388.7433965543924,382.4749274097554,386.39272436145586,3663091
2025-04-09,378.66485595703125,383.8461508008588,370.1240872874229,380.02630474669485,3541402
2025-04-10,387.5190734863281,396.6769295667553,384.92353906107365,396.6769295667553,6063875
2025-04-11,382.9842224121094,385.8736095610016,379.0958078215373,381.975390913317,2175287
2025-04-14,379.73248291015625,386.2947748943774,374.639334897861,384.5317782157314,2239567
2025-04-15,385.9715576171875,391.28015560031287,376.10849689217423,380.026293734801,4853071
2025-04-16,376.6080322265625,394.71803888750964,374.6980942757782,391.77969120348354,21420604
2025-04-17,388.3711853027344,389.77182037285246,375.12904290385865,376.0007670376413,8906634
2025-04-18,381.81866455078125,394.2968675557167,380.02628568502973,393.73857434376794,6166801
2025-04-21,378.83135986328125,384.9235350745822,376.35335458628043,383.6502630724872,3226054
2025-04-22,377.734375,382.96463004341035,376.3533480669576,379.0370292598732,2582547
2025-04-23,373.2191162109375,381.0057495263188,372.28865737899315,380.80984772463665,2571096
2025-04-24,363.29730224609375,369.24253603968236,353.5811532488031,362.3961958505738,4077756
2025-04-25,356.4803161621094,368.0182263385671,348.65452675735906,363.8653713688999,5052480
2025-04-28,342.2783203125,361.26985527210377,339.87868762788065,357.5479302555231,2433693
2025-04-29,349.8984375,352.0042772817494,337.9099883478956,340.8483360726599,3381136
2025-04-30,336.4309997558594,345.7455713128183,331.5435577603087,342.8072236812646,4788705
2025-05-02,345.7455749511719,349.330362686241,340.84832884704764,343.31653012297573,1985423
2025-05-05,348.5271911621094,351.0248044948808,339.9178245367131,345.74555908942966,2025948
2025-05-06,355.7261657714844,362.5921143911707,349.32055948232687,352.60172035818806,4245140
2025-05-07,338.6445617675781,353.5811621058444,333.01272885314984,333.21840481635985,4694780
2025-05-08,305.1669921875,346.2254856128054,304.7849926548913,342.90516839208783,6176801
2025-05-09,323.0419616699219,328.11550165615824,293.83477760252975,305.1670126991013,6169450
2025-05-12,355.34417724609375,355.34417724609375,355.34417724609375,355.34417724609375,790882
2025-05-13,378.16534423828125,380.61396725213905,357.49896002323794,367.29345207866913,12176699
2025-05-14,371.12310791015625,380.13402280896446,369.25235631122536,380.13402280896446,4456811
2025-05-15,378.3416442871094,380.5160227556153,371.89688155798746,376.1085012565155,5525750
2025-05-16,372.1417541503906,382.37698086919784,371.30921631057475,380.016504592025,3298832
2025-05-19,377.4013671875,382.9646313853311,375.42286070367305,380.0262838299449,3779048
2025-05-20,371.6324157714844,377.4013861085201,370.49625107292337,377.4013861085201,1208442
2025-05-21,375.6187744140625,378.7530238620811,370.2905682866818,370.2905682866818,2320702
2025-05-22,368.5863342285156,378.80198232474976,367.29345409639603,376.1084969947095,2716652
2025-05-23,368.037841796875,371.4071494437979,365.9222279331966,370.18283794100375,1327584
2025-05-26,355.30499267578125,362.3961951455886,350.69176553539546,361.41674596951947,3235997
2025-05-27,358.8995666503906,360.7311318896225,354.5704178831913,354.5704178831913,1748982
2025-05-28,358.8995666503906,358.8995666503906,358.8995666503906,358.8995666503906,0
2025-05-29,357.7144470214844,361.26004843224246,356.6272428391078,358.89957221399106,1032202
2025-05-30,358.4784240722656,360.43732256446384,357.009250203117,358.4882281296607,890182
2025-06-02,358.2825012207031,370.4766555744972,355.5400554488896,361.4167505802762,3538803
2025-06-03,359.9573974609375,362.3570301493775,353.5811733842815,358.28251775012114,1089268
2025-06-04,364.4236755371094,372.6706211647503,354.56061479709217,359.93778140684367,10708506
2025-06-05,362.7292175292969,366.6078280389018,361.45594551006036,365.43250691893377,1333025
2025-06-06,362.7292175292969,362.7292175292969,362.7292175292969,362.7292175292969,0
2025-06-09,362.7292175292969,362.7292175292969,362.7292175292969,362.7292175292969,0
2025-06-10,360.7801208496094,364.35510447185453,359.9573871037811,364.3257221913042,1074354
2025-06-11,368.05743408203125,371.0153600252394,362.88594329226834,365.3835268972217,3644832
2025-06-12,366.9702453613281,377.0879424578285,365.3345520435585,368.889957426342,5791290
2025-06-13,361.05438232421875,364.2277883338046,355.638029159621,360.1141194121969,2859045
2025-06-16,361.05438232421875,361.05438232421875,361.05438232421875,361.05438232421875,0
2025-06-17,360.85845947265625,365.04072666207315,359.45785429854465,362.39620188136655,1265038
2025-06-18,358.595947265625,362.8859396750193,356.7448037641465,359.5655924382843,2343778
2025-06-19,361.9554443359375,370.0359003348818,359.5655858674405,366.999631690037,3770997
2025-06-20,364.63916015625,368.1455752281551,361.9554489556516,362.3962130628413,2304879
2025-06-23,347.18536376953125,362.78798256079966,340.8483261650415,359.44805715721736,3237272
2025-06-24,369.04669189453125,373.1505866501339,362.39622310658234,363.3756723582217,6562575
2025-06-25,370.12408447265625,373.1701572354979,365.33456338278404,369.74208492493557,4042537
2025-06-26,372.180908203125,377.0879584744407,371.2112630176962,372.1907122604869,5166688
2025-06-27,371.74017333984375,380.0165014929639,369.0075015878323,373.65988548310025,5165098
2025-06-30,369.7714538574219,374.6491216152018,369.2523469790362,374.6491216152018,1947831
2025-07-01,372.86651611328125,375.61876595761737,369.25234619562383,370.23179538977666,3141752
2025-07-02,380.43768310546875,382.86669806623775,373.21911717171366,374.63933051151946,6177353
2025-07-03,386.7061462402344,388.96867153565233,381.1134697014801,385.4132661027333,5493293
2025-07-04,383.85595703125,388.8413500993256,381.10370704520614,387.8619008547429,2785112
2025-07-07,384.0224304199219,385.90298604175683,382.23005152993807,384.4338122370293,2282968
2025-07-08,384.6786804199219,386.88244116071075,381.3975195611082,385.41326733351815,2107738
2025-07-09,376.1966552734375,384.9235515949207,375.03110828577155,384.9235515949207,4354521
2025-07-10,372.4355773925781,377.6756368592886,370.2416206370405,376.19665892653654,1647705
2025-07-11,377.5776672363281,379.37985018051523,372.1808925702994,372.43555892766216,2283313
2025-07-14,374.1398010253906,379.53657583641126,372.68043124065673,379.48761533118034,1544113
2025-07-15,370.1044616699219,376.50026370275435,367.4011723330864,375.56980490392255,2490436
2025-07-16,368.18475341796875,372.2690398550838,367.2934510565547,371.2112478678246,1337914
2025-07-17,375.51104736328125,378.55712006217664,367.3424146397432,367.3424146397432,3028459
2025-07-18,370.8880615234375,377.08796213876576,370.23181737260643,376.10851288645733,1639769
2025-07-21,373.07220458984375,375.5893962769586,368.2827134127847,371.2112570366093,1569762
2025-07-22,375.74609375,378.9488818084261,372.1906884437157,373.07218672773587,3038851
2025-07-23,375.3151550292969,380.5258321370627,374.1496080475488,380.12425436356455,1990887
2025-07-24,371.91644287109375,378.06738251009733,371.2112382676862,376.0986800984145,1120190
2025-07-25,371.3875427246094,374.1495966589859,370.23179983533157,372.19069824715876,976247
2025-07-28,377.3426208496094,380.71192860039037,375.1290560193913,376.08892702772005,3837682
2025-07-29,370.5354309082031,379.5365716040593,362.39621030581145,378.0772018355994,1811820
2025-07-30,370.9664001464844,373.3660627438635,368.27291473287954,372.1907116981229,1196885
2025-07-31,377.8617248535156,381.69137490982644,372.29843053921815,377.08795159650697,8288578
2025-08-01,403.2588195800781,407.84263459145353,375.17799829878305,377.5287002547451,21303484
2025-08-04,400.6241149902344,414.2090709478055,399.3802252360158,408.6360024707165,9926480
2025-08-05,395.6485290527344,402.45568327796127,393.94426706430136,400.3792556894796,2837718
2025-08-06,404.1207580566406,405.98170561454646,395.64852819982485,395.68768464790236,6288244
2025-08-07,415.0415954589844,416.2659069500138,402.55361825048396,405.4919658289546,12902144
2025-08-08,409.3608093261719,420.18371114184004,407.4508714102691,416.148385178609,8451959
2025-08-11,415.01220703125,416.89276260539816,404.071746557688,408.920031946514,6589771
2025-08-12,406.804443359375,419.20427431257383,405.0316426279315,416.3638774974182,7092334
2025-08-13,401.4762268066406,406.4518455519748,399.6152792782812,404.512525347868,4640177
2025-08-15,396.47125244140625,405.49197125878845,393.73858078751925,401.6721253337095,3778170
2025-08-18,394.6298828125,397.754328167993,386.88243601333227,396.6769280643027,3283860
2025-08-19,394.4731750488281,400.59473270011347,389.82079123385125,394.70823329770366,7453804
2025-08-20,390.3203125,394.47316756693175,388.87071691511926,393.7287766057204,3079336
2025-08-21,387.86187744140625,394.27725764998996,382.0635251117108,390.3203044618395,4776775
2025-08-22,392.40655517578125,394.228316402314,387.86189638587916,387.86189638587916,4085988
2025-08-25,393.552490234375,396.67693564961405,391.69154268718887,392.26941414239616,3128930
2025-08-26,396.05987548828125,399.5858986510588,395.31548451768987,397.6563824960401,3930982
2025-08-27,390.898193359375,396.3831150210849,388.74339309892594,396.3831150210849,4019510
2025-08-28,388.7041931152344,391.7796779344199,388.1067434537847,391.7796779344199,1746717
2025-08-29,392.83746337890625,399.6152648462186,383.9440779895042,390.31049765004445,4582421
2025-09-01,394.6690673828125,395.79542798554706,389.8697423869928,393.7385786859697,2818099
2025-09-02,395.02166748046875,398.381171173496,393.00400445320105,395.6974898419769,2653915
2025-09-03,399.2822570800781,404.73779619695944,394.2282957146257,395.6974694874752,6095181
2025-09-04,400.61431884765625,403.533088354069,396.197023084605,401.0746611877546,3805646
2025-09-05,407.5782165527344,412.7399032810196,399.6152894582681,400.83960100685346,9099927
2025-09-08,413.7291564941406,417.2453756741216,411.3686802420917,411.3784842994124,6476130
2025-09-09,407.40191650390625,416.2659200211301,406.50081006642944,416.23653774003947,3484491
2025-09-10,413.04351806640625,415.7566115085426,404.5125238148341,406.4714222352449,5531587
2025-09-11,406.6281433105469,415.28647086146884,405.6388900296459,415.04160855553636,2922115
2025-09-12,404.29705810546875,410.5851354093752,403.53308889008,408.92005973691363,2196077
2025-09-15,407.98956298828125,410.3892255472907,403.34698322363477,404.51253019339157,2852398
2025-09-16,415.8545227050781,418.46966518640573,407.35291093479225,408.41073279548857,8195107
2025-09-17,412.2012023925781,420.1739033490596,410.3892153918813,417.2453598017695,6373570
2025-09-18,415.6390686035156,419.204278214234,414.30703197341353,416.16797956684155,4776541
2025-09-19,422.9947204589844,439.1556322298505,416.0210469500229,416.0210469500229,13698237
2025-09-22,440.85986328125,445.6298059739055,421.16315429632675,424.4932755847724,15688342
2025-09-23,440.85986328125,440.85986328125,440.85986328125,440.85986328125,0
2025-09-24,445.571044921875,454.2195682392065,439.2340073779938,452.50553213264345,7839968
2025-09-25,442.2702941894531,449.5672030137081,438.8912122317713,449.5672030137081,5011958
2025-09-26,441.5455017089844,446.1391209548351,439.77270100707125,444.1802225093693,4679235
2025-09-29,468.764404296875,470.1356272315501,439.4298880999058,444.1802228114749,16285400
2025-09-30,462.74078369140625,478.4609312999564,460.92879670430557,474.4451836262132,11333762
2025-10-01,460.4292907714844,469.15618710809053,456.5310720261941,465.67915425374923,6837555
2025-10-02,473.6028747558594,475.03286221920234,457.892501211293,462.3000226133268,9331512
2025-10-03,476.58038330078125,484.63145700007686,470.33152245088894,474.0534174915564,11037656
2025-10-06,467.197265625,476.01230837264154,460.39008176926546,475.9927301493081,6829776
2025-10-07,467.197265625,467.197265625,467.197265625,467.197265625,0
2025-10-08,469.5185546875,476.01230761708877,460.2823559747204,464.0140550073988,10064153
2025-10-09,475.6793212890625,484.57270723281033,473.0739827248868,474.6411074863242,10375985
2025-10-10,472.72137451171875,479.9301062500332,470.72328978168747,474.0436070145635,5949405
2025-10-13,453.2303161621094,473.0739666468466,451.5260841080668,470.1356190279221,8739557
2025-10-14,476.6000061035156,479.73422573687924,460.3313386860971,460.36072096767674,9455804
2025-10-15,475.75,484.0,474.79998779296875,482.0,4620610
2025-10-16,471.6099853515625,483.5,470.0,476.5,2999501
2025-10-17,467.760009765625,473.5,466.5,473.5,2287461
2025-10-20,475.7799987792969,478.0,466.5,471.0,6030156
2025-10-21,475.9599914550781,479.739990234375,475.0,479.04998779296875,3148673
2025-10-22,472.3900146484375,482.8900146484375,469.75,475.8999938964844,5191458
2025-10-23,466.6700134277344,476.0,465.6499938964844,470.0,3196491
2025-10-24,464.9599914550781,473.0,462.1000061035156,466.0,2098333
2025-10-27,449.8800048828125,465.489990234375,448.0,464.9599914550781,3894343
2025-10-28,446.9700012207031,463.5799865722656,443.989990234375,451.989990234375,5660038
2025-10-29,440.5400085449219,453.44000244140625,438.5,450.0,3271608
2025-10-30,439.80999755859375,448.1000061035156,436.4599914550781,441.6099853515625,2774069
2025-10-31,449.1400146484375,451.8999938964844,444.010009765625,446.1000061035156,2756603
2025-11-03,451.260009765625,454.45001220703125,448.1000061035156,451.0,2394657
2025-11-04,441.79998779296875,451.0,441.0,451.0,1932057
2025-11-05,435.32000732421875,444.989990234375,431.0,443.010009765625,2742330
2025-11-06,435.260009765625,439.79998779296875,429.19000244140625,436.8999938964844,1880452
2025-11-07,439.7699890136719,442.3999938964844,435.5,438.1499938964844,1863312
2025-11-10,443.92999267578125,447.989990234375,442.5,447.989990234375,2230358
2025-11-11,429.7300109863281,443.8800048828125,428.1099853515625,443.8800048828125,3050764
2025-11-12,429.19000244140625,435.0,425.0,432.0,2820702
2025-11-13,431.80999755859375,435.0,429.0,430.1000061035156,1471548
2025-11-14,434.3599853515625,441.45001220703125,431.989990234375,432.8999938964844,3075145
2025-11-17,434.5400085449219,441.0,432.989990234375,437.0,2123408
2025-11-18,435.8900146484375,439.0,432.5,434.989990234375,911588
2025-11-19,449.1700134277344,452.25,435.489990234375,436.989990234375,6462988
2025-11-20,453.5899963378906,457.67999267578125,450.5,450.5,3497730
2025-11-21,448.67999267578125,454.0,447.5,452.989990234375,1923124
2025-11-24,445.4599914550781,454.7099914550781,443.989990234375,450.0,1997948
2025-11-25,441.5199890136719,447.9700012207031,440.7699890136719,447.3500061035156,854700
2025-11-26,446.239990234375,448.1000061035156,430.0,441.7900085449219,3168193
2025-11-27,452.3599853515625,454.5,445.0,448.9800109863281,3944056
2025-11-28,453.3800048828125,458.0,452.0,454.8999938964844,3821988
2025-12-01,459.6300048828125,463.75,449.989990234375,453.989990234375,3600096
2025-12-02,455.9200134277344,465.0,455.0,459.5,2938140
2025-12-03,456.1300048828125,459.9800109863281,453.0,456.0,2298671
2025-12-04,459.8299865722656,460.8999938964844,454.79998779296875,457.0,3088202
2025-12-05,464.6400146484375,467.510009765625,460.70001220703125,465.0,3605630
2025-12-08,467.5799865722656,471.20001220703125,465.510009765625,467.010009765625,3319030
2025-12-09,478.6400146484375,479.8900146484375,468.7900085449219,469.3900146484375,8569232
2025-12-10,472.32000732421875,484.0,470.260009765625,479.9800109863281,4557026
2025-12-11,467.8699951171875,478.0199890136719,467.0,475.989990234375,2862098
2025-12-12,469.3599853515625,473.25,465.1000061035156,470.0,2257552
2025-12-15,467.5,475.0,466.25,474.989990234375,2150263
2025-12-16,464.7099914550781,472.3999938964844,463.5,470.0,1445675
2025-12-17,460.2900085449219,466.8900146484375,458.5,464.7099914550781,1641055
2025-12-18,458.4100036621094,461.0,456.79998779296875,458.7699890136719,1450421
2025-12-19,459.3299865722656,464.3500061035156,458.0,460.0,1990758
2025-12-22,454.8399963378906,459.8399963378906,453.0,459.0,1952664
2025-12-23,450.6600036621094,457.8999938964844,450.0,457.8999938964844,1113786
2025-12-24,456.1600036621094,458.239990234375,450.0,452.94000244140625,1239146
2025-12-26,457.57000732421875,459.489990234375,455.79998779296875,457.8999938964844,1563279
2025-12-29,462.94000244140625,464.95001220703125,458.29998779296875,459.0,2825795
2025-12-30,473.5400085449219,475.1499938964844,463.29998779296875,465.0,4996351
2025-12-31,474.1600036621094,481.8500061035156,473.0,475.0,4701222
2026-01-01,474.1600036621094,474.1600036621094,474.1600036621094,474.1600036621094,0
2026-01-02,483.8900146484375,490.5199890136719,473.3999938964844,473.3999938964844,8222250
2026-01-05,484.6600036621094,494.0,481.32000732421875,485.0,5155557
2026-01-06,481.69000244140625,488.1000061035156,476.0199890136719,485.5,4990348
2026-01-07,486.79998779296875,489.0,481.6000061035156,484.04998779296875,2601988
2026-01-08,477.3900146484375,485.1000061035156,476.0,485.1000061035156,6932786
2026-01-09,472.2900085449219,477.8999938964844,470.0,477.0,2732676
2026-01-12,470.2699890136719,476.8999938964844,468.0,472.0,1797662
2026-01-13,468.5400085449219,473.5,464.1000061035156,473.5,4035352
2026-01-14,464.8999938964844,473.0,463.75,469.92999267578125,3531599
2026-01-15,464.70001220703125,469.70001220703125,459.95001220703125,467.0,1787303
2026-01-16,479.3500061035156,484.0,466.510009765625,466.510009765625,6781214
2026-01-19,492.1499938964844,494.5,481.1000061035156,484.0,9525818
2026-01-20,503.2099914550781,506.75,494.5,495.1499938964844,10292611
2026-01-21,495.2699890136719,506.45001220703125,493.760009765625,504.0,3718521
2026-01-22,494.8800048828125,498.5,493.0,495.8500061035156,1681121
2026-01-23,488.4700012207031,495.4800109863281,487.55999755859375,494.04998779296875,2111700
2026-01-26,483.55999755859375,490.5,481.0,490.0,1831566
2026-01-27,478.1099853515625,487.0,475.25,480.0,2405046
2026-01-28,479.94000244140625,484.20001220703125,477.0,480.1300048828125,2314736
2026-01-29,467.69000244140625,482.2099914550781,466.0,481.45001220703125,4323159
2026-01-30,471.1499938964844,480.0,467.70001220703125,474.79998779296875,3027960
2026-02-02,473.70001220703125,475.8999938964844,468.0,475.0,1530357
2026-02-03,484.7900085449219,490.3999938964844,473.7099914550781,475.0,5765102
2026-02-04,484.17999267578125,489.0,481.0,486.8999938964844,1811301
2026-02-06,473.0799865722656,484.0,467.1000061035156,484.0,2179985
2026-02-09,464.1499938964844,477.2099914550781,460.989990234375,474.010009765625,2586941
2026-02-10,467.25,473.0,464.9800109863281,464.9800109863281,1034218
2026-02-11,466.6600036621094,471.45001220703125,465.1000061035156,468.8999938964844,398722
2026-02-12,458.25,468.739990234375,452.0,467.8999938964844,1792635
2026-02-13,454.45001220703125,460.0,452.0,459.0,1015575
2026-02-16,435.7699890136719,457.8999938964844,431.0,457.8999938964844,2812794
2026-02-17,409.3900146484375,441.0,404.010009765625,439.3699951171875,4953188
2026-02-18,416.2200012207031,419.5,409.0,409.3900146484375,2087810
2026-02-19,394.32000732421875,417.5,385.25,417.5,1580795
2026-02-20,400.6499938964844,404.4800109863281,390.45001220703125,397.0,1172897
2026-02-23,383.17999267578125,403.25,380.0,399.75,1282403
2026-02-24,375.6000061035156,391.1000061035156,364.7699890136719,383.5,3049795
2026-02-25,372.1400146484375,382.0,370.0,380.0,777699
2026-02-26,390.4700012207031,393.8999938964844,365.0,372.1400146484375,2116617
2026-02-27,388.95001220703125,395.0,380.010009765625,385.0,926549
2026-03-02,350.05999755859375,365.5,350.05999755859375,350.05999755859375,4387143
2026-03-03,358.9599914550781,363.0,342.0,351.0,3977196
2026-03-04,364.9599914550781,369.5,350.5,358.9599914550781,4911003
2026-03-05,393.4599914550781,401.0,365.5,367.0,4376749
2026-03-06,383.9700012207031,399.25,381.0,394.0,1831687
2026-03-09,357.55999755859375,380.0,345.57000732421875,380.0,4761559
2026-03-10,371.92999267578125,393.32000732421875,369.6000061035156,388.9599914550781,3635050
2026-03-11,365.3800048828125,375.0,364.1000061035156,372.0,1414557
2026-03-12,359.9100036621094,365.5,358.0,360.010009765625,1814693
2026-03-13,359.2200012207031,361.6000061035156,351.0,357.0,1014515
2026-03-16,345.8399963378906,362.8999938964844,342.0,361.0,1354376
2026-03-17,353.3900146484375,355.79998779296875,344.510009765625,345.010009765625,1358674
2026-03-18,368.8500061035156,378.8999938964844,351.29998779296875,353.0,2840737
2026-03-19,362.9200134277344,365.5,358.1099853515625,365.5,1139721
2026-03-20,362.9200134277344,362.9200134277344,362.9200134277344,362.9200134277344,0
2026-03-23,362.9200134277344,362.9200134277344,362.9200134277344,362.9200134277344,0
2026-03-24,363.8500061035156,374.45001220703125,361.510009765625,370.0,1304843
2026-03-25,375.67999267578125,380.29998779296875,366.04998779296875,366.70001220703125,2649293
2026-03-26,359.92999267578125,374.0,359.0,372.5,2053453
2026-03-27,351.57000732421875,362.5,350.1000061035156,359.92999267578125,3430211
2026-03-30,329.3299865722656,353.0,320.1099853515625,353.0,3897991
2026-03-31,328.69000244140625,336.9700012207031,326.5,329.0199890136719,1861732
2026-04-01,348.82000732421875,355.20001220703125,333.0,336.0,4278988
2026-04-02,335.1400146484375,339.0,332.6199951171875,335.0,1844439
2026-04-03,337.2099914550781,346.8999938964844,329.0,332.79998779296875,2380646
2026-04-06,337.3699951171875,342.8999938964844,332.0,337.2099914550781,2431515
2026-04-07,336.32000732421875,337.8999938964844,332.5,335.55999755859375,1182209
2026-04-08,369.95001220703125,369.95001220703125,356.1000061035156,367.0,6192488
2026-04-09,363.25,367.989990234375,357.04998779296875,367.989990234375,3530910
2026-04-10,365.4200134277344,369.8999938964844,363.5199890136719,366.0,2903209
2026-04-13,350.1300048828125,358.989990234375,348.0,354.510009765625,2850338
2026-04-14,362.2200012207031,364.20001220703125,355.260009765625,356.1099853515625,1995341
2026-04-15,365.0,375.3999938964844,363.0,374.8999938964844,4050192
2026-04-16,369.32000732421875,374.0,368.0,369.8900146484375,2864456
2026-04-17,378.75,380.5,370.0199890136719,372.7200012207031,4647595
2026-04-20,378.30999755859375,387.70001220703125,369.5,374.5,4968374
2026-04-21,386.70001220703125,392.70001220703125,378.30999755859375,380.04998779296875,6383007
2026-04-22,391.0799865722656,397.6000061035156,382.510009765625,386.0,5174530
2026-04-23,390.1099853515625,393.8900146484375,386.7900085449219,389.5,2607401
2026-04-24,393.07000732421875,395.0,384.5,388.8999938964844,3332473
2026-04-27,387.32000732421875,394.8999938964844,385.79998779296875,390.25,2236284
2026-04-28,383.25,387.0,380.510009765625,384.75,2177920
2026-04-29,383.25,383.25,383.25,383.25,0
2026-04-30,357.70001220703125,363.510009765625,352.75,363.510009765625,3491137
2026-05-04,356.7099914550781,366.70001220703125,350.20001220703125,361.6400146484375,2064712
2026-05-05,356.05999755859375,357.989990234375,349.010009765625,349.8999938964844,2306235
2026-05-06,372.1499938964844,374.5,362.0,362.0,5157414
2026-05-07,370.510009765625,374.489990234375,368.5,373.989990234375,2732418
2026-05-08,364.9700012207031,369.45001220703125,364.0,368.0,1708430
2026-05-11,361.75,365.2300109863281,360.5,363.4800109863281,1115012
2026-05-12,356.25,364.0,355.57000732421875,362.0,1562716
2026-05-13,354.9100036621094,359.0,352.79998779296875,357.0,920230
2026-05-14,352.760009765625,358.5,352.0,357.3999938964844,2809695
2026-05-15,354.1400146484375,356.0,351.29998779296875,352.05999755859375,794334
2026-05-18,346.6600036621094,354.0,345.010009765625,353.0,1270861
2026-05-19,348.70001220703125,352.3999938964844,347.0,350.0199890136719,993697
2026-05-20,347.82000732421875,350.5899963378906,345.2200012207031,348.04998779296875,1492267
2026-05-21,350.8900146484375,353.2900085449219,350.0,352.0,1682711
2026-05-22,346.3399963378906,352.989990234375,345.0,352.8999938964844,1298700
2026-05-25,354.1600036621094,359.20001220703125,349.80999755859375,352.0,4870652
2026-05-26,354.1600036621094,354.1600036621094,354.1600036621094,354.1600036621094,0
2026-05-27,354.1600036621094,354.1600036621094,354.1600036621094,354.1600036621094,0
2026-05-28,354.1600036621094,354.1600036621094,354.1600036621094,354.1600036621094,0
2026-05-29,355.4700012207031,358.510009765625,355.0,356.8999938964844,3442404
2026-06-01,348.2099914550781,357.70001220703125,347.0,357.70001220703125,1673898
2026-06-02,348.7300109863281,351.8900146484375,346.5,348.5,1317489
2026-06-03,348.7300109863281,348.7300109863281,348.7300109863281,348.7300109863281,0
2026-06-04,351.19000244140625,353.70001220703125,346.0,346.79998779296875,1830695
2026-06-05,351.5,355.0,350.0,353.8800048828125,1453950
2026-06-08,349.2200012207031,350.510009765625,344.760009765625,348.0,1397339
2026-06-09,349.5799865722656,353.9800109863281,348.94000244140625,353.010009765625,1205796
2026-06-10,347.1400146484375,351.8800048828125,346.5,348.0,747083
2026-06-11,349.04998779296875,350.3999938964844,345.010009765625,345.010009765625,991784
2026-06-12,351.010009765625,354.8999938964844,350.4100036621094,353.0,2009871
2026-06-15,359.3900146484375,360.1000061035156,353.0,360.0,4898765
2026-06-16,365.95001220703125,368.1499938964844,361.1000061035156,362.0,5450434
2026-06-17,365.1400146484375,371.0,364.0,368.5,4041700
2026-06-18,361.0,368.0,359.75,366.95001220703125,3819990
2026-06-19,357.1400146484375,366.29998779296875,355.0299987792969,360.0,5046615
2026-06-22,353.3999938964844,359.94000244140625,352.010009765625,359.94000244140625,3445572
2026-06-23,351.9200134277344,354.989990234375,351.0,354.989990234375,2157069
2026-06-24,350.9100036621094,352.79998779296875,350.1099853515625,352.0,2737048
2026-06-25,350.9100036621094,350.9100036621094,350.9100036621094,350.9100036621094,0
2026-06-26,350.9100036621094,350.9100036621094,350.9100036621094,350.9100036621094,0
2026-06-29,346.6199951171875,352.2099914550781,339.989990234375,350.0,2560277
2026-06-30,342.3500061035156,349.4800109863281,338.1000061035156,346.6199951171875,2963633
2026-07-01,346.1199951171875,348.0,341.79998779296875,343.1000061035156,2785134
2026-07-02,351.32000732421875,353.8500061035156,347.0,347.510009765625,3720944
2026-07-03,350.6300048828125,353.8999938964844,349.54998779296875,352.0,2818921
2026-07-06,355.30999755859375,357.7900085449219,352.1300048828125,352.25,3862718
2026-07-07,352.32000732421875,359.0,352.0,356.0,3581220
2026-07-08,350.6600036621094,356.8299865722656,345.5,348.8399963378906,5481917
2026-07-09,350.6700134277344,352.70001220703125,348.20001220703125,350.5,2269347
2026-07-10,354.29998779296875,356.0,351.010009765625,352.5,1986584
2026-07-13,356.6600036621094,357.5,348.510009765625,351.95001220703125,4496960
2026-07-14,346.5899963378906,355.44000244140625,345.04998779296875,355.44000244140625,3052818
2026-07-15,350.6000061035156,351.5,346.04998779296875,347.0299987792969,1702024
2026-07-16,350.6000061035156,350.6000061035156,350.6000061035156,350.6000061035156,0
2026-07-17,347.6400146484375,354.69000244140625,347.0299987792969,354.1099853515625,2069338
2026-07-20,346.5199890136719,347.75,342.20001220703125,346.0,1649405
2026-07-21,346.95001220703125,353.5,346.0299987792969,349.0,2486635
2026-07-22,345.260009765625,349.0,344.20001220703125,346.94000244140625,1386852
2026-07-23,337.5400085449219,348.0,335.0199890136719,345.0,1816245
2026-07-24,337.1499938964844,340.20001220703125,332.2099914550781,336.0,1336129
2026-07-27,347.95001220703125,349.0,342.0,342.0199890136719,1734571
2026-07-28,344.5899963378906,349.54998779296875,342.3699951171875,348.489990234375,2268596
2026-07-29,340.3599853515625,344.0,339.6000061035156,342.75,1402691
2026-07-30,337.07000732421875,340.510009765625,336.0,339.9800109863281,1644272
2026-07-31,337.3500061035156,340.6499938964844,336.0,339.0,1566486
2026-08-03,347.489990234375,351.0,339.55999755859375,342.2200012207031,4337341
2026-08-04,353.6099853515625,357.7699890136719,349.0,350.5,8344351
2026-08-05,353.29998779296875,359.8999938964844,352.1000061035156,357.29998779296875,3114133
2026-08-06,352.3299865722656,357.79998779296875,351.5,354.0,2382732
2026-08-07,350.6700134277344,352.5,350.0,352.3299865722656,1569133
2026-08-10,353.42999267578125,354.25,350.0,352.0,1928818
2026-08-11,348.42999267578125,356.1000061035156,347.0199890136719,352.95001220703125,2836946
2026-08-12,349.739990234375,351.5,348.5,348.510009765625,992293
2026-08-13,350.6600036621094,354.1000061035156,348.0,350.5,3588665
2026-08-14,350.6600036621094,350.6600036621094,350.6600036621094,350.6600036621094,0
2026-08-17,382.0199890136719,384.0,351.510009765625,351.510009765625,22040309
2026-08-18,382.0199890136719,382.0199890136719,382.0199890136719,382.0199890136719,0
2026-08-19,375.8500061035156,387.989990234375,373.0,385.0,9055668
2026-08-20,376.1099853515625,390.9800109863281,373.04998779296875,382.0,18810902
2026-08-21,375.45001220703125,377.25,367.1000061035156,374.0,4134446
2026-08-24,375.4700012207031,384.3999938964844,373.54998779296875,379.45001220703125,5698581
2026-08-25,373.6700134277344,377.0,371.5,376.5,1377317
2026-08-26,373.6700134277344,373.6700134277344,373.6700134277344,373.6700134277344,0
2026-08-27,362.7699890136719,374.95001220703125,361.510009765625,373.010009765625,3234659
2026-08-28,361.1400146484375,365.5,360.4100036621094,362.010009765625,2322088
2026-08-31,363.8399963378906,368.8999938964844,357.510009765625,360.8800048828125,2541456
2026-09-01,364.9200134277344,370.8999938964844,364.0,365.25,3337078
2026-09-02,359.6300048828125,363.45001220703125,358.9200134277344,360.1099853515625,1405685
2026-09-03,359.67999267578125,362.5,359.0,360.1099853515625,1131799
2026-09-04,360.70001220703125,362.0,356.5,361.0,1480786
2026-09-08,355.1499938964844,360.75,352.7099914550781,359.1000061035156,829593
2026-09-09,352.7900085449219,356.3900146484375,352.0,355.6499938964844,556786
