Date,Close,High,Low,Open,Volume
2021-09-13,398.82293701171875,402.8366478493821,393.5528323048334,401.37000956837704,313800
2021-09-14,395.884765625,403.3254955968885,391.59239027043355,400.881098653877,398400
2021-09-15,391.5141906738281,393.44524042708537,380.34817208157665,393.44524042708537,709000
2021-09-16,389.73956298828125,394.52568164318785,383.77033468389396,383.77033468389396,199200
2021-09-17,382.5676574707031,393.5430054674703,380.8419287836705,387.19246712557043,315400
2021-09-20,378.3828430175781,390.73683417320615,372.0371983807443,383.77030319170075,244200
2021-09-21,378.3828430175781,378.3828430175781,378.3828430175781,378.3828430175781,0
2021-09-22,355.4788513183594,361.770726292585,347.1092390647507,361.770726292585,930800
2021-09-23,348.77142333984375,359.3263422220918,342.75331940039837,356.88194533622726,311400
2021-09-24,351.2500305175781,353.94865411394363,343.68218762721324,349.54873990534486,729600
2021-09-27,363.6724853515625,377.59086683217,343.951078239235,351.9980434919763,951800
2021-09-28,363.6724853515625,363.6724853515625,363.6724853515625,363.6724853515625,0
2021-09-29,361.43341064453125,371.4456507267669,342.49422837324556,367.1484117493357,1912400
2021-09-30,355.6646423339844,359.27257454362393,344.1710833419187,358.83746473433,526000
2021-10-01,353.82647705078125,358.83749106082684,346.1266262548575,351.99317924222794,279800
2021-10-04,354.6722106933594,356.88195508698107,344.1759845013163,344.1759845013163,311800
2021-10-05,347.7252197265625,356.87213313415305,342.2644159831418,356.87213313415305,111600
2021-10-06,345.1195068359375,347.5443592754911,341.237803408766,346.12659715387724,461400
2021-10-07,344.78216552734375,347.07990446636563,343.19820118945614,344.1710663328607,166000
2021-10-08,354.7357482910156,366.65952314501016,337.44898113445765,344.7772780295034,153800
2021-10-11,337.625,349.5487758942723,333.90463487522794,347.5932582668918,203800
2021-10-12,332.6971130371094,337.3267866412719,323.1492840143199,327.55409219090654,472200
2021-10-13,316.71563720703125,337.32677916427326,312.88280965961576,334.5890665152836,231800
2021-10-14,329.21142578125,337.3268125238263,299.1942163254807,299.1942163254807,687200
2021-10-15,337.038330078125,342.2155759925838,320.7048826444785,325.1047971929546,396800
2021-10-18,325.1242980957031,334.39346091208574,320.2159603763394,331.94906426799156,74200
2021-10-19,325.1242980957031,325.1242980957031,325.1242980957031,325.1242980957031,0
2021-10-20,332.0712890625,332.92682790071774,322.66036184210526,324.6158791866029,206200
2021-10-21,334.1197204589844,339.1356276089188,329.50469797626806,332.43797421938024,321000
2021-10-22,330.30645751953125,342.2155515522301,322.66037717781694,338.7933960367078,628798
2021-10-25,330.30645751953125,336.7400967596288,325.1047739746186,336.7400967596288,398458
2021-10-26,327.99896240234375,336.8379104091726,320.70489002673037,329.99359873177286,360602
2021-10-27,337.60052490234375,339.2822710706563,331.9490807737401,334.3934775393788,313236
2021-10-28,338.7152404785156,341.4822849482945,327.55900820419777,337.3268097556524,424510
2021-10-29,336.7010192871094,341.6680508961975,330.2380476875729,341.6680508961975,564330
2021-11-01,344.45953369140625,349.5487548816472,337.326770445226,340.9835786401779,191632
2021-11-02,362.2547302246094,366.11199572833624,343.2422038064795,344.65996595658453,555554
2021-11-03,385.8333740234375,388.65911119222807,360.30410685367553,361.2818656239705,1212824
2021-11-04,395.679443359375,399.4144893192245,386.2147448741584,390.31155683347436,618736
2021-11-05,390.8932800292969,395.0145295227423,387.68133899942404,394.9607599535568,236056
2021-11-08,389.85198974609375,395.9825266772298,381.5703715204378,381.5703715204378,624902
2021-11-09,385.40802001953125,393.5478730561616,374.48157858511775,388.6590796020478,453032
2021-11-10,385.74542236328125,392.0813106438449,383.77036016885074,389.6320198767069,268640
2021-11-11,384.58673095703125,388.6346665192011,383.7703107527224,387.68134576676295,222656
2021-11-12,378.5343933105469,384.2591814246403,376.4322180058877,382.7925433275997,171640
2021-11-15,388.9426574707031,404.79211828842875,371.59719713576646,371.59719713576646,280232
2021-11-16,389.8226013183594,393.05898008569017,386.2635454844991,393.05898008569017,342862
2021-11-17,399.9473876953125,402.1033328615691,391.25020350228056,394.5257016647857,795480
2021-11-18,396.7451477050781,401.76105474617435,383.81917614735295,400.02064540657875,552820
2021-11-19,391.8123779296875,396.9700493269455,391.1034968738379,391.1034968738379,421876
2021-11-22,378.0406494140625,388.0626763892516,374.9704726814645,382.95388106096266,284682
2021-11-23,356.3050231933594,378.88146620543176,354.437500643791,378.88146620543176,320086
2021-11-24,364.54266357421875,366.65951955532336,344.65994838200396,348.08210389785364,403180
2021-11-25,365.83331298828125,370.52167918361334,361.03740765629846,366.65952030091245,95410
2021-11-26,372.4039001464844,377.41491422787783,364.2151698183536,364.2151698183536,164928
2021-11-29,376.2220153808594,379.8592791703292,365.1977913032058,371.5434361223877,319694
2021-11-30,391.8857116699219,394.5256723423171,376.38825869680835,376.38825869680835,1717914
2021-12-01,386.7915954589844,390.60974233350623,381.8148068075052,384.7480831722236,62668
2021-12-02,357.7863464355469,387.1924517727592,357.7863464355469,387.18755820496375,221766
2021-12-03,356.63751220703125,369.0990429861526,339.77117338435465,342.21557031517733,611476
2021-12-06,367.9599609375,371.4994729048923,348.0821373999003,355.61089219492493,288150
2021-12-07,374.40338134765625,380.8321270138703,367.63727789142126,367.63727789142126,236466
2021-12-08,381.0423583984375,390.60973145558245,367.637294139859,380.34815803299244,150166
2021-12-09,378.3535461425781,383.77033838187276,369.10395602332983,373.99275014284416,202896
2021-12-10,368.5906066894531,380.3481495609427,367.6372859509369,371.5483209078618,152710
2021-12-13,353.6553649902344,369.5683832717503,349.5487661516618,369.5683832717503,52642
2021-12-14,354.22735595703125,357.1313008318239,346.6154999997894,352.97093229879823,157384
2021-12-15,376.5446472167969,378.2704056842686,362.7484859679836,365.1879892058738,285918
2021-12-16,367.378173828125,375.9433501249254,362.2645146037428,371.5483292674092,108948
2021-12-17,379.08197021484375,390.609755058606,361.77076343419327,364.2151604844243,144836
2021-12-20,375.8260498046875,381.8148226308435,371.5483549288618,381.8148226308435,220780
2021-12-21,372.2621154785156,377.85000339201014,370.57058202702024,372.5260996102763,107544
2021-12-22,371.4652404785156,376.4371355898098,363.237391874323,371.54834162111104,149474
2021-12-23,368.37066650390625,373.2594610162341,365.1929500708931,365.1929500708931,47254
2021-12-24,372.0518798828125,375.45935475633576,365.1928880247172,365.1928880247172,62644
2021-12-27,374.2615966796875,375.9482364782072,366.17064905354647,367.1484077960125,21776
2021-12-28,373.09808349609375,375.4593793539344,369.5928265515292,375.4593793539344,23208
2021-12-29,367.0457763671875,373.25944466208813,365.74047664446033,368.1262106490535,215570
2021-12-30,375.1073913574219,378.392646523984,364.21514426404144,366.65954120541085,286812
2021-12-31,371.47015380859375,374.9705173473131,368.6199784183429,374.9705173473131,472940
2022-01-03,379.6343688964844,381.81478159224156,368.6150388227274,368.6150388227274,133994
2022-01-04,389.3484191894531,390.12575054330495,379.6343881639085,380.34816281039,267864
2022-01-05,385.7111511230469,390.1257462586114,383.7703143020175,390.1257462586114,24236
2022-01-06,384.6063232421875,389.6368815226274,377.85489992654686,381.3259317285437,82592
2022-01-07,394.3056640625,398.43670085508245,383.770319228515,384.7480780036195,287984
2022-01-10,395.884765625,398.9255810994679,391.10351088183126,393.30346813054155,144556
2022-01-11,384.1467590332031,395.7478571438558,381.35035347023876,395.7478571438558,279310
2022-01-12,382.929443359375,387.6813364647798,378.9695025993759,384.7480602746301,214336
2022-01-13,379.9228515625,384.25920946541675,379.37041545186185,383.28145066270577,95236
2022-01-14,381.31121826171875,383.28141639567576,378.88150217684785,384.7431609008295,108230
2022-01-17,381.350341796875,382.79254188797336,376.43711015803257,381.27702779559576,240034
2022-01-18,378.945068359375,383.2765324151607,377.41487354455563,380.59258944875205,342658
2022-01-19,378.7642517089844,381.32597528153406,375.94830127115347,378.88157800408834,872570
2022-01-20,376.5691223144531,378.6370725035229,371.53364092655823,376.437115335975,409586
2022-01-21,381.1303405761719,383.77030107963964,376.46154861360566,376.46154861360566,85988
2022-01-24,376.8575744628906,388.6591305700737,373.99764185271874,381.32593942724213,116300
2022-01-25,366.7866516113281,379.2481823419778,364.9484603522867,379.2481823419778,1440758
2022-01-26,363.72625732421875,369.0990369155883,361.47253055238633,369.0990369155883,345090
2022-01-27,363.70184326171875,366.3173361713004,362.992962149015,366.3173361713004,105396
2022-01-28,359.7370300292969,364.2151521943052,359.32635820511985,364.2151521943052,99394
2022-01-31,360.37255859375,363.23738464103985,358.34859076969343,361.2818670925013,90402
2022-02-01,358.86187744140625,363.2275664141751,358.0698952891447,359.32631878719593,102782
2022-02-02,359.3116760253906,361.765860146312,357.8597185392021,361.765860146312,354262
2022-02-03,360.83209228515625,364.2151291568146,359.81521484485313,360.24543107579564,131636
2022-02-04,355.4788513183594,364.2053359562371,351.99313909548806,364.2053359562371,339564
2022-02-07,356.63751220703125,358.34859005860716,355.4153137416199,358.34859005860716,26428
2022-02-08,353.45001220703125,358.8374726389462,351.9931611717183,358.8374726389462,46126
2022-02-09,350.174560546875,354.43268114066495,349.5487805750945,354.43268114066495,401946
2022-02-10,344.7039794921875,351.0056121018323,343.92664813916315,351.0056121018323,550580
2022-02-11,347.3488464355469,354.4375984036193,342.2156122517703,346.126647820362,1250068
2022-02-14,339.06231689453125,351.4994105740147,334.8824038074744,351.4994105740147,166254
2022-02-15,337.3023681640625,341.2378416015865,334.9068470253092,339.0672157422581,207410
2022-02-16,336.47125244140625,339.77118844428236,334.8823943659474,339.77118844428236,157548
2022-02-17,335.3370666503906,336.8379300937324,332.9268946209459,332.9268946209459,501594
2022-02-18,338.8863220214844,339.7711925668462,335.371277842959,335.371277842959,169710
2022-02-21,337.2534484863281,339.5267496745411,336.34903351488015,338.3045511515946,17662
2022-02-22,330.4971923828125,335.86507925185333,325.5888235563253,335.86507925185333,320016
2022-02-23,332.35980224609375,334.29574567704674,330.4824921203476,330.4824921203476,148462
2022-02-24,313.1223449707031,321.3159680398537,311.41616073242574,320.2208830180842,578878
2022-02-25,312.33526611328125,325.1047933538478,307.97933405198347,307.99890832437467,167910
2022-02-28,315.8063049316406,315.81609206805615,298.7151002224562,311.9050568721669,139494
2022-03-01,318.9009094238281,327.5491869105877,315.0534310631937,327.5491869105877,561358
2022-03-02,310.10107421875,318.260472156216,307.9940053124671,318.260472156216,454010
2022-03-03,305.4371643066406,310.438390562074,304.68427100275835,310.438390562074,67786
2022-03-04,312.8192443847656,314.8334250296816,305.4371777320602,305.4371777320602,274196
2022-03-07,298.6271057128906,308.97178068391867,297.27779379518466,308.97178068391867,257048
2022-03-08,297.932861328125,312.3939216426031,293.5818527797493,296.26090221505086,553138
2022-03-09,309.4313049316406,310.927274587518,295.7720143481893,305.5496015993691,168752
2022-03-10,329.9642333984375,332.6383891504152,312.9316635235415,317.7715810785771,919634
2022-03-11,348.585693359375,354.7113367331741,344.9337487204191,354.68200516268905,2806294
2022-03-14,348.5710144042969,358.5099410240213,343.19334097028946,349.05989380738845,719738
2022-03-15,353.5967102050781,354.52556317084367,349.59765041588395,350.5265332204803,280464
2022-03-16,372.11541748046875,373.99272743747514,354.4375521466268,354.4375521466268,788546
2022-03-17,373.49407958984375,381.0570595278389,372.16434192623154,372.16434192623154,267122
2022-03-18,355.13665771484375,371.5483426958999,351.99806033273245,371.5483426958999,1239758
2022-03-21,354.3153381347656,360.3041106661915,352.7264801162241,356.8281853623321,257498
2022-03-22,351.04473876953125,356.881959965813,349.5487690076113,354.46200098184033,327858
2022-03-23,351.04473876953125,351.04473876953125,351.04473876953125,351.04473876953125,0
2022-03-24,349.24078369140625,351.99317717223454,339.8493994307067,349.5487801085385,705084
2022-03-25,345.1537170410156,350.585159495544,344.1710647665464,350.585159495544,448124
2022-03-28,344.3031005859375,346.1266111783242,340.74893784080786,345.14885238968486,563604
2022-03-29,348.9865417480469,351.1033978684861,345.6377298512156,346.6154886343874,580498
2022-03-30,350.8785095214844,352.4771547119019,344.68441586289066,349.0647860398072,1185244
2022-03-31,370.9603271484375,372.06674092205344,348.9202588020699,372.06674092205344,575240
2022-04-01,374.05438232421875,385.77448657607596,370.20643586039324,370.98972235810805,538206
2022-04-04,366.2507629394531,371.0582606644708,355.52935367036036,362.2755257767721,195758
2022-04-05,366.8871765136719,375.98323768780494,363.3035826938044,368.1404527774127,241366
2022-04-06,372.7521057128906,375.0040764653287,366.38780676504564,367.17109314490403,148557
2022-04-07,376.70782470703125,376.96240628341354,371.5772290507934,375.9832831502099,857934
2022-04-08,380.35992431640625,384.78554965104945,374.02499712279894,375.10203843092063,278285
2022-04-11,404.17218017578125,408.88175928296414,393.705353209553,393.705353209553,1552134
2022-04-12,404.0938415527344,406.33604157033875,396.5448116529812,406.33604157033875,268638
2022-04-13,401.6362609863281,405.35691638258237,396.75041696532134,404.10364015516876,248357
2022-04-14,402.7916564941406,403.59454458918424,399.97177724942696,402.4195849437319,113277
2022-04-15,399.6192626953125,405.3862814417801,398.5030481686313,404.37778597947107,176127
2022-04-18,392.7849426269531,401.7830843876898,390.7777227716792,399.67797614766147,271650
2022-04-19,389.82806396484375,394.48866934613767,385.2947194799687,393.60746458063204,149133
2022-04-20,384.9715576171875,391.64918336486926,381.86775457207926,391.55126509293575,99930
2022-04-21,379.94866943359375,385.77446325472715,376.9623562260659,383.8260180401379,118497
2022-04-22,383.8260192871094,386.2640260112115,377.9414804571043,379.94867066796854,136856
2022-04-25,397.4554138183594,398.50308265660584,383.8358085625479,386.7536060180818,453184
2022-04-26,395.5069274902344,399.48216428359996,393.7053448448068,398.49324054066017,352396
2022-04-27,385.2751159667969,395.5657086928062,378.9206169903861,392.7752020489548,202810
2022-04-28,379.400390625,388.70205983394504,370.11832300104504,385.5492823384314,358460
2022-04-29,379.400390625,379.400390625,379.400390625,379.400390625,0
2022-05-02,379.400390625,379.400390625,379.400390625,379.400390625,0
2022-05-03,379.400390625,379.400390625,379.400390625,379.400390625,0
2022-05-04,379.400390625,379.400390625,379.400390625,379.400390625,0
2022-05-05,379.400390625,379.400390625,379.400390625,379.400390625,0
2022-05-06,364.0771179199219,378.92062721239927,362.2755350609502,378.92062721239927,260105
2022-05-09,338.2478332519531,362.26571995953486,336.81832199605776,362.26571995953486,844360
2022-05-10,334.0768127441406,342.6930840480189,332.1675107522583,339.7557147561787,326352
2022-05-11,327.94744873046875,337.7974233812354,313.80891070633606,337.2980611066632,516537
2022-05-12,330.03302001953125,332.80392515723213,314.62160259567094,324.099536612181,230475
2022-05-13,335.51611328125,338.7765799349537,324.1876522664489,329.9644723643913,314661
2022-05-16,318.5870056152344,328.9852857592516,314.4942791720395,323.22803847759127,169251
2022-05-17,321.2013244628906,324.0799487983373,315.40493238151095,318.21501092790743,330334
2022-05-18,325.3723449707031,327.0270651458601,317.2945806370105,324.970900975737,1021169
2022-05-19,324.95135498046875,331.82478787301727,321.15235285484823,323.1105989088412,1002228
2022-05-20,328.3782958984375,329.96447047116345,325.06885518227375,325.06885518227375,367505
2022-05-23,315.15032958984375,323.1106047234503,313.8578799996386,319.1941125449842,139001
2022-05-24,292.767578125,315.1503155878558,291.76885354036705,305.4863763477295,1789949
2022-05-25,295.2937316894531,307.3467346414894,275.13359067709683,289.91835544046455,1621976
2022-05-26,317.4316711425781,317.4316711425781,293.7466846811492,295.6951297825383,811886
2022-05-27,322.05316162109375,341.2341782792651,321.15235528204494,337.78764607469276,952772
2022-05-30,327.2326965332031,333.60679696266106,320.1732279172156,320.1732279172156,358905
2022-05-31,333.4305725097656,336.8085291110406,329.99384103534084,331.9227146430871,290431
2022-06-01,327.7809753417969,335.3985506075767,327.0270614361704,333.4305338200424,114749
2022-06-02,322.9930725097656,328.97549918758716,318.2149478958709,326.07730372097205,163977
2022-06-03,314.6607666015625,326.03817154612597,306.4655115371774,326.03817154612597,238860
2022-06-06,315.8161315917969,320.1732411684462,309.8043315309404,311.3611336133514,142591
2022-06-07,315.0523986816406,321.73002474959,314.3082855162725,320.16342196490194,155168
2022-06-08,314.5726318359375,316.55044951125114,304.0274880306979,315.0817650318353,416068
2022-06-09,320.61383056640625,327.02707410948227,314.29847541659825,314.29847541659825,359223
2022-06-10,325.9990234375,328.1041319671692,319.7913571582594,323.9918033060536,182589
2022-06-13,312.4870910644531,327.5166346860801,307.4446137262456,327.5166346860801,214085
2022-06-14,314.6705627441406,316.7364979855075,310.8715606239875,313.3193681879559,176498
2022-06-15,316.775634765625,319.194069555327,315.2775779043414,316.2567008170878,76999
2022-06-16,315.62030029296875,319.3899297625309,314.788039779357,315.27760127201543,76446
2022-06-17,322.86578369140625,325.2548460127211,315.277581042101,315.277581042101,406616
2022-06-20,315.4049377441406,326.73339949709657,315.2776469567306,326.6354812082838,170762
2022-06-21,330.6694030761719,333.78300687839385,315.28738993509177,315.4342524011473,689983
2022-06-22,327.9278869628906,336.7693664214218,326.8312441077983,330.9337718514148,356590
2022-06-23,332.43182373046875,337.014141990401,327.5753821115549,330.9435675564122,430097
2022-06-24,319.57598876953125,335.83920839618116,308.91332434109376,332.46122189890264,986800
2022-06-27,331.4429626464844,332.85290226903294,323.9428762844584,324.08973877004365,279273
2022-06-28,328.5740661621094,335.3398093270863,327.5166265243216,331.1883375840113,240693
2022-06-29,317.9506530761719,330.6498808007536,313.8187524242137,328.99516038143247,498120
2022-06-30,322.9735107421875,325.95005314211886,315.7671795302591,318.01915056387077,620580
2022-07-01,321.6321105957031,331.9129022838922,316.7462962980167,324.0799181405101,565284
2022-07-04,322.00421142578125,325.75426965874027,321.25029739034125,321.25029739034125,137461
2022-07-05,323.70782470703125,327.02706585579375,323.10077325787336,324.07989620953737,97572
2022-07-06,324.6576232910156,326.9291960469137,322.32733542021214,325.55842968748055,83718
2022-07-07,324.2463684082031,326.909584098884,323.10078137856055,325.1569456048261,142154
2022-07-08,324.2463684082031,324.2463684082031,324.2463684082031,324.2463684082031,0
2022-07-11,324.2463684082031,324.2463684082031,324.2463684082031,324.2463684082031,0
2022-07-12,324.2463684082031,324.2463684082031,324.2463684082031,324.2463684082031,0
2022-07-13,330.4931640625,332.8038798479896,322.3762265595143,324.24635495224226,161663
2022-07-14,339.14862060546875,342.64409679489205,330.94356530028597,330.94356530028597,525122
2022-07-15,340.74462890625,349.4490174544191,339.36406179289173,342.69307425239344,477914
2022-07-18,333.5480651855469,337.2099758679819,330.943594260445,335.8294087678077,256219
2022-07-19,331.8541259765625,339.2660936940902,330.2385791255399,333.8809176037078,264511
2022-07-20,331.1296081542969,332.90181838526377,328.0062034090099,331.922695390013,155069
2022-07-21,324.9415588378906,334.3215743037909,323.1497768202532,333.8320127832877,322693
2022-07-22,333.87115478515625,336.818324687924,323.63933697800195,332.89203174827276,357237
2022-07-25,328.54473876953125,333.87117073507244,326.04798685838733,333.783053243199,133680
2022-07-26,328.9657897949219,334.8307276003892,328.00623840024605,330.66945442665474,155649
2022-07-27,334.5957336425781,336.30919899548775,328.0062246998497,329.00491946286417,155968
2022-07-28,342.08599853515625,357.8694565149412,334.86006601398054,334.86006601398054,899110
2022-07-29,340.38232421875,346.5997311845722,336.837873961667,342.6930400893019,417938
2022-08-01,347.3145446777344,352.8759566735987,340.3823663280254,340.3823663280254,516580
2022-08-02,349.4686279296875,352.9738754595229,343.6722060646117,343.6722060646117,248289
2022-08-03,354.109619140625,356.39096252765484,349.74273903351843,349.74273903351843,441099
2022-08-04,352.2688903808594,357.3701131141998,351.01561406977584,357.3701131141998,221746
2022-08-05,352.4255065917969,353.47317528862675,343.67214528720723,352.4842515766228,192701
2022-08-08,352.4255065917969,352.4255065917969,352.4255065917969,352.4255065917969,0
2022-08-09,352.4255065917969,352.4255065917969,352.4255065917969,352.4255065917969,0
2022-08-10,356.5182800292969,360.5131188046107,352.4842978459343,352.4842978459343,541781
2022-08-11,350.9666748046875,358.7506852476666,350.52605747299646,358.7506852476666,454164
2022-08-12,353.1304931640625,356.40076029096707,349.0573380322246,352.19054348147273,107832
2022-08-15,358.05548095703125,360.3172526251927,352.4842688724711,356.4007607488319,562902
2022-08-16,353.89422607421875,360.3172706829119,353.46340955579126,358.45694292450037,228465
2022-08-17,374.827880859375,380.42846571661676,351.50516340320496,351.50516340320496,784230
2022-08-18,364.0281677246094,379.80182574342354,362.2755290956975,377.94149792145737,589817
2022-08-19,367.2298889160156,370.01059479367336,360.9047623765581,364.23377477203763,229640
2022-08-22,362.8238220214844,366.9752940430332,360.3172694937044,362.32445972212264,198859
2022-08-23,372.2430114746094,373.29068035866544,364.72335326846655,369.12940720056883,701588
2022-08-24,382.95458984375,389.2013994766007,374.12291098240496,379.89973080986437,1295827
2022-08-25,380.9474182128906,385.33387042222864,379.8997493616385,383.8064408306964,560428
2022-08-26,375.3761901855469,389.59304575461647,374.3187205852615,380.878856806348,975580
2022-08-29,382.2789611816406,386.53815193435173,364.233732621207,374.2697427270333,846475
2022-08-30,385.92132568359375,392.62832423070967,382.83709420001867,391.64920122764056,971956
2022-08-31,389.4070129394531,394.58658214857843,382.8371057570575,383.8651729891301,977122
2022-09-01,393.6270446777344,400.2654978774396,389.69098070496807,390.8365678408771,1441558
2022-09-02,392.7849426269531,398.01345528040594,391.7960189450753,393.5388564962262,473641
2022-09-05,383.92388916015625,394.57675173631765,382.95456699236945,393.117868088968,359030
2022-09-06,388.1929016113281,389.8867951783936,380.7613615388046,385.6667773887579,245854
2022-09-07,385.6863708496094,390.6701036742339,384.7953652731176,388.7118575405285,92284
2022-09-08,385.2947082519531,388.2222765130905,383.7966512301098,386.2738312696406,104191
2022-09-09,385.97027587890625,388.71180816567374,383.8161934532597,387.62499604213906,171166
2022-09-12,386.44024658203125,390.67006498323576,385.2946894403269,386.6556548306239,139813
2022-09-13,381.00616455078125,387.24317371829,379.89975070214035,384.893284329215,156669
2022-09-14,382.6804504394531,385.77448287251275,379.0577130717208,380.6340868443892,390951
2022-09-15,383.6595458984375,389.0545230940598,379.80179895673643,384.6974138695081,554461
2022-09-16,382.6412658691406,391.6492096431177,381.48590787200465,385.284909986417,337641
2022-09-19,382.0048522949219,386.6459158744465,381.8579898133942,382.83711286419776,228296
2022-09-20,379.04791259765625,384.1981094223818,375.9930534506811,384.1981094223818,148863
2022-09-21,374.75933837890625,379.8997342678396,373.34939883036174,379.8997342678396,99224
2022-09-22,378.6464538574219,380.8788531381803,367.17113091726895,374.98454334015514,293063
2022-09-23,375.9832458496094,382.7391888223768,373.0458767414093,380.7809427502434,163390
2022-09-26,377.8729248046875,378.4310320750483,372.2723401593545,372.2723401593545,132989
2022-09-27,377.9610595703125,380.87885694345283,376.0028135191893,378.92061089232965,173063
2022-09-28,371.0190734863281,378.9206033159327,368.89439329640135,378.7149958512056,275647
2022-09-29,365.72198486328125,371.5771507225416,362.275482917893,371.087589259139,229346
2022-09-30,369.599365234375,371.0876214552764,363.2546373612337,363.2546373612337,135527
2022-10-03,372.9283752441406,376.96235724731577,368.2481684714574,370.10849620645547,168221
2022-10-04,378.2939453125,379.41015986737693,373.3004419515186,373.3004419515186,184475
2022-10-05,378.0393981933594,380.4872057057737,374.5145493993902,376.0028056099715,140313
2022-10-06,406.2479248046875,406.38498648593225,381.84816666010806,381.85796745179067,2152848
2022-10-07,408.4313659667969,430.81410249469525,404.47570084099823,406.34582928066465,2868362
2022-10-10,410.9085388183594,421.9824169181613,409.2733903554217,409.2733903554217,635317
2022-10-11,415.3635559082031,419.4562828340594,406.82560224233913,414.16902466548606,477932
2022-10-12,416.3328857421875,424.8414670696315,411.2316632385437,413.67947075782075,594745
2022-10-13,435.8468322753906,440.0178759913471,416.71476023809157,416.71476023809157,1633734
2022-10-14,427.00531005859375,436.6888507095507,425.91849788935997,435.84681928623036,523206
2022-10-17,432.6548767089844,436.1894964019839,419.06464466649595,425.9185056773966,773204
2022-10-18,432.91925048828125,444.1302213605553,431.8030657493627,435.1614506388289,857574
2022-10-19,432.1065673828125,435.5530695687094,426.9955441530068,433.75148684332265,126464
2022-10-20,421.8258056640625,437.47217310552077,420.02422281170084,432.0380520517302,794018
2022-10-21,422.75592041015625,425.6247734649074,413.1898996051735,422.0020064687909,256395
2022-10-24,424.5574951171875,429.345420765495,421.15016631761813,426.89761334950015,163175
2022-10-25,421.9726257324219,423.960244157619,419.07443012041404,423.960244157619,139983
2022-10-26,424.35186767578125,432.1848510380678,418.1834052301647,419.94581453449507,582343
2022-10-27,426.6136474609375,429.8349702973487,420.1416591756191,425.91847854065304,366311
2022-10-28,427.8375549316406,436.64966146240664,421.5026282637493,426.89760526822135,551595
2022-10-31,434.45648193359375,435.3768599931332,427.48513058254423,430.79457127997784,204343
2022-11-01,441.8978271484375,444.02250745816383,434.73063916920137,434.73063916920137,503072
2022-11-02,442.4363098144531,444.03228510186756,438.26523622947684,443.54272359679385,221122
2022-11-03,444.5218505859375,447.45921964267274,441.5844815292022,444.01271737307013,576687
2022-11-04,439.6556396484375,442.46571813420735,436.1993363379926,440.5955894477534,224008
2022-11-07,440.3409729003906,445.109296862626,438.64707944823397,443.5426941742187,220693
2022-11-08,437.8834228515625,441.58450688030746,436.6888915046943,440.60538380518483,98340
2022-11-09,437.8834228515625,437.8834228515625,437.8834228515625,437.8834228515625,0
2022-11-10,442.9454650878906,445.9905232530999,438.6471008065615,438.6471008065615,589876
2022-11-11,443.51336669921875,445.46181199618707,439.6458187209369,444.423943959368,116050
2022-11-14,439.420654296875,443.54275408642394,437.1882548754997,443.54275408642394,80868
2022-11-15,439.45001220703125,448.9377169030611,438.62755243492654,441.535549073655,378518
2022-11-16,444.2966613769531,445.4911927085919,439.13669359381026,442.5538235206734,306805
2022-11-17,446.57806396484375,453.3340075614809,440.85018769882674,445.5010225496195,359272
2022-11-18,449.2020263671875,452.35480346534627,442.5635739531093,442.5635739531093,474314
2022-11-21,459.414306640625,462.1362674575543,448.3404276075397,449.20206065125205,501150
2022-11-22,473.3570556640625,477.8120536382166,461.16696160573775,462.1460846664718,1154985
2022-11-23,486.8983154296875,488.58240829276895,473.8857615597288,475.4131911471207,1151056
2022-11-24,479.6821594238281,490.5406300645516,476.8622803623434,490.51125756934704,665044
2022-11-25,481.6795959472656,484.6659092947751,476.94061409490826,479.87798324214936,345922
2022-11-28,477.2049560546875,481.5326628322988,470.95814674936264,471.93726971557754,526024
2022-11-29,489.54193115234375,490.7854066126301,476.7252145932425,476.7252145932425,1051065
2022-11-30,489.9139709472656,493.67382956982317,486.1443712938653,492.46949752037403,568180
2022-12-01,492.07781982421875,497.2965319119873,488.5823437805702,489.56146671399824,336647
2022-12-02,486.9472351074219,494.45712176761293,483.6965694120818,490.5504305058903,323112
2022-12-05,473.3570556640625,488.4649173198774,471.9373152738123,487.6032842455571,258101
2022-12-06,475.853759765625,478.7911286530671,470.95814495322145,472.4268293969425,263548
2022-12-07,479.23175048828125,481.7285021141271,474.8256971152862,474.8746413116903,390834
2022-12-08,475.1488037109375,481.7285114033728,474.87465046877196,481.23894990804416,100401
2022-12-09,475.0509033203125,477.3224759154676,470.37069644399065,474.8746683466703,135048
2022-12-12,478.85968017578125,480.26961964910294,473.89551952514705,474.87464249937256,210701
2022-12-13,481.8753967285156,484.4700668007155,475.8635968186146,475.8635968186146,260410
2022-12-14,498.6183776855469,502.2900888614345,481.87536874740664,481.9243428246957,861114
2022-12-15,491.5099792480469,501.7907714600488,489.56153390485423,499.35276458295135,491427
2022-12-16,504.1505126953125,508.75234349856424,490.54067757673494,491.03023913120273,601147
2022-12-19,499.1177673339844,509.6824833560722,498.373624266455,503.7000559614295,225118
2022-12-20,482.53143310546875,502.19224086315825,475.85380667180806,502.19224086315825,564124
2022-12-21,479.96612548828125,489.56151931466314,478.3016043704259,478.79116588974057,223232
2022-12-22,486.4479064941406,489.5517097378401,478.4190857692666,481.72852636132217,320302
2022-12-23,476.6762390136719,487.6032553086539,475.85377927712005,487.6032553086539,328442
2022-12-26,474.6886291503906,484.66589511913884,472.074387418868,477.8120339760399,194753
2022-12-27,469.0293273925781,479.57447219766436,464.1043394998552,479.57447219766436,325373
2022-12-28,448.8202209472656,468.9999322926417,438.79398078162626,467.1396045080747,1117213
2022-12-29,466.2583923339844,468.26558256529904,440.60535735365306,454.80264109060414,617935
2022-12-30,473.8269958496094,479.7702797517225,463.6930666175365,469.8615595711937,388706
2023-01-02,469.4013671875,474.87466124380916,466.1702433167385,474.87466124380916,184508
2023-01-03,472.6814270019531,474.87465295074054,468.7551342271485,474.8257087531368,208569
2023-01-04,472.55413818359375,477.322462411839,470.9581629130145,474.38509341238154,114409
2023-01-05,478.5855407714844,480.2598327392752,472.42684871906283,473.40597172158937,225989
2023-01-06,486.4576416015625,489.71813775477256,477.8217999005809,482.56075138805926,630424
2023-01-09,480.9060363769531,490.0412404417474,478.7911271987633,486.4282743307308,209418
2023-01-10,488.25927734375,496.41535874936864,480.74939082039447,484.77357198952774,409589
2023-01-11,486.477294921875,492.4009774411031,484.66591129749855,491.51977266938235,473189
2023-01-12,487.40740966796875,500.33184501385796,484.69524975822594,489.4146297142077,736603
2023-01-13,484.3036193847656,489.51256097107927,475.85378302466756,485.6450131280558,332388
2023-01-16,477.332275390625,487.5934655672179,474.3851055241754,487.58369465568484,250608
2023-01-17,448.4775085449219,480.7493943489447,442.19152571988036,480.6417051612646,1039177
2023-01-18,470.6938171386719,473.89553863654294,448.63417683496203,448.63417683496203,499573
2023-01-19,470.26300048828125,477.81203055532023,468.99992343442295,471.92749168283956,446402
2023-01-20,467.629150390625,473.8955316093671,463.1251786182451,468.99991661340255,256925
2023-01-23,468.81390380859375,472.818513485723,465.08344738944396,470.4686241486902,79845
2023-01-24,465.8960876464844,473.7486732924088,460.383650212249,468.81388496664755,260335
2023-01-25,463.2034912109375,474.77673213027333,459.2086825569923,469.9790354527853,861650
2023-01-26,464.1630554199219,470.4686100448835,461.166941375942,463.7909838922901,934245
2023-01-27,452.3156433105469,467.96203928224975,449.4272484488696,467.0416612909459,1062121
2023-01-30,442.6908874511719,454.3620168960482,441.5942744703607,453.3339496966534,350886
2023-01-31,448.4579162597656,453.2850154725475,443.5427294410283,448.43834455627143,688756
2023-02-01,446.45074462890625,453.3339785727074,445.5009940617319,450.406410173479,217983
2023-02-02,452.1785888671875,455.1942745453509,444.03227837486463,444.03227837486463,433983
2023-02-03,445.5597229003906,459.20870030632926,440.60536276726685,455.92863218519136,793417
2023-02-06,448.08587646484375,450.39659246617816,445.011415817126,449.4076686470585,586180
2023-02-07,472.82830810546875,477.9099590442023,446.52904786488347,449.17269200982435,1770068
2023-02-08,483.128662109375,487.60326145913643,475.3642237719091,475.3642237719091,686338
2023-02-09,478.56591796875,489.5614795565564,475.60897738919454,486.6143098878783,802134
2023-02-10,475.44256591796875,478.79117995586205,469.97907234931245,476.93085210390564,682907
2023-02-13,462.5279235839844,477.8022183234581,460.88297425164984,470.967958976824,309789
2023-02-14,451.9142150878906,466.9437593265012,450.6021938349941,466.9437593265012,480563
2023-02-15,463.3406066894531,466.0625675484038,448.9279143297125,449.41747585024655,456048
2023-02-16,464.15325927734375,473.3080655614126,462.14606902296754,465.1813563845924,538151
2023-02-17,469.8615417480469,473.40596216476644,460.1878018974979,467.03186198524685,345703
2023-02-20,477.17559814453125,484.66588308890357,471.0560794186612,471.937284139094,742849
2023-02-21,485.938720703125,489.0719261763595,474.972561307728,479.280696423079,626151
2023-02-22,487.21160888671875,493.9675515844271,485.6450061167014,488.58237510531046,528514
2023-02-23,482.9524230957031,486.52621609436846,476.83290430330953,485.6450113643563,337554
2023-02-24,483.872802734375,485.1554514871229,478.8303252086337,483.6867669720257,226807
2023-02-27,483.4126281738281,488.5823966262784,479.7702892722974,482.5118218302393,159271
2023-02-28,469.46990966796875,489.30692145056565,465.96463257347347,479.81921713210744,612324
2023-03-01,466.95355224609375,470.95816171955045,458.3274810299835,468.99011493315317,526911
2023-03-02,463.16436767578125,473.89554774580944,461.6565098391511,468.89224339219004,412386
2023-03-03,472.97515869140625,474.7277972453588,460.29550376317286,463.12518360392477,492129
2023-03-06,473.81719970703125,479.7408817098097,472.15267870965033,475.8537623325741,362806
2023-03-07,475.54046630859375,477.34204909915917,471.0169226883043,473.9053475806267,229153
2023-03-08,477.11688232421875,480.74942049544455,476.6958367009863,477.32248979944853,181600
2023-03-09,476.8622741699219,480.7493936806438,475.85377867371255,478.6932294016401,260659
2023-03-10,482.2474670410156,483.67697830501567,470.9581796471862,476.9308361343971,382764
2023-03-13,482.002685546875,488.58239352462965,481.7285322928212,485.35129946753403,408102
2023-03-14,484.1861267089844,486.6241334294078,481.7285184049671,481.93412586946397,286178
2023-03-15,479.0065612792969,485.5960699091343,473.8955379598012,481.8362112470425,337970
2023-03-16,474.5124206542969,482.1593694801926,473.5039250821886,478.6932654278982,426471
2023-03-17,456.5160827636719,478.7911302336419,449.9951202263681,474.5123676543501,4075478
2023-03-20,461.0396423339844,464.09450131380515,458.13164582810447,459.11076882832714,232295
2023-03-21,459.80596923828125,463.12521077866256,458.2295954427359,463.10563907428616,194626
2023-03-22,453.4808044433594,461.646686551104,452.4527372614831,460.18780286546985,176961
2023-03-23,453.4808044433594,453.4808044433594,453.4808044433594,453.4808044433594,0
2023-03-24,448.09564208984375,457.74000976909264,446.48009509028077,457.74000976909264,84304
2023-03-27,457.41693115234375,458.2295901413011,449.4174826385838,450.27911570861266,147167
2023-03-28,456.1831970214844,459.2086834826549,454.4599309929358,458.2295604901546,90317
2023-03-29,453.5591735839844,459.2087027305468,452.6485664536392,456.28113442200873,128805
2023-03-30,452.57025146484375,455.0474315538235,450.39659712696897,453.568946205854,163329
2023-03-31,452.41357421875,454.3130752427451,451.37570622177907,454.3130752427451,148918
2023-04-03,456.9762878417969,460.18781008718685,451.37570308551733,455.2823942945094,103617
2023-04-04,455.9286193847656,457.2504414120493,455.29219541028465,456.2811192029239,57728
2023-04-05,457.32879638671875,459.2087258531812,455.2922335218108,459.1891541484918,100701
2023-04-06,462.204833984375,463.14478376494446,457.7400351760893,459.1108014978498,110205
2023-04-07,459.3751525878906,465.3282073003207,458.3274838030891,465.3282073003207,59903
2023-04-10,454.09765625,460.148629118819,453.3437423094097,460.148629118819,30130
2023-04-11,456.22235107421875,456.6629384739921,454.31304936715077,455.2921723183731,38760
2023-04-12,472.9555969238281,474.86486890463976,457.3483734303699,457.3483734303699,416645
2023-04-13,472.8087158203125,479.7702659489084,471.93728201504865,476.832896973711,226131
2023-04-14,472.8087158203125,472.8087158203125,472.8087158203125,472.8087158203125,0
2023-04-17,468.3439025878906,476.8329123473092,468.02080513760535,475.8537893240088,121171
2023-04-18,470.3217468261719,471.93729382687246,465.0834327132042,469.97904779439585,178608
2023-04-19,453.74517822265625,456.7608638116732,439.62621190019564,451.3756874966374,942217
2023-04-20,452.80523681640625,454.3032938859671,447.8019323792755,452.3548485804535,258739
2023-04-21,452.80523681640625,452.80523681640625,452.80523681640625,452.80523681640625,0
2023-04-24,452.80523681640625,452.80523681640625,452.80523681640625,452.80523681640625,0
2023-04-25,452.80523681640625,452.80523681640625,452.80523681640625,452.80523681640625,0
2023-04-26,452.1785888671875,460.1878077975444,449.4174548490912,451.37570083971906,451019
2023-04-27,455.9286193847656,456.9567164639697,452.3548264076377,452.3548264076377,462347
2023-04-28,445.42266845703125,460.1878308175607,434.73063166595097,460.08991253703863,2027881
2023-05-01,445.42266845703125,445.42266845703125,445.42266845703125,445.42266845703125,0
2023-05-02,440.47802734375,446.47025488910987,437.66794931804026,445.50093275102535,677453
2023-05-03,431.225341796875,442.5635723844544,429.34541258978595,440.605326488948,580196
2023-05-04,438.9800109863281,440.60535878438833,419.57378556811346,430.7945568857561,1441953
2023-05-05,433.0269775390625,441.58450359012465,431.89119119472707,439.616456662043,245999
2023-05-08,422.7167663574219,434.62290513892077,422.00199583952104,432.10655195993587,219468
2023-05-09,418.0072021484375,425.8695586026107,413.6892661550837,421.03268861715566,491230
2023-05-10,412.5534973144531,420.04378256593475,411.23167523937667,411.23167523937667,309451
2023-05-11,413.6794738769531,419.06465045996674,411.29041132968825,415.6083474119056,307459
2023-05-12,416.1174621582031,419.8479182897385,414.1690170063748,416.12726294966734,379375
2023-05-15,416.16656494140625,417.10873157234255,410.3368546264143,413.28115155516025,177059
2023-05-16,415.20477294921875,420.8381851265644,414.16445704087835,419.07161885415894,181031
2023-05-17,410.2092590332031,418.9734422712482,409.35541772559327,418.9734422712482,149691
2023-05-18,399.6195983886719,413.5755669507829,394.10395363187007,412.2015677152528,306236
2023-05-19,398.18670654296875,403.8593839333512,394.53577725688257,400.42437094728376,392783
2023-05-22,393.5347595214844,398.46153919919556,389.6286479361592,398.46153919919556,376817
2023-05-23,395.29150390625,400.4244059710105,390.61008229525044,390.61008229525044,504078
2023-05-24,392.9654846191406,399.3447945316297,391.6013093046493,397.57822838239207,295363
2023-05-25,392.00372314453125,402.3872642484315,385.22202199930484,395.41908856028317,428235
2023-05-26,385.7618103027344,397.4801153590237,381.28648102958203,397.4801153590237,651807
2023-05-29,398.23577880859375,401.52358304687647,381.7771697041975,381.7771697041975,751047
2023-05-30,406.6662902832031,408.5997131922637,396.1060986647608,398.4615302920632,800932
2023-05-31,395.47796630859375,407.3042439453096,392.57293497603376,407.28459612996045,876979
2023-06-01,399.4822082519531,401.88669939516603,395.51721340869057,395.51721340869057,447927
2023-06-02,399.3644714355469,403.6140604006838,395.52706729148485,399.44297284639106,433832
2023-06-05,398.981689453125,401.4058285398998,396.5968160463576,401.4058285398998,173131
2023-06-06,397.018798828125,402.87795073477787,396.49864091802743,400.32622081789043,390498
2023-06-07,406.8429870605469,411.4655251825964,399.4429785314651,399.9336947213072,743896
2023-06-08,399.8846435546875,408.275878598389,399.43316308579136,407.78516239815053,334779
2023-06-09,407.7655029296875,411.1219846243428,399.93366239059696,401.39598693381123,323664
2023-06-12,410.984619140625,415.1949423438275,406.312991585439,407.30424784003225,350596
2023-06-13,402.8975830078125,414.066287540126,401.91615069321114,409.25727518876676,201578
2023-06-14,399.4037170410156,406.21486022356936,398.47137424109604,404.3501446727905,102328
2023-06-15,400.22808837890625,402.48540068695365,394.43764367728465,401.8965353043788,239484
2023-06-16,404.7427062988281,409.7283995466892,399.68833554728843,401.4058422070988,386436
2023-06-19,391.52276611328125,404.6445106983183,387.6657445017793,404.3500929993242,333232
2023-06-20,394.9577941894531,396.00793394104085,389.62862397668704,391.6013124884255,133793
2023-06-21,390.2959899902344,396.98936546642216,387.6657586136879,396.49864931627826,154424
2023-06-22,393.11273193359375,398.3634012116102,390.61009131883634,390.61009131883634,258404
2023-06-23,390.031005859375,394.5357764289665,388.7943916026861,393.5543441492925,111809
2023-06-26,400.3164367675781,402.68166226287696,390.71800008365494,390.71800008365494,206355
2023-06-27,395.841064453125,400.9150824696472,394.5357727118682,400.42436633443344,199153
2023-06-28,395.841064453125,395.841064453125,395.841064453125,395.841064453125,0
2023-06-29,395.841064453125,395.841064453125,395.841064453125,395.841064453125,0
2023-06-30,395.841064453125,395.841064453125,395.841064453125,395.841064453125,0
2023-07-03,425.2349853515625,425.52940306091466,408.27583642132936,424.94056764221034,673695
2023-07-04,435.7265319824219,439.4363451555467,417.59947484910134,428.02228186164547,1478311
2023-07-05,447.66070556640625,449.74133718414276,433.89121203297935,434.774495084725,1163315
2023-07-06,445.3053283691406,450.4872901818326,439.9270680983937,447.5331691084607,363797
2023-07-07,449.1917724609375,453.4217434725829,440.67294689301116,440.67294689301116,807792
2023-07-10,448.6814270019531,452.4402996098874,446.5713235527839,450.47743496949744,222608
2023-07-11,448.04345703125,452.9113827410995,444.58882616217244,449.5450472328331,338683
2023-07-12,448.71087646484375,450.96815885960916,445.57028100601207,448.0238618485562,272012
2023-07-13,437.1103515625,456.3660497737048,435.75597010650523,456.3660497737048,416242
2023-07-14,433.8912658691406,440.56499414476315,432.8116842493059,434.0286508293343,81274
2023-07-17,424.7541198730469,431.83023880908746,421.97664951909,431.83023880908746,452189
2023-07-18,422.5262451171875,427.41378900920586,418.09018167146195,424.9405902661632,245942
2023-07-19,420.7498474121094,430.1127202622671,418.1392338102441,422.5556793120814,376754
2023-07-20,424.8227844238281,426.913240081026,418.1883222328494,418.1883222328494,180936
2023-07-21,431.5554504394531,438.2095608257346,426.0398052162829,428.49338618395217,376929
2023-07-24,429.9654846191406,437.6893518124048,427.9044708564796,431.98723270463535,149266
2023-07-25,433.0275573730469,439.19095097302187,429.867344192589,432.81164107062045,287375
2023-07-26,434.7548828125,441.5463774275072,433.79306839435645,434.7745006757916,212845
2023-07-27,434.7548828125,434.7548828125,434.7548828125,434.7548828125,0
2023-07-28,434.7548828125,434.7548828125,434.7548828125,434.7548828125,0
2023-07-31,436.1681823730469,437.32626536899346,429.8673734468513,429.8673734468513,284852
2023-08-01,438.6217346191406,441.5463836907035,436.75698929721386,439.6816683197135,200721
2023-08-02,444.67718505859375,446.5321065981987,438.2193732986175,438.2193732986175,321800
2023-08-03,440.88885498046875,447.2877829692992,436.89441822189804,445.57027639728324,290291
2023-08-04,436.0013122558594,441.64454814887273,434.77452184433474,441.64454814887273,84465
2023-08-07,433.5477294921875,437.7188168727009,430.8487905989141,434.2936276433558,154228
2023-08-08,423.5665588378906,434.77452941105344,422.01590890914895,431.35913406359043,81783
2023-08-09,423.44879150390625,426.9230703940655,420.0530439739311,423.04640064804295,148768
2023-08-10,416.94189453125,426.82492554226627,415.14588649856984,425.9416424122443,107908
2023-08-11,417.6976013183594,423.488046015287,413.28115587903426,421.03446521566195,170867
2023-08-14,417.6976013183594,417.6976013183594,417.6976013183594,417.6976013183594,0
2023-08-15,438.0426940917969,446.5517258708703,418.58090348115644,420.0530520279835,507246
2023-08-16,441.7132568359375,445.55066084803514,437.22810389063005,438.70025238857835,568355
2023-08-17,457.38671875,466.18034379618786,439.82888047773173,442.13525237933186,920006
2023-08-18,456.0716247558594,467.70157413573594,451.94959690791995,462.25463657683014,410510
2023-08-21,455.8262634277344,458.81962009180836,449.4960128386058,456.36603923570243,311171
2023-08-22,454.7859191894531,458.3288753483518,452.44028166079266,456.3660107858321,88998
2023-08-23,451.0172119140625,458.3092768343981,446.55170682617575,455.40421559454614,221869
2023-08-24,458.515380859375,466.1803650978562,451.02704725523193,451.55702910918484,402591
2023-08-25,458.60369873046875,461.2731958705657,453.4217372174497,455.531810740287,158541
2023-08-28,456.68988037109375,463.7267631619315,455.4827378070179,456.46417011000614,138534
2023-08-29,422.889404296875,439.6816976127321,422.43792384625743,431.83023872679047,1665723
2023-08-30,419.0421447753906,431.339490133374,415.93099124721107,421.0344511199487,315307
2023-08-31,421.4466857910156,423.949326260834,414.26259392223477,420.0530386991618,295717
2023-09-01,421.7803649902344,422.11404838615823,418.09016986906187,422.01589916360706,111895
2023-09-04,423.291748046875,424.42041917672157,413.3989234300761,422.0158980100104,126612
2023-09-05,420.98541259765625,429.67106481236436,420.05303989788155,423.9689453350593,74136
2023-09-06,423.67449951171875,424.4694572552433,419.0814036711468,422.9973088485777,50771
2023-09-07,420.4848937988281,425.9220376028189,419.5623449600338,422.9973583105838,65035
2023-09-08,426.2164306640625,428.8859277971302,420.05303683563324,420.05303683563324,95467
2023-09-11,424.3615417480469,430.8487951065726,422.99733642581504,428.39521426883584,134437
2023-09-12,421.06390380859375,427.708189781483,420.05302972481684,425.9416235994638,47819
2023-09-13,421.0540771484375,423.91987266044237,420.3082089624958,422.4477242014051,69390
2023-09-14,422.12384033203125,423.2328636446076,421.0344648344341,422.0257210608851,48486
2023-09-15,424.2535705566406,427.4137838881335,421.0344736808479,426.9132438106463,260489
2023-09-18,427.1684265136719,428.64057502549383,422.12384990337836,422.9875151557973,100095
2023-09-19,425.6962585449219,428.77797033193303,423.97875202629683,427.1487891258677,90266
2023-09-20,421.87847900390625,427.8554281371847,421.0344615925482,427.8554281371847,43723
2023-09-21,421.3681640625,422.99734536730807,419.807690210826,422.212211463011,66774
2023-09-22,418.7673645019531,424.8620509027198,417.5994576297807,422.487001429736,78703
2023-09-25,415.0379333496094,422.0159028552542,413.1830118652605,417.305039640966,140818
2023-09-26,411.1122131347656,418.04112315778315,409.7480077862841,418.04112315778315,270404
2023-09-27,403.5158996582031,411.22997340707093,402.39708236770446,411.2201494993937,239688
2023-09-28,403.5158996582031,403.5158996582031,403.5158996582031,403.5158996582031,0
2023-09-29,403.5158996582031,403.5158996582031,403.5158996582031,403.5158996582031,0
2023-10-02,400.8464050292969,402.1909625482845,388.6275903183522,388.6275903183522,618214
2023-10-03,398.7657775878906,405.59653838941153,397.49972146423687,402.38726537231656,185222
2023-10-04,394.90875244140625,401.4058297841487,394.1432364090486,401.4058297841487,219308
2023-10-05,394.6732177734375,399.3939049589497,393.75066897264475,397.4800999049579,139138
2023-10-06,398.83447265625,402.37742896976846,395.51722660867244,398.2652251357522,384101
2023-10-09,397.64697265625,400.9053054121243,394.5358188170159,398.83449745597846,99388
2023-10-10,396.7636413574219,401.0132601626609,396.0079492378682,398.4811479526295,174246
2023-10-11,397.63714599609375,408.0795709269787,395.0265322756377,399.6981599807632,837964
2023-10-12,400.59124755859375,402.38725554517544,396.9992016344926,400.2771820245773,683208
2023-10-13,401.8376770019531,406.80372246027844,400.22811351854233,403.3687091222544,698323
2023-10-16,405.09600830078125,407.16681609046134,397.48008402019326,402.39706945866885,715217
2023-10-17,401.6904602050781,407.16683961174897,399.44297170773245,404.84084970378285,550269
2023-10-18,404.0556945800781,409.74799000577144,400.8169499819253,401.9063554220567,455288
2023-10-19,408.1875305175781,409.7480043532179,404.3501264515587,404.84084262443685,378684
2023-10-20,410.4252014160156,416.1273210369803,406.1363467908743,409.2572945104264,544969
2023-10-23,407.7752990722656,414.1644329660657,407.29440682681815,412.1819504910773,190079
2023-10-24,406.4013366699219,410.1896812874185,403.8692542703663,410.1896812874185,151364
2023-10-25,423.5567626953125,426.8151252564402,402.87797607725133,406.31298927157627,1715238
2023-10-26,424.0474548339844,427.90447652822735,420.05301824330576,426.50103554802234,1084532
2023-10-27,406.21484375,423.97877527847567,401.62174753937506,418.0509154971157,899215
2023-10-30,402.77001953125,406.79386803604444,401.7198797727489,402.43630618947776,353639
2023-10-31,407.3042297363281,411.6617915586217,402.406862176711,405.82225737419265,357346
2023-11-01,411.66180419921875,415.14587700219533,407.2944183354872,410.2387153355027,322176
2023-11-02,409.610595703125,417.0596936779882,408.2758620689655,413.1535820998943,346658
2023-11-03,412.9180603027344,414.1644686559246,409.25730670502503,414.1644686559246,432522
2023-11-06,410.48406982421875,416.1273056914973,410.0424132977089,415.1458733667532,1138332
2023-11-07,412.3684387207031,417.10874373580555,409.41431779841525,409.41431779841525,703290
2023-11-08,413.4676208496094,416.86336821146165,409.4241245775304,409.4241245775304,495857
2023-11-09,413.4676208496094,413.4676208496094,413.4676208496094,413.4676208496094,0
2023-11-10,415.1262512207031,422.2612533656599,412.2015721407953,413.4774221694276,638750
2023-11-13,417.32464599609375,420.44559353826213,415.14586508061194,417.10872969092213,549467
2023-11-14,427.2960205078125,430.5543830917288,417.10874794238714,418.0214728378947,1071785
2023-11-15,427.18804931640625,433.7832759236463,424.96020865843315,430.34826268968663,561410
2023-11-16,430.1911926269531,432.81162995954173,426.5304694378444,428.8859008896139,393858
2023-11-17,435.10821533203125,441.6347344825005,431.8302348705357,431.8302348705357,478955
2023-11-20,429.8379211425781,436.7373892625535,429.09202298335765,436.7373892625535,271103
2023-11-21,431.3297119140625,436.73741397249455,429.89682900953943,431.8302520177474,565852
2023-11-22,432.1246337890625,433.989379137416,429.08221759109034,430.3580676127601,334282
2023-11-23,452.55804443359375,456.071588739576,434.77449645863203,434.77449645863203,1409937
2023-11-24,460.183837890625,473.0504018721491,456.3660515986501,456.3660515986501,1028170
2023-11-27,453.9713439941406,465.9840663361121,451.4588795821066,465.9840663361121,380200
2023-11-28,447.3172302246094,459.3103346039729,442.13526867326874,454.1578148247616,454057
2023-11-29,448.7992248535156,454.89391159345615,442.64562461546234,450.28116739196,578406
2023-11-30,452.1654968261719,454.4031613036687,445.481945165059,449.49599973451456,235335
2023-12-01,455.6888732910156,458.309310966176,450.47746966547066,450.47746966547066,244963
2023-12-04,456.2777099609375,465.1989262822375,453.81430521847614,455.69866847803206,356764
2023-12-05,451.27239990234375,458.33872470007526,447.04242893136245,457.37691022870854,448395
2023-12-06,463.5010070800781,468.83020706554953,453.4315323628253,453.4315323628253,1020314
2023-12-07,458.4368591308594,471.08753673333655,454.40318647403086,467.1716311685411,517881
2023-12-08,454.3246765136719,461.27320437132056,452.93102939864775,459.3201635796657,789675
2023-12-11,455.865478515625,460.6646968293147,448.51456018787405,456.36601857190686,397346
2023-12-12,453.7848815917969,459.60476837648673,453.39231463271557,457.01380248579864,216120
2023-12-13,445.0108642578125,456.36604376068533,442.6259908302561,456.3562198528633,267678
2023-12-14,444.5692443847656,454.40318591974034,431.84006538677335,444.58886224976754,403796
2023-12-15,443.89202880859375,448.5047427047208,439.68167580358715,448.5047427047208,242038
2023-12-18,439.28912353515625,448.5341994509096,438.3273090548871,444.5790282992907,227111
2023-12-19,422.53607177734375,441.59550134295836,421.13263069400887,437.7286554574098,531256
2023-12-20,423.095458984375,426.80527177918844,414.1742432147268,423.9787420401047,368707
2023-12-21,420.5928039550781,425.6962639412034,416.1272989304214,424.12596625693897,241159
2023-12-22,414.4981384277344,426.92307567245217,412.2015903044366,423.97877859884903,282998
2023-12-25,414.4981384277344,414.4981384277344,414.4981384277344,414.4981384277344,0
2023-12-26,406.9705810546875,415.6169979872109,401.4058462425449,415.14589965916014,253861
2023-12-27,424.3419189453125,428.787806487314,402.38728110729187,407.29444307201493,381768
2023-12-28,417.1578063964844,436.14852826855,411.2299765954471,427.8750607857555,719303
2023-12-29,415.69549560546875,420.93634090957175,412.2015987360667,419.15012679349,216382
2024-01-01,439.43634033203125,441.15384696649477,417.0008109005751,418.09018644655566,483450
2024-01-02,432.8901672363281,441.54640774109004,428.8859364315812,436.7373952220907,197802
2024-01-03,429.0135192871094,433.9893883893862,428.39521212694103,432.8116576127858,233563
2024-01-04,423.7726745605469,429.8673609493886,422.0159023019112,428.88592861845393,152811
2024-01-05,422.5458984375,425.94164603111653,412.2015929333386,422.99734893873557,150448
2024-01-08,420.9461364746094,425.40184755672277,419.07159716484153,424.96019103601026,108916
2024-01-09,417.0694885253906,422.70293065471935,413.78168411969546,422.70293065471935,194307
2024-01-10,416.36285400390625,419.93528216373664,414.1644551061267,417.20690140633576,128903
2024-01-11,416.65728759765625,423.1838065680278,415.1458734310537,418.090170405742,189540
2024-01-12,414.5962829589844,419.8567459611373,411.7599291004139,418.0901797173548,124866
2024-01-15,409.8461608886719,418.0411271121028,407.2944307540012,417.59947056825905,102398
2024-01-16,412.2997131347656,415.1458608001824,407.29440243989524,410.2386993250029,107196
2024-01-17,408.8058166503906,415.63657703907995,407.49070096886584,414.9397684957135,83825
2024-01-18,406.1658020019531,409.9443227067606,403.3687136905533,409.25730805099937,106852
2024-01-19,405.0174865722656,411.2103221756786,404.35011977639374,405.42970132909113,133069
2024-01-22,405.0862121582031,406.7055695842746,402.3872731311042,404.35013787808526,80208
2024-01-23,402.0241394042969,406.3129939931859,399.5705585226955,405.3315616405453,417235
2024-01-24,402.24005126953125,414.6453404951676,401.4058277888289,402.37743622289287,722358
2024-01-25,398.33392333984375,405.72410737065763,397.48008202985545,405.33154044032176,371979
2024-01-26,392.7496032714844,398.46154692049123,391.5915202494483,397.48011453891365,515669
2024-01-29,385.65386962890625,396.6655422426876,384.72149687803517,396.6655422426876,746886
2024-01-30,385.3005065917969,394.53578821349384,383.74003281461717,386.6843297415835,424273
2024-01-31,386.24267578125,390.56100193016186,385.7028999881047,389.4912143494514,472749
2024-02-01,388.0485534667969,389.8641793639512,386.625464570766,387.66578047165285,190689
2024-02-02,390.1193542480469,391.5915027546433,388.156489572585,388.156489572585,215477
2024-02-06,386.8217468261719,390.56100154846456,386.14455613306967,390.56100154846456,166267
2024-02-07,387.763916015625,389.9524909228456,386.831543330304,388.4509006697595,366814
2024-02-08,387.763916015625,387.763916015625,387.763916015625,387.763916015625,0
2024-02-09,382.5328674316406,387.1750531221346,363.1299611031427,383.2493238129114,369837
2024-02-12,374.0631408691406,382.75861712795603,368.13528107915255,382.5623186772586,337292
2024-02-13,373.1209716796875,378.8329155742399,367.05572648903035,372.9443210316351,368017
2024-02-14,382.748779296875,388.64719709978533,373.92571236115714,373.92571236115714,509549
2024-02-15,374.9562072753906,387.1750516853803,371.97267457612764,383.74003855255694,297485
2024-02-16,363.9837951660156,372.8853933851154,361.16708923505524,369.9999800043908,403248
2024-02-19,363.9739990234375,370.9618227461246,354.2970901077488,358.22281963802857,281412
2024-02-20,372.26708984375,374.41642901450854,366.07425431824817,367.9389697307542,467081
2024-02-21,380.17742919921875,382.5819503395153,374.9660260282798,375.8885747959166,650265
2024-02-22,402.7798156738281,408.6880573726848,382.6604532369073,382.75860245849435,1406023
2024-02-23,401.03289794921875,404.3501442157605,394.5456442352179,404.3501442157605,255195
2024-02-26,406.4896545410156,412.1917742528329,401.042716831408,401.042716831408,471070
2024-02-27,405.83209228515625,414.64533543827423,402.48540444638235,409.25728153190255,729056
2024-02-28,401.01324462890625,406.3129730700676,399.9336631064071,402.58354230245624,288819
2024-02-29,402.3676452636719,404.84084400104956,400.42439843012903,401.01326382977277,243296
2024-03-01,400.41455078125,405.3315361429742,397.52913744992,404.2912203106918,195301
2024-03-04,404.8015441894531,407.29439053222563,400.9641404339408,401.2978537613209,326937
2024-03-05,404.3697509765625,407.7655285134868,400.41457975605636,406.0185801073041,1116095
2024-03-06,401.70025634765625,407.29443282710287,400.42440624929634,407.24537318906556,569255
2024-03-07,400.71881103515625,403.3686903242308,395.5172316317883,402.38725798767547,569733
2024-03-08,401.5235900878906,404.10476190813637,400.42439067035735,402.38725533050615,1206260
2024-03-11,401.01324462890625,405.3020989969404,399.44294695535626,403.3588522564419,476604
2024-03-12,396.90106201171875,404.24218680450076,394.5358064436529,401.01326597246776,200285
2024-03-13,392.484619140625,400.03183639392466,392.08222827844185,397.4801062647533,183216
2024-03-14,400.6501159667969,402.38724034399354,393.5052900679947,393.55434970229607,182429
2024-03-15,402.53448486328125,405.2334239095985,397.48011409400215,402.38727599639725,558551
2024-03-18,396.9893798828125,406.312987074127,396.0079475468847,404.8702803422756,300974
2024-03-19,394.8400573730469,400.18887581048733,393.5543833546716,400.18887581048733,151296
2024-03-20,394.7320861816406,398.95223312484967,393.5641793392715,396.49865235532417,320871
2024-03-21,387.4498596191406,398.45170781061887,382.75861421221816,396.0079508580257,282683
2024-03-22,388.58831787109375,392.57293072184547,387.6657690878224,389.62863374143166,157053
2024-03-26,382.89599609375,383.74001346046197,379.4806010483891,383.7301895535677,166544
2024-03-27,384.7312927246094,386.2917665167704,382.28750588512844,383.73021259123016,175882
2024-03-28,381.5906982421875,386.6843343830545,380.79574045843947,385.7029020622853,340310
2024-03-29,378.2243957519531,383.74004064892574,377.85144667477346,382.75860831990036,295432
2024-04-01,372.6793212890625,378.6365929586452,371.8647156567665,378.24402600436537,368793
2024-04-02,383.3180236816406,385.7028970015935,372.50262048007,372.86577559277725,173462
2024-04-03,379.6263122558594,383.4361561264803,377.04703966351366,383.4361561264803,68218
2024-04-04,388.1517333984375,389.84500076510665,379.01597296607594,379.0258271506409,373211
2024-04-08,402.8890380859375,412.4874940940936,392.7983535645426,392.7983535645426,840001
2024-04-09,398.58697509765625,406.5807615344655,396.785401872451,404.611847435025,283776
2024-04-15,391.1641540527344,398.9512127922524,390.1895512034897,398.9512127922524,185777
2024-04-16,392.4833068847656,402.1408275857342,389.85482353682863,391.81388333968926,374088
2024-04-17,391.8040466308594,395.2791787705296,390.82944377784605,391.81390081506987,147640
2024-04-18,390.4651794433594,394.6687999610183,387.6299385147327,391.8138807082251,163444
2024-04-19,387.226318359375,395.7517197075172,384.0366872472121,388.97865064291733,221829
2024-04-22,390.86883544921875,396.5786743205346,386.89162055607574,387.8859317901727,517292
2024-04-23,392.4931640625,400.6739993358988,390.82942932764576,393.7631220056728,590096
2024-04-24,398.2817687988281,399.18745239891786,392.79833619346834,393.763114852318,641121
2024-04-25,396.94293212890625,402.5444953361118,395.7517474702713,398.7051187200494,442432
2024-04-26,397.1988830566406,399.69941234988397,394.7672729665632,399.6797039814111,244525
2024-04-29,395.9190979003906,404.6118402766,394.76726995356836,401.65846917969054,663295
2024-04-30,381.08331298828125,390.82943133793367,379.06515810026264,390.82943133793367,748602
2024-05-02,373.5817565917969,383.94808769486235,371.2485682441365,383.93823351093437,410013
2024-05-03,375.70819091796875,376.60402036664624,371.140295931896,373.98539113579153,270163
2024-05-06,373.9164733886719,379.0159535533751,373.13874392901243,376.0625824867254,274829
2024-05-07,374.5563659667969,379.31128018440114,373.6014414496359,376.85013761885676,377478
2024-05-08,376.269287109375,378.9863979388775,374.2117756635714,376.98795150734634,169739
2024-05-09,382.9734802246094,384.8242643311933,376.11181321508036,377.0470594529539,203844
2024-05-10,382.4024963378906,384.8242522525216,379.0159617051693,384.8242522525216,139032
2024-05-13,382.7273254394531,384.16465424689335,379.1635960147101,382.4123220418943,186002
2024-05-14,382.776611328125,383.6429383705868,379.4589957557511,381.9693493073541,386879
2024-05-15,383.9481201171875,388.8605513930995,381.9693517481585,383.8398142145647,185914
2024-05-16,390.03204345703125,391.3216797970538,382.9537948202614,385.21803403197777,810157
2024-05-17,392.217529296875,398.19319068498146,387.87607018529695,390.82944127807843,271837
2024-05-20,401.2548522949219,409.82946493556216,394.96418725988184,397.7206550299197,1249130
2024-05-21,404.6708984375,406.03930810996957,399.6895483419198,399.6895483419198,409440
2024-05-22,418.1678161621094,423.1688748702795,405.10408174144686,405.596310273332,2694847
2024-05-23,417.1636657714844,423.07040794170007,414.45640894346883,420.3631511136845,527404
2024-05-24,419.26055908203125,420.8553746421773,415.6377644709286,417.16366082952663,489452
2024-05-27,424.05487060546875,428.3864755792088,416.4253285342154,416.4253285342154,624222
2024-05-28,424.05487060546875,424.05487060546875,424.05487060546875,424.05487060546875,0
2024-05-29,420.894775390625,426.2600482849029,415.4408749238292,426.06317490093335,544111
2024-05-30,420.48126220703125,421.3475891598863,417.4097612238126,419.39835351596236,343182
2024-05-31,450.86163330078125,454.12018360797737,421.052276170592,421.052276170592,3195145
2024-06-03,440.3180847167969,452.850233516417,438.575606590356,450.88131945764997,732881
2024-06-04,421.26885986328125,441.03674354231106,419.9398368819045,439.83570478004197,436383
2024-06-05,419.53619384765625,431.1921609869546,415.44084917007956,422.33204808996237,472974
2024-06-06,423.6512451171875,433.6533323934727,420.36316216120963,421.34761921545135,268507
2024-06-07,428.81964111328125,438.5756140454984,406.876085143206,418.5025204543981,932025
2024-06-10,431.04449462890625,436.35070212772456,424.30095830839576,435.12998508656824,549233
2024-06-11,417.58697509765625,435.0315548426893,415.4408659861161,435.0315548426893,225129
2024-06-12,423.5232238769531,428.2387811667361,413.4719266437452,418.4926631902106,150086
2024-06-13,437.6600646972656,444.97457314725006,423.47403543045715,423.47403543045715,695304
2024-06-14,431.005126953125,441.92275173596823,429.2429404693685,441.0367464236766,165427
2024-06-20,428.3372497558594,438.7725000387449,426.26988403250334,431.1921690675207,183967
2024-06-21,419.3590087890625,433.0331010633123,417.45898392302934,433.0331010633123,198399
2024-06-24,414.3973388671875,419.87091747465195,413.4818010523575,419.37868896647535,106879
2024-06-25,414.95849609375,419.69373204754976,413.4719563511255,415.234142862921,223110
2024-06-26,415.3128967285156,419.62482347519165,412.73362402809175,413.6294835614042,189799
2024-06-27,415.7558898925781,418.39422745769764,413.4719424287835,418.2957757484706,109542
2024-06-28,411.79833984375,418.37453525713505,409.55377914673915,415.75587610341523,134655
2024-07-01,411.3553771972656,418.295787261767,408.54966864491075,418.295787261767,262152
2024-07-02,414.0035705566406,419.3786975640146,410.5185842351974,412.48749830826785,592000
2024-07-03,422.1844177246094,425.23624063035413,413.47196670328395,413.47196670328395,380763
2024-07-04,424.1828308105469,428.2387887847618,417.40976194192876,422.33204687048925,288788
2024-07-05,421.1507263183594,428.23882930343876,415.4408872782785,425.77768660629255,238745
2024-07-08,419.90045166015625,425.2854327628415,418.39423362085097,423.31651872227275,58355
2024-07-09,418.67974853515625,422.3320757901372,413.5211731473806,421.3476187370133,231552
2024-07-10,420.6584777832031,431.0839041908049,417.51805744746275,418.69941790323605,369477
2024-07-11,433.53521728515625,442.84817292691923,420.85540518290173,423.30669371854935,1268463
2024-07-12,434.0372619628906,442.0211938270727,418.3942257828639,435.02171896473266,471266
2024-07-15,456.8077087402344,466.05177403515336,438.0932023200296,438.0932023200296,3101727
2024-07-16,456.8077087402344,456.8077087402344,456.8077087402344,456.8077087402344,0
2024-07-17,456.8077087402344,456.8077087402344,456.8077087402344,456.8077087402344,0
2024-07-18,460.66680908203125,467.6170730698842,457.664227261722,462.6947880902012,1527203
2024-07-19,444.75799560546875,460.7258898263954,438.0932323310267,460.7258898263954,848631
2024-07-22,440.446044921875,447.4750821491669,430.2076983831891,441.0367251159467,426413
2024-07-23,444.1771545410156,448.9123902895135,440.3476024048505,442.9859699876625,260549
2024-07-24,443.0056457519531,445.4569340446095,438.1818125068583,443.99010274251305,310424
2024-07-25,432.8755798339844,446.94347880131454,430.69993827219184,444.92535396499363,219317
2024-07-26,427.44140625,433.1217125771448,426.2600457801448,433.1217125771448,250613
2024-07-29,425.4823303222656,439.19580921551557,393.9797061071824,426.26988391034524,202206
2024-07-30,422.46990966796875,431.19218464435505,418.3942430909838,426.26989943151995,127094
2024-07-31,409.96728515625,424.30097701098043,408.54966463934306,418.4040890556868,335900
2024-08-01,411.95587158203125,417.4097718241054,408.608723760015,410.51857276097155,59716
2024-08-02,417.2916564941406,419.86107495746273,412.48750131392325,413.27505493159225,96828
2024-08-05,404.87762451171875,417.3605622568071,403.6273749220402,414.4564020540949,319097
2024-08-06,411.3553771972656,413.47195380930725,406.58075457915214,406.58075457915214,69237
2024-08-07,414.5154724121094,418.39423549284373,412.0149431572908,415.9330929311211,153286
2024-08-08,420.79632568359375,423.3165333390831,411.5030486877598,411.5030486877598,148286
2024-08-09,428.1895751953125,430.20769998572877,414.5154533310737,414.5154533310737,151825
2024-08-12,417.6657409667969,430.3061653787952,414.42686898953696,430.3061653787952,65362
2024-08-13,417.0849304199219,428.2388155460357,414.46627106909466,414.46627106909466,42325
2024-08-15,421.6724853515625,423.31654188442076,418.4927082297358,421.3476277361211,44827
2024-08-16,421.3377685546875,425.2657726633682,419.6149686953569,423.30668267963676,165652
2024-08-19,420.3040771484375,424.31082437898755,417.40977114318326,418.4926798599865,67830
2024-08-20,416.1300048828125,421.3476152033126,411.5030447546371,420.29423895492556,96891
2024-08-21,412.24139404296875,419.26057769054796,404.1196232946595,419.26057769054796,193308
2024-08-22,414.0823059082031,415.29319885533766,411.0108048204163,413.4719473642511,64599
2024-08-23,414.1020202636719,418.3942385014233,411.5030392790469,413.718067600525,103693
2024-08-26,415.44085693359375,417.29164091358183,413.47194291969043,417.29164091358183,41274
2024-08-27,416.1496887207031,417.1636782886188,411.60150192008626,416.42533549518765,538759
2024-08-28,415.962646484375,418.3942566601059,412.47766002855616,418.3942566601059,651744
2024-08-29,409.8491516113281,412.7336034543095,403.82427948767975,412.7336034543095,562351
2024-08-30,411.3849182128906,413.403043154725,409.84916761330317,413.403043154725,265317
2024-09-02,407.260009765625,411.384886908255,404.6118180904785,411.384886908255,765276
2024-09-03,406.4429016113281,408.5496540069642,404.61182601653564,408.45120229855485,41744
2024-09-04,406.7579650878906,409.534141236459,405.5963129553392,407.5652270958991,48096
2024-09-05,405.9014587402344,411.4538105790756,403.6273654990528,408.5496504441632,1233858
2024-09-06,404.8579406738281,410.49889009136785,403.607691101175,406.10819024648123,1170765
2024-09-09,405.57659912109375,411.4931651660713,403.6273634770275,405.6061316288867,718174
2024-09-10,405.2221984863281,409.53412509108125,403.8833513442877,407.4667593163476,1356673
2024-09-11,404.6118469238281,407.5061530498085,403.056418006263,407.5061530498085,279447
2024-09-12,404.6118469238281,408.05744659349574,402.66261115227655,406.57090683645794,227409
2024-09-13,404.0211486816406,409.7506956588258,403.13514338614397,406.67919461137416,511826
2024-09-16,405.7242736816406,408.24448123212596,403.73565128717996,408.24448123212596,112183
2024-09-17,405.7242736816406,405.7242736816406,405.7242736816406,405.7242736816406,0
2024-09-18,406.4232177734375,408.0377416483675,405.35016326579193,406.57088031242677,245193
2024-09-19,408.5496520996094,413.57038877261465,405.59628112057607,406.58073811358713,680736
2024-09-20,412.1626281738281,413.46208858968,404.11960121084815,409.53411474716887,475370
2024-09-23,407.6144104003906,412.48748458642984,406.5807425637125,412.48748458642984,69818
2024-09-24,404.6019592285156,411.3454954606978,402.6428994781441,411.3454954606978,1037005
2024-09-25,403.6076965332031,408.3035456641526,402.64291784602386,408.3035456641526,2513871
2024-09-26,399.1776428222656,404.6118347507961,398.7050926376458,403.676588565583,121270
2024-09-27,399.1382751464844,401.6584828313785,396.9823117690034,400.6248149296253,54186
2024-09-30,399.5812683105469,401.64860398712636,393.7926563123397,401.63877984647877,43229
2024-10-01,399.1776428222656,403.5289260214031,396.7853894335743,402.5444690025447,40264
2024-10-02,400.1620788574219,401.6485884485425,396.73615779587533,401.6485884485425,100268
2024-10-03,401.9734802246094,403.13513224756963,398.8035275556338,398.8035275556338,38990
2024-10-04,406.35430908203125,407.5652020195411,401.16623145643234,401.6584599612869,134916
2024-10-07,408.67767333984375,409.5341461944368,404.1196322423469,404.611860783446,344074
2024-10-08,406.5118103027344,413.4620741227089,403.63721276824947,409.534100417637,162343
2024-10-09,406.5118103027344,406.5118103027344,406.5118103027344,406.5118103027344,0
2024-10-10,408.7957763671875,410.51857614718165,406.60042640339856,409.53411913004214,162830
2024-10-11,410.4890441894531,416.3071887737475,408.54966266135506,411.50303371673834,309706
2024-10-14,407.5159912109375,411.50303008320213,405.5962880245916,410.48904056487044,308628
2024-10-15,407.6439514160156,409.53412212175886,404.6118370001031,407.7128706180974,161013
2024-10-16,407.5947570800781,409.0419101661503,406.5807675057041,407.56522456988256,75330
2024-10-17,407.5750732421875,409.5341331595692,406.5807620069761,408.54967610870483,76974
2024-10-18,407.6833190917969,408.5397918560938,406.58073208289767,408.5397918560938,68097
2024-10-21,408.717041015625,409.53412713679825,407.51600222950367,408.5398159162096,30587
2024-10-22,439.1367492675781,446.943486210614,413.46209341170334,413.46209341170334,1048076
2024-10-23,447.169921875,460.72588419041955,439.1367490070034,443.0056578754034,982610
2024-10-24,440.3082580566406,446.94348878288315,438.09322975320123,446.94348878288315,142712
2024-10-25,438.1719665527344,443.0056540723576,423.32636807529235,439.16627774571253,162556
2024-10-28,456.6404113769531,465.45128400110053,433.1709587700473,438.171987394872,408934
2024-10-29,478.9678955078125,482.36428440556597,459.7414501949649,461.71036432856215,1043540
2024-10-30,498.469970703125,502.073087050678,482.38394638202396,482.38394638202396,1645641
2024-10-31,485.5046691894531,502.0730671876175,482.87615579514977,502.0632130038348,749661
2024-11-01,495.8020935058594,501.95494987733923,469.1036239456532,486.3217676017643,336834
2024-11-04,542.16015625,545.3793500223622,497.1508088887549,500.1140342149797,891573
2024-11-05,549.1990356445312,569.0161603616224,537.5135355665152,558.1871330883043,548642
2024-11-06,523.3963623046875,543.9124718435922,515.8554484091263,541.45132943706,498951
2024-11-07,512.7052001953125,531.5674302070205,509.4565040707098,530.5041998090912,122377
2024-11-08,513.4632568359375,520.5808618864843,507.487595494326,509.0134918630928,222562
2024-11-11,518.5725708007812,521.7622018169186,513.8865459404368,513.8865459404368,203433
2024-11-12,510.84454345703125,519.4979587395345,506.9953431153161,519.4979587395345,114910
2024-11-13,509.2596130371094,511.8093832000648,506.01091683349176,510.84457444534405,103726
2024-11-14,502.2896728515625,511.91766151447024,497.15080589386054,511.91766151447024,99532
2024-11-15,505.09539794921875,510.92336700056194,501.0886504493918,502.29954346545685,118829
2024-11-18,499.4150390625,508.4720557514598,497.34770333508567,506.9855160230336,111288
2024-11-19,542.4358520507812,546.2752587042492,502.07311169854523,502.07311169854523,743944
2024-11-20,520.7285766601562,548.3425853220001,512.9021309744381,548.3425853220001,444000
2024-11-21,517.2533569335938,521.762186615734,511.9176170569465,520.7285188293581,77847
2024-11-22,505.3218078613281,525.7000814634454,503.05756859142434,517.2337745980691,239820
2024-11-25,515.3632202148438,520.0886016207202,506.01087906481314,507.0051902114434,108438
2024-11-26,497.3772277832031,515.3632466056195,492.228506786647,515.3632466056195,324927
2024-11-27,536.25341796875,541.4513800588301,506.9953831459954,506.9953831459954,620242
2024-11-28,545.7731323242188,550.3114646873775,532.099010131534,538.6259648684661,708547
2024-11-29,549.3073120117188,568.9177392273377,538.4979930964355,549.3270203799104,549220
2024-12-02,557.6752319335938,564.0939113744677,553.2648834074186,553.2648834074186,130949
2024-12-03,552.053955078125,560.0575950625037,532.5912215259257,557.675165929453,123000
2024-12-04,552.113037109375,552.3690055436649,543.4202649598052,552.1622479421645,512629
2024-12-05,570.0006103515625,571.9695243769565,546.3736420468346,552.1130432550746,594336
2024-12-06,560.1068115234375,571.9695061307102,556.2181944300365,556.3264702772221,220458
2024-12-09,584.6099853515625,595.5964992972386,561.1503576542,570.9850737064436,581475
2024-12-10,591.392822265625,598.5498437366648,573.9384192409137,589.6897309181944,489141
2024-12-11,592.6529541015625,603.4721266606457,590.674185964743,595.5964708477825,172347
2024-12-12,621.7535400390625,636.9437049577377,581.8141107110092,594.1198237125111,477091
2024-12-13,617.7369384765625,636.9437049426913,604.4566226194937,633.0058767823036,498077
2024-12-16,612.60791015625,628.3099507078921,602.4876636957948,620.227597465624,380606
2024-12-17,594.2871704101562,614.301199056188,580.8296593640239,614.301199056188,395937
2024-12-18,571.5462646484375,605.8939872215527,570.9851168921471,582.9068779292576,354804
2024-12-19,544.1783447265625,583.6649027242796,517.4306033189404,569.1638695529504,599961
2024-12-20,590.4576416015625,598.5990600403704,544.1783089428584,544.2176655912766,721972
2024-12-23,610.4125366210938,620.2078955603358,567.657577316892,591.6586432250187,331412
2024-12-24,603.3441772460938,632.0214154356296,596.5809622336316,632.0214154356296,272101
2024-12-26,578.1124877929688,603.3441241449736,574.9228568993508,603.3441241449736,366916
2024-12-27,574.794921875,590.6742185917267,567.0472498480576,590.6742185917267,198033
2024-12-30,606.8980102539062,610.3633179966591,577.8762381678048,580.829609061337,316179
2024-12-31,611.7908325195312,614.2913317413613,598.5597276499843,606.8980498417853,590214
2025-01-01,611.7908325195312,611.7908325195312,611.7908325195312,611.7908325195312,0
2025-01-02,610.5798950195312,616.2700853519948,590.6742032127746,615.2856283466402,231079
2025-01-03,590.782470703125,610.3633346833192,584.7674529062767,610.3633346833192,219219
2025-01-06,580.9478149414062,599.5343696650348,575.90739943193,590.7825316870974,383302
2025-01-07,585.289306640625,590.6742581189596,576.8918587628506,588.5084404885582,280790
2025-01-08,563.4244384765625,590.674201075815,556.2182060130591,585.9684677657306,186426
2025-01-09,554.1311645507812,570.9850636928654,552.3985106057373,570.9850636928654,132981
2025-01-10,552.6741943359375,565.9446557204133,546.3736453816263,565.9446557204133,204911
2025-01-13,553.8948974609375,561.0912756827868,550.3016053986579,553.2648305640935,138025
2025-01-14,566.5353393554688,580.7804645024012,547.3581347261924,554.2493342641121,227967
2025-01-15,559.4669189453125,572.953992293224,557.2026797903175,570.9850782303606,219806
2025-01-16,550.86279296875,566.0628124580394,549.2286206786662,566.0628124580394,91964
2025-01-17,560.4119873046875,567.0472177035617,551.295906100685,559.6539362061237,279906
2025-01-20,554.5938110351562,566.062758791349,551.3156125812948,565.078301819538,67820
2025-01-21,551.020263671875,561.1405108494107,549.8192549287647,560.1560538128327,107423
2025-01-22,556.4052734375,562.1249664014528,551.3550040462736,555.7161414964175,212643
2025-01-23,558.5219116210938,561.1306868564953,556.2182555934994,561.1306868564953,115059
2025-01-24,573.5249633789062,578.8607033783479,559.1715638076557,559.1715638076557,341717
2025-01-27,591.1565551757812,595.5964657158644,577.8663861060884,577.8762402896073,428869
2025-01-28,567.4213256835938,594.612022987459,532.5912325102903,594.612022987459,107337
2025-01-29,567.0079345703125,571.9695767373788,563.109462812015,571.9695767373788,73761
2025-01-30,578.2601928710938,580.8296111368921,555.2337299681477,568.0316705525199,177702
2025-01-31,585.6141357421875,590.6742596539816,574.9229460632088,579.7172473304807,232949
2025-02-03,567.9923095703125,585.6140531116541,566.0627522965672,585.6140531116541,46896
2025-02-04,572.42236328125,575.9073192744431,566.0824580809916,573.1311434480754,27203
2025-02-06,550.646240234375,574.9229249777422,546.3736701415188,567.2933827370274,331756
2025-02-07,553.1565551757812,558.0886943330931,539.974661595919,556.1984936409885,351369
2025-02-10,552.4674682617188,557.1239309982774,546.4228874011282,557.1239309982774,173432
2025-02-11,549.4451904296875,561.1405455544792,548.3524574722608,555.2239487848818,236174
2025-02-12,549.5829467773438,552.772577682995,541.7663561872362,552.772577682995,45352
2025-02-13,544.4539794921875,554.2493395169344,541.5596732553712,551.2959682584072,118237
2025-02-14,543.105224609375,551.276205602707,540.4668870886104,547.3580860132374,85809
2025-02-17,538.4979858398438,546.373641939878,536.5487801827613,543.4202709023651,119535
2025-02-18,539.0099487304688,540.4669259516231,531.6068124114327,538.4980118315808,146145
2025-02-19,550.3213500976562,552.2804100309866,539.4824682655626,541.4513823833202,52069
2025-02-20,544.1388549804688,555.2238495301402,540.9689325348232,555.2238495301402,122738
2025-02-21,538.7244262695312,546.3736769748565,537.7596775630908,546.3736769748565,106782
2025-02-24,546.2063598632812,566.0431347484955,536.529129564532,538.7244497110354,225402
2025-02-25,550.38037109375,557.153439923989,545.8813954841605,546.3736239742274,385804
2025-02-26,549.248291015625,555.7161814037138,546.3835472790801,546.3835472790801,44072
2025-02-27,550.8430786132812,554.1410457975677,549.2581171763817,554.1410457975677,26221
2025-02-28,534.4715576171875,553.7570979187608,531.7643006940291,553.7570979187608,154018
2025-03-03,526.6746826171875,536.5291075831497,502.1813857062888,534.0581107031941,67618
2025-03-04,533.9202270507812,540.4668901002514,523.8492512224905,525.7000351794795,78624
2025-03-05,530.7798461914062,541.4513872434977,526.684531227766,541.441533058982,44868
2025-03-06,524.2626953125,536.5290508399011,520.797447622766,530.7797956735815,144275
2025-03-07,519.9410400390625,527.6197933816708,515.9539407253012,524.2529669326989,187577
2025-03-10,517.0466918945312,521.7130085445658,514.1425316750345,520.7876165444733,41696
2025-03-11,510.77569580078125,522.4611955720281,508.9642684845615,517.8243814755887,184090
2025-03-12,510.2047119140625,514.8710286400982,507.9798294039974,511.8684467045235,111988
2025-03-13,512.4591064453125,519.7834693162811,510.93321003187947,516.3083671673975,483778
2025-03-14,515.3632202148438,517.7259409610242,510.44093539903815,514.8709917332632,197386
2025-03-17,519.7735595703125,521.7621818306247,515.3632116760982,517.8243540432238,143062
2025-03-18,517.61767578125,522.7467188915302,515.8555192074612,520.777804696082,158800
2025-03-19,529.982421875,538.4881450960897,516.8399444646377,520.265835725984,535338
2025-03-20,558.0001220703125,560.6483140519985,532.2663992574222,532.2663992574222,712909
2025-03-21,571.0343017578125,585.712590071167,561.406343021371,561.406343021371,549037
2025-03-24,562.833740234375,609.378897113929,556.2182178826654,572.9047764364431,1015607
2025-03-25,553.2156372070312,570.9850744906939,550.3114769660309,564.0840211317184,211729
2025-03-26,551.60107421875,559.1715506084398,548.3425241001778,558.5611921030746,66987
2025-03-27,537.3855590820312,551.7881703697889,531.8135586792425,551.6109753131443,141329
2025-03-28,537.3855590820312,537.3855590820312,537.3855590820312,537.3855590820312,0
2025-03-31,537.3855590820312,537.3855590820312,537.3855590820312,537.3855590820312,0
2025-04-03,530.927490234375,536.5191986572743,527.6689400416815,535.5445958631991,186962
2025-04-04,531.350830078125,538.9902262781152,530.6223414865827,531.4985226678652,254873
2025-04-07,505.4595947265625,529.6378557763895,482.87614917903176,529.6378557763895,470978
2025-04-08,494.5813903808594,516.8399497980722,490.2596095227427,516.8399497980722,562666
2025-04-09,95.83295440673828,99.43015972227393,93.2280774481443,98.2488142942545,2671455
2025-04-10,98.98321533203125,99.82394549084403,98.04995197963845,98.4457041308499,1879015
2025-04-11,100.03461456298828,103.36798761145003,97.10684033240588,100.02083222472658,3985795
2025-04-14,495.733154296875,507.97980152786675,494.1974038119944,506.9953445481616,174619
2025-04-15,495.94976806640625,501.95496203911813,494.1974357310816,495.77257300899294,270125
2025-04-16,486.5186767578125,500.10417176888205,482.38394521014214,496.16634364471764,141953
2025-04-17,490.3875732421875,493.2031058588001,486.5186644186981,486.5186644186981,261228
2025-04-18,492.52899169921875,500.3249764331048,488.4829651565816,488.73955170462636,232879
2025-04-21,487.2297058105469,498.3019877709573,483.7461819645637,494.40398027140265,113066
2025-04-22,488.98626708984375,491.4335968470032,487.2395511280987,489.4698062533227,172511
2025-04-23,483.0948791503906,492.4303233408226,480.5883115570754,488.4928640597805,86142
2025-04-24,477.2922668457031,488.48296385838194,473.6804498020673,478.6146211541722,351383
2025-04-25,480.76593017578125,485.52247876053457,464.7989583256337,478.6146386155676,176047
2025-04-28,516.3018188476562,528.8445039743871,485.5224558720337,485.5224558720337,1148209
2025-04-29,535.4069213867188,542.7489707681355,504.2723122003154,518.0879919866254,676465
2025-04-30,519.71630859375,530.9168538148681,512.759078588045,530.9168538148681,525353
2025-05-02,522.7261352539062,532.890516390595,518.1373317145755,525.9826763633096,807450
2025-05-05,516.4992065429688,525.9826694865742,514.140658166051,522.0254543999125,117858
2025-05-06,523.0221557617188,529.3181631345091,516.1143159686394,518.0879844809479,289467
2025-05-07,498.60791015625,513.1538381624947,493.5158415328963,496.3776549917977,656866
2025-05-08,473.5719299316406,508.21966798676965,453.9437811143962,507.2328336799992,744188
2025-05-09,483.03564453125,489.46979306616055,454.93059395866936,467.7791651849711,303102
2025-05-12,531.3411865234375,531.3411865234375,516.1143404563121,531.3411865234375,951323
2025-05-13,530.2556762695312,562.4955350728081,522.0353299184483,562.4955350728081,310774
2025-05-14,531.469482421875,535.8510291579548,526.9793983675132,535.8510291579548,138554
2025-05-15,532.693115234375,537.4299075803284,526.1405213694884,535.841118896001,302251
2025-05-16,536.630615234375,538.8115407732572,528.0550225516324,532.9891941704351,306707
2025-05-19,266.39593505859375,268.91235051248503,265.4584304141595,268.4189333555814,213004
2025-05-20,262.0291748046875,266.39099571690787,261.06700532683664,266.39099571690787,181814
2025-05-21,262.0094299316406,264.41236889881253,260.94363208669495,261.67390990365135,1076176
2025-05-22,276.14093017578125,284.70170599606996,266.44527077621797,266.44527077621797,1527328
2025-05-23,273.44683837890625,278.77573731881506,271.8728365416649,277.30042492997404,392206
2025-05-26,265.2413330078125,276.2642858493304,263.73147767049534,276.2642858493304,600598
2025-05-27,107.3873062133789,109.73596909296492,105.39390427745437,106.56625936837884,3605515
2025-05-28,107.3873062133789,107.3873062133789,107.3873062133789,107.3873062133789,0
2025-05-29,107.3873062133789,107.3873062133789,107.3873062133789,107.3873062133789,0
2025-05-30,107.3873062133789,107.3873062133789,107.3873062133789,107.3873062133789,0
2025-06-02,107.3873062133789,107.3873062133789,107.3873062133789,107.3873062133789,0
2025-06-03,101.18011474609375,103.12417942895549,99.55183672300488,102.9169451393184,2329866
2025-06-04,104.59456634521484,105.84785013436405,101.16038716471341,102.38405960026405,1857002
2025-06-05,102.83799743652344,106.57810018923037,101.4465650435503,104.63403549040626,1736860
2025-06-06,102.83799743652344,102.83799743652344,102.83799743652344,102.83799743652344,0
2025-06-09,102.83799743652344,102.83799743652344,102.83799743652344,102.83799743652344,0
2025-06-10,103.70641326904297,106.57810470413281,102.88734651970631,102.88734651970631,2208220
2025-06-11,103.9629898071289,107.05178591952784,103.61759931520118,106.08468501318217,1607935
2025-06-12,103.87417602539062,106.43007313775223,103.4202331705331,104.58469789523647,3395603
2025-06-13,100.74591064453125,103.12418493491586,99.03869151205897,103.12418493491586,3784290
2025-06-16,100.74591064453125,100.74591064453125,100.74591064453125,100.74591064453125,0
2025-06-17,100.93341064453125,101.88077066572697,100.36104494559586,100.70644297254016,979688
2025-06-18,100.92353820800781,103.42023525342991,100.41038769664416,103.42023525342991,1240836
2025-06-19,101.52550506591797,104.28864398120773,100.06499459016743,101.64392788649822,1797624
2025-06-20,103.20313262939453,104.10114792497856,101.13078211063704,101.79195928294975,1543835
2025-06-23,99.0485610961914,101.6439325867721,98.68342969589524,101.6439325867721,1269977
2025-06-24,104.30838012695312,106.33139340753888,101.65380103999019,103.61759914423743,4078301
2025-06-25,104.80179595947266,106.5583672759591,103.94325496721953,105.58139593250507,2225567
2025-06-26,103.43009948730469,105.49258706769335,102.63076612196433,104.60443470123288,1298613
2025-06-27,105.02877044677734,109.04518557822932,102.13734576784375,103.61759715578353,3324619
2025-06-30,105.72942352294922,106.97283681639938,105.09785018985187,105.59126732689342,1657107
2025-07-01,108.5616455078125,110.82149700109932,105.78863595259288,106.5485025941996,4308453
2025-07-02,110.68333435058594,112.0056886467049,108.20637824685735,109.43992107336291,2941691
2025-07-03,111.27543640136719,113.00239640503167,110.52544023452742,111.16688402739243,2023242
2025-07-04,116.48592376708984,118.2227542743818,111.27543977416235,111.5122779023095,5237125
2025-07-07,118.00564575195312,119.50563055425533,117.23591621334094,117.46288388295832,4514421
2025-07-08,116.7227554321289,119.30826391181219,115.50895350475491,118.91352870079176,1955617
2025-07-09,115.87407684326172,117.92669390819283,115.02539877851036,117.92669390819283,1163256
2025-07-10,116.96946716308594,117.41354711085617,115.45961190435301,116.83131096483247,845051
2025-07-11,116.36750030517578,118.42011748180805,115.45961454476284,117.43328316945964,1528132
2025-07-14,117.12736511230469,117.65038608504774,116.54512896206084,116.54512896206084,985292
2025-07-15,115.78527069091797,117.1273659466234,115.08461923857807,117.1273659466234,822167
2025-07-16,115.0451431274414,116.44644600976389,114.47277743332722,115.80500221663235,1035628
2025-07-17,120.19641876220703,122.35758072375283,114.47277690535981,115.4596111890267,4448267
2025-07-18,117.78854370117188,122.37732474290056,117.43328274768655,121.1832561327214,3481632
2025-07-21,116.55500030517578,119.30826891816594,116.1503946264413,119.01221561524079,1042647
2025-07-22,114.97606658935547,117.64051619213868,114.47277898742594,116.93986474146529,1590977
2025-07-23,115.87407684326172,117.92669390819283,114.96619113225493,116.42670914778803,1601002
2025-07-24,117.4727554321289,120.39378404314454,115.87408116310188,116.54512878515602,3149496
2025-07-25,118.20301055908203,118.46946003473701,116.93986386709031,118.41024485739803,817303
2025-07-28,120.58128356933594,122.07139791731,118.578011177479,118.578011177479,3136393
2025-07-29,117.6602554321289,121.37074693294115,117.33459831024888,120.65036211914995,2053897
2025-07-30,125.78189849853516,129.42331193207033,118.41024510079967,118.41024510079967,13520057
2025-07-31,135.33445739746094,137.06141744923002,126.80820951561412,128.2983239108692,18330383
2025-08-01,131.5252685546875,137.16996170877374,130.755539038939,136.1831274518761,12745254
2025-08-04,135.46275329589844,138.05811735593537,132.43316466157597,134.06145034803325,10229215
2025-08-05,134.8212890625,137.16995937243956,134.20945665217107,136.16338423133752,3155302
2025-08-06,134.9890594482422,135.9265640946767,133.02526879662952,135.9265640946767,3604852
2025-08-07,139.0153350830078,141.80807779945582,135.24563610240958,136.18312562228826,11733778
2025-08-08,136.77523803710938,139.6271885207987,135.59102484781448,139.6271885207987,4361689
2025-08-11,135.68971252441406,137.2686533842202,135.24564011318608,136.67654679731888,1833392
2025-08-12,138.03839111328125,141.8080904296287,135.69958350817953,135.69958350817953,7809024
2025-08-13,136.24234008789062,138.65021817217254,135.85747531592074,138.03838572901432,2496311
2025-08-15,135.1173553466797,137.1206278421784,134.20946956539086,136.18313823547015,2782053
2025-08-18,134.43643188476562,135.68971565649477,133.24237081941044,134.20946421296938,3200704
2025-08-19,132.40354919433594,135.68970904581104,131.74237205538745,135.1962919220081,3904328
2025-08-20,137.05154418945312,139.63704508198524,132.73906831751685,132.73906831751685,11389664
2025-08-21,138.77850341796875,142.40018325690022,137.19956261731568,137.66337591283644,10418326
2025-08-22,138.75877380371094,141.50217199812536,138.25549372328987,139.73574519759535,4783777
2025-08-25,135.95616149902344,139.63704910733816,135.20615781729458,139.63704910733816,1914068
2025-08-26,135.5318145751953,137.55482783351715,134.9989306966495,135.9561611399838,1569580
2025-08-27,133.9923553466797,136.76535722309305,133.70618003519792,135.5910220380449,1599756
2025-08-28,132.2456512451172,134.60418447931838,132.13709887626712,134.20945680598837,2110820
2025-08-29,135.8476104736328,136.62720292864083,132.11737810329856,132.4331572425019,3334537
2025-09-01,133.43972778320312,136.76535436957067,132.926569759709,136.1239181336247,3829111
2025-09-02,134.1009063720703,136.38049109291836,133.76538633910909,134.19959582077456,2201539
2025-09-03,134.80157470703125,136.67655389982684,133.7752585774551,134.16012336157195,3948699
2025-09-04,137.6041717529297,139.14363079071254,135.29498319625543,135.57129558468333,6790904
2025-09-05,137.0416717529297,138.50219733016436,136.4298393173749,138.1567993087341,1624992
2025-09-08,136.2620849609375,138.05811559650516,135.68971924734655,138.05811559650516,3318727
2025-09-09,135.38380432128906,137.16997205169147,135.20616631154738,136.26208627383653,1508001
2025-09-10,134.702880859375,136.1831322973901,133.3213188737194,135.20616092745746,3668954
2025-09-11,135.04827880859375,137.5646942054836,134.80157023573034,135.19629792915327,4315769
2025-09-12,135.16668701171875,137.1699593136096,134.30814604173565,136.18312507394336,2484170
2025-09-15,135.70945739746094,136.92325937244348,135.07788404663543,135.19629934432257,1242143
2025-09-16,135.20616149902344,136.42984144713154,134.9002452764705,136.1831328730861,1968966
2025-09-17,139.06468200683594,142.78505138042658,135.3443126332453,136.17326485501775,14627649
2025-09-18,139.44955444335938,141.37387834326978,138.7489105131365,140.13047252899614,4445067
2025-09-19,142.65676879882812,143.95939734644904,138.65022381528,140.13047531508724,7120407
2025-09-22,143.3771514892578,146.79160485626292,140.13047320732323,142.5482142757294,9428291
2025-09-23,143.3771514892578,143.3771514892578,143.3771514892578,143.3771514892578,0
2025-09-24,142.12387084960938,145.3606859382533,141.6107128308062,144.07779842019306,1783281
2025-09-25,141.3245391845703,143.4856935375749,141.01860791926794,142.12387251563845,1561325
2025-09-26,144.16661071777344,146.2981762931743,139.9330984474787,141.21598597292714,6832258
2025-09-29,145.20278930664062,145.5580502349536,142.5975475183105,144.16661034423643,2068851
2025-09-30,149.25868225097656,151.4790593423134,145.2126557502711,145.5481908436295,7290312
2025-10-01,150.0382843017578,151.47906904321346,146.9396251203884,149.99881755419185,3042824
2025-10-02,148.90342712402344,150.9856481021268,148.02514519816353,149.99881380080572,1544534
2025-10-03,151.80471801757812,154.9329808559384,149.20933906114618,150.51196752925372,6211119
2025-10-06,152.4658966064453,156.90665087653596,147.97579761066334,151.7751156204549,4926999
2025-10-07,152.4658966064453,152.4658966064453,152.4658966064453,152.4658966064453,0
2025-10-08,161.7125244140625,164.8013204481747,151.47905801673542,152.4658922709161,14700563
2025-10-09,159.04808044433594,168.94602715172493,157.4000689897606,162.4329298834381,9212812
2025-10-10,153.94615173339844,159.73886429099366,152.86062797365818,159.73886429099366,2943606
2025-10-13,148.01527404785156,151.97247395532642,147.03830272301062,148.034999891096,3946911
2025-10-14,162.8177947998047,162.8177947998047,151.85406524421734,151.97248054039733,6417871
2025-10-15,158.59414672851562,169.2420821832591,157.76519447382086,166.77499643714745,9004213
2025-10-16,153.80799865722656,161.23885992759466,152.465903371511,159.86716081672995,4456903
2025-10-17,157.40992736816406,158.48558815540366,152.95931027707363,154.9329787967778,3059140
2025-10-20,160.29148864746094,163.02502388364638,157.6961246693097,158.88032282161825,3690887
2025-10-21,159.36387634277344,162.34410508362708,157.8934878166383,162.33424216148126,2312080
2025-10-22,158.45599365234375,162.33424529388444,155.91982222756073,160.03491952623926,3392099
2025-10-23,155.47573852539062,159.47242023472245,154.25205863906342,158.45598216560464,1345995
2025-10-24,154.311279296875,158.17966806185535,153.50208297673115,155.47575163587805,1335780
2025-10-27,152.06129455566406,156.11718415452017,151.28170207961375,155.08100512192695,2634181
2025-10-28,150.89683532714844,154.21259915329878,149.99881250679815,154.09416879879234,1497072
2025-10-29,149.23895263671875,151.96262504514152,148.52843070912124,151.96262504514152,1534222
2025-10-30,144.58108520507812,150.98564511477628,143.09097086040887,149.25868512163342,2724338
2025-10-31,152.18959045410156,153.4033924548328,146.40674072066201,147.03831408488526,2923968
2025-11-03,152.1599884033203,154.24220945084963,148.41987784418762,152.6435275900362,1535083
2025-11-04,149.73236083984375,153.2158846378343,149.0119760328495,153.2158846378343,852019
2025-11-05,146.72251892089844,150.72907889374255,146.05147881359932,149.99881607883174,1751746
2025-11-06,146.28831481933594,148.91328248353807,145.05477200533082,148.0251376806127,956562
2025-11-07,147.1172637939453,148.8146200469916,145.06464657961268,146.2883265702428,654560
2025-11-10,150.93629455566406,151.47905640125418,147.11725085124047,148.02513654845686,1303971
2025-11-11,147.0284423828125,150.50208814966587,146.05147104081857,150.1961719371545,2056218
2025-11-12,144.75872802734375,148.02514719961852,144.07780994096203,147.99554337481032,1118970
2025-11-13,146.1600341796875,147.275161798447,145.27188930000628,145.27188930000628,804704
2025-11-14,145.59751892089844,147.0383035543548,144.76858176307758,146.44619697997095,1138137
2025-11-17,146.3179168701172,148.51855300743858,145.60739501322405,146.04160448775824,1225975
2025-11-18,145.90345764160156,148.91329021778185,145.06464246135351,146.84094721735755,1348453
2025-11-19,144.413330078125,146.8310711388803,143.92979090071194,145.90345953118918,766579
2025-11-20,146.57449340820312,147.9264515440936,143.09096962809565,145.30148382112398,2037035
2025-11-21,145.66661071777344,147.0777765301912,144.68963934601751,147.0185688818235,699175
2025-11-24,143.9495086669922,146.3475237485535,143.5646439079633,145.55805332908776,793955
2025-11-25,144.89688110351562,145.331090601865,143.94951355639915,144.91662200559412,1209489
2025-11-26,145.00543212890625,145.36069307353236,143.58438835040175,145.06463977669458,1890176
2025-11-27,148.5580291748047,150.00867680315378,144.22582719200545,145.06464237173532,4009406
2025-11-28,154.3310089111328,155.01192695799622,148.96262814166002,148.96262814166002,4612433
2025-12-01,155.20928955078125,157.00533511259235,152.97904956783913,154.93297716556347,2732292
2025-12-02,151.89352416992188,156.32441532124855,151.47905559673495,152.95930695435777,1666921
2025-12-03,149.98895263671875,153.9461528105576,149.70276225355906,151.77512033378292,828696
2025-12-04,149.2685546875,150.98565183509493,148.32120216723143,149.99881750937536,741348
2025-12-05,151.37051391601562,151.92313871928405,149.01198052199007,149.9988148300827,1379274
2025-12-08,159.08755493164062,159.86714735809804,151.656679228954,151.97247341448826,8479872
2025-12-09,159.70925903320312,162.32437895532857,158.68295798966503,159.77834466179232,3310901
2025-12-10,157.735595703125,160.5579424894166,156.0777212564123,159.86716146995298,1648329
2025-12-11,158.8803253173828,161.3474111142366,157.00534613493264,157.8934909986413,2654349
2025-12-12,162.6796417236328,163.41976745475415,158.88032361405124,160.75530277640004,4718546
2025-12-15,168.61050415039062,170.22891175256294,162.8276547198428,162.8276547198428,6073474
2025-12-16,164.959228515625,171.70917164932388,164.4066037057872,171.21575448941203,5515342
2025-12-17,164.86053466796875,165.77829839105837,159.4230831314575,164.80132701962032,3395999
2025-12-18,163.8539581298828,166.8736836919786,162.82765709849392,165.29474281210744,1605060
2025-12-19,165.38356018066406,166.28158302633355,162.82766290412482,162.82766290412482,1063126
2025-12-22,164.78158569335938,168.75852668141883,163.5381799075542,166.77499517737087,2156265
2025-12-23,162.39344787597656,165.77829731083693,161.84082308446375,164.80132594576492,779839
2025-12-24,160.56781005859375,164.28816440001276,159.18623305135074,162.3934444160956,1425977
2025-12-26,164.1697540283203,165.0480359491419,160.3605730447567,160.5678148723197,1370708
2025-12-29,167.5249786376953,169.1433862225614,164.10066254920923,164.8013214996219,2568209
2025-12-30,167.85064697265625,169.23222406442986,166.77500117071668,167.6631460413665,2832161
2025-12-31,168.6302490234375,172.10389489758361,167.7618300259528,167.90984914693482,2946496
2026-01-01,167.80130004882812,169.98221050722555,167.26841614499116,168.7684085177827,993015
2026-01-02,167.2980194091797,169.0841871014381,166.7749984293879,168.73880412759445,1811519
2026-01-05,166.93289184570312,169.24208046674792,166.28157760144038,167.75196611205243,2653903
2026-01-06,168.0677490234375,170.3276080270585,165.93618329871717,167.66314334220976,5995620
2026-01-07,169.0447235107422,169.73550452922362,166.98224337774164,167.76183587190707,4051907
2026-01-08,165.19606018066406,172.0545707939861,163.41977043984363,169.72564118186725,28120369
2026-01-09,165.21578979492188,169.83418195603204,164.30790408380867,165.77829255020598,9678766
2026-01-12,159.35400390625,164.8013336416337,158.27835809697532,163.91318876492738,6460415
2026-01-13,160.2816162109375,160.8539818797885,156.42309070041696,159.86714763512722,5935533
2026-01-14,159.0776824951172,161.7717358560358,158.54479861082956,160.30136241985744,2143468
2026-01-15,155.35731506347656,159.8671549970477,153.83759688218885,159.8671549970477,1999027
2026-01-16,158.3572998046875,159.56123884375597,155.9198179024666,155.9198179024666,2254860
2026-01-19,158.14019775390625,160.36057494545875,157.89348917706707,158.88032348442374,3136652
2026-01-20,158.92967224121094,159.73886856365527,157.89349318063364,159.73886856365527,1518799
2026-01-21,154.58758544921875,159.27504832501697,153.94614918411014,158.88032063231879,3359138
2026-01-22,153.9757537841797,156.4033727744075,153.84746050735288,154.8342948019681,2206440
2026-01-23,152.7520751953125,155.3178504072691,151.97248272111372,153.9757551523512,1593203
2026-01-26,156.34414672851562,158.7816285887812,152.4658952613093,152.9593123980773,3939455
2026-01-27,159.0776824951172,161.3474043445711,156.3638882324409,157.390204313293,4245735
2026-01-28,157.90335083007812,160.85399080620022,156.90665360850204,159.86715650677567,968962
2026-01-29,152.05142211914062,157.89347903654533,150.98563932869646,157.40006191455612,3223833
2026-01-30,152.5349884033203,154.4297084949107,150.98565128974622,152.95931993405662,2406348
2026-02-02,157.3803253173828,158.09084719710972,151.10405875172577,152.53498049094267,2549225
2026-02-03,160.40003967285156,160.85399007399488,157.04480909323965,157.4000700417312,2553793
2026-02-04,158.485595703125,160.75530256256073,157.01520716507707,160.40004160977918,985575
2026-02-06,155.13034057617188,158.38689660199768,153.94614249166128,158.38689660199768,1463177
2026-02-09,152.2389373779297,156.41324240702914,150.3244763549776,155.13035475741103,2431574
2026-02-10,152.90997314453125,154.46917315945984,151.97248356270427,153.936289258156,2857683
2026-02-11,152.4856414794922,153.94615203903612,151.97248342315103,152.9593177310936,757885
2026-02-12,148.07449340820312,152.95932030307685,147.038314355861,152.95932030307685,3055809
2026-02-13,145.12384033203125,147.28500971806207,142.53833945232446,147.28500971806207,10653452
2026-02-16,140.02191162109375,145.558052385319,137.1699612309108,145.558052385319,8172440
2026-02-17,139.66665649414062,141.6107212589121,138.07785267770038,140.1304698171813,6850899
2026-02-18,141.01861572265625,141.6600670536487,139.73574317646424,141.11730517600785,7700531
2026-02-19,134.58445739746094,141.51202286538265,133.71603845465327,141.3146590305342,2227689
2026-02-20,138.314697265625,141.11730302652236,133.22262873133232,135.19629730512983,1796412
2026-02-23,132.60092163085938,139.54824361692945,130.26212913089967,139.1436379352792,2271905
2026-02-24,130.53843688964844,133.2226273263367,126.31478739089701,133.2226273263367,3397011
2026-02-25,128.72267150878906,132.2357992896077,128.2884619973806,131.24896496655091,1791279
2026-02-26,132.1667022705078,133.22262213298126,126.31478246682668,129.27528518089292,2297052
2026-02-27,130.51869201660156,133.22262327275772,128.30819294157342,131.90026899638974,1155616
2026-03-02,117.46288299560547,124.34111912316123,117.46288299560547,117.46288299560547,4850528
2026-03-03,120.92667388916016,123.35428532079973,114.62080342587673,117.46288344924665,2630948
2026-03-04,118.26221466064453,123.34441262933365,117.92669462456172,121.04509451472128,1881880
2026-03-05,122.46613311767578,123.2950778311471,118.12406076302841,118.44971788364029,3412946
2026-03-06,116.19973754882812,122.84113562762572,114.9661946873756,122.56481570234392,2465498
2026-03-09,105.3248291015625,108.55177397892605,104.584703369888,105.11758727121915,4460986
2026-03-10,115.8543472290039,115.8543472290039,111.22609199655588,114.47277771629349,1014832
2026-03-11,114.34449005126953,119.40694716702026,112.40042532664587,119.40694716702026,3800603
2026-03-12,120.53193664550781,122.02205849525572,111.61095397749888,113.48594058866644,3733638
2026-03-13,120.77864837646484,122.25889981423077,118.43984839437336,120.88720075088354,934332
2026-03-16,123.37401580810547,124.83453382488068,119.08128828513433,120.77864441608058,3435292
2026-03-17,124.47927856445312,125.22927474396138,123.403632786468,123.403632786468,1290847
2026-03-18,125.32795715332031,126.48255148707655,124.83453999917339,124.93322192421311,2913835
2026-03-19,124.76545715332031,127.05491236032513,123.1569200024031,123.3641542957889,1366589
2026-03-20,124.76545715332031,124.76545715332031,124.76545715332031,124.76545715332031,0
2026-03-23,124.76545715332031,124.76545715332031,124.76545715332031,124.76545715332031,0
2026-03-24,128.97923278808594,131.24895456278082,127.30161758344906,128.54502331109614,2098375
2026-03-25,139.39035034179688,141.87717709153958,129.96607939560394,130.25226978625014,5694929
2026-03-26,135.7982635498047,138.15679683633778,134.20945978387098,138.15679683633778,3650664
2026-03-27,138.45285034179688,139.91336083726617,135.19629425687685,136.17326559972165,2665951
2026-03-30,134.65353393554688,139.09428817711571,130.90356067553176,138.89692433351408,3061578
2026-03-31,137.00221252441406,138.7193096880243,134.70288671709406,134.70288671709406,2035308
2026-04-01,141.6107177734375,144.0778034489329,138.64035204098354,139.14363209794206,4146969
2026-04-02,137.9989013671875,138.15679846504258,132.25553371824668,138.15679846504258,1028506
2026-04-03,134.19960021972656,137.56469369714753,133.23249177599033,133.23249177599033,919043
2026-04-06,136.439697265625,137.16009710601602,131.742371681205,134.20945729321255,2141770
2026-04-07,138.4133758544922,140.02192060941437,134.20946708573763,136.1831357193514,2030009
2026-04-08,152.24879455566406,152.25865747781853,146.54489350793312,148.02514495750822,8888440
2026-04-09,149.16000366210938,151.8441942570417,145.06464719639047,150.98565320440642,3003874
2026-04-10,150.8474884033203,152.2586541936869,149.30802933823088,149.30802933823088,2974278
2026-04-13,146.8409423828125,149.5053919001468,139.1534949873403,147.5317233602109,2700117
2026-04-14,150.09750366210938,150.98564851255404,148.518562752545,148.518562752545,1959711
2026-04-15,151.56787109375,153.94614528545233,150.98564249150132,152.95931102080198,2363465
2026-04-16,151.14353942871094,153.45272799166804,150.245516634929,153.45272799166804,1925079
2026-04-17,152.49549865722656,152.96917489098456,150.1961729993884,152.46589483373518,2245618
2026-04-20,151.1336669921875,151.96261924802613,148.32119827247718,150.00867649272408,1832730
2026-04-21,151.81459045410156,152.95932189638265,150.51197696225168,152.46590472897498,1176877
2026-04-22,150.4527587890625,151.9724769329175,148.99223323399616,151.9724769329175,638752
2026-04-23,148.07449340820312,150.93630692619874,147.82778482706914,149.99881732946892,1961324
2026-04-24,150.34420776367188,151.9724782936598,144.09754499829015,147.03830692048905,1938691
2026-04-27,149.91000366210938,150.8770970698023,148.91329137184843,149.01198082601766,1151505
2026-04-28,149.91000366210938,149.91000366210938,149.91000366210938,149.91000366210938,0
2026-04-29,149.91000366210938,149.91000366210938,149.91000366210938,149.91000366210938,0
2026-04-30,145.33999633789062,149.00999450683594,145.0,149.0,1160686
2026-05-04,147.10000610351562,150.00999450683594,146.0,146.0,916354
2026-05-05,147.75,148.0,144.00999450683594,144.00999450683594,573389
2026-05-06,147.75,147.75,147.75,147.75,0
2026-05-07,155.41000366210938,156.0,153.0,155.49000549316406,2686131
2026-05-08,153.88999938964844,154.88999938964844,151.0,154.0,1478618
2026-05-11,155.3000030517578,157.0,152.0,153.0,1956484
2026-05-12,153.49000549316406,157.0,153.0,156.0,1213738
2026-05-13,151.97999572753906,154.64999389648438,151.0500030517578,153.49000549316406,872693
2026-05-14,149.2100067138672,153.47000122070312,148.07000732421875,153.47000122070312,490305
2026-05-15,149.52000427246094,151.0,149.10000610351562,150.8800048828125,1247482
2026-05-18,147.5,149.99000549316406,146.5,149.3000030517578,676792
2026-05-19,147.32000732421875,151.24000549316406,146.16000366210938,148.0,989712
2026-05-20,149.74000549316406,149.9499969482422,147.3000030517578,148.0,333256
2026-05-21,151.80999755859375,152.3000030517578,150.00999450683594,151.0,458856
2026-05-22,150.0,152.8000030517578,148.75,152.41000366210938,939084
2026-05-25,151.77999877929688,153.49000549316406,149.0,152.00999450683594,1167199
2026-05-26,151.77999877929688,151.77999877929688,151.77999877929688,151.77999877929688,0
2026-05-27,151.77999877929688,151.77999877929688,151.77999877929688,151.77999877929688,0
2026-05-28,151.77999877929688,151.77999877929688,151.77999877929688,151.77999877929688,0
2026-05-29,149.8800048828125,151.77999877929688,148.5,151.5,2761164
2026-06-01,147.72999572753906,152.99000549316406,146.8000030517578,150.00999450683594,1628855
2026-06-02,147.8000030517578,150.00999450683594,147.5,147.72999572753906,818206
2026-06-03,147.8000030517578,147.8000030517578,147.8000030517578,147.8000030517578,0
2026-06-04,148.88999938964844,150.11000061035156,148.0,149.39999389648438,2987666
2026-06-05,147.97000122070312,150.0,147.85000610351562,149.5,1358190
2026-06-08,146.66000366210938,147.92999267578125,145.5,147.89999389648438,745042
2026-06-09,147.72000122070312,148.1999969482422,146.89999389648438,147.8000030517578,431309
2026-06-10,146.4600067138672,147.5,146.0,146.0,689354
2026-06-11,146.9199981689453,147.5,146.0,146.0,359474
2026-06-12,147.80999755859375,150.75,147.50999450683594,148.0,1984640
2026-06-15,153.67999267578125,155.30999755859375,151.5,154.0,2487366
2026-06-16,155.72000122070312,157.0,153.1999969482422,153.99000549316406,5696030
2026-06-17,155.5399932861328,158.0,154.0,156.5,2036077
2026-06-18,155.16000366210938,156.0,154.10000610351562,155.5,1920778
2026-06-19,151.17999267578125,155.69000244140625,150.13999938964844,155.16000366210938,1711788
2026-06-22,150.0500030517578,153.39999389648438,149.52000427246094,152.75,968922
2026-06-23,149.42999267578125,151.8800048828125,149.0,151.8800048828125,3130532
2026-06-24,149.92999267578125,150.83999633789062,149.25,150.0,1144815
2026-06-25,149.92999267578125,149.92999267578125,149.92999267578125,149.92999267578125,0
2026-06-26,149.92999267578125,149.92999267578125,149.92999267578125,149.92999267578125,0
2026-06-29,147.9499969482422,150.0,147.6999969482422,149.92999267578125,1017228
2026-06-30,147.08999633789062,150.85000610351562,145.0,148.5,4088849
2026-07-01,149.57000732421875,150.0,147.80999755859375,147.89999389648438,1614217
2026-07-02,149.0399932861328,150.0,147.9499969482422,150.0,2506984
2026-07-03,149.41000366210938,150.0,148.5,150.0,1276023
2026-07-06,149.47999572753906,149.75,149.3000030517578,149.67999267578125,1845753
2026-07-07,148.27999877929688,150.0,147.72000122070312,149.5,2477174
2026-07-08,144.0,148.0,143.0,147.8000030517578,2598535
2026-07-09,143.27000427246094,145.0,140.91000366210938,142.50999450683594,1881258
2026-07-10,143.50999450683594,146.0,142.0,144.5,1100955
2026-07-13,141.86000061035156,143.1300048828125,141.0,142.6999969482422,1050849
2026-07-14,138.1300048828125,141.49000549316406,136.36000061035156,141.0,1714555
2026-07-15,139.07000732421875,140.0,138.0,138.0,843235
2026-07-16,141.1199951171875,141.99000549316406,138.5,139.0,1956544
2026-07-17,137.11000061035156,142.4499969482422,136.1199951171875,141.1199951171875,1431972
2026-07-20,137.25999450683594,139.0,135.0,136.0,1476169
2026-07-21,137.8300018310547,143.0,137.10000610351562,137.39999389648438,2089646
2026-07-22,135.6199951171875,138.5,135.1999969482422,136.5,1926190
2026-07-23,134.47000122070312,136.7100067138672,134.0,135.6199951171875,703067
2026-07-24,132.24000549316406,134.5,131.47000122070312,133.25,1132846
2026-07-27,135.8699951171875,136.99000549316406,134.10000610351562,135.3000030517578,1900263
2026-07-28,135.00999450683594,136.8699951171875,133.85000610351562,136.8699951171875,1746526
2026-07-29,132.52999877929688,134.99000549316406,131.6999969482422,134.99000549316406,929681
2026-07-30,129.97000122070312,133.0,129.6999969482422,133.0,1555772
2026-07-31,130.4499969482422,132.25,130.0,130.05999755859375,766136
2026-08-03,133.1199951171875,135.0,131.47999572753906,133.39999389648438,1694412
2026-08-04,132.55999755859375,134.0,132.1999969482422,133.85000610351562,782401
2026-08-05,136.2100067138672,137.3699951171875,134.0,134.0,2518991
2026-08-06,136.57000732421875,138.60000610351562,136.39999389648438,136.99000549316406,2066392
2026-08-07,136.52000427246094,138.1999969482422,134.88999938964844,137.0,1594127
2026-08-10,135.6999969482422,137.39999389648438,135.1999969482422,137.0,909047
2026-08-11,133.92999267578125,135.99000549316406,133.3300018310547,135.99000549316406,863567
2026-08-12,133.9499969482422,134.75,133.5,134.0,618529
2026-08-13,131.82000732421875,134.5,131.00999450683594,134.5,1042658
2026-08-14,131.82000732421875,131.82000732421875,131.82000732421875,131.82000732421875,0
2026-08-17,130.27999877929688,133.9499969482422,130.0,132.1999969482422,1364075
2026-08-18,130.27999877929688,130.27999877929688,130.27999877929688,130.27999877929688,0
2026-08-19,127.25,130.47999572753906,126.0,128.75,1460718
2026-08-20,128.77000427246094,131.39999389648438,128.41000366210938,130.5,1701877
2026-08-21,128.80999755859375,129.6999969482422,128.05999755859375,128.5500030517578,740936
2026-08-24,126.51000213623047,130.02000427246094,126.33000183105469,129.6999969482422,1783999
2026-08-25,124.94000244140625,127.25,124.0,127.0,2251663
2026-08-26,124.94000244140625,124.94000244140625,124.94000244140625,124.94000244140625,0
2026-08-27,123.08000183105469,126.79000091552734,122.5,126.0,3865370
2026-08-28,130.82000732421875,132.0,123.79000091552734,124.88999938964844,4393315
2026-08-31,124.54000091552734,132.39999389648438,122.80000305175781,131.0,4946062
2026-09-01,127.72000122070312,129.0,124.69000244140625,124.88999938964844,2725974
2026-09-02,126.4800033569336,127.44000244140625,125.8499984741211,126.80000305175781,1648220
2026-09-03,126.95999908447266,127.87999725341797,126.44999694824219,126.44999694824219,857427
2026-09-04,126.9800033569336,128.88999938964844,126.51000213623047,127.94999694824219,1059597
2026-09-08,125.72000122070312,126.9000015258789,124.01000213623047,126.0,860920
2026-09-09,124.75,126.5,124.0999984741211,125.72000122070312,793223
2026-09-10,123.06999969482422,124.80000305175781,122.5999984741211,124.75,1096514
