Date,Close,High,Low,Open,Volume
2021-09-13,167.6699981689453,173.0,166.11000061035156,171.60000610351562,6784796
2021-09-14,165.50999450683594,169.0,162.0,167.0,6326496
2021-09-15,167.50999450683594,169.0,165.64999389648438,166.39999389648438,4627726
2021-09-16,176.66000366210938,180.0,166.61000061035156,168.0,32299424
2021-09-17,174.0500030517578,180.25,172.61000061035156,177.39999389648438,25234230
2021-09-20,174.9199981689453,175.7899932861328,171.5,173.50999450683594,9973876
2021-09-21,172.82000732421875,177.60000610351562,170.00999450683594,174.9199981689453,11959127
2021-09-22,169.38999938964844,174.32000732421875,161.3000030517578,172.0,10424971
2021-09-23,163.61000061035156,172.5,162.08999633789062,171.0500030517578,9709753
2021-09-24,161.22999572753906,165.99000549316406,158.02999877929688,163.5,8708970
2021-09-27,156.63999938964844,161.89999389648438,149.25999450683594,161.5,8552207
2021-09-28,156.63999938964844,156.63999938964844,156.63999938964844,156.63999938964844,0
2021-09-29,160.0500030517578,167.44000244140625,155.52999877929688,166.5,15653604
2021-09-30,161.6699981689453,162.97000122070312,156.16000366210938,157.0,6274213
2021-10-01,160.1199951171875,162.8000030517578,158.5500030517578,160.5,4461491
2021-10-04,164.57000732421875,165.85000610351562,157.0,159.10000610351562,9058475
2021-10-05,158.6199951171875,166.3000030517578,158.0,165.91000366210938,8645626
2021-10-06,157.72999572753906,159.75,150.00999450683594,159.0,7618372
2021-10-07,161.36000061035156,164.6999969482422,158.5500030517578,158.9499969482422,7978338
2021-10-08,160.0,162.0,159.0,162.0,2357193
2021-10-11,149.24000549316406,159.0,148.0,159.0,7126974
2021-10-12,141.08999633789062,148.4499969482422,139.0399932861328,148.0,12235659
2021-10-13,131.10000610351562,142.49000549316406,130.50999450683594,141.75,16266048
2021-10-14,138.66000366210938,140.1999969482422,125.5999984741211,130.0,13023467
2021-10-15,136.4199981689453,139.35000610351562,134.0,138.89999389648438,5213724
2021-10-18,128.4600067138672,134.39999389648438,127.69999694824219,133.0,6620247
2021-10-19,128.4600067138672,128.4600067138672,128.4600067138672,128.4600067138672,0
2021-10-20,134.35000610351562,136.10000610351562,129.60000610351562,130.0,7412437
2021-10-21,129.7899932861328,135.49000549316406,128.4600067138672,135.0,6377127
2021-10-22,126.20999908447266,130.5,121.05000305175781,129.00999450683594,13725483
2021-10-25,126.20999908447266,127.29000091552734,122.8499984741211,126.0,4713790
2021-10-26,123.45999908447266,128.89999389648438,123.0,128.0,4454543
2021-10-27,129.32000732421875,131.6999969482422,127.0,128.0,6707508
2021-10-28,126.81999969482422,129.6999969482422,125.97000122070312,129.0,4150531
2021-10-29,119.62000274658203,127.69999694824219,118.69999694824219,127.69999694824219,9853147
2021-11-01,123.81999969482422,126.20999908447266,115.75,121.0,12554190
2021-11-02,127.9800033569336,130.99000549316406,124.0,124.80000305175781,9225985
2021-11-03,134.91000366210938,135.97999572753906,128.10000610351562,128.4499969482422,16113966
2021-11-04,138.42999267578125,139.4199981689453,133.5,135.0,12534425
2021-11-05,136.44000244140625,140.75,135.02000427246094,139.5,8284350
2021-11-08,133.97999572753906,137.75,132.50999450683594,136.99000549316406,4930375
2021-11-09,130.32000732421875,133.60000610351562,127.51000213623047,133.0,7225037
2021-11-10,131.83999633789062,133.47999572753906,130.11000061035156,131.49000549316406,6124701
2021-11-11,128.80999755859375,133.25,128.10000610351562,132.0,3202213
2021-11-12,123.9800033569336,128.88999938964844,121.75,128.0,4650768
2021-11-15,121.88999938964844,125.0,120.62000274658203,123.9800033569336,2160050
2021-11-16,130.4499969482422,131.02999877929688,123.69999694824219,123.69999694824219,9189272
2021-11-17,120.66999816894531,130.5,120.66999816894531,130.5,15965296
2021-11-18,111.62000274658203,111.62000274658203,111.62000274658203,111.62000274658203,340413
2021-11-19,103.25,103.25,103.25,103.25,951569
2021-11-22,95.51000213623047,98.4800033569336,95.51000213623047,96.0,22372983
2021-11-23,88.3499984741211,95.38999938964844,88.3499984741211,94.0,19634226
2021-11-24,90.11000061035156,94.80000305175781,82.19999694824219,86.5,26519206
2021-11-25,88.80000305175781,91.94000244140625,86.80000305175781,90.80000305175781,7946662
2021-11-26,87.43000030517578,90.98999786376953,85.69999694824219,88.30000305175781,9531136
2021-11-29,90.12999725341797,92.80000305175781,84.01000213623047,85.9000015258789,10288375
2021-11-30,87.12999725341797,91.38999938964844,85.5,90.5,20763755
2021-12-01,88.3499984741211,89.69999694824219,85.69999694824219,86.9000015258789,9010156
2021-12-02,81.7300033569336,87.0,81.7300033569336,86.5999984741211,10985355
2021-12-03,77.86000061035156,81.0,75.62000274658203,78.0,10302695
2021-12-06,81.0999984741211,82.58999633789062,78.5999984741211,80.01000213623047,11192124
2021-12-07,87.18000030517578,87.18000030517578,82.0999984741211,82.0999984741211,6930326
2021-12-08,93.70999908447266,93.70999908447266,92.0,93.70999908447266,5195864
2021-12-09,95.05000305175781,98.5,87.5,97.5,25728986
2021-12-10,96.44000244140625,101.4000015258789,92.26000213623047,94.05000305175781,14620541
2021-12-13,89.73999786376953,97.4000015258789,89.20999908447266,96.94999694824219,6791845
2021-12-14,96.47000122070312,96.47000122070312,90.05000305175781,90.97000122070312,8901116
2021-12-15,103.69999694824219,103.69999694824219,100.52999877929688,101.0,6141453
2021-12-16,107.81999969482422,111.4000015258789,104.0999984741211,105.55000305175781,16993700
2021-12-17,106.43000030517578,107.69999694824219,102.02999877929688,106.19999694824219,14433009
2021-12-20,114.41000366210938,114.41000366210938,106.91999816894531,108.0,25677786
2021-12-21,116.23999786376953,121.48999786376953,115.6500015258789,117.9000015258789,20928534
2021-12-22,117.52999877929688,118.5,115.18000030517578,117.0,8496788
2021-12-23,124.3499984741211,125.88999938964844,117.51000213623047,118.30000305175781,19926763
2021-12-24,118.4000015258789,127.20999908447266,117.12000274658203,124.06999969482422,20581159
2021-12-27,112.97000122070312,118.4000015258789,112.33999633789062,118.01000213623047,9508272
2021-12-28,118.20999908447266,119.19999694824219,113.0199966430664,113.5,12413718
2021-12-29,121.12999725341797,122.0,117.01000213623047,119.0,11757704
2021-12-30,125.01000213623047,129.97999572753906,123.5,129.97999572753906,17707469
2021-12-31,117.9000015258789,124.19999694824219,117.19999694824219,123.5,20431662
2022-01-03,118.31999969482422,119.9000015258789,116.44999694824219,117.9000015258789,8199511
2022-01-04,123.38999938964844,124.26000213623047,119.25,119.79000091552734,23015857
2022-01-05,123.58999633789062,124.73999786376953,122.0,123.73999786376953,15230636
2022-01-06,114.33000183105469,123.0,114.33000183105469,123.0,54816464
2022-01-07,105.76000213623047,113.80000305175781,105.76000213623047,108.5199966430664,18994513
2022-01-10,109.16999816894531,111.0999984741211,99.01000213623047,104.9800033569336,25789423
2022-01-11,111.23999786376953,112.9000015258789,106.25,110.11000061035156,21069527
2022-01-12,108.5,113.5,107.55000305175781,112.75,13334070
2022-01-13,104.9800033569336,107.5,103.0999984741211,107.19999694824219,9825084
2022-01-14,104.25,107.30000305175781,102.7699966430664,106.02999877929688,6798693
2022-01-17,96.44999694824219,102.94999694824219,96.44000244140625,102.5,20075907
2022-01-18,95.5199966430664,98.83999633789062,93.80000305175781,96.0,20687856
2022-01-19,88.36000061035156,94.25,88.36000061035156,94.0,20191658
2022-01-20,81.73999786376953,88.36000061035156,81.73999786376953,83.55000305175781,9846422
2022-01-21,84.9000015258789,86.9800033569336,79.69999694824219,81.55000305175781,19179652
2022-01-24,80.88999938964844,83.86000061035156,78.54000091552734,83.86000061035156,21129927
2022-01-25,77.13999938964844,83.4000015258789,76.30000305175781,82.08000183105469,11114882
2022-01-26,81.29000091552734,82.91999816894531,75.05000305175781,77.3499984741211,18809060
2022-01-27,85.93000030517578,86.9800033569336,82.30000305175781,83.5,19120765
2022-01-28,87.16000366210938,88.4000015258789,83.0,83.0,11853813
2022-01-31,88.93000030517578,91.1500015258789,86.51000213623047,87.83999633789062,18123023
2022-02-01,85.7300033569336,89.5,84.25,89.5,12016617
2022-02-02,86.54000091552734,87.5,84.02999877929688,85.0999984741211,9195032
2022-02-03,86.20999908447266,88.36000061035156,85.11000061035156,87.73999786376953,9470663
2022-02-04,85.83000183105469,87.25,84.5,86.30000305175781,7155835
2022-02-07,82.94000244140625,85.98999786376953,81.75,85.98999786376953,4840080
2022-02-08,84.08999633789062,85.20999908447266,81.9000015258789,82.19999694824219,7181851
2022-02-09,85.70999908447266,86.44000244140625,84.0999984741211,84.7699966430664,6637671
2022-02-10,84.2300033569336,86.19999694824219,83.70999908447266,86.0,5438933
2022-02-11,85.13999938964844,87.48999786376953,83.25,83.6500015258789,11122086
2022-02-14,83.70999908447266,87.19999694824219,82.25,84.9000015258789,7802821
2022-02-15,85.18000030517578,86.20999908447266,82.20999908447266,83.61000061035156,8859513
2022-02-16,85.48999786376953,86.25,84.31999969482422,85.79000091552734,4407428
2022-02-17,85.18000030517578,86.25,84.44999694824219,86.0,4790501
2022-02-18,85.1500015258789,86.5,84.5999984741211,86.13999938964844,3278035
2022-02-21,83.33999633789062,85.0,82.55000305175781,85.0,2815959
2022-02-22,77.1500015258789,81.5,77.08999633789062,81.5,10690641
2022-02-23,77.25,78.87999725341797,75.0999984741211,78.5,6688716
2022-02-24,71.45999908447266,73.5999984741211,71.45999908447266,72.01000213623047,6971843
2022-02-25,69.95999908447266,71.98999786376953,68.0999984741211,70.0,8255067
2022-02-28,69.23999786376953,70.0,66.11000061035156,69.01000213623047,6660827
2022-03-01,74.43000030517578,74.43000030517578,66.30000305175781,70.0,18324404
2022-03-02,78.72000122070312,79.80000305175781,71.5,73.0,21922806
2022-03-03,79.12999725341797,80.75,77.30999755859375,78.12999725341797,15140398
2022-03-04,78.80999755859375,80.5,78.19999694824219,79.80000305175781,8007477
2022-03-07,72.94999694824219,76.5999984741211,72.9000015258789,76.0,9512556
2022-03-08,74.86000061035156,77.30000305175781,71.80000305175781,73.0,14123398
2022-03-09,76.69000244140625,78.0,75.1500015258789,75.1500015258789,8723605
2022-03-10,79.12999725341797,80.19000244140625,77.5999984741211,79.51000213623047,7875461
2022-03-11,77.62000274658203,79.0999984741211,77.1500015258789,79.0999984741211,3163972
2022-03-14,74.5999984741211,77.37000274658203,73.2699966430664,77.37000274658203,3539951
2022-03-15,76.7300033569336,77.19999694824219,74.01000213623047,75.0,7719211
2022-03-16,77.38999938964844,78.23999786376953,76.9000015258789,77.9000015258789,3523231
2022-03-17,75.83999633789062,77.87999725341797,75.5,77.87999725341797,2808209
2022-03-18,71.31999969482422,72.98999786376953,71.01000213623047,72.23999786376953,6482099
2022-03-21,70.75,72.87999725341797,70.5,71.19999694824219,2968219
2022-03-22,72.4000015258789,72.80000305175781,70.76000213623047,71.0999984741211,4497379
2022-03-23,72.4000015258789,72.4000015258789,72.4000015258789,72.4000015258789,0
2022-03-24,76.37999725341797,77.4000015258789,69.5999984741211,72.3499984741211,10204425
2022-03-25,76.06999969482422,76.75,75.30000305175781,76.5,6324642
2022-03-28,77.3499984741211,78.0999984741211,74.55999755859375,75.9000015258789,5647071
2022-03-29,77.55000305175781,79.73999786376953,77.05000305175781,79.0,6763535
2022-03-30,76.47000122070312,77.25,75.5,76.75,4298603
2022-03-31,77.8499984741211,78.69999694824219,76.0999984741211,76.44999694824219,5616476
2022-04-01,79.61000061035156,81.98999786376953,76.6500015258789,77.0199966430664,11374858
2022-04-04,75.11000061035156,76.75,74.0,75.55000305175781,5732950
2022-04-05,75.38999938964844,76.69999694824219,75.0,75.6500015258789,2492723
2022-04-06,75.58000183105469,76.5999984741211,74.80000305175781,75.30000305175781,2446394
2022-04-07,75.13999938964844,76.05000305175781,74.69999694824219,75.88999938964844,2014234
2022-04-08,76.05999755859375,76.87000274658203,75.0,75.5,3343789
2022-04-11,81.76000213623047,81.76000213623047,79.0,79.0,9803970
2022-04-12,87.58000183105469,87.88999938964844,81.5,81.5,17950592
2022-04-13,87.13999938964844,91.9000015258789,85.5,88.0999984741211,19780921
2022-04-14,87.47000122070312,88.30000305175781,85.69999694824219,87.9000015258789,6457205
2022-04-15,86.26000213623047,88.75,85.56999969482422,88.30000305175781,4156820
2022-04-18,85.31999969482422,87.3499984741211,84.80000305175781,86.1500015258789,4069889
2022-04-19,82.56999969482422,85.88999938964844,82.02999877929688,85.88999938964844,4374791
2022-04-20,84.16999816894531,84.88999938964844,81.25,82.55000305175781,9233758
2022-04-21,83.04000091552734,84.75,82.4000015258789,84.25,2408518
2022-04-22,84.36000061035156,85.5999984741211,83.0,83.25,4092909
2022-04-25,84.66999816894531,87.69000244140625,84.19999694824219,86.0,6336502
2022-04-26,82.5199966430664,84.75,82.01000213623047,84.68000030517578,2405808
2022-04-27,80.95999908447266,82.98999786376953,80.25,81.8499984741211,2215417
2022-04-28,78.55999755859375,79.0,76.30000305175781,79.0,7080788
2022-04-29,78.55999755859375,78.55999755859375,78.55999755859375,78.55999755859375,0
2022-05-02,78.55999755859375,78.55999755859375,78.55999755859375,78.55999755859375,0
2022-05-03,78.55999755859375,78.55999755859375,78.55999755859375,78.55999755859375,0
2022-05-04,78.55999755859375,78.55999755859375,78.55999755859375,78.55999755859375,0
2022-05-05,78.55999755859375,78.55999755859375,78.55999755859375,78.55999755859375,0
2022-05-06,78.30000305175781,80.19999694824219,76.80000305175781,78.0999984741211,4778673
2022-05-09,73.31999969482422,78.0,72.6500015258789,78.0,7848876
2022-05-10,77.08000183105469,77.9000015258789,73.31999969482422,73.9000015258789,6066479
2022-05-11,77.04000091552734,79.5199966430664,74.12000274658203,76.5,12618108
2022-05-12,77.29000091552734,78.4000015258789,75.5999984741211,77.0999984741211,5321714
2022-05-13,75.76000213623047,77.29000091552734,74.94999694824219,77.29000091552734,2908976
2022-05-16,73.5,75.48999786376953,72.4000015258789,75.48999786376953,8440733
2022-05-17,75.0199966430664,75.69999694824219,73.0,73.5,2972775
2022-05-18,77.08999633789062,78.75,74.0199966430664,75.0,6039312
2022-05-19,77.01000213623047,78.0,76.01000213623047,77.0,4127585
2022-05-20,75.8499984741211,77.41999816894531,75.30999755859375,77.30000305175781,1509801
2022-05-23,74.91000366210938,75.2699966430664,73.69999694824219,74.0,2618669
2022-05-24,76.55999755859375,77.80000305175781,74.16000366210938,74.9000015258789,6440167
2022-05-25,78.3499984741211,78.87999725341797,76.02999877929688,76.02999877929688,2918156
2022-05-26,81.68000030517578,82.0999984741211,77.69999694824219,78.48999786376953,9287198
2022-05-27,81.36000061035156,85.38999938964844,81.02999877929688,84.5,9962105
2022-05-30,81.56999969482422,82.9000015258789,81.19999694824219,81.5,2219999
2022-05-31,81.22000122070312,82.58999633789062,80.70999908447266,82.0,1705666
2022-06-01,80.0999984741211,81.5999984741211,79.80000305175781,81.0,1777402
2022-06-02,78.44999694824219,80.4000015258789,78.22000122070312,80.4000015258789,2191929
2022-06-03,75.55000305175781,78.9000015258789,75.30000305175781,78.5,2229231
2022-06-06,77.22000122070312,78.0,75.0999984741211,75.5999984741211,1869569
2022-06-07,76.06999969482422,78.4000015258789,75.6500015258789,77.5199966430664,2036493
2022-06-08,77.19000244140625,77.47000122070312,75.6500015258789,75.6500015258789,1863882
2022-06-09,77.48999786376953,79.0999984741211,76.5199966430664,76.5199966430664,2302142
2022-06-10,77.66000366210938,78.0,76.91000366210938,77.9000015258789,1368829
2022-06-13,75.12000274658203,78.0,74.80999755859375,78.0,3174445
2022-06-14,76.47000122070312,77.18000030517578,74.75,74.75,3601763
2022-06-15,76.7300033569336,77.44999694824219,76.51000213623047,77.0,4665640
2022-06-16,76.58999633789062,77.69999694824219,76.12999725341797,76.5,1897820
2022-06-17,76.25,78.6500015258789,75.55999755859375,76.0,4789941
2022-06-20,73.97000122070312,75.5,72.25,75.5,6155820
2022-06-21,78.81999969482422,79.51000213623047,74.05999755859375,74.05999755859375,6167241
2022-06-22,77.63999938964844,80.0,77.0999984741211,79.80000305175781,4012404
2022-06-23,78.13999938964844,80.30000305175781,77.1500015258789,77.1500015258789,5014591
2022-06-24,76.18000030517578,78.5199966430664,74.0,78.0,8846579
2022-06-27,78.11000061035156,79.3499984741211,76.69999694824219,76.9800033569336,3766438
2022-06-28,77.6500015258789,79.0,77.4000015258789,79.0,3616546
2022-06-29,76.88999938964844,77.88999938964844,76.77999877929688,77.88999938964844,1760552
2022-06-30,77.33000183105469,78.38999938964844,76.69999694824219,77.5,1167573
2022-07-01,76.88999938964844,77.77999877929688,76.0999984741211,77.25,1257907
2022-07-04,76.4800033569336,77.38999938964844,76.30000305175781,77.0,284847
2022-07-05,76.26000213623047,77.0,76.06999969482422,76.69999694824219,453799
2022-07-06,77.01000213623047,77.5,76.26000213623047,76.1500015258789,1800618
2022-07-07,78.20999908447266,78.5,77.01000213623047,77.5,2132069
2022-07-08,78.20999908447266,78.20999908447266,78.20999908447266,78.20999908447266,0
2022-07-11,78.20999908447266,78.20999908447266,78.20999908447266,78.20999908447266,0
2022-07-12,78.20999908447266,78.20999908447266,78.20999908447266,78.20999908447266,0
2022-07-13,81.31999969482422,81.80999755859375,77.02999877929688,78.31999969482422,4195551
2022-07-14,81.20999908447266,82.81999969482422,80.97000122070312,81.66000366210938,5309503
2022-07-15,79.61000061035156,81.80000305175781,79.5,81.0,2222366
2022-07-18,77.20999908447266,78.9000015258789,76.44999694824219,78.9000015258789,2707953
2022-07-19,75.5,77.98999786376953,75.25,77.05000305175781,2154392
2022-07-20,76.83999633789062,77.73999786376953,75.1500015258789,75.86000061035156,2178649
2022-07-21,77.77999877929688,78.6500015258789,76.37999725341797,77.0,4476778
2022-07-22,79.69000244140625,80.16000366210938,77.55999755859375,78.4000015258789,2343895
2022-07-25,78.95999908447266,79.5999984741211,77.98999786376953,79.0,905526
2022-07-26,80.16000366210938,82.25,78.51000213623047,79.3499984741211,3835269
2022-07-27,80.37999725341797,81.25,79.55000305175781,80.5,2661647
2022-07-28,85.31999969482422,86.23999786376953,80.05999755859375,80.5,10772640
2022-07-29,91.70999908447266,91.70999908447266,85.0,85.31999969482422,8650982
2022-08-01,91.58999633789062,96.9000015258789,91.0199966430664,96.51000213623047,9214095
2022-08-02,91.51000213623047,93.77999877929688,88.55000305175781,89.69999694824219,7515379
2022-08-03,92.45999908447266,94.0,91.75,91.9000015258789,5215866
2022-08-04,93.4000015258789,95.25,92.01000213623047,93.0999984741211,7068834
2022-08-05,94.08000183105469,94.97000122070312,92.0999984741211,93.5,5765642
2022-08-08,94.08000183105469,94.08000183105469,94.08000183105469,94.08000183105469,0
2022-08-09,94.08000183105469,94.08000183105469,94.08000183105469,94.08000183105469,0
2022-08-10,96.13999938964844,98.91999816894531,94.61000061035156,95.0,12584224
2022-08-11,94.55999755859375,96.69999694824219,94.30000305175781,95.70999908447266,3174725
2022-08-12,96.54000091552734,96.98999786376953,93.5999984741211,94.5999984741211,6166557
2022-08-15,99.38999938964844,99.80000305175781,96.94999694824219,96.9800033569336,11883585
2022-08-16,97.0999984741211,101.98999786376953,96.72000122070312,100.4000015258789,10041361
2022-08-17,98.05999755859375,99.0,96.3499984741211,97.5199966430664,4013726
2022-08-18,97.27999877929688,99.9000015258789,96.9000015258789,98.20999908447266,3744845
2022-08-19,98.08000183105469,98.55000305175781,96.5,97.0,2098670
2022-08-22,96.2699966430664,97.1500015258789,95.44999694824219,96.80000305175781,2649977
2022-08-23,97.62000274658203,98.80000305175781,97.1500015258789,97.1500015258789,5910136
2022-08-24,97.72000122070312,99.4800033569336,97.11000061035156,98.0,7810477
2022-08-25,96.58999633789062,97.9800033569336,96.30000305175781,97.88999938964844,3111064
2022-08-26,93.7699966430664,97.4000015258789,93.0,97.4000015258789,5356081
2022-08-29,92.33999633789062,93.0,89.2699966430664,92.51000213623047,4152252
2022-08-30,89.86000061035156,95.4000015258789,89.0199966430664,94.9000015258789,5151876
2022-08-31,89.91999816894531,90.69999694824219,88.73999786376953,89.11000061035156,2233388
2022-09-01,89.76000213623047,91.30000305175781,89.61000061035156,90.5,2816887
2022-09-02,89.58000183105469,90.75,89.0999984741211,89.5,2573657
2022-09-05,87.36000061035156,89.9000015258789,87.0199966430664,89.6500015258789,1774118
2022-09-06,87.97000122070312,88.81999969482422,86.51000213623047,87.7699966430664,2475438
2022-09-07,87.69000244140625,88.8499984741211,87.01000213623047,88.3499984741211,1316723
2022-09-08,89.68000030517578,90.48999786376953,87.6500015258789,88.0199966430664,3384897
2022-09-09,93.81999969482422,95.29000091552734,89.79000091552734,90.0,15096000
2022-09-12,96.16000366210938,98.26000213623047,94.19000244140625,94.19999694824219,15747371
2022-09-13,96.83999633789062,97.69999694824219,95.30000305175781,97.0,3863554
2022-09-14,102.25,104.0,95.5999984741211,96.1500015258789,16741568
2022-09-15,109.5199966430664,109.91000366210938,103.36000061035156,104.5199966430664,27444990
2022-09-16,116.19000244140625,117.7300033569336,109.55000305175781,110.5,27566526
2022-09-19,118.33999633789062,121.0,115.55999755859375,118.0,24721049
2022-09-20,114.63999938964844,118.9000015258789,113.55000305175781,117.98999786376953,14352832
2022-09-21,114.06999969482422,116.25,113.1500015258789,115.19999694824219,11378033
2022-09-22,119.72000122070312,120.4000015258789,113.80000305175781,114.44999694824219,17567887
2022-09-23,118.05000305175781,127.4000015258789,115.12999725341797,121.4000015258789,23899524
2022-09-26,126.6500015258789,126.9000015258789,117.0,118.0999984741211,27472054
2022-09-27,127.61000061035156,131.5800018310547,125.94999694824219,129.0,20818802
2022-09-28,125.30000305175781,129.24000549316406,124.12000274658203,128.5,8770233
2022-09-29,122.91999816894531,127.2300033569336,121.9000015258789,125.31999969482422,7811018
2022-09-30,128.86000061035156,131.0,117.44999694824219,119.9800033569336,30193074
2022-10-03,129.5800018310547,134.75,127.5,129.99000549316406,15993429
2022-10-04,133.8699951171875,134.9199981689453,129.1999969482422,130.10000610351562,15393359
2022-10-05,143.91000366210938,143.91000366210938,137.5,137.5,21772231
2022-10-06,147.39999389648438,149.1999969482422,143.52999877929688,146.49000549316406,23599180
2022-10-07,144.13999938964844,147.0,143.0,145.00999450683594,8223263
2022-10-10,151.42999267578125,152.39999389648438,145.5500030517578,145.5500030517578,26747663
2022-10-11,140.0800018310547,152.8000030517578,140.0800018310547,151.8000030517578,14458857
2022-10-12,129.5800018310547,135.9499969482422,129.5800018310547,135.00999450683594,7320985
2022-10-13,128.47000122070312,132.1999969482422,122.11000061035156,122.11000061035156,23196954
2022-10-14,125.94000244140625,135.5,123.0,129.74000549316406,30688457
2022-10-17,122.80999755859375,125.94000244140625,121.2300033569336,125.05000305175781,4903129
2022-10-18,124.83000183105469,125.69000244140625,122.75,124.0,5404404
2022-10-19,125.5199966430664,126.19999694824219,123.80999755859375,125.4000015258789,3984930
2022-10-20,124.69000244140625,127.19999694824219,124.18000030517578,126.5,3646243
2022-10-21,124.37999725341797,126.44000244140625,121.22000122070312,124.61000061035156,4529729
2022-10-24,128.2899932861328,130.5500030517578,125.2699966430664,126.30000305175781,8779094
2022-10-25,118.66999816894531,126.70999908447266,118.66999816894531,126.70999908447266,5913372
2022-10-26,109.7699966430664,115.5,109.7699966430664,114.0,11775175
2022-10-27,114.87999725341797,116.98999786376953,103.55999755859375,110.98999786376953,12545539
2022-10-28,108.5199966430664,116.0,107.30000305175781,115.01000213623047,5797237
2022-10-31,109.87000274658203,111.5,107.30000305175781,109.0,3484210
2022-11-01,118.06999969482422,118.11000061035156,110.51000213623047,111.5,8202696
2022-11-02,116.11000061035156,119.23999786376953,114.9000015258789,119.23999786376953,5890051
2022-11-03,121.52999877929688,123.4000015258789,114.5999984741211,116.12000274658203,7846130
2022-11-04,118.61000061035156,121.9000015258789,117.5999984741211,119.44999694824219,5369447
2022-11-07,120.98999786376953,123.29000091552734,120.0,120.0,5961184
2022-11-08,117.68000030517578,121.9000015258789,116.5,121.5,3509699
2022-11-09,117.68000030517578,117.68000030517578,117.68000030517578,117.68000030517578,0
2022-11-10,126.5,126.5,117.98999786376953,117.98999786376953,7064685
2022-11-11,135.97999572753906,135.97999572753906,133.60000610351562,135.8800048828125,1232649
2022-11-14,146.1699981689453,146.1699981689453,139.5,141.66000366210938,10079322
2022-11-15,140.83999633789062,148.0,137.60000610351562,148.0,12400086
2022-11-16,148.3300018310547,149.88999938964844,141.6999969482422,143.5,11501715
2022-11-17,145.07000732421875,149.8000030517578,144.00999450683594,149.0,8778185
2022-11-18,141.5500030517578,144.75,140.00999450683594,144.75,3574665
2022-11-21,146.57000732421875,147.8000030517578,139.3300018310547,142.5,10231131
2022-11-22,145.5,150.49000549316406,144.02000427246094,147.52999877929688,8527124
2022-11-23,146.94000244140625,148.6999969482422,143.6999969482422,146.00999450683594,6641582
2022-11-24,147.16000366210938,149.88999938964844,146.0,146.89999389648438,9105915
2022-11-25,146.8000030517578,149.89999389648438,145.7100067138672,149.5,7246197
2022-11-28,144.5399932861328,145.25,141.60000610351562,143.9600067138672,4638395
2022-11-29,144.67999267578125,146.1999969482422,143.4499969482422,144.75,3735792
2022-11-30,142.75999450683594,145.0,141.3000030517578,145.0,4696746
2022-12-01,140.8699951171875,144.75,140.25,143.39999389648438,4189983
2022-12-02,136.7100067138672,142.5800018310547,131.5,140.1999969482422,10687879
2022-12-05,134.50999450683594,137.47999572753906,133.60000610351562,137.25,3152677
2022-12-06,136.9199981689453,137.58999633789062,133.6999969482422,134.52000427246094,3635900
2022-12-07,139.8000030517578,143.3000030517578,137.10000610351562,138.0,9366335
2022-12-08,136.72999572753906,140.74000549316406,136.10000610351562,140.25,1874422
2022-12-09,137.25,138.99000549316406,135.16000366210938,136.0,2615571
2022-12-12,136.1699981689453,138.14999389648438,135.5,137.8000030517578,1359196
2022-12-13,137.11000061035156,137.8800048828125,135.00999450683594,136.1999969482422,1444706
2022-12-14,136.6699981689453,138.3000030517578,136.1999969482422,137.5,1312002
2022-12-15,133.99000549316406,136.8000030517578,132.11000061035156,136.8000030517578,2264693
2022-12-16,134.22000122070312,136.89999389648438,132.50999450683594,134.75,2179464
2022-12-19,131.83999633789062,134.0,131.1199951171875,133.55999755859375,1363277
2022-12-20,121.95999908447266,131.89999389648438,121.95999908447266,131.83999633789062,3106385
2022-12-21,112.81999969482422,121.9000015258789,112.81999969482422,118.0,3884247
2022-12-22,115.88999938964844,118.44999694824219,106.61000061035156,111.5,8996176
2022-12-23,111.43000030517578,114.48999786376953,108.4000015258789,114.0,4180422
2022-12-26,113.08000183105469,115.54000091552734,111.30000305175781,112.31999969482422,4693583
2022-12-27,113.22000122070312,115.5,111.55000305175781,113.0,5165383
2022-12-28,108.95999908447266,113.69000244140625,106.01000213623047,113.12000274658203,4099690
2022-12-29,109.70999908447266,110.77999877929688,107.51000213623047,109.98999786376953,3126262
2022-12-30,108.41999816894531,110.69999694824219,107.25,109.70999908447266,2777759
2023-01-02,110.91999816894531,112.44999694824219,107.0,108.5,6416905
2023-01-03,110.83000183105469,112.7699966430664,110.19999694824219,111.19999694824219,4344876
2023-01-04,112.6500015258789,115.75,111.25,111.25,6288443
2023-01-05,112.98999786376953,113.88999938964844,112.01000213623047,113.0,1575494
2023-01-06,116.18000030517578,117.25,113.4000015258789,113.66999816894531,5154773
2023-01-09,109.08999633789062,116.54000091552734,107.47000122070312,116.20999908447266,9838692
2023-01-10,110.4000015258789,112.4000015258789,109.69999694824219,111.22000122070312,3536108
2023-01-11,108.52999877929688,111.1500015258789,107.55000305175781,110.88999938964844,1935546
2023-01-12,108.08000183105469,110.3499984741211,107.5,108.44999694824219,2027030
2023-01-13,105.6500015258789,107.4000015258789,105.01000213623047,107.4000015258789,2052528
2023-01-16,99.77999877929688,105.5,98.2699966430664,105.48999786376953,2832766
2023-01-17,92.30000305175781,102.4800033569336,92.30000305175781,99.97000122070312,4537283
2023-01-18,96.58000183105469,99.22000122070312,87.81999969482422,90.0,10185720
2023-01-19,102.4000015258789,103.81999969482422,98.5999984741211,100.4000015258789,11048293
2023-01-20,98.0999984741211,103.0,96.5,102.02999877929688,3922188
2023-01-23,100.66999816894531,103.26000213623047,93.25,97.0999984741211,7837355
2023-01-24,107.41999816894531,108.22000122070312,98.36000061035156,102.0,7163399
2023-01-25,111.31999969482422,113.98999786376953,107.3499984741211,108.30000305175781,9342023
2023-01-26,112.91000366210938,116.0,109.5999984741211,111.0,10114558
2023-01-27,111.88999938964844,113.5,110.0,113.19999694824219,3576088
2023-01-30,109.97000122070312,112.0999984741211,109.12000274658203,112.0999984741211,2453099
2023-01-31,112.6500015258789,114.25,110.70999908447266,110.98999786376953,3960296
2023-02-01,111.25,113.80000305175781,110.31999969482422,113.80000305175781,3159585
2023-02-02,111.83999633789062,113.4000015258789,110.0199966430664,111.01000213623047,3694488
2023-02-03,111.62999725341797,113.30000305175781,110.4000015258789,111.98999786376953,4574299
2023-02-06,114.87999725341797,115.5,111.80000305175781,112.25,4501421
2023-02-07,118.98999786376953,121.86000061035156,114.12000274658203,115.23999786376953,9313459
2023-02-08,121.33000183105469,123.0999984741211,118.75,120.01000213623047,7607083
2023-02-09,124.37999725341797,125.25,121.38999938964844,122.0999984741211,6004460
2023-02-10,121.41999816894531,123.5,119.0,121.0,5785508
2023-02-13,120.61000061035156,123.44999694824219,120.0199966430664,121.4000015258789,3298565
2023-02-14,111.70999908447266,121.25,111.56999969482422,121.0,9633998
2023-02-15,113.83999633789062,116.19999694824219,107.0999984741211,110.5,6968402
2023-02-16,114.41999816894531,118.80000305175781,113.55000305175781,117.25,5796431
2023-02-17,115.0999984741211,117.0,113.69999694824219,115.0,4216419
2023-02-20,112.58999633789062,115.0999984741211,110.4000015258789,114.80000305175781,4393644
2023-02-21,116.13999938964844,116.79000091552734,108.26000213623047,113.69000244140625,12961340
2023-02-22,116.5199966430664,118.0,114.5199966430664,116.0,5111803
2023-02-23,114.2300033569336,116.5999984741211,113.51000213623047,115.9000015258789,3509736
2023-02-24,111.12999725341797,114.98999786376953,110.80000305175781,114.38999938964844,3583766
2023-02-27,111.44000244140625,112.19000244140625,109.4000015258789,111.01000213623047,2881198
2023-02-28,109.51000213623047,111.88999938964844,108.5999984741211,111.4800033569336,4301122
2023-03-01,112.0999984741211,113.5,106.6500015258789,108.93000030517578,6291569
2023-03-02,108.62999725341797,112.4000015258789,108.0199966430664,111.0999984741211,3538356
2023-03-03,110.55000305175781,111.19999694824219,106.19999694824219,106.9000015258789,4475436
2023-03-06,112.47000122070312,115.9800033569336,111.12000274658203,111.98999786376953,7615767
2023-03-07,112.22000122070312,114.19000244140625,111.4000015258789,112.69999694824219,3176597
2023-03-08,111.69000244140625,113.4800033569336,110.88999938964844,112.80000305175781,1700358
2023-03-09,113.41000366210938,114.30000305175781,111.70999908447266,112.05000305175781,3173777
2023-03-10,113.7699966430664,115.23999786376953,113.1500015258789,114.4000015258789,5069292
2023-03-13,112.13999938964844,114.70999908447266,111.4000015258789,114.05000305175781,3805314
2023-03-14,111.88999938964844,113.0,111.19999694824219,111.9000015258789,2182517
2023-03-15,112.94999694824219,114.25,111.1500015258789,111.16000366210938,2923180
2023-03-16,112.86000061035156,114.4000015258789,112.5,113.4800033569336,2246691
2023-03-17,112.08000183105469,113.5999984741211,111.58999633789062,112.80000305175781,1476020
2023-03-20,111.4800033569336,112.48999786376953,111.30000305175781,112.0,1154426
2023-03-21,112.7300033569336,113.37000274658203,111.37000274658203,112.25,2253219
2023-03-22,110.33000183105469,113.80000305175781,109.80000305175781,113.4000015258789,2949633
2023-03-23,110.33000183105469,110.33000183105469,110.33000183105469,110.33000183105469,0
2023-03-24,107.5999984741211,110.58999633789062,107.12999725341797,110.5,1323297
2023-03-27,107.77999877929688,109.4000015258789,106.51000213623047,107.0,2726469
2023-03-28,107.91000366210938,108.4800033569336,107.25,108.0,1360924
2023-03-29,107.11000061035156,108.4800033569336,106.3499984741211,108.19999694824219,943618
2023-03-30,105.44000244140625,107.75,104.0999984741211,107.0,1859427
2023-03-31,106.04000091552734,106.9800033569336,104.36000061035156,105.0999984741211,800952
2023-04-03,106.86000061035156,108.3499984741211,105.25,106.9000015258789,1437578
2023-04-04,106.9000015258789,107.37999725341797,105.69999694824219,107.05000305175781,1363634
2023-04-05,106.95999908447266,108.38999938964844,106.5199966430664,107.5,1268929
2023-04-06,109.87000274658203,110.30000305175781,107.01000213623047,107.5999984741211,2968610
2023-04-07,108.68000030517578,110.68000030517578,108.20999908447266,110.5999984741211,1449503
2023-04-10,108.33000183105469,109.13999938964844,108.0,108.5,712750
2023-04-11,107.87000274658203,108.5999984741211,106.72000122070312,108.0199966430664,660623
2023-04-12,108.55999755859375,108.9000015258789,108.08999633789062,108.25,571762
2023-04-13,109.20999908447266,110.23999786376953,108.80000305175781,109.5999984741211,870275
2023-04-14,109.20999908447266,109.20999908447266,109.20999908447266,109.20999908447266,0
2023-04-17,108.9800033569336,109.9000015258789,108.69999694824219,109.79000091552734,633573
2023-04-18,108.69000244140625,109.23999786376953,108.0,108.8499984741211,531254
2023-04-19,108.80999755859375,109.04000091552734,108.30000305175781,108.5,404911
2023-04-20,109.26000213623047,110.0,108.5,108.81999969482422,647615
2023-04-21,109.26000213623047,109.26000213623047,109.26000213623047,109.26000213623047,0
2023-04-24,109.26000213623047,109.26000213623047,109.26000213623047,109.26000213623047,0
2023-04-25,109.26000213623047,109.26000213623047,109.26000213623047,109.26000213623047,0
2023-04-26,110.75,111.30000305175781,108.4000015258789,109.9800033569336,4707066
2023-04-27,110.26000213623047,110.73999786376953,109.5999984741211,110.25,2350910
2023-04-28,109.52999877929688,110.38999938964844,108.5,110.0,1942482
2023-05-01,109.52999877929688,109.52999877929688,109.52999877929688,109.52999877929688,0
2023-05-02,108.19000244140625,109.58999633789062,107.52999877929688,109.5,1764281
2023-05-03,107.37000274658203,108.9800033569336,106.51000213623047,108.19999694824219,1405120
2023-05-04,107.91999816894531,109.66999816894531,106.88999938964844,107.87999725341797,3118689
2023-05-05,107.68000030517578,109.3499984741211,107.30999755859375,108.31999969482422,1289291
2023-05-08,104.26000213623047,108.37999725341797,103.5999984741211,107.51000213623047,1558043
2023-05-09,104.1500015258789,105.44999694824219,102.5,104.0199966430664,2673218
2023-05-10,103.83000183105469,104.83999633789062,103.19999694824219,103.9000015258789,972503
2023-05-11,105.19999694824219,105.77999877929688,104.01000213623047,104.01000213623047,1386040
2023-05-12,104.7300033569336,105.88999938964844,104.01000213623047,105.7300033569336,1073232
2023-05-15,104.7300033569336,105.11000061035156,103.30000305175781,104.7300033569336,936686
2023-05-16,104.62000274658203,105.5999984741211,103.80000305175781,104.5,873887
2023-05-17,104.30000305175781,105.4000015258789,104.19999694824219,104.26000213623047,645218
2023-05-18,100.95999908447266,105.5,99.1500015258789,104.80000305175781,1960186
2023-05-19,100.68000030517578,102.44999694824219,98.61000061035156,102.44999694824219,1892067
2023-05-22,99.37000274658203,101.25,99.05000305175781,100.5,1347709
2023-05-23,98.95999908447266,100.54000091552734,98.55000305175781,99.0,2049624
2023-05-24,98.6500015258789,99.62999725341797,98.0199966430664,99.25,963410
2023-05-25,92.97000122070312,98.6500015258789,91.51000213623047,98.05000305175781,3907398
2023-05-26,90.19999694824219,92.97000122070312,86.69999694824219,92.97000122070312,5905462
2023-05-29,94.33999633789062,95.30000305175781,90.0,90.0,4234366
2023-05-30,95.33000183105469,95.98999786376953,93.44999694824219,94.98999786376953,3970035
2023-05-31,93.48999786376953,97.9800033569336,92.5,95.75,5935220
2023-06-01,93.44999694824219,94.80000305175781,92.69999694824219,93.94999694824219,2796567
2023-06-02,93.48999786376953,94.69999694824219,92.75,93.98999786376953,1051198
2023-06-05,95.06999969482422,95.58999633789062,93.30000305175781,93.69999694824219,1907801
2023-06-06,96.97000122070312,97.48999786376953,95.19999694824219,95.19999694824219,2450163
2023-06-07,100.38999938964844,102.30999755859375,97.25,97.5,9934796
2023-06-08,96.41999816894531,100.69999694824219,95.80000305175781,100.69999694824219,2849400
2023-06-09,98.93000030517578,100.01000213623047,95.0999984741211,96.30000305175781,3391687
2023-06-12,96.77999877929688,99.4000015258789,96.45999908447266,98.4000015258789,2044445
2023-06-13,96.37000274658203,97.9000015258789,95.01000213623047,97.9000015258789,1265615
2023-06-14,95.86000061035156,96.95999908447266,95.4000015258789,96.5,827341
2023-06-15,94.9800033569336,96.97000122070312,93.1500015258789,96.29000091552734,3564995
2023-06-16,94.44000244140625,95.66000366210938,94.0,95.0,1312834
2023-06-19,92.5199966430664,94.5,91.80000305175781,94.5,1836158
2023-06-20,92.80999755859375,93.19999694824219,90.5999984741211,92.7699966430664,2785879
2023-06-21,90.81999969482422,93.9000015258789,90.5999984741211,93.9000015258789,1271699
2023-06-22,89.37999725341797,91.18000030517578,89.0999984741211,90.51000213623047,2745548
2023-06-23,87.63999938964844,89.83999633789062,86.80000305175781,89.16000366210938,5330109
2023-06-26,92.30000305175781,92.88999938964844,89.0,89.30000305175781,2619617
2023-06-27,92.12999725341797,92.94999694824219,91.20999908447266,91.98999786376953,1596795
2023-06-28,92.12999725341797,92.12999725341797,92.12999725341797,92.12999725341797,0
2023-06-29,92.12999725341797,92.12999725341797,92.12999725341797,92.12999725341797,0
2023-06-30,92.12999725341797,92.12999725341797,92.12999725341797,92.12999725341797,0
2023-07-03,99.04000091552734,99.04000091552734,96.8499984741211,99.0,3064595
2023-07-04,97.95999908447266,102.38999938964844,97.11000061035156,99.9000015258789,9020978
2023-07-05,98.37000274658203,100.5199966430664,97.3499984741211,97.69999694824219,7449871
2023-07-06,99.56999969482422,100.48999786376953,97.69999694824219,98.41000366210938,5661971
2023-07-07,106.43000030517578,107.04000091552734,99.80000305175781,99.95999908447266,14648705
2023-07-10,107.6500015258789,109.08999633789062,106.0999984741211,108.0,8554758
2023-07-11,105.9800033569336,108.62000274658203,105.19999694824219,107.0,5456267
2023-07-12,104.36000061035156,106.38999938964844,103.61000061035156,105.98999786376953,2796380
2023-07-13,104.16999816894531,107.0999984741211,103.25,106.0,5298032
2023-07-14,102.30000305175781,104.54000091552734,102.04000091552734,104.25,1930999
2023-07-17,103.16000366210938,105.23999786376953,101.30000305175781,101.30999755859375,2494450
2023-07-18,105.19999694824219,106.23999786376953,101.6500015258789,103.87999725341797,5052938
2023-07-19,102.1500015258789,105.1500015258789,101.87000274658203,104.0199966430664,2786604
2023-07-20,102.98999786376953,103.94999694824219,102.0999984741211,102.5,2432650
2023-07-21,103.11000061035156,105.0,102.80000305175781,103.79000091552734,4239002
2023-07-24,102.55000305175781,104.5,102.30999755859375,104.5,2975521
2023-07-25,102.98999786376953,103.37000274658203,102.12000274658203,103.19000244140625,2561725
2023-07-26,104.31999969482422,105.8499984741211,103.5,103.5,6463662
2023-07-27,104.31999969482422,104.31999969482422,104.31999969482422,104.31999969482422,0
2023-07-28,104.31999969482422,104.31999969482422,104.31999969482422,104.31999969482422,0
2023-07-31,105.1500015258789,107.75,103.8499984741211,104.30000305175781,8140607
2023-08-01,106.29000091552734,107.4800033569336,104.70999908447266,106.30000305175781,8564994
2023-08-02,108.11000061035156,110.29000091552734,106.61000061035156,106.6500015258789,10832636
2023-08-03,103.97000122070312,109.25,103.5,108.25,4713165
2023-08-04,103.2699966430664,104.98999786376953,102.69999694824219,103.12000274658203,2048523
2023-08-07,102.51000213623047,104.4000015258789,102.12999725341797,104.0,2048189
2023-08-08,101.23999786376953,104.9800033569336,100.41000366210938,102.56999969482422,3570381
2023-08-09,101.9800033569336,103.27999877929688,101.05000305175781,101.5,1936959
2023-08-10,99.19000244140625,103.69000244140625,96.5999984741211,103.4000015258789,2926641
2023-08-11,98.58999633789062,101.30000305175781,97.12999725341797,99.98999786376953,2566979
2023-08-14,98.58999633789062,98.58999633789062,98.58999633789062,98.58999633789062,0
2023-08-15,99.11000061035156,101.9000015258789,97.80000305175781,98.8499984741211,2319253
2023-08-16,98.31999969482422,100.63999938964844,98.0,99.0999984741211,2152338
2023-08-17,98.37000274658203,99.68000030517578,97.51000213623047,98.4000015258789,2593912
2023-08-18,98.18000030517578,99.66000366210938,98.0,99.0,944422
2023-08-21,94.5,98.19999694824219,94.0999984741211,97.0,3496666
2023-08-22,94.52999877929688,95.25,93.80000305175781,94.5999984741211,1969501
2023-08-23,94.13999938964844,94.94999694824219,93.06999969482422,94.56999969482422,979460
2023-08-24,94.05999755859375,95.30000305175781,93.5,93.5,1035860
2023-08-25,91.69000244140625,94.48999786376953,91.0999984741211,94.48999786376953,1144507
2023-08-28,89.91999816894531,92.0,88.69999694824219,92.0,1989107
2023-08-29,92.61000061035156,94.0999984741211,89.05000305175781,89.5,4090116
2023-08-30,90.22000122070312,93.80000305175781,89.5999984741211,93.0,1995705
2023-08-31,89.05000305175781,91.1500015258789,86.5,90.98999786376953,2074763
2023-09-01,87.91000366210938,89.6500015258789,86.3499984741211,89.19999694824219,1917578
2023-09-04,89.04000091552734,89.58000183105469,87.66000366210938,88.01000213623047,1971333
2023-09-05,89.9800033569336,91.4800033569336,88.94999694824219,89.77999877929688,2096723
2023-09-06,91.11000061035156,91.4000015258789,89.47000122070312,90.48999786376953,1752060
2023-09-07,90.02999877929688,92.88999938964844,89.62000274658203,91.30000305175781,2348967
2023-09-08,90.77999877929688,91.0999984741211,89.69999694824219,89.98999786376953,873456
2023-09-11,90.56999969482422,91.55999755859375,90.1500015258789,91.0,844998
2023-09-12,89.91000366210938,90.98999786376953,89.5,90.4000015258789,635282
2023-09-13,88.75,90.30000305175781,88.11000061035156,90.0999984741211,842293
2023-09-14,88.26000213623047,89.80000305175781,86.26000213623047,89.80000305175781,1206475
2023-09-15,88.0999984741211,90.30000305175781,85.01000213623047,88.9000015258789,4433548
2023-09-18,88.48999786376953,88.86000061035156,87.0999984741211,88.86000061035156,656242
2023-09-19,90.87999725341797,92.8499984741211,90.20999908447266,90.20999908447266,2564748
2023-09-20,89.44999694824219,91.11000061035156,88.9000015258789,91.11000061035156,824371
2023-09-21,90.16000366210938,90.55999755859375,88.5,89.61000061035156,5016290
2023-09-22,89.36000061035156,91.80000305175781,89.19999694824219,91.5,1938537
2023-09-25,90.30999755859375,91.33999633789062,88.5,89.9800033569336,3497630
2023-09-26,89.30999755859375,90.9000015258789,89.0,90.25,5165851
2023-09-27,90.22000122070312,91.0999984741211,88.66000366210938,89.44999694824219,2400448
2023-09-28,90.22000122070312,90.22000122070312,90.22000122070312,90.22000122070312,0
2023-09-29,90.22000122070312,90.22000122070312,90.22000122070312,90.22000122070312,0
2023-10-02,88.94000244140625,90.19999694824219,87.30000305175781,88.0,2389482
2023-10-03,88.3499984741211,89.4800033569336,87.81999969482422,89.05000305175781,828333
2023-10-04,88.38999938964844,89.52999877929688,88.0999984741211,88.45999908447266,1320660
2023-10-05,88.81999969482422,89.5,88.3499984741211,88.41000366210938,2061732
2023-10-06,89.7699966430664,91.38999938964844,88.5999984741211,88.8499984741211,4632833
2023-10-09,89.05999755859375,90.0,88.5999984741211,89.5,1269038
2023-10-10,90.12999725341797,90.9800033569336,89.0,89.8499984741211,3118288
2023-10-11,89.2699966430664,91.0,88.9000015258789,90.98999786376953,4547695
2023-10-12,83.20999908447266,89.0,82.56999969482422,89.0,11388540
2023-10-13,78.62999725341797,83.58999633789062,77.11000061035156,83.0999984741211,9300652
2023-10-16,84.52999877929688,84.52999877929688,76.26000213623047,78.69999694824219,7246994
2023-10-17,82.05999755859375,85.8499984741211,81.7699966430664,85.0,4653603
2023-10-18,81.69999694824219,83.11000061035156,80.51000213623047,81.4800033569336,3336367
2023-10-19,80.98999786376953,82.44999694824219,79.51000213623047,81.55000305175781,1674038
2023-10-20,81.5999984741211,83.4800033569336,80.4000015258789,80.69999694824219,3380276
2023-10-23,81.27999877929688,82.26000213623047,81.0,82.25,1356457
2023-10-24,81.75,82.0,80.86000061035156,81.87999725341797,1252209
2023-10-25,81.75,82.41000366210938,81.25,81.62999725341797,1009956
2023-10-26,81.54000091552734,83.7300033569336,81.25,81.5199966430664,2787035
2023-10-27,76.27999877929688,81.87000274658203,75.41999816894531,81.25,10046899
2023-10-30,75.30999755859375,75.5,73.0199966430664,73.0199966430664,8383961
2023-10-31,69.73999786376953,75.5999984741211,69.66000366210938,75.5999984741211,11075677
2023-11-01,71.0999984741211,73.87000274658203,67.0199966430664,69.5999984741211,13285645
2023-11-02,71.4000015258789,72.5,70.25,71.5,3098989
2023-11-03,71.20999908447266,72.30000305175781,70.80000305175781,71.75,3658572
2023-11-06,72.0199966430664,73.18000030517578,71.5,71.88999938964844,3770791
2023-11-07,73.04000091552734,74.38999938964844,72.19999694824219,72.5,6136216
2023-11-08,71.02999877929688,73.8499984741211,70.5199966430664,73.5,2708952
2023-11-09,71.02999877929688,71.02999877929688,71.02999877929688,71.02999877929688,0
2023-11-10,75.4000015258789,75.98999786376953,71.1500015258789,71.5,9358703
2023-11-13,79.5,80.38999938964844,75.94999694824219,76.05000305175781,10776025
2023-11-14,81.62999725341797,82.94999694824219,77.5,80.0,11142460
2023-11-15,81.66999816894531,82.98999786376953,80.5,82.05000305175781,6844183
2023-11-16,84.16999816894531,85.9800033569336,81.0,82.0,10712286
2023-11-17,82.69999694824219,85.69999694824219,82.05000305175781,84.9800033569336,5353661
2023-11-20,82.11000061035156,83.5,81.5,82.5,2031697
2023-11-21,81.08999633789062,82.75,80.5,82.0,2479844
2023-11-22,83.20999908447266,83.54000091552734,81.08999633789062,81.08999633789062,4125436
2023-11-23,88.19000244140625,89.19999694824219,83.88999938964844,83.94999694824219,13751072
2023-11-24,84.97000122070312,89.5,83.19999694824219,88.88999938964844,8777707
2023-11-27,84.77999877929688,86.25,84.20999908447266,85.0,2040310
2023-11-28,85.80999755859375,86.80000305175781,84.63999938964844,85.0,4689683
2023-11-29,84.75,87.83999633789062,84.11000061035156,86.48999786376953,4427029
2023-11-30,81.37999725341797,85.44999694824219,79.01000213623047,84.5,9764938
2023-12-01,83.83999633789062,84.3499984741211,81.80000305175781,82.0199966430664,4156661
2023-12-04,85.45999908447266,88.30000305175781,84.0,84.38999938964844,7014769
2023-12-05,85.52999877929688,86.6500015258789,84.5,85.98999786376953,3449430
2023-12-06,91.94000244140625,91.94000244140625,86.30000305175781,86.48999786376953,14368420
2023-12-07,90.6500015258789,95.8499984741211,88.1500015258789,94.19999694824219,14253407
2023-12-08,92.44999694824219,94.80000305175781,90.31999969482422,91.9800033569336,8123420
2023-12-11,97.41999816894531,99.37999725341797,92.0,92.55000305175781,21403908
2023-12-12,97.43000030517578,99.75,96.30000305175781,98.30000305175781,12070525
2023-12-13,91.37000274658203,98.5,90.12000274658203,98.0,9158559
2023-12-14,91.66000366210938,92.6500015258789,89.5,91.01000213623047,2698026
2023-12-15,90.9800033569336,93.3499984741211,90.1500015258789,92.0,3256763
2023-12-18,91.19000244140625,93.6500015258789,90.0,91.9800033569336,3677393
2023-12-19,85.80000305175781,92.0,84.3499984741211,91.0,5354953
2023-12-20,85.79000091552734,87.0,79.80000305175781,87.0,4875763
2023-12-21,86.83000183105469,87.87999725341797,84.55000305175781,87.0,2595086
2023-12-22,82.7699966430664,87.5,82.0,87.44999694824219,2003969
2023-12-25,82.7699966430664,82.7699966430664,82.7699966430664,82.7699966430664,0
2023-12-26,76.58000183105469,82.8499984741211,76.55999755859375,82.80000305175781,4519168
2023-12-27,80.37999725341797,80.87000274658203,76.0,76.0,4302156
2023-12-28,80.36000061035156,82.5999984741211,79.80999755859375,80.98999786376953,9982772
2023-12-29,79.06999969482422,81.19000244140625,78.51000213623047,80.36000061035156,8691172
2024-01-01,85.0,85.0,79.5,79.97000122070312,5484842
2024-01-02,86.16999816894531,88.4000015258789,84.0,85.5999984741211,10418829
2024-01-03,85.44999694824219,87.6500015258789,85.0,86.5,3429276
2024-01-04,85.72000122070312,86.61000061035156,83.0999984741211,86.05000305175781,2405990
2024-01-05,85.01000213623047,87.1500015258789,82.69999694824219,86.29000091552734,3269033
2024-01-08,82.4800033569336,85.5999984741211,82.0,85.5,1547213
2024-01-09,81.81999969482422,84.30000305175781,80.5,83.5999984741211,2223202
2024-01-10,81.9000015258789,83.5,81.41999816894531,81.94999694824219,2860578
2024-01-11,82.01000213623047,83.0999984741211,81.8499984741211,82.41000366210938,1115996
2024-01-12,80.54000091552734,83.4000015258789,80.05999755859375,82.97000122070312,2276712
2024-01-15,79.1500015258789,81.44999694824219,78.5999984741211,81.0,1438007
2024-01-16,79.6500015258789,80.0,76.5199966430664,79.19999694824219,1892438
2024-01-17,77.37000274658203,81.4000015258789,76.76000213623047,80.0,2583210
2024-01-18,77.69000244140625,78.44999694824219,75.5999984741211,77.9000015258789,1336345
2024-01-19,77.41999816894531,79.05000305175781,77.0,79.0,960577
2024-01-22,76.87000274658203,78.0,76.05999755859375,77.55000305175781,1112441
2024-01-23,80.18000030517578,81.55000305175781,76.20999908447266,76.93000030517578,4490267
2024-01-24,79.06999969482422,81.5999984741211,78.51000213623047,80.31999969482422,4230165
2024-01-25,76.91999816894531,79.30000305175781,76.11000061035156,79.05000305175781,1826826
2024-01-26,75.05999755859375,77.41999816894531,74.3499984741211,76.91999816894531,1970871
2024-01-29,73.13999938964844,75.87999725341797,72.61000061035156,75.47000122070312,1510733
2024-01-30,69.02999877929688,74.19999694824219,68.20999908447266,74.0199966430664,2697502
2024-01-31,69.55000305175781,70.8499984741211,69.01000213623047,69.01000213623047,2260399
2024-02-01,69.58999633789062,69.94999694824219,68.30000305175781,69.0,912247
2024-02-02,71.16000366210938,72.6500015258789,69.5,69.5999984741211,1448185
2024-02-06,72.98999786376953,73.4800033569336,70.80000305175781,72.0,1521028
2024-02-07,74.0,74.69999694824219,73.0,73.48999786376953,1776003
2024-02-08,74.0,74.0,74.0,74.0,0
2024-02-09,70.56999969482422,72.94999694824219,68.55000305175781,72.94999694824219,1512625
2024-02-12,68.2699966430664,71.4000015258789,66.80999755859375,70.25,1810087
2024-02-13,69.4000015258789,72.22000122070312,65.11000061035156,68.0,3173898
2024-02-14,71.19999694824219,71.81999969482422,70.11000061035156,70.19999694824219,1570119
2024-02-15,69.02999877929688,71.5,68.19999694824219,71.5,897304
2024-02-16,66.58999633789062,69.5,66.11000061035156,68.80000305175781,1427828
2024-02-19,66.31999969482422,66.73999786376953,64.0,66.0,1930846
2024-02-20,67.63999938964844,69.75,66.80000305175781,66.80000305175781,3691598
2024-02-21,72.25,72.70999908447266,68.4000015258789,68.93000030517578,7365474
2024-02-22,77.22000122070312,77.66999816894531,72.0,73.19999694824219,13540430
2024-02-23,76.06999969482422,77.0,75.0,76.69999694824219,5715863
2024-02-26,77.93000030517578,80.11000061035156,76.66999816894531,77.0,7669187
2024-02-27,81.8499984741211,83.1500015258789,75.6500015258789,77.9000015258789,13590238
2024-02-28,75.70999908447266,77.98999786376953,75.70999908447266,75.70999908447266,13563920
2024-02-29,72.4800033569336,75.44000244140625,72.11000061035156,74.0,6316017
2024-03-01,71.72000122070312,73.73999786376953,71.4000015258789,73.73999786376953,2707808
2024-03-04,72.75,73.4000015258789,70.69999694824219,73.1500015258789,4089538
2024-03-05,74.5199966430664,75.69000244140625,72.79000091552734,73.5,5928722
2024-03-06,72.44000244140625,74.5199966430664,72.0999984741211,74.5,1981382
2024-03-07,72.19999694824219,73.0,71.0,72.5999984741211,1924534
2024-03-08,72.06999969482422,73.0,71.81999969482422,72.5,1367637
2024-03-11,72.2300033569336,74.19999694824219,72.0,72.30999755859375,3068338
2024-03-12,70.33999633789062,73.3499984741211,70.0199966430664,72.1500015258789,2027611
2024-03-13,68.02999877929688,70.9000015258789,67.0199966430664,70.5,1902482
2024-03-14,70.25,70.5999984741211,68.30999755859375,69.19999694824219,2106848
2024-03-15,69.12999725341797,70.80000305175781,68.9000015258789,70.61000061035156,967109
2024-03-18,70.20999908447266,70.66999816894531,68.5,69.97000122070312,1105134
2024-03-19,71.43000030517578,72.8499984741211,70.0,70.01000213623047,3378961
2024-03-20,71.19999694824219,72.72000122070312,70.9000015258789,71.98999786376953,1366629
2024-03-21,69.6500015258789,71.58999633789062,69.0,71.26000213623047,1049759
2024-03-22,70.29000091552734,72.3499984741211,69.0,69.9800033569336,2177202
2024-03-26,69.91000366210938,70.68000030517578,69.5,70.06999969482422,1367543
2024-03-27,69.83000183105469,70.9000015258789,69.01000213623047,70.1500015258789,14931452
2024-03-28,71.19000244140625,73.4000015258789,70.0,70.29000091552734,4184715
2024-03-29,69.20999908447266,71.5999984741211,68.83999633789062,71.25,2489370
2024-04-01,69.02999877929688,69.83000183105469,68.30000305175781,69.83000183105469,855988
2024-04-02,68.72000122070312,69.5999984741211,68.51000213623047,69.05000305175781,477585
2024-04-03,69.76000213623047,71.20999908447266,68.33000183105469,68.69999694824219,1413570
2024-04-04,69.69000244140625,71.0,69.5199966430664,69.5199966430664,790652
2024-04-08,70.93000030517578,72.25,69.75,69.75,3075248
2024-04-09,69.93000030517578,71.70999908447266,69.70999908447266,71.70999908447266,1375171
2024-04-15,69.16999816894531,70.25,69.0,69.5199966430664,1592517
2024-04-16,69.55000305175781,71.83000183105469,69.30000305175781,69.5999984741211,4976374
2024-04-17,69.19000244140625,70.1500015258789,69.0199966430664,69.77999877929688,1237616
2024-04-18,68.61000061035156,69.69999694824219,68.01000213623047,69.25,913828
2024-04-19,68.62000274658203,69.55999755859375,68.01000213623047,68.5,1661045
2024-04-22,70.36000061035156,72.25,68.62000274658203,69.4000015258789,9362341
2024-04-23,69.41999816894531,71.0999984741211,69.0999984741211,70.98999786376953,2486333
2024-04-24,71.7699966430664,72.19999694824219,68.81999969482422,69.69999694824219,5427898
2024-04-25,72.3499984741211,74.1500015258789,71.0999984741211,71.94999694824219,7940385
2024-04-26,70.23999786376953,73.25,70.0,72.3499984741211,4783765
2024-04-29,68.87000274658203,71.0,68.5,70.26000213623047,4304784
2024-04-30,64.01000213623047,67.8499984741211,63.70000076293945,67.51000213623047,4959554
2024-05-02,59.209999084472656,64.01000213623047,59.209999084472656,64.01000213623047,5472004
2024-05-03,60.41999816894531,61.75,57.79999923706055,58.900001525878906,4646041
2024-05-06,60.380001068115234,61.61000061035156,60.099998474121094,61.0,2007303
2024-05-07,60.93000030517578,62.400001525878906,60.099998474121094,61.0,3115436
2024-05-08,61.119998931884766,62.25,61.0,61.04999923706055,1822685
2024-05-09,65.22000122070312,65.69999694824219,61.130001068115234,61.400001525878906,6564660
2024-05-10,66.41000366210938,68.19999694824219,65.0199966430664,66.69999694824219,6366907
2024-05-13,67.75,69.5,66.05000305175781,66.0999984741211,9004113
2024-05-14,66.70999908447266,68.51000213623047,66.05999755859375,67.95999908447266,1859334
2024-05-15,65.0999984741211,67.6500015258789,64.9000015258789,67.30000305175781,1854591
2024-05-16,64.31999969482422,65.3499984741211,64.0,64.9000015258789,1733945
2024-05-17,64.13999938964844,65.0199966430664,64.01000213623047,64.5,669563
2024-05-20,66.0,66.80000305175781,64.11000061035156,64.11000061035156,4667509
2024-05-21,64.95999908447266,66.5999984741211,64.69999694824219,66.5,1641293
2024-05-22,63.209999084472656,65.18000030517578,62.400001525878906,64.70999908447266,1033501
2024-05-23,64.0,64.8499984741211,62.810001373291016,64.25,976252
2024-05-24,63.209999084472656,64.83999633789062,63.0,64.69999694824219,1074491
2024-05-27,63.20000076293945,64.06999969482422,63.0099983215332,63.2599983215332,1677291
2024-05-28,63.20000076293945,63.20000076293945,63.20000076293945,63.20000076293945,0
2024-05-29,62.36000061035156,63.95000076293945,62.11000061035156,63.95000076293945,1054947
2024-05-30,61.540000915527344,63.5,61.20000076293945,62.900001525878906,916774
2024-05-31,63.099998474121094,64.3499984741211,61.04999923706055,61.9900016784668,4264688
2024-06-03,68.1500015258789,68.1500015258789,66.48999786376953,68.1500015258789,9739351
2024-06-04,65.6500015258789,69.38999938964844,65.0,68.69999694824219,7783104
2024-06-05,66.30000305175781,69.0999984741211,63.599998474121094,65.56999969482422,9935728
2024-06-06,64.61000061035156,67.41999816894531,64.19999694824219,65.9000015258789,2286820
2024-06-07,64.8499984741211,65.48999786376953,62.40999984741211,64.75,3368495
2024-06-10,64.04000091552734,66.30000305175781,63.79999923706055,65.0,3197747
2024-06-11,62.52000045776367,65.0999984741211,62.0099983215332,64.94999694824219,1865338
2024-06-12,63.369998931884766,63.97999954223633,62.20000076293945,63.25,1468222
2024-06-13,64.4800033569336,65.80000305175781,63.20000076293945,63.29999923706055,5694836
2024-06-14,64.27999877929688,66.69000244140625,63.849998474121094,64.73999786376953,4616129
2024-06-20,64.4800033569336,65.44999694824219,64.25,64.27999877929688,1550218
2024-06-21,63.81999969482422,65.0999984741211,63.70000076293945,64.5199966430664,1239750
2024-06-24,63.540000915527344,64.5,63.11000061035156,64.47000122070312,1912437
2024-06-25,62.91999816894531,64.08999633789062,62.75,63.5,3470330
2024-06-26,62.02000045776367,63.70000076293945,61.5,63.20000076293945,11221016
2024-06-27,62.310001373291016,62.900001525878906,61.959999084472656,62.279998779296875,5451017
2024-06-28,62.04999923706055,63.0,61.029998779296875,62.5,7103502
2024-07-01,61.7400016784668,62.59000015258789,61.099998474121094,62.25,1205888
2024-07-02,62.16999816894531,62.900001525878906,61.86000061035156,62.0,889020
2024-07-03,62.029998779296875,63.400001525878906,61.880001068115234,62.650001525878906,1956681
2024-07-04,61.09000015258789,62.70000076293945,60.900001525878906,62.2599983215332,1468189
2024-07-05,60.790000915527344,61.7400016784668,60.5,61.38999938964844,600988
2024-07-08,59.16999816894531,61.2400016784668,58.45000076293945,60.70000076293945,1742383
2024-07-09,58.849998474121094,60.5,57.900001525878906,59.4900016784668,4254406
2024-07-10,58.72999954223633,60.0,58.400001525878906,59.25,2332591
2024-07-11,57.900001525878906,59.599998474121094,57.79999923706055,58.720001220703125,1909130
2024-07-12,56.130001068115234,58.47999954223633,55.0,58.02000045776367,1819408
2024-07-15,57.290000915527344,58.11000061035156,56.29999923706055,56.88999938964844,4624930
2024-07-16,57.290000915527344,57.290000915527344,57.290000915527344,57.290000915527344,0
2024-07-17,57.290000915527344,57.290000915527344,57.290000915527344,57.290000915527344,0
2024-07-18,59.970001220703125,61.75,58.38999938964844,58.400001525878906,8863023
2024-07-19,56.5099983215332,60.38999938964844,56.150001525878906,60.38999938964844,3438194
2024-07-22,54.20000076293945,56.5,53.5,56.4900016784668,2576800
2024-07-23,54.5099983215332,55.61000061035156,54.0,54.880001068115234,1531148
2024-07-24,59.959999084472656,59.959999084472656,54.25,54.5,5127523
2024-07-25,57.130001068115234,61.650001525878906,56.61000061035156,60.939998626708984,6670969
2024-07-26,55.7599983215332,57.75,55.400001525878906,56.86000061035156,1738235
2024-07-29,56.18000030517578,57.68000030517578,55.029998779296875,55.029998779296875,2917232
2024-07-30,54.58000183105469,56.9900016784668,54.29999923706055,56.54999923706055,2837589
2024-07-31,53.63999938964844,55.77000045776367,53.400001525878906,54.939998626708984,2185076
2024-08-01,53.45000076293945,54.9900016784668,53.099998474121094,54.0,1399211
2024-08-02,54.09000015258789,54.900001525878906,53.599998474121094,53.959999084472656,3624466
2024-08-05,53.040000915527344,54.81999969482422,52.900001525878906,53.9900016784668,1525870
2024-08-06,53.380001068115234,54.439998626708984,53.18000030517578,53.400001525878906,1740830
2024-08-07,53.310001373291016,54.25,53.25,53.70000076293945,2171364
2024-08-08,53.130001068115234,53.90999984741211,53.0,53.79999923706055,1045275
2024-08-09,56.16999816894531,58.2400016784668,52.849998474121094,53.38999938964844,10575888
2024-08-12,54.7400016784668,58.0,54.099998474121094,55.02000045776367,4817105
2024-08-13,54.189998626708984,55.790000915527344,53.709999084472656,55.099998474121094,2245467
2024-08-15,53.650001525878906,54.77000045776367,53.45000076293945,54.5,1093222
2024-08-16,53.130001068115234,54.0,53.0,53.709999084472656,1089144
2024-08-19,52.470001220703125,53.84000015258789,52.0099983215332,53.20000076293945,1122328
2024-08-20,52.119998931884766,52.849998474121094,52.0099983215332,52.599998474121094,529528
2024-08-21,53.970001220703125,56.290000915527344,52.02000045776367,52.310001373291016,9531030
2024-08-22,53.77000045776367,54.70000076293945,53.5099983215332,54.0,1999186
2024-08-23,53.369998931884766,54.599998474121094,53.04999923706055,53.97999954223633,1146031
2024-08-26,52.970001220703125,53.900001525878906,52.880001068115234,53.900001525878906,841539
2024-08-27,52.86000061035156,53.38999938964844,52.790000915527344,53.0099983215332,879040
2024-08-28,52.970001220703125,54.040000915527344,52.7599983215332,53.2400016784668,1325973
2024-08-29,52.97999954223633,53.95000076293945,52.779998779296875,53.38999938964844,1159618
2024-08-30,51.83000183105469,53.20000076293945,51.5099983215332,53.189998626708984,2300638
2024-09-02,51.18000030517578,52.790000915527344,51.0,52.0099983215332,3042037
2024-09-03,50.880001068115234,51.939998626708984,50.45000076293945,51.939998626708984,1054221
2024-09-04,51.38999938964844,52.20000076293945,51.099998474121094,51.38999938964844,804021
2024-09-05,52.439998626708984,53.47999954223633,51.099998474121094,52.29999923706055,3689377
2024-09-06,51.63999938964844,52.900001525878906,51.4900016784668,52.209999084472656,1042582
2024-09-09,51.04999923706055,51.75,50.95000076293945,51.70000076293945,960825
2024-09-10,52.290000915527344,53.13999938964844,51.209999084472656,51.25,7909123
2024-09-11,51.5099983215332,52.79999923706055,51.310001373291016,52.5,1145820
2024-09-12,51.88999938964844,52.599998474121094,51.5,51.75,1285150
2024-09-13,53.060001373291016,56.29999923706055,52.54999923706055,53.5,7570078
2024-09-16,54.45000076293945,56.20000076293945,53.5,53.5099983215332,4118569
2024-09-17,54.45000076293945,54.45000076293945,54.45000076293945,54.45000076293945,0
2024-09-18,59.900001525878906,59.900001525878906,53.5,54.5,22086988
2024-09-19,55.29999923706055,60.70000076293945,54.869998931884766,60.0,17995369
2024-09-20,56.15999984741211,58.0,53.869998931884766,56.0,8699774
2024-09-23,56.36000061035156,57.849998474121094,56.20000076293945,56.880001068115234,5419060
2024-09-24,56.599998474121094,57.52000045776367,54.75,56.5,5662475
2024-09-25,56.70000076293945,57.189998626708984,56.02000045776367,56.599998474121094,2157186
2024-09-26,54.9900016784668,57.25,54.66999816894531,57.119998931884766,17036463
2024-09-27,52.880001068115234,55.150001525878906,52.5099983215332,54.599998474121094,2096141
2024-09-30,48.900001525878906,53.36000061035156,48.150001525878906,53.16999816894531,5209059
2024-10-01,48.290000915527344,49.29999923706055,45.099998474121094,45.150001525878906,11178959
2024-10-02,48.08000183105469,49.45000076293945,47.25,48.0,4631653
2024-10-03,46.18000030517578,48.099998474121094,45.90999984741211,48.0,2144271
2024-10-04,46.04999923706055,46.880001068115234,45.65999984741211,46.400001525878906,1115621
2024-10-07,45.810001373291016,46.72999954223633,45.52000045776367,46.150001525878906,1466532
2024-10-08,46.959999084472656,48.20000076293945,45.849998474121094,45.9900016784668,5014795
2024-10-09,46.959999084472656,46.959999084472656,46.959999084472656,46.959999084472656,0
2024-10-10,45.68000030517578,46.900001525878906,45.40999984741211,46.70000076293945,1063160
2024-10-11,44.279998779296875,45.68000030517578,44.099998474121094,45.68000030517578,1112560
2024-10-14,44.90999984741211,45.70000076293945,44.029998779296875,44.029998779296875,1636031
2024-10-15,44.630001068115234,45.5,44.36000061035156,45.0,1021196
2024-10-16,44.84000015258789,46.0,44.75,44.9900016784668,2459893
2024-10-17,44.619998931884766,45.400001525878906,44.29999923706055,45.0,2236501
2024-10-18,44.5,45.25,44.400001525878906,44.650001525878906,904836
2024-10-21,44.869998931884766,46.0,44.40999984741211,45.15999984741211,3184885
2024-10-22,44.86000061035156,45.97999954223633,44.54999923706055,45.279998779296875,2379905
2024-10-23,45.099998474121094,45.88999938964844,44.650001525878906,45.25,2827322
2024-10-24,49.52000045776367,49.61000061035156,45.20000076293945,45.5,22989313
2024-10-25,48.11000061035156,50.790000915527344,47.560001373291016,50.0,9405735
2024-10-28,48.61000061035156,49.689998626708984,47.630001068115234,48.36000061035156,5505997
2024-10-29,49.83000183105469,51.9900016784668,49.40999984741211,51.310001373291016,13989730
2024-10-30,49.290000915527344,50.189998626708984,48.0,50.189998626708984,6947863
2024-10-31,51.5,52.25,49.88999938964844,49.88999938964844,18707563
2024-11-01,50.900001525878906,52.18000030517578,50.16999816894531,51.5,5191736
2024-11-04,50.75,52.0099983215332,50.45000076293945,51.869998931884766,5560001
2024-11-05,50.5099983215332,51.5,50.29999923706055,51.20000076293945,2698945
2024-11-06,50.31999969482422,51.34000015258789,50.099998474121094,50.599998474121094,2856401
2024-11-07,51.709999084472656,53.11000061035156,50.900001525878906,50.900001525878906,13213017
2024-11-08,51.61000061035156,52.400001525878906,51.29999923706055,51.869998931884766,4671136
2024-11-11,53.36000061035156,53.79999923706055,51.400001525878906,51.810001373291016,14239809
2024-11-12,52.7599983215332,54.04999923706055,52.25,53.849998474121094,6683564
2024-11-13,53.290000915527344,53.900001525878906,52.5,53.0,5548893
2024-11-14,58.619998931884766,58.619998931884766,53.650001525878906,53.939998626708984,16388667
2024-11-15,62.7400016784668,63.900001525878906,56.91999816894531,60.099998474121094,29018611
2024-11-18,62.54999923706055,64.5999984741211,61.599998474121094,62.970001220703125,16091214
2024-11-19,62.86000061035156,64.44000244140625,61.91999816894531,62.970001220703125,11481641
2024-11-20,62.45000076293945,68.1500015258789,61.81999969482422,68.1500015258789,23422440
2024-11-21,61.31999969482422,63.25,60.79999923706055,62.0099983215332,8902504
2024-11-22,58.220001220703125,62.0,57.400001525878906,62.0,20643534
2024-11-25,57.400001525878906,58.7400016784668,56.0,58.599998474121094,13410409
2024-11-26,54.65999984741211,58.5,54.11000061035156,57.75,13157875
2024-11-27,56.040000915527344,56.9900016784668,55.470001220703125,56.5,6846247
2024-11-28,61.0,61.45000076293945,55.79999923706055,56.97999954223633,20730048
2024-11-29,59.27000045776367,61.54999923706055,59.0099983215332,60.77000045776367,10315704
2024-12-02,61.0,61.75,59.5,59.5,13140945
2024-12-03,61.25,62.25,60.11000061035156,61.75,11832272
2024-12-04,60.7400016784668,62.650001525878906,60.5,61.97999954223633,11137575
2024-12-05,58.560001373291016,61.849998474121094,58.0,61.0,15479044
2024-12-06,60.060001373291016,61.900001525878906,57.599998474121094,58.630001068115234,21399025
2024-12-09,60.279998779296875,61.209999084472656,59.0,60.25,11388976
2024-12-10,60.4900016784668,64.29000091552734,59.5,61.0099983215332,23870412
2024-12-11,60.779998779296875,61.79999923706055,59.459999084472656,60.0,9819208
2024-12-12,60.900001525878906,61.4900016784668,60.400001525878906,61.099998474121094,6859407
2024-12-13,61.36000061035156,62.349998474121094,59.900001525878906,60.849998474121094,13776831
2024-12-16,62.0,63.560001373291016,61.0,61.54999923706055,20830167
2024-12-17,60.540000915527344,61.95000076293945,60.119998931884766,61.939998626708984,6062211
2024-12-18,58.040000915527344,61.4900016784668,57.529998779296875,60.97999954223633,5423735
2024-12-19,52.869998931884766,58.29999923706055,52.2599983215332,58.0,7757155
2024-12-20,55.59000015258789,56.08000183105469,52.5099983215332,52.5099983215332,4530358
2024-12-23,61.150001525878906,61.150001525878906,56.099998474121094,56.099998474121094,9662990
2024-12-24,64.12000274658203,65.5,62.5,64.48999786376953,29562935
2024-12-26,70.44999694824219,70.52999877929688,63.52000045776367,65.01000213623047,46907628
2024-12-27,73.55000305175781,75.0,70.8499984741211,70.97000122070312,40065544
2024-12-30,70.44999694824219,73.4000015258789,70.0199966430664,72.48999786376953,11801337
2024-12-31,70.66999816894531,72.75,69.0999984741211,70.1500015258789,18337802
2025-01-01,70.66999816894531,70.66999816894531,70.66999816894531,70.66999816894531,0
2025-01-02,68.8499984741211,71.5999984741211,68.5,70.48999786376953,6929896
2025-01-03,67.27999877929688,69.18000030517578,66.8499984741211,69.0,4380107
2025-01-06,64.47000122070312,67.98999786376953,64.11000061035156,67.25,3926000
2025-01-07,69.18000030517578,70.48999786376953,63.599998474121094,64.5,12376145
2025-01-08,65.68000030517578,71.37999725341797,65.0999984741211,69.0,9524028
2025-01-09,64.36000061035156,67.48999786376953,63.849998474121094,65.5,9231289
2025-01-10,62.650001525878906,64.9800033569336,62.099998474121094,64.25,5349805
2025-01-13,64.0999984741211,65.48999786376953,62.11000061035156,62.75,6213711
2025-01-14,66.19000244140625,67.25,63.45000076293945,64.25,12341565
2025-01-15,68.77999877929688,71.9000015258789,67.01000213623047,67.25,29668408
2025-01-16,68.3499984741211,70.4000015258789,67.5999984741211,68.9800033569336,9887994
2025-01-17,68.12999725341797,69.69999694824219,67.5,68.88999938964844,4126402
2025-01-20,68.16000366210938,69.44999694824219,67.94999694824219,68.5,3214070
2025-01-21,66.5999984741211,68.5999984741211,66.02999877929688,68.19999694824219,3184702
2025-01-22,65.4000015258789,67.48999786376953,65.19999694824219,66.98999786376953,2101524
2025-01-23,66.94999694824219,67.75,65.30000305175781,65.5999984741211,4352723
2025-01-24,67.47000122070312,68.25,66.80000305175781,67.0,4833531
2025-01-27,65.33999633789062,68.13999938964844,65.0999984741211,67.5999984741211,5865549
2025-01-28,64.79000091552734,65.75,64.0,65.5,5376220
2025-01-29,64.87999725341797,65.5,64.0199966430664,64.80999755859375,6531294
2025-01-30,66.01000213623047,67.0,65.44999694824219,65.79000091552734,4894906
2025-01-31,64.76000213623047,66.54000091552734,64.4000015258789,65.98999786376953,3443602
2025-02-03,63.97999954223633,65.0,63.849998474121094,64.97000122070312,2717883
2025-02-04,66.47000122070312,67.0999984741211,63.900001525878906,64.1500015258789,6886406
2025-02-06,66.16000366210938,67.8499984741211,65.19999694824219,66.30000305175781,13127512
2025-02-07,66.12000274658203,67.18000030517578,65.61000061035156,66.48999786376953,4630788
2025-02-10,66.2300033569336,67.75,66.11000061035156,66.9000015258789,5323503
2025-02-11,66.11000061035156,67.25,66.0,66.25,3001705
2025-02-12,67.58000183105469,68.0,65.9000015258789,66.4000015258789,8905696
2025-02-13,67.33000183105469,68.4000015258789,66.83999633789062,68.0999984741211,7196196
2025-02-14,67.4000015258789,68.51000213623047,67.19999694824219,67.69999694824219,5446101
2025-02-17,62.2599983215332,65.5,62.0,65.5,6386208
2025-02-18,60.29999923706055,62.11000061035156,59.11000061035156,62.04999923706055,7755524
2025-02-19,61.11000061035156,62.189998626708984,60.04999923706055,60.29999923706055,3250839
2025-02-20,61.65999984741211,62.70000076293945,60.75,61.56999969482422,3845529
2025-02-21,63.349998474121094,65.55000305175781,61.61000061035156,62.099998474121094,8075244
2025-02-24,63.27000045776367,63.75,62.810001373291016,62.9900016784668,3581955
2025-02-25,60.060001373291016,63.79999923706055,59.22999954223633,63.5,9406314
2025-02-26,60.47999954223633,61.25,57.79999923706055,60.4900016784668,11228549
2025-02-27,60.25,62.29999923706055,60.0,60.900001525878906,4500898
2025-02-28,59.790000915527344,61.75,59.5,60.099998474121094,4447173
2025-03-03,58.86000061035156,61.0,58.31999969482422,60.20000076293945,1309846
2025-03-04,58.779998779296875,59.0,58.11000061035156,58.790000915527344,593370
2025-03-05,58.29999923706055,59.79999923706055,58.04999923706055,58.79999923706055,830330
2025-03-06,58.720001220703125,58.9900016784668,58.5,58.599998474121094,957682
2025-03-07,59.20000076293945,60.29999923706055,58.02000045776367,59.25,977272
2025-03-10,60.5,61.02000045776367,58.75,59.59000015258789,2923471
2025-03-11,60.36000061035156,61.5,60.0,60.20000076293945,2383010
2025-03-12,59.34000015258789,60.599998474121094,59.0,60.29999923706055,880929
2025-03-13,61.34000015258789,62.279998779296875,59.900001525878906,59.900001525878906,5241996
2025-03-14,60.939998626708984,62.0,60.619998931884766,61.9900016784668,1038949
2025-03-17,60.560001373291016,61.29999923706055,60.40999984741211,60.84000015258789,850241
2025-03-18,66.62000274658203,66.62000274658203,62.599998474121094,64.87999725341797,18343221
2025-03-19,70.30999755859375,71.5999984741211,68.5,68.9800033569336,28324854
2025-03-20,68.52999877929688,70.98999786376953,68.0999984741211,70.98999786376953,13835736
2025-03-21,68.20999908447266,69.20999908447266,67.5999984741211,68.02999877929688,4198628
2025-03-24,70.19999694824219,71.25,68.52999877929688,68.69000244140625,15741063
2025-03-25,66.13999938964844,70.75,64.0199966430664,70.69999694824219,22825615
2025-03-26,65.13999938964844,67.0,64.05999755859375,66.75,5945675
2025-03-27,66.01000213623047,66.75,63.849998474121094,65.25,8993849
2025-03-28,66.01000213623047,66.01000213623047,66.01000213623047,66.01000213623047,0
2025-03-31,66.01000213623047,66.01000213623047,66.01000213623047,66.01000213623047,0
2025-04-03,67.29000091552734,68.0,66.12000274658203,66.12000274658203,3342536
2025-04-04,66.0,67.55000305175781,65.1500015258789,67.1500015258789,1811428
2025-04-07,60.93000030517578,64.98999786376953,59.400001525878906,64.98999786376953,5495040
2025-04-08,61.529998779296875,62.75,61.0,61.900001525878906,2306989
2025-04-09,60.66999816894531,61.20000076293945,59.0,61.0,2976216
2025-04-10,64.68000030517578,65.55000305175781,61.900001525878906,62.61000061035156,9871539
2025-04-11,63.47999954223633,64.30000305175781,63.2599983215332,63.31999969482422,1428412
2025-04-14,63.88999938964844,64.5,63.20000076293945,63.5,1640328
2025-04-15,67.9000015258789,68.9000015258789,62.31999969482422,64.5,21511574
2025-04-16,65.95999908447266,68.68000030517578,65.4000015258789,67.94999694824219,12729416
2025-04-17,66.6500015258789,67.5,65.0,65.0,5903894
2025-04-18,65.55000305175781,67.38999938964844,65.19999694824219,66.6500015258789,3369579
2025-04-21,65.5999984741211,66.55000305175781,64.9000015258789,65.1500015258789,3313911
2025-04-22,66.88999938964844,67.61000061035156,64.02999877929688,65.5999984741211,8780465
2025-04-23,66.9800033569336,68.29000091552734,66.51000213623047,67.01000213623047,6772873
2025-04-24,65.0,66.1500015258789,64.51000213623047,65.11000061035156,3058192
2025-04-25,64.2699966430664,66.12999725341797,63.52000045776367,65.30000305175781,2941045
2025-04-28,62.540000915527344,66.0,62.20000076293945,66.0,1923969
2025-04-29,63.84000015258789,64.0999984741211,62.099998474121094,63.20000076293945,1486110
2025-04-30,63.130001068115234,65.44000244140625,62.20000076293945,64.25,4319225
2025-05-02,64.05000305175781,65.5,63.650001525878906,64.0,3640555
2025-05-05,63.630001068115234,64.44999694824219,63.150001525878906,64.25,1228404
2025-05-06,64.08000183105469,64.8499984741211,63.29999923706055,63.5,2142099
2025-05-07,58.9900016784668,62.70000076293945,58.15999984741211,60.0099983215332,3682527
2025-05-08,53.130001068115234,61.0,53.09000015258789,59.20000076293945,5304275
2025-05-09,56.27000045776367,57.400001525878906,49.5,53.5,5607030
2025-05-12,61.900001525878906,61.900001525878906,60.849998474121094,61.900001525878906,2453969
2025-05-13,63.290000915527344,63.9900016784668,60.75,62.70000076293945,6359679
2025-05-14,66.19999694824219,66.9800033569336,63.4900016784668,64.0199966430664,9357394
2025-05-15,65.19000244140625,66.88999938964844,64.31999969482422,66.19999694824219,7903319
2025-05-16,63.38999938964844,65.48999786376953,63.04999923706055,65.3499984741211,1989341
2025-05-19,62.709999084472656,64.05999755859375,62.5,63.099998474121094,1360379
2025-05-20,62.150001525878906,62.849998474121094,61.900001525878906,62.5,1059880
2025-05-21,63.209999084472656,63.58000183105469,62.150001525878906,62.150001525878906,1369182
2025-05-22,62.41999816894531,64.33000183105469,62.2599983215332,63.45000076293945,1950061
2025-05-23,62.08000183105469,63.029998779296875,62.0,62.470001220703125,869000
2025-05-26,62.470001220703125,63.5,62.0,62.09000015258789,1659451
2025-05-27,61.83000183105469,62.79999923706055,61.599998474121094,62.790000915527344,2258647
2025-05-28,61.83000183105469,61.83000183105469,61.83000183105469,61.83000183105469,0
2025-05-29,61.869998931884766,62.720001220703125,61.540000915527344,62.25,1817899
2025-05-30,61.33000183105469,62.29999923706055,61.20000076293945,62.25,1863553
2025-06-02,60.95000076293945,61.75,60.79999923706055,61.31999969482422,1888128
2025-06-03,61.5,61.75,60.599998474121094,60.95000076293945,1596034
2025-06-04,61.66999816894531,61.939998626708984,61.29999923706055,61.599998474121094,1293583
2025-06-05,64.6500015258789,64.94999694824219,61.66999816894531,61.849998474121094,12279528
2025-06-06,64.6500015258789,64.6500015258789,64.6500015258789,64.6500015258789,0
2025-06-09,64.6500015258789,64.6500015258789,64.6500015258789,64.6500015258789,0
2025-06-10,63.619998931884766,65.0999984741211,63.29999923706055,65.0,7188417
2025-06-11,64.38999938964844,64.9000015258789,63.7599983215332,64.5,6333761
2025-06-12,64.22000122070312,66.22000122070312,63.95000076293945,64.0999984741211,7497713
2025-06-13,63.20000076293945,63.880001068115234,62.0,62.0,6914706
2025-06-16,63.20000076293945,63.20000076293945,63.20000076293945,63.20000076293945,0
2025-06-17,63.5099983215332,63.95000076293945,62.45000076293945,63.2599983215332,4352804
2025-06-18,63.33000183105469,65.0999984741211,63.04999923706055,65.0999984741211,1772619
2025-06-19,61.79999923706055,64.30000305175781,61.5,63.900001525878906,3585572
2025-06-20,56.68000030517578,64.75,56.16999816894531,61.9900016784668,26664589
2025-06-23,51.09000015258789,55.25,51.0099983215332,53.599998474121094,5767959
2025-06-24,55.63999938964844,56.0,53.20000076293945,53.900001525878906,7701450
2025-06-25,54.68000030517578,55.97999954223633,54.33000183105469,55.939998626708984,2874201
2025-06-26,52.709999084472656,54.97999954223633,52.5099983215332,54.97999954223633,3191918
2025-06-27,57.97999954223633,57.97999954223633,52.959999084472656,52.970001220703125,6685608
2025-06-30,56.5099983215332,60.5,56.0099983215332,60.0,9228834
2025-07-01,58.7400016784668,60.470001220703125,55.20000076293945,56.97999954223633,8858105
2025-07-02,57.779998779296875,59.29999923706055,57.5,58.880001068115234,3142280
2025-07-03,58.2400016784668,59.099998474121094,57.11000061035156,57.75,2991262
2025-07-04,58.7599983215332,63.45000076293945,58.0099983215332,58.290000915527344,20123832
2025-07-07,58.43000030517578,59.70000076293945,58.25,59.0099983215332,2576308
2025-07-08,57.939998626708984,58.97999954223633,57.68000030517578,58.5099983215332,1178985
2025-07-09,57.86000061035156,59.0,57.709999084472656,57.939998626708984,1343420
2025-07-10,58.849998474121094,60.849998474121094,57.79999923706055,58.310001373291016,13900148
2025-07-11,58.04999923706055,59.720001220703125,57.79999923706055,59.0099983215332,3468327
2025-07-14,58.06999969482422,58.97999954223633,57.849998474121094,58.70000076293945,3065140
2025-07-15,56.790000915527344,58.5,56.650001525878906,58.4900016784668,1635135
2025-07-16,56.400001525878906,57.20000076293945,56.22999954223633,56.810001373291016,991332
2025-07-17,57.0099983215332,57.75,56.70000076293945,56.75,1482746
2025-07-18,55.84000015258789,57.349998474121094,55.5,56.79999923706055,1075679
2025-07-21,55.380001068115234,56.0,55.099998474121094,55.5,730964
2025-07-22,56.47999954223633,57.58000183105469,55.400001525878906,55.400001525878906,2139508
2025-07-23,56.31999969482422,57.9900016784668,55.79999923706055,56.900001525878906,1666080
2025-07-24,56.33000183105469,56.939998626708984,56.04999923706055,56.06999969482422,597533
2025-07-25,55.0,56.599998474121094,54.5099983215332,56.599998474121094,1890056
2025-07-28,55.09000015258789,55.4900016784668,54.75,54.75,643811
2025-07-29,56.90999984741211,58.95000076293945,55.0,55.0,9627996
2025-07-30,56.58000183105469,57.790000915527344,56.45000076293945,56.90999984741211,2852638
2025-07-31,56.5099983215332,57.849998474121094,56.400001525878906,56.95000076293945,1724584
2025-08-01,55.47999954223633,56.70000076293945,55.29999923706055,56.349998474121094,1103777
2025-08-04,58.779998779296875,60.47999954223633,55.75,55.75,12778786
2025-08-05,59.09000015258789,61.29999923706055,58.779998779296875,58.779998779296875,10501344
2025-08-06,58.369998931884766,59.83000183105469,57.9900016784668,59.83000183105469,3001550
2025-08-07,58.02000045776367,59.29999923706055,57.90999984741211,58.369998931884766,2213827
2025-08-08,56.869998931884766,58.4900016784668,56.5,58.4900016784668,3179761
2025-08-11,56.52000045776367,57.04999923706055,56.20000076293945,56.560001373291016,1170226
2025-08-12,56.2599983215332,56.900001525878906,56.04999923706055,56.70000076293945,1335782
2025-08-13,56.400001525878906,57.58000183105469,56.119998931884766,56.68000030517578,3076160
2025-08-15,56.33000183105469,57.349998474121094,56.0099983215332,56.099998474121094,3993623
2025-08-18,56.83000183105469,57.70000076293945,56.75,57.25,2592420
2025-08-19,57.40999984741211,58.599998474121094,56.83000183105469,56.83000183105469,7005673
2025-08-20,57.20000076293945,57.849998474121094,56.900001525878906,57.54999923706055,1934229
2025-08-21,56.060001373291016,57.630001068115234,55.619998931884766,57.20000076293945,3027052
2025-08-22,56.0,56.5,55.849998474121094,56.060001373291016,995041
2025-08-25,55.66999816894531,56.2599983215332,55.459999084472656,56.0,971005
2025-08-26,56.72999954223633,57.349998474121094,55.599998474121094,55.900001525878906,6156556
2025-08-27,55.880001068115234,57.20000076293945,55.54999923706055,57.0,2781144
2025-08-28,57.220001220703125,58.20000076293945,56.04999923706055,56.29999923706055,6233293
2025-08-29,57.11000061035156,57.7400016784668,56.45000076293945,57.7400016784668,3975733
2025-09-01,56.5099983215332,57.2400016784668,56.400001525878906,57.099998474121094,2247281
2025-09-02,55.959999084472656,57.25,55.86000061035156,56.81999969482422,4345305
2025-09-03,57.83000183105469,58.4900016784668,55.79999923706055,56.470001220703125,13388896
2025-09-04,59.560001373291016,61.4900016784668,58.18000030517578,58.2599983215332,21732106
2025-09-05,59.470001220703125,60.650001525878906,59.11000061035156,59.58000183105469,6116788
2025-09-08,58.040000915527344,59.939998626708984,57.95000076293945,59.880001068115234,4048829
2025-09-09,58.59000015258789,59.84000015258789,57.5099983215332,58.2599983215332,4182459
2025-09-10,62.27000045776367,63.939998626708984,58.54999923706055,59.0,30445768
2025-09-11,62.470001220703125,64.5999984741211,62.029998779296875,63.0,13713184
2025-09-12,62.040000915527344,63.849998474121094,61.75,63.0,6361732
2025-09-15,68.23999786376953,68.23999786376953,63.29999923706055,63.400001525878906,28640800
2025-09-16,75.05999755859375,75.05999755859375,66.5999984741211,68.75,42111475
2025-09-17,77.5,80.80000305175781,75.61000061035156,76.4000015258789,41366829
2025-09-18,76.76000213623047,79.37999725341797,76.05000305175781,76.98999786376953,14455777
2025-09-19,79.69999694824219,80.98999786376953,76.5,78.0,27140225
2025-09-22,81.83999633789062,84.38999938964844,78.25,80.0,26822147
2025-09-23,81.83999633789062,81.83999633789062,81.83999633789062,81.83999633789062,0
2025-09-24,78.68000030517578,80.80999755859375,77.5999984741211,79.38999938964844,9525590
2025-09-25,77.66999816894531,79.80000305175781,77.3499984741211,79.80000305175781,2820313
2025-09-26,75.16999816894531,78.19999694824219,75.01000213623047,77.69000244140625,6202699
2025-09-29,76.01000213623047,77.69999694824219,75.5,75.5,6674926
2025-09-30,76.4000015258789,77.44999694824219,75.5999984741211,76.0999984741211,8725919
2025-10-01,76.20999908447266,78.69999694824219,75.9000015258789,77.9000015258789,11332492
2025-10-02,75.30000305175781,77.0999984741211,74.75,76.5999984741211,7849992
2025-10-03,74.7699966430664,76.33999633789062,74.05000305175781,75.51000213623047,4100357
2025-10-06,73.20999908447266,74.5,70.5999984741211,74.5,5494642
2025-10-07,73.20999908447266,73.20999908447266,73.20999908447266,73.20999908447266,0
2025-10-08,70.20999908447266,72.9000015258789,69.0,72.0,6399344
2025-10-09,72.26000213623047,75.0,69.5,70.0,9751278
2025-10-10,74.43000030517578,78.0,70.33000183105469,72.05000305175781,18942776
2025-10-13,72.91000366210938,77.75,72.5999984741211,74.0199966430664,11751163
2025-10-14,76.66999816894531,77.5,74.5999984741211,76.94999694824219,11738426
2025-10-15,75.58000183105469,78.33999633789062,75.05000305175781,76.98999786376953,5981597
2025-10-16,73.72000122070312,77.0,73.30000305175781,76.5,5737755
2025-10-17,73.44999694824219,74.5,72.61000061035156,74.19999694824219,2856562
2025-10-20,73.08000183105469,74.19999694824219,72.3499984741211,74.0999984741211,2353780
2025-10-21,73.55999755859375,75.5999984741211,73.23999786376953,73.8499984741211,6497763
2025-10-22,73.9800033569336,75.48999786376953,73.25,74.0,4755765
2025-10-23,72.80000305175781,74.7300033569336,72.5,74.19999694824219,2411536
2025-10-24,71.43000030517578,73.30999755859375,71.19999694824219,73.30000305175781,1370424
2025-10-27,71.5,72.55000305175781,70.04000091552734,71.5,4690782
2025-10-28,72.30000305175781,73.44999694824219,71.5,71.95999908447266,7338529
2025-10-29,73.22000122070312,75.94999694824219,71.8499984741211,72.76000213623047,10925656
2025-10-30,72.62999725341797,76.0,72.19000244140625,75.4000015258789,8336155
2025-10-31,73.45999908447266,75.5,73.0,73.80000305175781,10225295
2025-11-03,80.80999755859375,80.80999755859375,74.19999694824219,74.19999694824219,33451069
2025-11-04,73.2300033569336,84.19999694824219,72.7300033569336,82.9800033569336,36966659
2025-11-05,73.69999694824219,75.19999694824219,71.87999725341797,74.9000015258789,9718058
2025-11-06,72.37999725341797,74.4000015258789,72.01000213623047,73.69999694824219,3219269
2025-11-07,70.16000366210938,73.3499984741211,69.98999786376953,72.79000091552734,6446124
2025-11-10,72.58000183105469,73.1500015258789,70.55000305175781,70.69999694824219,6362272
2025-11-11,70.62999725341797,74.0,70.12000274658203,73.01000213623047,6506511
2025-11-12,70.36000061035156,72.3499984741211,69.9000015258789,70.98999786376953,4081180
2025-11-13,69.72000122070312,71.63999938964844,69.25,71.5,5410569
2025-11-14,70.08999633789062,70.68000030517578,69.9000015258789,70.44000244140625,1743957
2025-11-17,70.45999908447266,71.9000015258789,70.01000213623047,70.4000015258789,2619037
2025-11-18,69.9000015258789,71.4000015258789,69.4800033569336,70.7300033569336,2211473
2025-11-19,69.0,70.5999984741211,68.9000015258789,69.91000366210938,3234001
2025-11-20,70.18000030517578,70.5,69.05000305175781,69.05000305175781,1228048
2025-11-21,71.16000366210938,73.47000122070312,70.05000305175781,70.75,11058252
2025-11-24,71.7300033569336,72.63999938964844,71.30000305175781,71.87000274658203,4851237
2025-11-25,70.2699966430664,72.25,70.11000061035156,71.75,4102102
2025-11-26,70.08000183105469,70.79000091552734,68.94999694824219,70.79000091552734,4529703
2025-11-27,70.5,71.0999984741211,69.02999877929688,70.1500015258789,4861899
2025-11-28,70.22000122070312,71.22000122070312,70.01000213623047,70.6500015258789,4320723
2025-12-01,74.70999908447266,76.38999938964844,70.0,70.44999694824219,16580254
2025-12-02,72.27999877929688,75.5,71.8499984741211,75.01000213623047,4958715
2025-12-03,77.08999633789062,79.51000213623047,72.87999725341797,72.87999725341797,33190421
2025-12-04,76.1500015258789,77.1500015258789,75.5,77.0999984741211,3671276
2025-12-05,75.41999816894531,77.38999938964844,75.11000061035156,76.5,3568746
2025-12-08,77.13999938964844,79.11000061035156,74.5999984741211,75.38999938964844,10665528
2025-12-09,72.01000213623047,78.36000061035156,70.0199966430664,78.05999755859375,23007168
2025-12-10,71.44000244140625,72.0999984741211,71.0,72.01000213623047,2980687
2025-12-11,71.43000030517578,73.37999725341797,70.5,71.3499984741211,4799324
2025-12-12,71.69999694824219,72.25,71.31999969482422,71.94999694824219,1150073
2025-12-15,72.12999725341797,73.0999984741211,71.8499984741211,72.55000305175781,3180439
2025-12-16,71.43000030517578,72.98999786376953,71.30000305175781,72.98999786376953,1651051
2025-12-17,70.87000274658203,71.9000015258789,70.5,71.1500015258789,2104037
2025-12-18,72.33999633789062,74.25,71.08999633789062,71.08999633789062,11683591
2025-12-19,71.58000183105469,72.5999984741211,71.5,72.37999725341797,1598726
2025-12-22,71.01000213623047,72.63999938964844,70.61000061035156,71.58000183105469,2661128
2025-12-23,71.72000122070312,72.19000244140625,70.5999984741211,71.47000122070312,2523289
2025-12-24,71.63999938964844,72.25,71.23999786376953,71.33000183105469,3567188
2025-12-26,71.41000366210938,72.75,70.9000015258789,71.88999938964844,6497502
2025-12-29,71.36000061035156,72.19999694824219,71.19999694824219,71.30000305175781,2609652
2025-12-30,72.55999755859375,73.8499984741211,71.11000061035156,71.93000030517578,8715927
2025-12-31,72.86000061035156,74.29000091552734,72.55999755859375,72.55999755859375,6847550
2026-01-01,72.86000061035156,72.86000061035156,72.86000061035156,72.86000061035156,0
2026-01-02,74.30000305175781,75.30000305175781,71.80000305175781,71.80000305175781,11639299
2026-01-05,73.81999969482422,75.87000274658203,73.6500015258789,74.98999786376953,6047727
2026-01-06,74.69999694824219,76.25,72.7300033569336,74.19999694824219,11850615
2026-01-07,77.68000030517578,81.41999816894531,75.0,76.0,41303935
2026-01-08,77.73999786376953,80.4000015258789,76.55999755859375,78.87999725341797,15413504
2026-01-09,76.6500015258789,78.4000015258789,76.36000061035156,76.9000015258789,5410104
2026-01-12,74.94999694824219,76.9000015258789,74.5,75.5,4460632
2026-01-13,74.26000213623047,75.55000305175781,73.80000305175781,74.94999694824219,2898150
2026-01-14,73.36000061035156,75.5999984741211,72.80000305175781,74.83999633789062,4541130
2026-01-15,75.26000213623047,76.6500015258789,73.25,74.0,11382098
2026-01-16,76.30999755859375,79.69999694824219,75.3499984741211,76.98999786376953,15961022
2026-01-19,76.5999984741211,77.6500015258789,76.0,76.9000015258789,3453740
2026-01-20,76.33999633789062,77.0,75.7300033569336,77.0,3501078
2026-01-21,74.72000122070312,76.5999984741211,74.5,76.33999633789062,2856272
2026-01-22,75.55000305175781,75.91999816894531,74.69999694824219,75.19000244140625,1188640
2026-01-23,75.58999633789062,77.0999984741211,75.19999694824219,76.25,2801791
2026-01-26,74.66000366210938,76.0,74.19999694824219,75.5999984741211,1957923
2026-01-27,73.62999725341797,75.0,73.19999694824219,74.88999938964844,2821265
2026-01-28,72.26000213623047,73.68000030517578,72.0,73.01000213623047,4741628
2026-01-29,71.12999725341797,72.73999786376953,70.69999694824219,72.0,3774357
2026-01-30,72.16999816894531,73.48999786376953,71.12999725341797,71.63999938964844,4126309
2026-02-02,72.81999969482422,74.0,72.0,72.25,3073096
2026-02-03,76.48999786376953,77.0,73.11000061035156,73.48999786376953,13041565
2026-02-04,75.0999984741211,77.0,74.9000015258789,76.73999786376953,2715925
2026-02-06,76.12000274658203,76.75,73.80999755859375,75.0,4981288
2026-02-09,77.2699966430664,78.48999786376953,75.69999694824219,76.69999694824219,7815920
2026-02-10,70.12000274658203,78.19999694824219,69.54000091552734,77.8499984741211,28968309
2026-02-11,71.05999755859375,72.0999984741211,69.5,70.97000122070312,6419967
2026-02-12,68.55999755859375,71.98999786376953,66.5,71.98999786376953,4632677
2026-02-13,69.12000274658203,69.5,67.51000213623047,69.19999694824219,1388736
2026-02-16,66.93000030517578,69.5999984741211,66.05000305175781,69.5999984741211,2502371
2026-02-17,67.06999969482422,67.75,65.5,66.9000015258789,1767517
2026-02-18,68.81999969482422,69.19999694824219,67.1500015258789,67.83999633789062,1513697
2026-02-19,62.34000015258789,68.80000305175781,61.939998626708984,68.80000305175781,1910939
2026-02-20,57.959999084472656,63.33000183105469,57.02000045776367,62.5,2979225
2026-02-23,52.720001220703125,58.650001525878906,52.15999984741211,58.650001525878906,2598970
2026-02-24,51.939998626708984,53.880001068115234,49.0,51.5,8523255
2026-02-25,49.880001068115234,52.9900016784668,49.11000061035156,52.68000030517578,4811074
2026-02-26,50.900001525878906,52.5,48.099998474121094,50.0,4513045
2026-02-27,49.720001220703125,51.43000030517578,49.0099983215332,49.88999938964844,3252791
2026-03-02,44.75,45.88999938964844,44.75,44.75,2753576
2026-03-03,41.099998474121094,45.810001373291016,40.279998779296875,45.810001373291016,4261800
2026-03-04,42.54999923706055,43.79999923706055,40.119998931884766,41.0,2490778
2026-03-05,46.47999954223633,46.810001373291016,42.599998474121094,42.599998474121094,3014656
2026-03-06,45.310001373291016,47.0,44.79999923706055,46.650001525878906,1189021
2026-03-09,40.83000183105469,44.0,40.779998779296875,44.0,2133865
2026-03-10,44.90999984741211,44.90999984741211,44.90999984741211,44.90999984741211,420613
2026-03-11,46.61000061035156,47.880001068115234,45.0,45.0,3375101
2026-03-12,47.33000183105469,47.880001068115234,45.70000076293945,46.959999084472656,2060775
2026-03-13,47.25,47.869998931884766,46.2599983215332,47.0,1743199
2026-03-16,46.029998779296875,47.599998474121094,45.79999923706055,47.5,597640
2026-03-17,46.400001525878906,46.97999954223633,45.709999084472656,46.040000915527344,336449
2026-03-18,47.7599983215332,48.45000076293945,45.959999084472656,46.459999084472656,1756201
2026-03-19,46.2400016784668,46.970001220703125,45.599998474121094,46.0,884751
2026-03-20,46.2400016784668,46.2400016784668,46.2400016784668,46.2400016784668,0
2026-03-23,46.2400016784668,46.2400016784668,46.2400016784668,46.2400016784668,0
2026-03-24,46.869998931884766,48.0,46.709999084472656,47.5,1442133
2026-03-25,48.29999923706055,48.900001525878906,46.90999984741211,47.0,3501725
2026-03-26,46.33000183105469,47.970001220703125,46.099998474121094,47.70000076293945,2531889
2026-03-27,46.220001220703125,46.97999954223633,45.720001220703125,46.63999938964844,3866500
2026-03-30,45.880001068115234,46.45000076293945,43.5099983215332,45.81999969482422,4969495
2026-03-31,45.810001373291016,46.79999923706055,45.0,45.95000076293945,1406652
2026-04-01,48.75,49.5,46.4900016784668,46.79999923706055,4252416
2026-04-02,53.630001068115234,53.630001068115234,46.5099983215332,48.0,11244607
2026-04-03,53.65999984741211,56.18000030517578,52.650001525878906,53.0,10835021
2026-04-06,54.630001068115234,56.25,53.29999923706055,54.0099983215332,9606399
2026-04-07,54.91999816894531,56.209999084472656,53.52000045776367,54.88999938964844,8086810
2026-04-08,60.0099983215332,60.25,56.5,59.04999923706055,12584004
2026-04-09,57.40999984741211,59.099998474121094,57.11000061035156,59.0,4498292
2026-04-10,58.88999938964844,60.689998626708984,57.119998931884766,57.4900016784668,10846772
2026-04-13,55.4900016784668,57.470001220703125,55.11000061035156,57.470001220703125,3132200
2026-04-14,57.58000183105469,58.4900016784668,56.119998931884766,56.119998931884766,4428176
2026-04-15,57.9900016784668,60.4900016784668,57.56999969482422,58.9900016784668,8947708
2026-04-16,60.619998931884766,61.599998474121094,57.2599983215332,58.63999938964844,15439174
2026-04-17,60.099998474121094,61.5,59.61000061035156,60.75,7114718
2026-04-20,58.16999816894531,59.70000076293945,56.599998474121094,59.0,4732947
2026-04-21,58.06999969482422,59.47999954223633,57.5,58.400001525878906,2018376
2026-04-22,57.63999938964844,58.5,57.0,58.349998474121094,1624600
2026-04-23,57.29999923706055,58.0,56.5099983215332,58.0,3515665
2026-04-24,56.68000030517578,57.099998474121094,55.79999923706055,57.0,2542037
2026-04-27,56.0,56.97999954223633,55.849998474121094,56.97999954223633,1743578
2026-04-28,56.02000045776367,57.54999923706055,55.29999923706055,55.849998474121094,1499025
2026-04-29,56.02000045776367,56.02000045776367,56.02000045776367,56.02000045776367,0
2026-04-30,52.290000915527344,53.54999923706055,51.0,53.45000076293945,3448680
2026-05-04,53.22999954223633,54.45000076293945,52.79999923706055,52.95000076293945,898284
2026-05-05,51.970001220703125,52.90999984741211,51.77000045776367,52.560001373291016,939005
2026-05-06,51.970001220703125,51.970001220703125,51.970001220703125,51.970001220703125,0
2026-05-07,54.650001525878906,55.68000030517578,54.04999923706055,54.88999938964844,2194857
2026-05-08,55.5099983215332,56.38999938964844,54.20000076293945,54.97999954223633,3652639
2026-05-11,61.060001373291016,61.060001373291016,57.0099983215332,57.099998474121094,17270756
2026-05-12,67.16999816894531,67.16999816894531,66.0,67.0,4731445
2026-05-13,62.18000030517578,69.73999786376953,61.25,69.0,27126148
2026-05-14,63.220001220703125,64.5,62.0,63.5,9305805
2026-05-15,63.43000030517578,64.69000244140625,63.04999923706055,64.45999908447266,4162554
2026-05-18,57.900001525878906,63.20000076293945,57.439998626708984,62.4900016784668,6345545
2026-05-19,60.900001525878906,61.70000076293945,58.0099983215332,58.5,7806048
2026-05-20,61.220001220703125,61.66999816894531,60.099998474121094,60.9900016784668,4128643
2026-05-21,62.91999816894531,65.75,61.79999923706055,61.90999984741211,17655667
2026-05-22,62.66999816894531,64.73999786376953,62.349998474121094,63.060001373291016,5044537
2026-05-25,63.20000076293945,64.79000091552734,62.849998474121094,63.619998931884766,6029378
2026-05-26,63.20000076293945,63.20000076293945,63.20000076293945,63.20000076293945,0
2026-05-27,63.20000076293945,63.20000076293945,63.20000076293945,63.20000076293945,0
2026-05-28,63.20000076293945,63.20000076293945,63.20000076293945,63.20000076293945,0
2026-05-29,69.16999816894531,69.5199966430664,62.5,64.0,34194879
2026-06-01,74.05999755859375,75.19000244140625,69.5999984741211,69.98999786376953,39407504
2026-06-02,70.62999725341797,73.9800033569336,69.80000305175781,73.9800033569336,17353786
2026-06-03,70.62999725341797,70.62999725341797,70.62999725341797,70.62999725341797,0
2026-06-04,71.75,72.4800033569336,69.19999694824219,69.80000305175781,16576439
2026-06-05,71.61000061035156,73.69999694824219,71.4000015258789,71.9800033569336,14096215
2026-06-08,69.54000091552734,70.5,68.9000015258789,70.05999755859375,5045154
2026-06-09,71.66999816894531,73.0999984741211,70.5,70.5,19523819
2026-06-10,70.9800033569336,72.4000015258789,70.3499984741211,71.0,4798074
2026-06-11,70.58999633789062,71.19999694824219,70.30000305175781,70.5199966430664,2613218
2026-06-12,69.77999877929688,72.0999984741211,69.30000305175781,71.5,6715558
2026-06-15,68.8499984741211,71.0,67.80000305175781,70.9800033569336,6957467
2026-06-16,70.41999816894531,71.75,69.11000061035156,69.5,9599086
2026-06-17,69.95999908447266,71.37999725341797,69.69000244140625,71.0,5587913
2026-06-18,69.83999633789062,71.19999694824219,69.6500015258789,70.41999816894531,6184621
2026-06-19,66.68000030517578,71.05000305175781,66.1500015258789,70.19999694824219,7995966
2026-06-22,65.94999694824219,67.69999694824219,65.0,67.69999694824219,4440941
2026-06-23,64.9000015258789,66.5,64.69999694824219,66.5,2533590
2026-06-24,64.4000015258789,66.08000183105469,64.0,65.0,5557363
2026-06-25,64.4000015258789,64.4000015258789,64.4000015258789,64.4000015258789,0
2026-06-26,64.4000015258789,64.4000015258789,64.4000015258789,64.4000015258789,0
2026-06-29,63.36000061035156,64.88999938964844,63.0,64.5,5256210
2026-06-30,63.66999816894531,64.5,63.5,63.68000030517578,2005403
2026-07-01,64.30999755859375,65.33000183105469,63.70000076293945,64.05000305175781,3732529
2026-07-02,67.83999633789062,68.5,64.80999755859375,64.9000015258789,10081847
2026-07-03,67.62000274658203,70.0199966430664,67.25,69.01000213623047,11322165
2026-07-06,67.30000305175781,67.68000030517578,66.91000366210938,67.4800033569336,2006526
2026-07-07,67.5,68.11000061035156,66.69999694824219,67.69999694824219,4806759
2026-07-08,64.5,68.13999938964844,63.0,68.13999938964844,3864514
2026-07-09,65.16999816894531,65.6500015258789,63.810001373291016,64.0,1250284
2026-07-10,65.58000183105469,66.05000305175781,65.16999816894531,65.16999816894531,1014039
2026-07-13,64.06999969482422,65.0999984741211,63.79999923706055,65.0999984741211,902305
2026-07-14,58.810001373291016,63.5,57.65999984741211,63.099998474121094,3691786
2026-07-15,57.630001068115234,59.75,55.119998931884766,58.0099983215332,4196490
2026-07-16,60.45000076293945,61.20000076293945,57.5,58.0,2746917
2026-07-17,60.029998779296875,61.810001373291016,59.790000915527344,61.0,3387762
2026-07-20,60.220001220703125,60.5,57.900001525878906,59.0,1150371
2026-07-21,60.13999938964844,61.0,59.599998474121094,60.689998626708984,1211808
2026-07-22,59.2599983215332,60.599998474121094,59.0,59.9900016784668,674486
2026-07-23,56.88999938964844,60.970001220703125,55.099998474121094,60.970001220703125,2946727
2026-07-24,58.970001220703125,60.599998474121094,56.04999923706055,58.400001525878906,6011105
2026-07-27,60.04999923706055,60.599998474121094,59.599998474121094,60.150001525878906,3108894
2026-07-28,60.38999938964844,61.79999923706055,60.0,60.400001525878906,3790851
2026-07-29,61.0,61.31999969482422,59.54999923706055,60.38999938964844,2236812
2026-07-30,61.79999923706055,62.900001525878906,61.0,61.0099983215332,5006333
2026-07-31,60.849998474121094,62.5,60.5,62.0,1916218
2026-08-03,60.810001373291016,61.97999954223633,60.130001068115234,61.95000076293945,5102495
2026-08-04,60.66999816894531,61.439998626708984,60.54999923706055,61.0,787051
2026-08-05,61.40999984741211,61.79999923706055,60.7599983215332,61.70000076293945,2535596
2026-08-06,62.369998931884766,62.54999923706055,61.0,61.5,4710037
2026-08-07,63.290000915527344,63.439998626708984,62.029998779296875,62.9900016784668,3952281
2026-08-10,61.130001068115234,63.40999984741211,60.63999938964844,63.400001525878906,2815416
2026-08-11,59.84000015258789,61.5,59.25,61.130001068115234,1859163
2026-08-12,60.290000915527344,61.130001068115234,59.099998474121094,59.9900016784668,1755262
2026-08-13,60.09000015258789,60.9900016784668,59.72999954223633,60.689998626708984,976857
2026-08-14,60.09000015258789,60.09000015258789,60.09000015258789,60.09000015258789,0
2026-08-17,60.150001525878906,61.0,59.5099983215332,61.0,1081494
2026-08-18,60.150001525878906,60.150001525878906,60.150001525878906,60.150001525878906,0
2026-08-19,59.970001220703125,60.25,58.400001525878906,59.4900016784668,2663492
2026-08-20,58.880001068115234,60.150001525878906,58.25,59.7599983215332,2088563
2026-08-21,60.150001525878906,62.290000915527344,59.720001220703125,62.08000183105469,3813016
2026-08-24,58.2400016784668,60.5,57.5099983215332,60.0,2922296
2026-08-25,55.220001220703125,59.88999938964844,53.689998626708984,58.29999923706055,11701169
2026-08-26,55.220001220703125,55.220001220703125,55.220001220703125,55.220001220703125,0
2026-08-27,54.86000061035156,56.0,54.709999084472656,56.0,1662843
2026-08-28,54.9900016784668,57.400001525878906,54.52000045776367,55.0,2852746
2026-08-31,56.63999938964844,57.0,54.709999084472656,55.0,6570328
2026-09-01,55.5099983215332,56.70000076293945,55.38999938964844,56.70000076293945,1869432
2026-09-02,53.95000076293945,55.380001068115234,53.810001373291016,54.970001220703125,2006276
2026-09-03,54.400001525878906,54.880001068115234,53.599998474121094,54.04999923706055,1125975
2026-09-04,54.61000061035156,55.25,54.5,54.5,928498
2026-09-08,52.099998474121094,54.849998474121094,51.5,54.599998474121094,1767069
2026-09-09,51.68000030517578,53.18000030517578,51.5,52.75,2225575
2026-09-10,50.959999084472656,52.099998474121094,50.20000076293945,51.68000030517578,3086500
