Date,Close,High,Low,Open,Volume
2021-10-05,75.87966918945312,76.3032942083028,74.29265037125673,74.92492824675678,1526479
2021-10-06,77.08731842041016,77.4477166211513,75.24106815780281,76.44239710157244,1925997
2021-10-07,78.04205322265625,78.78181713050266,76.03773364714881,77.42241882298764,2340805
2021-10-08,78.22541809082031,78.81343669718282,76.89131141212577,78.64904310188328,670597
2021-10-11,77.82075500488281,78.46567625679204,77.58681047559675,78.46567625679204,255409
2021-10-12,79.49630737304688,80.60911307220132,76.8849963983372,78.39614028625635,1539298
2021-10-13,77.2580337524414,80.93156659894973,76.50562155056967,79.49629797006128,1418439
2021-10-14,80.83039855957031,81.24770425878258,77.20112502741786,77.25803254271825,1499969
2021-10-15,81.8799819946289,83.46067662772985,79.8314031008213,80.33090318374886,2167101
2021-10-18,82.20877838134766,84.02341293596588,80.74188896669932,82.81575978563315,638094
2021-10-19,82.20877838134766,82.20877838134766,82.20877838134766,82.20877838134766,0
2021-10-20,84.32688903808594,85.35750496308236,80.99479190186456,81.5575187708946,2254113
2021-10-21,88.59477996826172,90.64968322925628,83.77682525593211,84.39645492248005,6530942
2021-10-22,89.94153594970703,90.415744399354,87.57049370147223,87.66533153228337,2330869
2021-10-25,89.94153594970703,90.09960543292269,88.51891060076615,89.94153594970703,464348
2021-10-26,87.81707000732422,89.4356997561149,87.57048203227866,88.20275988088717,1419992
2021-10-27,88.79076385498047,90.41572237760262,88.52520834559263,90.41572237760262,831425
2021-10-28,89.98577117919922,90.09957653967734,87.26064605830958,87.89292378841257,1420966
2021-10-29,89.7998275756836,91.05676013646912,87.85671988227969,89.68440008592465,1112881
2021-11-01,89.12645721435547,91.64031215625505,88.82505021352483,90.74251031461455,623264
2021-11-02,89.81906127929688,90.10123039922117,89.13929555510137,90.08840186141354,4007890
2021-11-03,87.64508056640625,90.90283410211565,87.24748400004422,89.78057689097842,1912449
2021-11-04,87.71562957763672,88.40181445067486,87.20901487465622,87.53606919288613,476272
2021-11-05,89.32524871826172,89.71002649852129,86.90117414442058,88.27353387556506,953663
2021-11-08,88.65831756591797,89.71644185420973,87.6963828364505,89.1392849306517,432720
2021-11-09,86.9075927734375,89.29319151172838,86.50998646018543,89.29319151172838,4079560
2021-11-10,86.83064270019531,87.7861681095773,86.58054004744521,87.7861681095773,3771742
2021-11-11,86.51641845703125,87.79257903200089,86.08033625834764,87.79257903200089,437342
2021-11-12,85.8302230834961,87.85670116691433,85.61218690352601,86.50998869475909,1213978
2021-11-15,86.92681884765625,87.77973530381448,85.06707288807304,87.2153972491404,1894571
2021-11-16,87.88878631591797,88.01704234405723,86.25349504754607,86.25349504754607,1260174
2021-11-17,88.40180969238281,89.5240669293212,87.60019738028397,88.49799925571206,2906273
2021-11-18,89.00460815429688,89.45992822354991,87.8567037034146,88.94689442004542,1366743
2021-11-19,89.774169921875,90.64632451217908,88.63267476791466,88.63267476791466,9707962
2021-11-22,90.447509765625,92.98702169822845,89.46633714708196,91.38379718619002,4008696
2021-11-23,89.68438720703125,91.06315643613185,88.69679538281153,91.06315643613185,1588647
2021-11-24,91.08880615234375,91.58902123872572,87.86311898386491,90.42186901267874,1967508
2021-11-25,89.4983901977539,91.09520509543391,88.8891669314325,91.09520509543391,1641771
2021-11-26,90.0755844116211,90.92208199832912,88.53648276758598,89.45994179694557,3706110
2021-11-29,92.1533432006836,92.85876590167804,88.62624926632314,89.78057287462956,2397487
2021-11-30,90.5821762084961,94.20545934271397,88.50439391824277,92.66636787347034,20844716
2021-12-01,92.27518463134766,92.85876067063136,90.70402665161144,91.3902016172825,1819137
2021-12-02,89.67796325683594,92.28159827841209,87.92724484324262,91.14652237817009,1382287
2021-12-03,92.21747589111328,92.98702169984392,88.49799306605834,90.35772958593289,1937176
2021-12-06,90.31926727294922,92.98703560853686,89.20342910824347,92.82671313334973,1958728
2021-12-07,89.75493621826172,91.06316327241483,89.29961609636455,91.06316327241483,311337
2021-12-08,91.00542449951172,91.25552709336418,89.20340199184339,90.90281579810959,1140999
2021-12-09,90.53087615966797,91.67237117378588,88.78656719275187,91.0054341148146,418338
2021-12-10,89.85112762451172,91.05675575900914,89.07516254564094,91.05675575900914,362793
2021-12-13,88.01702880859375,91.38380040236508,87.21541652436247,90.42186566128755,5825167
2021-12-14,88.1388931274414,88.81865891522268,87.2539098567709,88.49801393718938,1024767
2021-12-15,88.24787902832031,89.10079553274426,87.56811348870691,89.05590055526189,1090914
2021-12-16,86.56771087646484,88.81863448029522,85.97130629303976,88.68395932103617,1440490
2021-12-17,86.45870208740234,87.66432034879263,85.93924909036562,87.66432034879263,764216
2021-12-20,86.02263641357422,87.40782510093874,85.77253371602022,87.20902677535842,392961
2021-12-21,86.07392883300781,86.89477909998384,85.93284427599878,86.89477909998384,120692
2021-12-22,85.50316619873047,86.83063093412257,85.2915394004176,86.83063093412257,573905
2021-12-23,86.20858764648438,86.47793798770523,85.45187033967295,85.45187033967295,362658
2021-12-24,86.58053588867188,86.86270497777105,85.74044778223058,86.3176144968351,120984
2021-12-27,86.11880493164062,87.11922526247493,85.93283519086668,87.11922526247493,932292
2021-12-28,86.53565216064453,86.70238399553538,86.25348306674742,86.57412798521116,68151
2021-12-29,85.56729888916016,86.67031819981278,84.97090403326995,86.67031819981278,322747
2021-12-30,86.76010131835938,87.85671129036534,85.3107897497105,85.3107897497105,769544
2021-12-31,87.58736419677734,88.17734965294578,85.95207320978878,87.63224939551425,823280
2022-01-03,88.11321258544922,88.49799037074861,86.90117528265337,87.82463413912745,342216
2022-01-04,87.80540466308594,88.47876095939051,87.51041681328434,88.47876095939051,430685
2022-01-05,88.00421142578125,88.17736244100604,87.40781650767329,88.1709530646301,301979
2022-01-06,88.55572509765625,88.81865632043612,87.85672141443861,88.39540261332333,533097
2022-01-07,90.158935546875,90.3577338300599,88.4338643252157,89.01103104785275,865771
2022-01-10,91.10161590576172,91.6402969211911,89.78056065041154,90.41544099486337,629891
2022-01-11,91.69803619384766,92.01868110842608,90.03708809949869,92.01868110842608,846620
2022-01-12,91.73651123046875,92.34573460587684,91.44793276688661,92.2816017093892,467159
2022-01-13,91.24270629882812,92.02508058909994,90.74250106869437,91.6403028188562,269803
2022-01-14,91.14653015136719,91.83270520732263,91.07598787595994,91.60825962943164,1547436
2022-01-17,91.17857360839844,91.67236946472163,90.99901325797278,91.12727903853842,327738
2022-01-18,90.77456665039062,92.01225117886366,90.42185532857278,92.01225117886366,1802469
2022-01-19,89.83831024169922,91.06317644231994,89.62027399869163,91.06317644231994,911793
2022-01-20,89.85112762451172,91.38381008291105,89.49200684878242,90.26155276610338,376981
2022-01-21,90.43470764160156,91.3838139873383,89.14570863434116,90.0371012355071,127590
2022-01-24,89.78697967529297,90.74250498191145,89.68438074606794,90.70402916028887,665691
2022-01-25,90.19100189208984,90.6783786433803,89.79981470180859,90.26154416526536,121962
2022-01-26,90.0755844116211,90.38981020264804,89.65233072561338,90.38981020264804,138173
2022-01-27,90.11404418945312,90.71043899825719,89.7933992938882,90.38979410269225,289718
2022-01-28,89.83187866210938,90.42186411900374,89.6138424729909,90.42186411900374,554581
2022-01-31,89.63948822021484,90.72967893238508,89.46633723286304,90.38979611833152,568851
2022-02-01,90.06916809082031,90.42187950695151,89.4599446185797,89.4599446185797,184019
2022-02-02,90.37055206298828,91.37738168600946,89.78056665634038,90.22946753256105,910491
2022-02-03,90.2423095703125,91.41587118429563,90.19741458332037,91.3581574455686,264918
2022-02-04,90.3000259399414,90.6783846185844,89.85112498347453,90.6783846185844,103938
2022-02-07,89.75493621826172,90.71045188014337,89.49200501808598,90.71045188014337,221399
2022-02-08,89.53685760498047,90.45390689082342,89.45990597844666,89.45990597844666,365027
2022-02-09,90.31926727294922,91.06316590629127,89.5561307254093,89.5561307254093,149870
2022-02-10,90.37696838378906,90.87076427823492,89.85111582703213,89.85111582703213,457438
2022-02-11,92.0379409790039,92.3393480534422,90.06917603683497,90.06917603683497,1305115
2022-02-14,91.69161987304688,92.3457382589335,91.39021286118279,92.3457382589335,235106
2022-02-15,91.73651123046875,92.02508969405089,91.06315495857301,91.69161624586617,360503
2022-02-16,91.85193634033203,92.31366578431516,91.57618642019798,91.57618642019798,135924
2022-02-17,91.85193634033203,92.33290369570564,90.5244715278599,90.5244715278599,538022
2022-02-18,93.05115509033203,93.5513603579379,91.70444257889719,92.18540993508022,601918
2022-02-21,92.19181823730469,92.92288821878071,91.93530623111533,92.0571528589123,92045
2022-02-22,92.94854736328125,93.50005699566192,91.38379864883815,92.98702318653706,984313
2022-02-23,96.07162475585938,96.7706282994522,92.01867824985271,92.98061296370534,5367261
2022-02-24,95.24436950683594,96.17423781514013,93.62831637472881,93.69244927266966,2188665
2022-02-25,95.50088500976562,96.18706985858555,94.36579921491274,95.87283430370913,346362
2022-02-28,95.09687042236328,96.62314344274637,94.3337436974786,96.62314344274637,238610
2022-03-01,95.27642059326172,96.3217162069464,94.91088074749062,95.48803759467101,640665
2022-03-02,94.15415954589844,95.55216641121031,93.23711017587553,95.55216641121031,633200
2022-03-03,94.93013000488281,95.58424835243896,93.94895737620156,94.15417481280974,437945
2022-03-04,95.32772827148438,95.71250607939334,94.28243251403921,94.28243251403921,527273
2022-03-07,92.91007232666016,95.4239272488192,91.69161579650915,94.59024852509611,807788
2022-03-08,92.48039245605469,94.58382190091018,91.8326835928634,92.345717312773,617410
2022-03-09,92.91007232666016,94.26960361484156,92.03149861855451,92.03149861855451,396170
2022-03-10,94.93013000488281,95.55218190480568,92.60224485805172,93.46158064221605,913077
2022-03-11,95.46881103515625,95.55218184188668,93.01908904542134,95.54577246648662,270839
2022-03-14,94.03872680664062,96.12932783020511,93.62830176565544,96.12932783020511,791356
2022-03-15,93.54493713378906,94.91088749731165,93.30125367124964,94.03873300457278,2075466
2022-03-16,94.41069793701172,95.52012670151878,93.6347328682884,94.17342381014501,1813245
2022-03-17,95.00707244873047,95.55217264978074,94.26959315112597,94.4106776788024,1261696
2022-03-18,91.81945037841797,93.59326937723758,91.14527071896221,93.59326937723758,2674075
2022-03-21,91.09945678710938,91.96345992347582,90.98164362536042,91.96345992347582,1838216
2022-03-22,90.97509002685547,91.63617598666967,90.7263600674469,91.6230823078717,4242170
2022-03-23,90.97509002685547,90.97509002685547,90.97509002685547,90.97509002685547,0
2022-03-24,90.2158203125,91.17800100048015,89.80345430692252,91.17800100048015,5341546
2022-03-25,89.61363983154297,90.32709054097761,89.34527433944524,90.32709054097761,782991
2022-03-28,90.20927429199219,90.65435949403975,89.01799921436394,89.9670861790658,2690686
2022-03-29,90.27471923828125,91.30235824841434,89.54163305720041,90.32708396372276,738537
2022-03-30,89.62018585205078,90.64782498488184,89.41073691282712,90.55618920130561,2722792
2022-03-31,89.27326965332031,89.99981400588804,88.98526865049341,89.35181174952751,2923383
2022-04-01,92.06163024902344,93.04344646918743,89.34527603492347,89.50891207161747,3714139
2022-04-04,90.47109985351562,91.62964588057916,89.35182488032682,89.35182488032682,593447
2022-04-05,90.0390853881836,90.8441718399467,89.05072738622319,89.67908413331376,383815
2022-04-06,90.01944732666016,90.99472161008077,89.71181080731105,90.98162793184993,686761
2022-04-07,87.14600372314453,89.99327463970236,86.59618905944598,89.99327463970236,3599394
2022-04-08,90.76563262939453,91.60344831052109,88.69072895132713,88.69072895132713,1701455
2022-04-11,93.83546447753906,94.38527925285867,92.94528389426092,92.94528389426092,1358852
2022-04-12,94.21508026123047,94.38525813335464,92.95180494251305,92.95835677560851,849721
2022-04-13,92.6114501953125,94.86962538890629,92.34308471182135,94.86962538890629,436996
2022-04-14,92.91909790039062,93.53436105139036,92.38890871527266,92.94527527355054,265920
2022-04-15,92.99764251708984,93.27254988667063,92.51982804050077,92.94527778180513,32226
2022-04-18,91.97001647949219,92.87983266175837,91.3089303285467,92.36274705657185,526241
2022-04-19,91.6820068359375,93.2725443776153,91.07981740950693,93.2725443776153,522173
2022-04-20,92.91909790039062,93.78963288679454,91.14527874536559,91.89800057122223,1746384
2022-04-21,92.51982116699219,92.95181272278148,91.96999648112632,92.94527087668891,452199
2022-04-22,92.48053741455078,92.91253894521714,91.97654561632439,92.61799607887225,387589
2022-04-25,92.43473052978516,94.08418467116272,92.22527159673012,94.08418467116272,1055552
2022-04-26,92.71617126464844,93.2070793581518,91.9961787200406,93.2070793581518,428037
2022-04-27,91.40354919433594,93.14927204078805,90.61731560089466,93.14927204078805,135520
2022-04-28,91.54349517822266,92.27643355714797,90.28418117588079,92.27643355714797,130423
2022-04-29,91.54349517822266,91.54349517822266,91.54349517822266,91.54349517822266,0
2022-05-02,91.54349517822266,91.54349517822266,91.54349517822266,91.54349517822266,0
2022-05-03,91.54349517822266,91.54349517822266,91.54349517822266,91.54349517822266,0
2022-05-04,91.54349517822266,91.54349517822266,91.54349517822266,91.54349517822266,0
2022-05-05,91.54349517822266,91.54349517822266,91.54349517822266,91.54349517822266,0
2022-05-06,91.4968490600586,92.61623464176071,91.35026140050381,91.91661356970197,328772
2022-05-09,89.75112915039062,91.84999243862434,88.28526267150704,91.28363008299219,1266895
2022-05-10,89.34469604492188,91.06376149116193,88.81832038711957,90.28418707373764,116552
2022-05-11,87.65228271484375,90.55069866682925,86.2863576453607,90.55069866682925,756369
2022-05-12,86.22637939453125,88.61840765738624,85.95319238949493,88.6117482793327,902207
2022-05-13,88.01207733154297,88.58509907673113,86.6195046582685,86.6195046582685,260862
2022-05-16,87.0992431640625,87.95211130884971,86.02649352096435,87.95211130884971,505504
2022-05-17,87.95209503173828,88.24527030856221,87.0325926029702,87.85215353599757,682832
2022-05-18,87.53900146484375,89.27805488820604,87.4190614872034,88.27192958624033,584372
2022-05-19,87.92544555664062,89.14477244768887,87.61894136432484,89.14477244768887,260252
2022-05-20,87.94544982910156,88.83163517979231,87.64560495957468,88.45183710078626,526762
2022-05-23,86.859375,87.95877234528558,86.45292922279319,87.95211296654105,328867
2022-05-24,84.28742980957031,87.94544129304242,83.62779047791736,87.94544129304242,729695
2022-05-25,84.49397277832031,85.153617118674,83.09473598845352,84.02756220952936,619401
2022-05-26,85.5267562866211,86.14641394127734,83.69442083422284,84.60725887147565,746138
2022-05-27,86.37962341308594,88.31856989293125,86.01982383794437,86.61949318550998,1076420
2022-05-30,87.05926513671875,87.8854754195576,85.98651551113824,86.31966744247393,1346872
2022-05-31,87.35909271240234,87.9454433171396,86.6128357005471,87.78552674303238,4921434
2022-06-01,85.42015075683594,87.74555483222463,85.05368669277821,87.74555483222463,2525869
2022-06-02,84.02757263183594,85.78661425730618,83.77437901787242,85.78661425730618,534445
2022-06-03,83.73440551757812,85.26690644089832,83.28798314794396,85.26690644089832,360443
2022-06-06,83.8210220336914,84.62058457899268,82.82156631031748,84.62058457899268,400820
2022-06-07,83.58114624023438,84.88710101480125,83.3879175375977,83.3879175375977,33170
2022-06-08,83.26132202148438,83.94761412034075,82.821564158045,83.94761412034075,316051
2022-06-09,84.10086822509766,84.40736736954985,82.65499016860751,82.65499016860751,609891
2022-06-10,84.09420013427734,84.6072568957249,83.28797316406849,84.10086459550892,599375
2022-06-13,79.28350067138672,82.9548366316354,78.9570131795084,82.9548366316354,1766437
2022-06-14,78.26405334472656,79.55668450211255,77.75766097118951,77.99087139661124,1242817
2022-06-15,78.98365783691406,79.85651424096365,78.29070123300258,79.85651424096365,379555
2022-06-16,78.99031829833984,79.75656360906152,77.9575453648099,79.02363043856991,589426
2022-06-17,80.03641510009766,80.75601934796079,78.79708961281308,79.22352364247071,504517
2022-06-20,80.98257446289062,81.555596208335,80.35624718682463,81.555596208335,611805
2022-06-21,80.21633911132812,81.88209913122198,79.29017694694684,79.29017694694684,1849402
2022-06-22,79.9897689819336,81.35568864940885,79.8298524182971,80.76267870553282,1560298
2022-06-23,79.93645477294922,80.55611741008424,79.7565499292844,80.55611741008424,1533425
2022-06-24,74.76594543457031,80.07638729574492,73.94639464408586,79.68992988903966,2429070
2022-06-27,76.09855651855469,76.69156649489264,75.29232952919067,75.29232952919067,639704
2022-06-28,75.51887512207031,76.79151790221935,74.97250617417522,74.99249955960002,335877
2022-06-29,74.33952331542969,76.55165198259553,73.29342643241593,76.55165198259553,1199217
2022-06-30,75.37894439697266,77.29123806537218,73.95971918324406,74.09297790513143,1306573
2022-07-01,76.29845428466797,76.62494174350084,74.33285490288993,74.33285490288993,293888
2022-07-04,75.29900360107422,76.87814055789423,75.12576316728762,76.61828244896193,1180326
2022-07-05,75.53885650634766,75.92530881041661,74.96583488575256,75.8786677521586,118301
2022-07-06,75.85868835449219,75.9586349434852,75.3589604930219,75.92531771932263,90349
2022-07-07,75.9586410522461,76.62494492112545,75.83204169044059,75.9586410522461,281957
2022-07-08,75.9586410522461,75.9586410522461,75.9586410522461,75.9586410522461,0
2022-07-11,75.9586410522461,75.9586410522461,75.9586410522461,75.9586410522461,0
2022-07-12,75.9586410522461,75.9586410522461,75.9586410522461,75.9586410522461,0
2022-07-13,76.79817199707031,76.96474793532663,75.35895345045851,75.9586278448801,710552
2022-07-14,78.10413360595703,78.4239565887551,76.95809023669217,76.95809023669217,552747
2022-07-15,76.93144989013672,79.2635136070131,76.75820944779002,78.89038503903143,497759
2022-07-18,76.1718521118164,76.62493891045278,75.63214764707848,76.29178700214648,219270
2022-07-19,74.02635955810547,76.55831631863455,73.55994887861097,76.2917937517112,321305
2022-07-20,74.62603759765625,75.29234150477818,74.02636306454743,74.62603759765625,757517
2022-07-21,74.25956726074219,75.29234033412163,73.79315656640682,74.15962574302412,186947
2022-07-22,73.29340362548828,74.69264031436707,72.99356900769052,74.69264031436707,607672
2022-07-25,72.00078582763672,73.29341680528452,71.63432179370699,73.29341680528452,112520
2022-07-26,71.96748352050781,72.92695765117546,71.3611445494757,71.62766711824261,1988581
2022-07-27,72.73373413085938,74.59271748641696,71.6276672477009,74.59271748641696,1725777
2022-07-28,74.05967712402344,74.62603440414155,72.19402423052183,74.29288246483735,1625167
2022-07-29,73.51331329345703,74.6127157868274,73.29343177808386,74.6127157868274,3051581
2022-08-01,72.56714630126953,73.91974214605222,71.99412465025407,73.30673881191156,206793
2022-08-02,71.9741439819336,73.12685194870578,71.40112731318305,73.12685194870578,494011
2022-08-03,75.79206085205078,76.62494064163376,71.74093233548044,72.42722446873763,3963433
2022-08-04,76.95143127441406,77.95755152516878,75.69211738722555,75.69211738722555,670583
2022-08-05,80.14302062988281,81.2557467611096,76.1985033352558,76.1985033352558,628010
2022-08-08,80.14302062988281,80.14302062988281,80.14302062988281,80.14302062988281,0
2022-08-09,80.14302062988281,80.14302062988281,80.14302062988281,80.14302062988281,0
2022-08-10,80.66273498535156,81.82210723711637,79.62330270231573,80.3895530755641,1240160
2022-08-11,80.29627990722656,81.94205126124716,79.95646351391382,80.62276737652977,366171
2022-08-12,81.46896362304688,81.75547446120883,80.36290195529008,80.95591193231222,603716
2022-08-15,81.60443878173828,82.46471405576487,80.1141911096527,80.60868362768808,825073
2022-08-16,81.62476348876953,82.26827615445684,81.21833416475495,81.62476348876953,461123
2022-08-17,81.86861419677734,82.13279349023146,80.79157116590163,81.96344752427221,171315
2022-08-18,80.70352172851562,82.30214823105501,80.26999642288081,82.30214823105501,123328
2022-08-19,78.51557159423828,81.62476126466146,78.170104352626,80.33773080032653,532668
2022-08-22,76.94404602050781,79.59261993913678,76.61890459485312,79.59261993913678,639363
2022-08-23,78.1769027709961,78.56301150774159,76.47666720447124,77.20824328505134,1101524
2022-08-24,78.96941375732422,79.72808039333556,77.89914598948953,77.89914598948953,1858709
2022-08-25,79.22005462646484,79.728092612957,77.99399127283326,79.572297191196,841489
2022-08-26,78.98974609375,79.58584213394256,78.44106672529969,79.58584213394256,286267
2022-08-29,79.47746276855469,79.93130879000132,77.37079819971483,79.24714953042846,883355
2022-08-30,79.03715515136719,79.9380769957084,78.57653388394702,79.9380769957084,838102
2022-08-31,79.05747985839844,79.79583104822966,77.8991539288375,79.51132586270026,829360
2022-09-01,79.17941284179688,79.55874621602752,77.89915753573884,79.55874621602752,157730
2022-09-02,78.99652099609375,79.58584174658924,78.57654107125673,79.58584174658924,228226
2022-09-05,79.06425476074219,79.25392143815392,78.30558288306588,79.21328005528838,280910
2022-09-06,79.26070404052734,79.59262075663432,77.8991607405357,79.59262075663432,390921
2022-09-07,79.10488891601562,79.78904808390914,78.27170963522083,78.27170963522083,236620
2022-09-08,78.2581787109375,79.45037608966229,78.10238327305397,78.10238327305397,142695
2022-09-09,78.48169708251953,79.69421485301658,78.23783847124477,79.69421485301658,251759
2022-09-12,78.91522979736328,79.18618440967255,78.40719183729442,78.90168439236105,181629
2022-09-13,81.21833038330078,81.69249704456946,79.25391604599093,79.25391604599093,1469063
2022-09-14,79.16584777832031,81.61797386431812,78.9219891931452,81.61797386431812,443465
2022-09-15,79.49101257324219,80.23613395094881,79.02362112040642,79.26747460952124,204057
2022-09-16,79.8296890258789,80.54094416532175,79.1861764086907,79.931297641232,1067864
2022-09-19,79.43004608154297,79.9313087742655,78.6171822135293,79.9313087742655,137683
2022-09-20,78.56977081298828,80.40548088189013,78.33946272748683,80.40548088189013,305735
2022-09-21,78.32589721679688,79.41648569142082,78.00075584420539,79.41648569142082,89717
2022-09-22,78.20397186279297,78.90845176305352,77.55368391671303,77.9059264508579,153557
2022-09-23,77.27597045898438,78.77976381449311,77.18790722859787,78.77976381449311,180653
2022-09-26,77.50627136230469,78.57653925804303,77.22177133980091,77.27596329685767,227437
2022-09-27,78.94911193847656,79.24715740185107,77.35725530986569,77.89916460914132,374877
2022-09-28,79.11167907714844,79.89744184066855,78.85427501406991,79.34198715968765,535239
2022-09-29,76.72051239013672,79.89743979873616,76.48342902651433,79.89743979873616,748182
2022-09-30,77.82464599609375,77.89915864824314,76.27343604284778,76.5579360775838,109718
2022-10-03,77.22855377197266,77.89916250650198,76.88308647380848,77.28951585327988,287017
2022-10-04,76.5105209350586,77.7636854727954,76.27343756803778,77.7501348986629,352972
2022-10-05,75.9279556274414,77.15402394833541,75.52830162416467,76.28019813449328,218446
2022-10-06,76.56471252441406,76.88308383059734,75.86700783283614,75.86700783283614,311331
2022-10-07,76.50373840332031,76.88307172900694,75.35218268629755,75.35895797226452,712181
2022-10-10,76.50373840332031,77.5469102169875,75.73152118001313,77.5469102169875,542174
2022-10-11,75.44026184082031,76.81535060502888,75.18285259997296,76.81535060502888,322683
2022-10-12,76.01602935791016,76.20569604117235,75.18962009395672,75.22349135940904,524351
2022-10-13,76.25989532470703,76.53084997026677,75.87378663439416,76.4427867388426,242318
2022-10-14,76.37505340576172,77.14049553949265,76.0770027630915,77.14049553949265,1047669
2022-10-17,76.0837631225586,76.54438440356672,73.90258603213864,76.54438440356672,642979
2022-10-18,76.48342895507812,76.94404510795442,76.21247432489288,76.54439103365421,693079
2022-10-19,77.30305480957031,78.42073414312787,76.54438295869276,76.63244100780075,1041058
2022-10-20,76.64599609375,76.88307944610123,76.36826618954605,76.88307944610123,1262681
2022-10-21,76.28021240234375,76.88308374691684,75.8737830372876,76.88308374691684,482122
2022-10-24,76.40213012695312,77.41143068331947,76.28020081914835,76.71372609844781,738529
2022-10-25,76.5376205444336,76.88986313616358,76.37504982334363,76.55117111920862,750672
2022-10-26,75.54185485839844,76.54438536543618,75.18961748286209,76.53761007897509,627292
2022-10-27,76.07022094726562,76.19892038569667,75.69765770121118,75.85345828629654,336951
2022-10-28,75.6502456665039,76.88308434532001,75.35897033847446,76.496975670307,377111
2022-10-31,73.90521240234375,75.62955237784281,73.11201496116057,74.49838577489686,418931
2022-11-01,74.23628234863281,74.48458772480795,72.91199051721074,73.87762195097316,320913
2022-11-02,73.5810546875,75.18124238839525,73.36723815912892,74.42253365527816,1126023
2022-11-03,74.4156265258789,74.62944303041824,73.45689377922544,74.4225253602324,336449
2022-11-04,74.49148559570312,74.65012718598074,73.24995873086758,73.83623852175919,264249
2022-11-07,74.44320678710938,75.0432790023047,73.45688409533852,74.80186719217693,328144
2022-11-08,74.4845962524414,74.97430822755658,74.35354997831699,74.45011260652174,699283
2022-11-09,74.4845962524414,74.4845962524414,74.4845962524414,74.4845962524414,0
2022-11-10,75.82267761230469,76.48482353141692,74.35354184761206,74.80186603142252,2180864
2022-11-11,75.90545654296875,76.18134676091603,75.52609959988835,76.18134676091603,459870
2022-11-14,75.86406707763672,76.14686138555977,75.3191749637084,75.3191749637084,314074
2022-11-15,75.80199432373047,76.05029972722024,75.52609884626757,75.87096687752906,283783
2022-11-16,75.75370788574219,75.8709617454954,75.52609373756134,75.52609373756134,137035
2022-11-17,75.967529296875,76.97454331392349,75.7675052078199,75.7675052078199,347226
2022-11-18,75.20191192626953,76.11236319568404,74.83635270433105,76.11236319568404,246085
2022-11-21,75.39502716064453,75.52607866142546,75.18121072233218,75.52607866142546,122442
2022-11-22,75.15364074707031,75.83647797558774,75.04328571343741,75.83647797558774,103044
2022-11-23,74.50526428222656,75.86404475015965,73.60861083361642,75.57435695579022,547676
2022-11-24,74.66390228271484,74.80184734137902,74.45697943245192,74.80184734137902,276362
2022-11-25,75.5123062133789,75.56058752711961,74.49839336255557,75.00879657385282,375379
2022-11-28,73.88451385498047,75.51918462217911,73.76725474892366,75.36744187738469,471499
2022-11-29,74.54666900634766,75.5191940412321,73.80865168829062,74.14662085876995,784545
2022-11-30,73.45689392089844,74.93292873926644,73.1809984311831,74.80187719764119,536748
2022-12-01,74.96742248535156,75.42264559982212,73.67761401352493,74.45701395465512,344954
2022-12-02,74.9398193359375,75.18122588955123,73.87072640416046,74.4914898722159,451477
2022-12-05,74.33284759521484,75.40194051724608,74.2155937362811,75.14673629874189,410456
2022-12-06,74.66390228271484,75.1467152503061,74.11211152352483,74.66390228271484,305637
2022-12-07,74.32593536376953,74.76736587903368,74.25696283243454,74.66390445089777,316915
2022-12-08,74.68460845947266,74.79496873830011,74.22248663198505,74.79496873830011,1279004
2022-12-09,76.35377502441406,76.49172538526066,74.31905587790763,74.31905587790763,1136270
2022-12-12,76.05718994140625,76.56069956021835,75.6985295201258,76.30549533393436,2440654
2022-12-13,76.53308868408203,76.5606787493376,75.732997840738,76.42273368532662,379641
2022-12-14,76.25721740722656,76.7331369744095,75.80199434222993,76.55380412467457,607801
2022-12-15,73.0913314819336,76.56070303894252,72.28434155068378,76.21583500723557,1811990
2022-12-16,72.65677642822266,74.2155810195262,72.353296213705,73.73276799942951,675775
2022-12-19,72.40849304199219,73.44999069150103,72.24985143466115,73.44999069150103,132978
2022-12-20,72.76715850830078,77.8367177879419,69.0494813524127,72.73266959841301,1183080
2022-12-21,69.84957122802734,72.40159790776119,68.97360871277336,70.35308088702882,508848
2022-12-22,71.68425750732422,72.27743084541596,69.31846298789345,70.00819893802175,859690
2022-12-23,70.7462158203125,72.28432929636827,70.35996537420743,71.97394496309013,74193
2022-12-26,70.94624328613281,71.4497476043956,70.07717447835898,71.04280590230013,181729
2022-12-27,69.31157684326172,72.14639253821699,68.2838715628719,71.73255194483512,831405
2022-12-28,67.22855377197266,69.52537540279332,66.56640799108385,69.24948001185626,984566
2022-12-29,68.13211822509766,68.90462440535238,66.73195504897858,68.28386098035017,337578
2022-12-30,69.49090576171875,70.1806417990559,67.15959984993576,68.28386769637872,382741
2023-01-02,72.38777923583984,72.76713607859723,69.04256123633881,69.65642575478826,1070969
2023-01-03,71.89118194580078,72.38778742028514,69.22190186689181,71.04970322655603,486041
2023-01-04,71.0359115600586,72.0774144285862,70.83588748184678,71.90498042277618,144134
2023-01-05,70.61517333984375,71.04281157578448,70.4220480920861,71.04281157578448,129658
2023-01-06,69.65644836425781,71.04281942056035,69.47022192971873,71.04281942056035,176702
2023-01-09,68.6080322265625,69.65642850073549,68.14591042699857,68.97359141912106,947381
2023-01-10,69.6219482421875,70.00819868895955,68.91152105804561,70.00819868895955,288131
2023-01-11,68.41490173339844,69.83575592306826,68.18728763633473,69.83575592306826,113011
2023-01-12,68.401123046875,69.31847325942174,68.28386918092289,69.31847325942174,231003
2023-01-13,67.99417114257812,68.62872695296785,66.38708511782066,68.62872695296785,19231
2023-01-16,67.00785064697266,69.6288441798762,65.87668407531372,69.6288441798762,72013
2023-01-17,65.22832489013672,67.59411927526156,64.69723055408588,67.59411927526156,143077
2023-01-18,66.5940170288086,67.18029161266062,64.8696769220271,66.83542359130432,400133
2023-01-19,65.49043273925781,66.90439367966312,65.21454254214592,66.59401457677815,307107
2023-01-20,64.84207916259766,66.14567970781683,64.69723524226973,66.14567970781683,304561
2023-01-23,63.53157424926758,66.04221250741942,63.24878000402635,66.04221250741942,136764
2023-01-24,63.662628173828125,65.52491307202065,63.110837327262,63.862646961884145,679177
2023-01-25,66.60781860351562,67.24927342203193,63.69713126061949,64.14546080255353,1598302
2023-01-26,70.18753051757812,70.83587872089393,66.83541343823846,66.90438597957832,2417075
2023-01-27,69.47710418701172,71.56010442946439,69.01497710366188,70.93934102533358,598035
2023-01-30,67.97348022460938,70.00819917960206,67.62861224835518,69.62884230081536,225929
2023-01-31,70.07026672363281,70.52549493811922,67.76655137085783,68.28385328971935,973364
2023-02-01,70.22201538085938,70.35306689527624,69.66333094532254,70.07027262990674,223712
2023-02-02,69.8150863647461,71.38768377403727,69.66334358625859,70.82899923712294,405219
2023-02-03,69.78058624267578,70.97383177626797,68.31834936626588,70.97383177626797,215360
2023-02-06,71.42215728759766,73.09821579933353,68.62872468061535,70.35306449671121,499709
2023-02-07,71.38768005371094,71.90498208308566,70.6358702969085,71.39457888753773,156346
2023-02-08,70.6358642578125,72.00843738496853,70.24960853056028,72.00843738496853,249714
2023-02-09,73.14649963378906,73.7948478487252,71.04280288047944,71.3876708556274,1469118
2023-02-10,71.40837097167969,74.4225193436933,70.69794369649733,71.46355111750917,730960
2023-02-13,71.26351928710938,72.34640453549625,71.04280399005815,71.73253995112668,520865
2023-02-14,69.98750305175781,72.07050316736029,69.69781523489401,72.07050316736029,187632
2023-02-15,71.27041625976562,71.7325380786744,69.69781915154212,71.57389649637187,488615
2023-02-16,71.64288330078125,71.89808226392363,70.35997386453226,70.35997386453226,194263
2023-02-17,71.0497055053711,71.72564382586631,70.35307068495757,71.69805375490986,219186
2023-02-20,70.48412322998047,72.18087315143221,70.35307170660123,72.18087315143221,224990
2023-02-21,70.67725372314453,71.56011502315398,70.38756584575427,71.56011502315398,253466
2023-02-22,75.97442626953125,75.97442626953125,70.35307646066192,71.04281250439391,3579528
2023-02-23,75.12604522705078,77.59530141502437,74.84325619827325,77.59530141502437,2117131
2023-02-24,74.2845687866211,75.52609575322528,73.87072821850914,75.52609575322528,996579
2023-02-27,78.00914764404297,78.59542224492279,74.14662674512284,74.62943988413716,3352546
2023-02-28,77.9539566040039,78.8713067022234,77.2849171369277,78.28503218326047,841706
2023-03-01,77.0780029296875,78.1126069958578,76.21583287454558,77.94017298482943,1244724
2023-03-02,79.38860321044922,80.52666852905205,76.5744793984812,77.7194435497077,4668590
2023-03-03,80.48529815673828,80.69911463980681,79.4575876942871,79.99558621219113,654735
2023-03-06,79.9059066772461,80.87153803459023,79.49206617046076,80.87153803459023,306335
2023-03-07,79.43689727783203,80.00937944542906,79.07823685778506,79.52656632954499,728911
2023-03-08,79.60932159423828,80.28526513646015,79.49896657929924,80.00936970571107,4647641
2023-03-09,79.73346710205078,80.35423044982474,79.33341902656676,80.28525791390923,3861364
2023-03-10,79.74726867675781,80.41630809643648,79.52655339364576,80.41630809643648,386192
2023-03-13,79.89901733398438,80.60255101511794,79.49207561162271,79.49207561162271,3651796
2023-03-14,80.3956298828125,80.83706052053653,79.42310481798147,80.31975849861603,5283166
2023-03-15,80.7267074584961,81.25090832691193,80.0093813391556,80.01628017305103,537807
2023-03-16,80.88533020019531,81.21640576201142,80.5680523038498,80.7749751877683,1329971
2023-03-17,80.11284637451172,81.25091195371014,79.87143980008021,81.11296158098595,867786
2023-03-20,76.43904876708984,77.84541755821175,75.42014976653637,76.88392270611897,496719
2023-03-21,76.3242416381836,76.76911007775156,75.4129686244584,76.76911007775156,569668
2023-03-22,76.57540130615234,77.30728522088552,75.50627477824402,76.0587747901702,378658
2023-03-23,76.57540130615234,76.57540130615234,76.57540130615234,76.57540130615234,0
2023-03-24,75.9654769897461,76.41752233419255,75.64975965272016,76.41752233419255,63658
2023-03-27,76.63279724121094,77.1350699253991,74.69544801428158,77.1350699253991,697490
2023-03-28,76.5682144165039,76.99156321850246,76.13051731287426,76.91980528726228,912083
2023-03-29,76.21662139892578,76.77629821092064,76.20226762333742,76.69736886826891,1424324
2023-03-30,75.8147964477539,76.20226076397931,75.24076591184213,76.20226076397931,79105
2023-03-31,76.46058654785156,76.77630394202576,74.8030811771606,74.8030811771606,1465208
2023-04-03,76.05157470703125,76.74040802680632,75.44884760511327,76.74040802680632,232448
2023-04-04,76.15921020507812,76.532331694824,74.77436660433393,74.77436660433393,258119
2023-04-05,76.05157470703125,76.74040802680632,75.91524670504157,76.74040802680632,191247
2023-04-06,76.11616516113281,76.7691196023706,75.91525610229041,76.7691196023706,342562
2023-04-07,76.01570892333984,76.74041580153985,75.78609779348575,76.4175270319942,156747
2023-04-10,75.51343536376953,76.7404204260895,75.34122837459168,76.7404204260895,206388
2023-04-11,75.06856536865234,76.05158549204538,74.8317773417364,76.05158549204538,104322
2023-04-12,76.05876922607422,76.26685519503124,75.34123366733768,75.91526430407166,798816
2023-04-13,76.37447357177734,76.66866025391643,75.7358674715847,76.05875622809165,685971
2023-04-14,76.37447357177734,76.37447357177734,76.37447357177734,76.37447357177734,0
2023-04-17,76.28120422363281,76.63280059230122,75.26948192285153,76.34578527120203,739960
2023-04-18,77.50817108154297,78.21135817847176,76.20225687955575,76.66865598191418,464175
2023-04-19,77.46511840820312,77.78083572491747,76.81216406378807,76.81216406378807,263605
2023-04-20,79.1369857788086,79.64643529358295,77.2785661086239,77.49382893429693,1975152
2023-04-21,79.1369857788086,79.1369857788086,79.1369857788086,79.1369857788086,0
2023-04-24,79.1369857788086,79.1369857788086,79.1369857788086,79.1369857788086,0
2023-04-25,79.1369857788086,79.1369857788086,79.1369857788086,79.1369857788086,0
2023-04-26,81.48334503173828,81.79188557403894,79.28768773846896,80.32811222040525,924959
2023-04-27,83.19107818603516,83.80815923234574,80.7945064650322,81.42594128880793,3342329
2023-04-28,88.05594635009766,89.42643613589196,82.08605196065176,83.18388026154287,8107915
2023-05-01,88.05594635009766,88.05594635009766,88.05594635009766,88.05594635009766,0
2023-05-02,92.17462158203125,93.27245009777144,88.09901396418239,88.09901396418239,3320248
2023-05-03,92.74864196777344,94.78645126654172,90.84000023670079,92.19614747308741,3858629
2023-05-04,93.02131652832031,95.43223662846202,92.55492275887404,92.55492275887404,2342705
2023-05-05,93.07870483398438,94.63575553670448,92.28224000046443,92.92084614995537,1428002
2023-05-08,92.1602554321289,93.85363954094035,91.9162960055454,93.85363954094035,981364
2023-05-09,93.45899963378906,94.3487476025531,91.05525678414547,92.16743353355832,3404727
2023-05-10,88.77669525146484,90.27503609959084,86.90376919130736,89.13629956993044,1546399
2023-05-11,89.68317413330078,90.94927374400572,88.41707452259583,88.41707452259583,683255
2023-05-12,89.30110168457031,90.6496105744435,89.15126990379154,89.90044023911751,690402
2023-05-15,90.70954132080078,91.01669817171332,89.0089215385307,89.22618161147653,1354487
2023-05-16,93.72869110107422,94.02086704339406,90.64960089442775,90.98672522303819,2277896
2023-05-17,92.89712524414062,94.99480455206903,92.14795487926853,94.99480455206903,929495
2023-05-18,89.93040466308594,92.89711840363881,89.72812547866423,92.33524067135875,727209
2023-05-19,88.70925903320312,89.91541797224771,88.4395572647029,89.90043708098253,628112
2023-05-22,86.16957092285156,88.77668624913363,85.34548468309144,88.77668624913363,885273
2023-05-23,86.19954681396484,87.46564665452435,85.96730581247682,85.96730581247682,261576
2023-05-24,86.57412719726562,87.65293437241692,86.1995420076399,86.82135479419053,233095
2023-05-25,86.96369171142578,87.42817364959939,86.46174897114068,87.42817364959939,304026
2023-05-26,86.52916717529297,87.76529927808313,86.2594654177491,87.26335656321034,393642
2023-05-29,86.53666687011719,87.27834390028565,85.40541806551558,87.27085059654608,688678
2023-05-30,85.87738037109375,87.24836324722389,85.52527516844287,86.90374563146769,144904
2023-05-31,87.12102508544922,87.65293537491529,85.96730200232076,86.15459459927571,735000
2023-06-01,86.00474548339844,87.65291771831133,85.78748542880909,87.05357924249829,201795
2023-06-02,89.78056335449219,90.64960362034644,86.16956284386403,86.49170629196992,1698732
2023-06-05,87.94511413574219,89.89295606221125,87.66791902587012,89.78057935735951,368419
2023-06-06,87.6978759765625,88.96397564850506,87.20342653670942,88.96397564850506,264262
2023-06-07,87.3307876586914,88.28223149032253,87.06108587485407,87.982567922251,388628
2023-06-08,86.67151641845703,88.020019569207,86.52917222818675,87.5030959334917,205654
2023-06-09,86.78388977050781,87.6529301117406,86.26696612063836,87.57052091677141,278960
2023-06-12,86.41680145263672,87.08356262789128,84.6562522177992,85.59271518481026,1143700
2023-06-13,86.1021499633789,87.65293238463221,85.78000647897768,85.78000647897768,636805
2023-06-14,85.80247497558594,86.88877535813383,85.78000078072562,86.16956682830825,239221
2023-06-15,85.81746673583984,87.42817843185297,85.20314727133332,87.42817843185297,251731
2023-06-16,85.79498291015625,86.52917234191175,85.29304016531266,86.04221048861926,534597
2023-06-19,83.69731903076172,86.51420136976861,83.15791542162033,86.51420136976861,1208956
2023-06-20,82.96312713623047,84.42401282172347,82.5061327424611,83.53249823130183,942628
2023-06-21,82.52110290527344,84.20673594172186,81.9592252264573,83.15789646478866,785920
2023-06-22,82.81330108642578,83.01557459021984,82.07162395155841,83.00059369634197,374967
2023-06-23,82.21395874023438,83.27029175606097,82.11656864512871,83.12045424545617,518618
2023-06-26,87.6978759765625,88.3196887149723,82.9331522761516,82.9706130785005,1653301
2023-06-27,88.05748748779297,88.21481258230857,86.52917922086317,87.72785069030327,634357
2023-06-28,88.05748748779297,88.05748748779297,88.05748748779297,88.05748748779297,0
2023-06-29,88.05748748779297,88.05748748779297,88.05748748779297,88.05748748779297,0
2023-06-30,88.05748748779297,88.05748748779297,88.05748748779297,88.05748748779297,0
2023-07-03,94.66515350341797,94.66515350341797,94.66515350341797,94.66515350341797,1228586
2023-07-04,96.12603759765625,97.91655412449828,93.45899320769222,96.60550612358877,2793050
2023-07-05,96.23843383789062,99.37744818617793,95.5192252298588,96.26090803519477,2344670
2023-07-06,98.45596313476562,98.51589813277793,94.78502738439343,96.64297231276315,2008778
2023-07-07,99.17515563964844,99.54974074306885,97.54945766257542,97.54945766257542,932212
2023-07-10,100.47872161865234,100.95070258750937,98.553359803072,98.553359803072,1364905
2023-07-11,100.69599914550781,101.87219076347984,100.00676372917026,100.89826692877746,1108557
2023-07-12,101.1080093383789,102.33664793762752,100.41127514857807,101.13797111480622,2363330
2023-07-13,98.3735580444336,101.87218225037147,98.03643366905641,101.87218225037147,1479699
2023-07-14,98.1038589477539,99.45985550615202,97.95402715808164,98.21624136358271,765791
2023-07-17,99.56472778320312,100.27644870967255,97.50450946884358,98.14130879312732,713747
2023-07-18,101.15298461914062,101.51258318904613,98.51590176649125,99.45236471103966,1867172
2023-07-19,106.98900604248047,107.78312471162246,98.18625523728309,102.26923098404583,6961365
2023-07-20,109.970703125,110.35278729348329,106.39716903055042,107.39356689967164,4382505
2023-07-21,114.86278533935547,116.49597095635143,109.9781922309317,110.13551157788902,5339438
2023-07-24,116.80316925048828,117.69468392759201,115.3347901179467,115.37225092726183,2244184
2023-07-25,117.2751235961914,117.9194105656397,116.04648465810773,116.87057662999482,4489252
2023-07-26,118.43632507324219,119.55259288927856,116.83310115496701,117.24514708917044,11699667
2023-07-27,118.43632507324219,118.43632507324219,118.43632507324219,118.43632507324219,0
2023-07-28,118.43632507324219,118.43632507324219,118.43632507324219,118.43632507324219,0
2023-07-31,117.8697509765625,118.90982100172953,116.42606726869184,116.42606726869184,2217659
2023-08-01,119.04174041748047,120.85022631416929,116.89174808767144,117.86972255324804,2723420
2023-08-02,117.76884460449219,119.91109182223053,117.35747344758747,117.97841484176485,824565
2023-08-03,113.18942260742188,118.3665002461517,112.5917654867282,117.97841336009874,959295
2023-08-04,111.28779602050781,113.83364497201431,110.70566570824008,112.93328057994039,842918
2023-08-07,108.91268157958984,112.87115970058305,108.58667825628406,110.72892490016798,1530950
2023-08-08,109.89065551757812,110.60473378112421,108.66429985513957,109.05238664033651,640049
2023-08-09,113.65509033203125,114.4623174783229,109.44823099785873,109.47928457304545,969084
2023-08-10,115.680908203125,117.20221367117534,114.01213969949929,114.87369286976126,1548098
2023-08-11,116.65890502929688,119.91883207626836,114.01990744386639,114.01990744386639,2784583
2023-08-14,116.65890502929688,116.65890502929688,116.65890502929688,116.65890502929688,0
2023-08-15,116.51918029785156,117.97839049653476,115.2617828206277,116.73650796444656,2800475
2023-08-16,116.29409790039062,117.20221963795842,115.64987235798546,117.20221963795842,1082515
2023-08-17,117.101318359375,118.36648523739672,114.5632389737144,116.2941029498666,641023
2023-08-18,115.71971893310547,117.9783869466885,115.64986615168807,117.20221334835503,921604
2023-08-21,111.59048461914062,117.19445910078691,110.37188635136044,115.80510168919716,2020335
2023-08-22,111.44300842285156,112.54517352860502,110.1312731260803,112.54517352860502,746802
2023-08-23,111.43526458740234,112.23472255661767,109.28526010692023,110.60475303762226,603399
2023-08-24,113.58523559570312,114.29155637566943,111.43524336808979,111.43524336808979,2229931
2023-08-25,113.98888397216797,114.8659641501577,113.32137403493563,114.09754782969546,291942
2023-08-28,113.67062377929688,114.39247140131945,112.62279650299695,114.09752163710921,1437075
2023-08-29,114.05094146728516,114.48559675322383,111.77674684436337,111.77674684436337,542710
2023-08-30,113.67839050292969,114.679649234357,113.3368722244679,113.53867309652749,1143095
2023-08-31,107.9580078125,115.64989278585848,106.72389434936605,114.47010532851516,7219945
2023-09-01,109.94499206542969,110.59698692819904,105.63723781090356,108.04336900407141,574015
2023-09-04,110.30206298828125,110.90747762564155,109.4482670415051,110.58924351425473,401698
2023-09-05,109.3395767211914,110.60474354250019,108.70312049590204,110.60474354250019,249598
2023-09-06,111.31884002685547,111.45855746325086,108.6643271700606,110.12353763911237,790466
2023-09-07,109.77423858642578,112.5451843267856,109.24644616548328,111.7534838519013,583034
2023-09-08,109.50257873535156,110.79878729510062,109.0523966021831,110.60474388477645,936821
2023-09-11,107.53885650634766,110.13127353269711,107.11195865027946,109.59571184449061,962373
2023-09-12,109.99934387207031,113.63183130664443,107.11197659888356,107.88039286856875,4179712
2023-09-13,109.84408569335938,110.90743968225627,109.46375638473594,110.6047324671376,422820
2023-09-14,110.15455627441406,110.6047383851982,107.9735103457733,110.21665158384663,175182
2023-09-15,108.19086456298828,111.38093932685521,107.74845165945926,110.0614462470782,1066604
2023-09-18,109.0523910522461,110.02260805449028,107.73289829788786,108.6565467789794,1155364
2023-09-19,110.79103088378906,110.99283176881045,108.74193292487291,109.44048447134456,1244220
2023-09-20,111.34210968017578,111.45854283580361,109.75095130102386,110.98507642724563,421166
2023-09-21,113.3834457397461,113.83362786814172,109.06015291869352,109.06015291869352,1379989
2023-09-22,114.01215362548828,114.86594942768117,113.32135951043065,113.90348978188834,968761
2023-09-25,113.25151062011719,114.48562399567136,112.85565444207336,113.9423047589624,311402
2023-09-26,113.32910919189453,114.17514746261551,112.55293554998272,113.32135171912458,326292
2023-09-27,111.93199157714844,114.09751054576859,111.45852524332182,114.0819837587749,300230
2023-09-28,111.93199157714844,111.93199157714844,111.93199157714844,111.93199157714844,0
2023-09-29,111.93199157714844,111.93199157714844,111.93199157714844,111.93199157714844,0
2023-10-02,112.1570816040039,113.32134196667523,110.30202723321969,112.46754629666205,258741
2023-10-03,111.76900482177734,113.2980678491084,111.3809179994795,112.93326528867085,661523
2023-10-04,114.32262420654297,115.64212903069904,112.15710469721884,112.15710469721884,887818
2023-10-05,115.22296905517578,115.843910306585,114.48560650064515,115.18415800631222,682523
2023-10-06,115.2152099609375,115.64210780548883,114.87369168529642,115.06773508341347,182460
2023-10-09,117.06250762939453,118.98741483452292,114.64083795226477,115.24625241067992,1305233
2023-10-10,118.49842834472656,118.83218916894532,116.8141329650515,117.2022197855334,849528
2023-10-11,118.79338073730469,118.94861310022597,117.31864368087723,118.74681221277532,240518
2023-10-12,120.12065124511719,120.30693721800793,118.44412486298891,118.73906284905912,1351661
2023-10-13,121.91358184814453,122.48018520797265,118.87874050823702,118.87874050823702,1152395
2023-10-16,121.059814453125,122.93039593599279,120.11288157978409,122.92262661907417,825199
2023-10-17,119.63163757324219,121.47116516636267,119.37549887084445,121.06755158893573,456163
2023-10-18,121.40133666992188,122.51902874268934,119.15042573352316,119.15042573352316,1090749
2023-10-19,123.21756744384766,123.56684321908897,120.3224430336221,120.3224430336221,658091
2023-10-20,122.9226303100586,124.1877972848084,122.63544981874828,124.03256490689664,510210
2023-10-23,122.3327407836914,123.7220865347798,122.11541308903479,123.41162178340497,515382
2023-10-24,122.48019409179688,123.24859836119009,116.42603775960369,123.24859836119009,704174
2023-10-25,122.14644622802734,125.74013409738787,121.96792960072742,122.63543942831656,5561097
2023-10-26,123.00801849365234,124.07138463580158,122.63545839192501,123.00801849365234,3116506
2023-10-27,124.23433685302734,124.57585511090315,122.79842288773666,123.13992930214397,2640864
2023-10-30,126.61722564697266,127.05963851894762,124.18004058383188,124.96397179542055,2308002
2023-10-31,130.09446716308594,130.3971744156692,126.6715384922418,126.6715384922418,2232153
2023-11-01,129.62100219726562,131.56143636189535,128.84482853141373,130.63003033156713,1322108
2023-11-02,129.20187377929688,130.70764074428808,129.00006104611938,129.62100234821807,1209897
2023-11-03,125.26866912841797,126.82590049931812,124.41781378097663,125.99110249281787,1015949
2023-11-06,125.80646514892578,126.18373302236547,124.41780533180444,124.62650175721639,390276
2023-11-07,126.75365447998047,127.10684247399568,126.02319860582735,126.02319860582735,7678809
2023-11-08,128.28680419921875,129.51492736796897,125.82252306767523,126.82589247012879,8071765
2023-11-09,128.28680419921875,128.28680419921875,128.28680419921875,128.28680419921875,0
2023-11-10,128.28680419921875,129.24200158189873,127.62858799209162,128.43128351405448,2376957
2023-11-13,128.84869384765625,129.23398428436025,128.12626049965385,128.20653495437483,1370793
2023-11-14,126.8580093383789,129.6353415496245,126.03926863147971,129.6353415496245,1034203
2023-11-15,126.82587432861328,127.78910636755305,124.41778810718391,126.85797675570865,1255007
2023-11-16,127.56438446044922,127.70887603882848,125.22051475657997,125.22051475657997,992638
2023-11-17,127.5001449584961,128.4312746391888,126.82588370619895,127.8292530393176,700772
2023-11-20,129.5791473388672,130.4380375266223,126.92222681110793,126.92222681110793,962318
2023-11-21,131.7223358154297,132.44475686268896,130.0286478286531,130.0366703742764,1517730
2023-11-22,131.9551239013672,132.36449423160877,130.84740009838578,132.36449423160877,871776
2023-11-23,132.33238220214844,133.00664349065147,130.0366725547735,130.04469510053136,825468
2023-11-24,132.56515502929688,134.45149432657598,131.24873491805565,132.4447556052838,1090353
2023-11-27,138.07969665527344,139.10714601450314,132.44477027238116,133.08692918394036,1927325
2023-11-28,148.42642211914062,148.4344446644931,138.07967801318358,138.07967801318358,4390794
2023-11-29,148.2819366455078,151.22782766788038,147.71202969809454,149.46993480706814,2294335
2023-11-30,145.71331787109375,151.70143188490928,144.48519469603042,148.4986723264757,2092879
2023-12-01,146.0424346923828,147.59966606563938,142.96008662780045,147.59966606563938,604374
2023-12-04,145.08718872070312,148.17757080710217,144.49318973513715,147.6959486838693,511747
2023-12-05,145.61700439453125,146.49193961486384,144.48520071603008,144.52533794363922,306817
2023-12-06,146.78089904785156,147.69597142435865,145.29590747937476,146.49192817905137,590588
2023-12-07,147.06985473632812,148.41837715276245,145.6089432036976,148.09730388641904,1395098
2023-12-08,152.5522918701172,153.7161979690757,148.0973291138092,148.41840243484532,3522859
2023-12-11,149.6063995361328,154.1095220316919,149.30137130974407,152.55229071531446,1036495
2023-12-12,148.00099182128906,149.7027022654311,147.49528976553867,149.30937708338516,609660
2023-12-13,145.75344848632812,149.94351992232367,140.47171069443792,149.26122385682908,809724
2023-12-14,143.9955596923828,147.67992946722705,140.47172658400206,145.68924785712213,1274988
2023-12-15,143.21693420410156,145.27183278987903,140.56001397413954,145.27183278987903,1280393
2023-12-18,140.9212188720703,144.4049143741265,140.80081944731586,143.6824933292773,438082
2023-12-19,138.8984375,142.87981295813734,136.65892222540947,140.47172622288784,1038049
2023-12-20,139.2676544189453,139.6690021262045,136.54651745365427,139.25159708117013,654238
2023-12-21,139.23558044433594,140.4717262461102,136.8595961426388,140.4717262461102,351453
2023-12-22,137.05224609375,139.6610066974418,136.49838419049098,139.6610066974418,600728
2023-12-25,137.05224609375,137.05224609375,137.05224609375,137.05224609375,0
2023-12-26,135.7679443359375,137.6623065959305,132.56518422212176,136.4582630980069,775215
2023-12-27,137.79872131347656,140.0221910568754,132.88622926135216,136.3779469902633,825070
2023-12-28,140.1265411376953,142.71120904411842,138.22414472071372,138.70576685750495,902374
2023-12-29,142.75135803222656,143.52195106498968,139.75730738824802,140.35130643950626,427117
2024-01-01,147.95285034179688,148.41840298457498,141.65970789198596,141.65970789198596,720201
2024-01-02,148.4906463623047,150.07195749215137,147.4952995235289,150.07195749215137,646424
2024-01-03,148.5629119873047,150.2485654990441,146.4919557458846,149.2211160495562,495480
2024-01-04,148.24179077148438,149.18095523235004,146.53205778083907,148.57089884764,759786
2024-01-05,147.41500854492188,149.21305068970725,144.5734721557708,149.18094826219323,383176
2024-01-08,144.0196075439453,148.41837491701997,143.60220250545856,148.41837491701997,639782
2024-01-09,144.18017578125,146.0825726296006,143.36143511047888,145.28789959815066,610880
2024-01-10,143.36141967773438,145.1193125156219,143.04033413224536,145.1193125156219,420920
2024-01-11,144.2845001220703,144.8704643425945,143.04835457836506,144.16410070968863,233138
2024-01-12,144.63771057128906,146.4919352994835,144.48519645976452,145.2878919956521,341669
2024-01-15,144.31663513183594,146.07454043845254,144.00358434080576,144.68588049343796,156973
2024-01-16,144.00357055664062,145.27183094069164,143.64236002436013,145.27183094069164,661283
2024-01-17,146.9655303955078,147.6397917412809,143.28116063307348,144.48520399973796,2997560
2024-01-18,147.06985473632812,148.08928134161647,142.87978369529858,148.08928134161647,912688
2024-01-19,146.71669006347656,148.6592118037029,145.88991463576508,147.69597960374566,565293
2024-01-22,146.12269592285156,147.09396295007625,145.13538380293133,146.09861603564588,251534
2024-01-23,147.77627563476562,149.30139248670844,146.09863239983204,146.89330551111638,612716
2024-01-24,148.338134765625,148.73948252622023,147.04579448658194,148.4585341945389,772934
2024-01-25,148.09732055664062,148.88395872144005,146.9012998457882,148.41037131341926,647546
2024-01-26,147.04579162597656,149.22108958711422,146.09058201463657,147.89664690218015,496419
2024-01-29,146.84512329101562,148.29800025122702,145.37618899060158,148.29800025122702,787771
2024-01-30,144.5493927001953,147.29460956675564,144.28450174182194,147.28658702189344,779939
2024-01-31,146.1387481689453,146.89328393685145,145.27183551527625,146.05045116954858,529567
2024-02-01,146.5080108642578,147.69599697566326,145.28791006845137,147.25451192637507,513382
2024-02-02,146.61233520507812,147.2946313120554,145.49658889651002,146.89328354281275,360928
2024-02-06,148.01705932617188,149.22110269026166,146.41166817405218,146.8932904189531,674476
2024-02-07,149.29336547851562,149.70273584279516,148.31407582451664,148.48263504879978,285861
2024-02-08,149.29336547851562,149.29336547851562,149.29336547851562,149.29336547851562,0
2024-02-09,147.81637573242188,149.0605562433038,146.09058525640484,146.09058525640484,608053
2024-02-12,145.88189697265625,147.695984547433,144.4932248210062,146.88526643289697,498070
2024-02-13,149.6224365234375,151.5408782813665,144.72600131504632,145.68923346684775,1406257
2024-02-14,149.29336547851562,150.82650483189397,148.98031467096928,150.5857059400609,929471
2024-02-15,146.1387481689453,150.10406609940557,145.16749342374337,150.10406609940557,931795
2024-02-16,145.9782257080078,147.1341093586522,144.88655917663957,145.28790698599315,511264
2024-02-19,144.50926208496094,146.08255056923042,144.09185701800607,145.0069293486867,794224
2024-02-20,143.78684997558594,145.28788665308738,143.48984430947903,145.28788665308738,518057
2024-02-21,146.86119079589844,148.48262707189522,144.8062797933995,145.28790204751823,1964122
2024-02-22,149.19700622558594,149.66257107775135,146.29125248251893,147.69596958454588,688257
2024-02-23,151.5569305419922,151.86998128704093,148.58695973673173,148.58695973673173,722636
2024-02-26,152.98574829101562,154.19782646069737,151.70144270655402,151.70144270655402,1227411
2024-02-27,151.13148498535156,153.3067948517337,150.9950282406943,153.3067948517337,979969
2024-02-28,151.13148498535156,152.91346970666785,150.90673125907378,151.6050723194255,1204394
2024-02-29,154.3021697998047,154.9202488334444,151.14758201096714,151.14758201096714,830766
2024-03-01,154.63128662109375,155.8032276372691,154.1175619046714,155.00053200234893,584076
2024-03-04,155.72293090820312,156.5256264283485,153.75632933347927,156.10822132838766,741062
2024-03-05,156.81460571289062,157.97048928357668,155.72293925703852,156.52563482021912,806734
2024-03-06,156.92697143554688,158.0587750386561,156.52562368251478,156.68616033409535,2785770
2024-03-07,152.7725372314453,154.85388795857529,151.9713827381413,152.79731416606597,939640
2024-03-08,151.0215606689453,154.44917091829285,150.7324796395104,153.04509006685095,2152131
2024-03-11,150.32777404785156,151.06285251160466,149.4935878460191,151.06285251160466,241680
2024-03-12,150.06349182128906,150.5507883672517,148.8741484799663,150.5507883672517,116022
2024-03-13,149.04759216308594,150.31126624921316,148.6676581581545,150.31126624921316,1018444
2024-03-14,148.37857055664062,149.49358298462772,147.44527664707866,149.49358298462772,880930
2024-03-15,147.296630859375,149.3201606536007,146.68544957289697,148.04823160094082,241422
2024-03-18,148.48593139648438,148.6676372947282,147.51133849018723,147.84170597642415,282512
2024-03-19,149.67529296875,150.31126369102927,148.02343012843951,148.66765562794353,9031380
2024-03-20,148.68418884277344,150.31127486970297,148.1721027543482,149.28711529556676,4451128
2024-03-21,147.64349365234375,149.4935845394216,147.1231654362227,149.47706238253602,405499
2024-03-22,145.47958374023438,147.84174849402405,144.28198550482026,147.84174849402405,631379
2024-03-26,147.51962280273438,148.13081663762867,145.77690686807824,146.97450499885952,757753
2024-03-27,149.91481018066406,151.14545255538698,147.5278688384061,147.5278688384061,2484510
2024-03-28,150.14608764648438,151.81447286976677,148.6924526872444,150.31953881338674,8739676
2024-03-29,150.55078125,151.0958990227883,149.1962541981316,150.26170020611463,4231135
2024-04-01,150.2451934814453,151.2363087034574,149.9065585614211,150.31952428748562,557715
2024-04-02,149.71658325195312,150.4846933782045,149.08886734382932,149.50183302961074,297945
2024-04-03,149.5183868408203,150.31954144906828,149.49360990264483,150.31128667058155,240902
2024-04-04,149.7578887939453,150.15433234061817,148.6676532872035,149.9065503979302,304230
2024-04-08,153.4332733154297,154.01142275080403,150.31950853837526,150.31950853837526,471334
2024-04-09,155.86151123046875,159.56168016458903,152.87989854087013,154.4491630710958,2029359
2024-04-15,159.52867126464844,159.81775234356522,154.6722023989383,154.6722023989383,820119
2024-04-16,159.33868408203125,161.81647828057504,158.5788287068034,159.04961565382894,1398950
2024-04-17,161.197021484375,164.0299725931919,158.29800695736407,159.81771763007401,3439247
2024-04-18,160.8914337158203,161.79995066299568,158.29800971298235,161.4695831554251,1789956
2024-04-19,163.12969970703125,164.05475140761996,160.2389399234556,160.2389399234556,1439054
2024-04-22,167.375,169.10120627451363,163.53442387433955,163.53442387433955,1888627
2024-04-23,169.32420349121094,170.4805150928347,167.66408579933736,167.66408579933736,1072960
2024-04-24,169.8693389892578,172.55361650484176,169.31596636760173,169.72893213923,1697458
2024-04-25,170.04754638671875,170.95556874895985,164.25143387605743,166.3729971838107,2590036
2024-04-26,170.12391662597656,172.48309394761853,168.1381365119029,170.0475434559725,1100319
2024-04-29,168.79156494140625,170.57368322937052,167.60349471542625,170.07299741620713,1250468
2024-04-30,164.3362579345703,170.4887903775226,163.8695244532644,169.72503290902893,1281960
2024-05-02,162.9784698486328,164.63328637445377,162.29956710883653,164.63328637445377,600297
2024-05-03,164.8199920654297,165.10003994327005,162.51173041989088,164.57388349899728,284099
2024-05-06,167.07733154296875,167.9938483020045,165.7789360382496,166.20324863322955,295231
2024-05-07,166.69544982910156,167.9429299689542,165.9147161614716,167.68835275591778,169181
2024-05-08,165.45645141601562,167.17915948545394,164.37869381798032,167.14522017600854,538672
2024-05-09,164.93882751464844,166.2457048875519,164.2090091781192,165.5752965424706,183071
2024-05-10,165.49041748046875,166.3305612012355,163.7846852644819,165.49041748046875,251080
2024-05-13,166.57664489746094,167.1791745235039,165.05761139503304,165.4819240207272,367453
2024-05-14,169.470458984375,169.72504914789556,166.50027062428683,167.16219728004413,962731
2024-05-15,174.53675842285156,175.41084141851678,168.87642940326464,169.7250546766479,2962612
2024-05-16,182.0640411376953,182.45441441959167,173.97664417631842,174.05303028405405,2740285
2024-05-17,181.54638671875,183.76979359580744,176.68376784405513,182.45442191776445,5154062
2024-05-20,180.12918090820312,182.3610693355362,179.6963867163561,182.3610693355362,2456232
2024-05-21,182.88722229003906,183.30305332264015,177.4475442988755,181.82644073145897,2974726
2024-05-22,184.08380126953125,184.788161832923,182.66659855125914,183.9310549287689,716766
2024-05-23,181.65672302246094,185.29733267815126,180.00190633759897,183.32003424736962,1104945
2024-05-24,188.14871215820312,188.47967549175954,181.6991550003416,182.36956325841965,2645450
2024-05-27,187.76681518554688,188.18264621311204,184.15167633932498,188.18264621311204,2971497
2024-05-28,187.76681518554688,187.76681518554688,187.76681518554688,187.76681518554688,0
2024-05-29,187.78379821777344,190.07508385097253,185.84893364316142,190.07508385097253,1671387
2024-05-30,187.8262176513672,189.22644405610495,185.0087757631281,189.15855248601562,1091586
2024-05-31,189.52345275878906,189.9223076077488,185.0087608297095,186.70601109796644,661174
2024-06-03,188.02992248535156,189.24345050400763,185.76408143621933,189.24345050400763,1168893
2024-06-04,187.78379821777344,189.2434347142694,186.9181968189226,189.2434347142694,499092
2024-06-05,186.68907165527344,188.39480373011108,185.9337957078287,188.39480373011108,803153
2024-06-06,185.4925079345703,188.38632313290503,185.4161347701435,186.0101698528971,853358
2024-06-07,184.06680297851562,187.86865324484432,174.81679336362956,187.86865324484432,1049677
2024-06-10,183.1927490234375,184.99184355958425,180.35834347979426,184.57601247902775,649465
2024-06-11,185.4755401611328,186.26476840941885,184.1516867887761,184.1516867887761,403020
2024-06-12,185.88287353515625,187.12187212752625,183.38792611727752,183.38792611727752,638418
2024-06-13,197.25445556640625,198.4934411823853,185.04273871305804,185.04273871305804,1922283
2024-06-14,203.50881958007812,203.92465061513414,196.0324331829067,199.00262156446587,1657876
2024-06-20,220.8038330078125,220.8038330078125,203.67008503260533,203.67008503260533,3194262
2024-06-21,225.4373016357422,239.33778793878517,221.10930750542653,229.128826802717,2106556
2024-06-24,219.649658203125,227.4315630040108,217.23957859222244,227.4315630040108,1689230
2024-06-25,218.58888244628906,221.83063714567191,217.9269557813145,221.83063714567191,1476823
2024-06-26,218.22396850585938,220.4728201423868,217.24805468977988,219.75150942918864,521014
2024-06-27,220.81231689453125,223.18845741273347,218.94533084595147,219.79395615930787,516921
2024-06-28,217.4517364501953,222.9338744809361,216.3315577986678,222.3313318772985,1531160
2024-07-01,219.8702850341797,226.24346814088673,216.3994113095609,218.05424069641586,1920439
2024-07-02,221.50814819335938,222.33981024196717,220.22674170679431,220.64255978210483,473267
2024-07-03,222.1022186279297,223.17149481290943,219.08111457632563,222.9338807604683,715866
2024-07-04,222.69625854492188,224.46138774149816,221.07538114383146,222.33982453033087,569881
2024-07-05,222.41616821289062,228.68752066475443,220.55767701444563,223.85884136442735,1554094
2024-07-08,224.0031280517578,224.8008379095683,222.1022156576506,224.8008379095683,302831
2024-07-09,221.4063262939453,224.03706979308285,220.85472505170384,224.00311753107155,295153
2024-07-10,220.55770874023438,222.33133249700995,218.94532586116463,220.6510709895324,298774
2024-07-11,219.00473022460938,220.64257078453127,217.24806969553848,219.80244005236173,332189
2024-07-12,217.3413848876953,219.79392411678828,214.7021729789476,218.09667373750804,581807
2024-07-15,220.8038330078125,223.18846818156334,219.0302091250791,219.43753272043034,322315
2024-07-16,220.8038330078125,220.8038330078125,220.8038330078125,220.8038330078125,0
2024-07-17,220.8038330078125,220.8038330078125,220.8038330078125,220.8038330078125,0
2024-07-18,226.59141540527344,228.1953035129921,220.64254466371577,220.80378551819342,965496
2024-07-19,221.61001586914062,227.4315728016103,219.79394535678009,224.89419152673952,2256312
2024-07-22,218.74163818359375,221.4911755234257,216.49277365122074,221.4911755234257,775362
2024-07-23,220.29461669921875,223.05264865103769,218.0966804976814,218.0966804976814,454635
2024-07-24,218.5718994140625,222.28888184826758,217.8845150897079,219.15745286043648,1303580
2024-07-25,216.18728637695312,220.37949726018428,215.55929901887194,218.69074126926705,969448
2024-07-26,218.4021759033203,220.64255893274796,214.87190480163127,217.20562417495842,302866
2024-07-29,225.08935546875,226.54052330857112,218.35126883868642,219.7939421385593,845098
2024-07-30,225.3863983154297,228.1529251789361,223.19695635886845,225.64100145325574,630553
2024-07-31,220.58316040039062,233.37194944552238,219.79394511414654,225.74281654918673,2604068
2024-08-01,215.2113494873047,222.33130123621075,213.93841172523227,222.33130123621075,565213
2024-08-02,217.7996826171875,220.6001617045079,215.72055317853477,216.30610671961134,883004
2024-08-05,214.532470703125,219.62420937074478,213.8535678977777,218.05427334067923,1083166
2024-08-06,214.76161193847656,216.56917503101425,214.32880474600012,214.61733424165473,1239836
2024-08-07,213.12374877929688,217.24806808990084,212.58062912703187,215.97513019093657,875447
2024-08-08,211.41452026367188,211.71819479488278,207.4060905896851,211.71819479488278,1351562
2024-08-09,218.5203857421875,219.07566610890643,206.92889650286804,211.70084170524026,1004368
2024-08-12,216.87188720703125,220.37709181870463,215.62250315093303,217.79156901529038,414977
2024-08-13,216.89791870117188,217.77421655956093,213.4794687214109,215.65720612099256,138454
2024-08-15,216.31661987304688,218.64185226466813,215.2147306408449,216.9065994689168,356504
2024-08-16,212.9936065673828,217.6874552607179,212.55979337376726,217.6874552607179,245638
2024-08-19,213.0543212890625,215.17133167050062,211.7008263209764,213.4360789957385,475391
2024-08-20,217.82627868652344,221.2447287708585,211.74422247730726,213.43609128482822,840446
2024-08-21,220.02137756347656,221.23606247768078,217.34041514087798,217.774228344752,595200
2024-08-22,219.78713989257812,221.24474598200896,218.64186661751472,221.24474598200896,510945
2024-08-23,223.44850158691406,224.71522866675727,218.85875069957345,219.77843252878424,1111470
2024-08-26,220.31634521484375,223.29229713954084,219.50945909144554,222.97996437352373,483077
2024-08-27,219.57888793945312,220.81091582216675,219.16243097996934,220.3163624261507,149117
2024-08-28,219.5094757080078,220.37710209420547,218.64184932181016,220.37710209420547,115297
2024-08-29,218.641845703125,221.15795688588352,217.7742193312872,219.51814357266719,830315
2024-08-30,219.71771240234375,222.1123564796256,217.78289601504378,222.1123564796256,459865
2024-09-02,218.2253875732422,221.24472362403515,217.77421815542283,220.37709725688205,244392
2024-09-03,218.71127319335938,220.36844286056643,217.04543202782185,218.22540450827702,256823
2024-09-04,219.48342895507812,219.9432698407988,217.7742040632761,219.9432698407988,417734
2024-09-05,226.48519897460938,229.03602266496773,218.2080358471638,219.6049148566968,1327601
2024-09-06,225.5481414794922,227.30942193389308,223.86494422026905,226.45048030908265,422637
2024-09-09,221.28810119628906,227.30941688965248,220.37709088931547,225.58284894181898,435258
2024-09-10,225.5655059814453,226.01666214737014,220.38576242037192,222.95394221846047,525791
2024-09-11,225.2791748046875,227.0578246956581,223.08408121464453,225.58284932049756,1135491
2024-09-12,230.68450927734375,232.0813750587048,223.0233534105122,223.11012134525933,1633395
2024-09-13,228.94924926757812,234.2591183810927,226.54590729243355,233.82530519890548,953442
2024-09-16,227.61309814453125,230.77992909133584,225.58285562128236,229.05336109237902,218485
2024-09-17,227.61309814453125,227.61309814453125,227.61309814453125,227.61309814453125,0
2024-09-18,232.59327697753906,234.25913133954393,225.7303753562168,228.18574645296314,1053653
2024-09-19,234.84043884277344,240.33250205906546,229.14012729484608,229.14012729484608,1256457
2024-09-20,241.6947021484375,245.52959616029736,233.82532403495023,234.25913725208372,3085746
2024-09-23,249.91973876953125,251.6116206026557,241.18276227384158,241.2001052673734,1119977
2024-09-24,256.1145935058594,258.55262113728145,248.1844769132867,249.87635868301027,1072648
2024-09-25,258.31842041015625,259.3769256887691,252.47928514269708,256.3836039851099,932622
2024-09-26,254.83920288085938,261.1555214093195,252.52262896428178,257.6850161414215,408343
2024-09-27,250.4490509033203,255.81966067561876,249.0261308348736,255.81966067561876,766485
2024-09-30,252.84368896484375,253.86748172906312,248.26262278004532,251.17783468043723,297166
2024-10-01,251.1865234375,255.85435762977707,250.13667644657707,251.6289948893364,309206
2024-10-02,256.2535095214844,257.68508804840326,250.74407557571897,251.1865735937682,284874
2024-10-03,256.42694091796875,259.8540753746522,254.30127238174947,255.0821307517454,940403
2024-10-04,256.27947998046875,258.55265682075816,255.0821513600768,256.8174040904175,717652
2024-10-07,259.1165771484375,260.27919315902415,254.98669415745036,256.37487499060614,507155
2024-10-08,258.01470947265625,262.41358110256976,256.5050482061416,258.9864466776704,712118
2024-10-09,258.01470947265625,258.01470947265625,258.01470947265625,258.01470947265625,0
2024-10-10,258.4224853515625,260.28787650427273,257.68499773922997,259.42025024925846,454785
2024-10-11,260.123046875,260.28789799529204,257.6850190153391,258.42250668856326,966487
2024-10-14,259.45501708984375,261.1555574922724,258.35311456921363,260.1230799141906,1283927
2024-10-15,259.9495544433594,261.13822495083735,258.2924111831403,259.5070829477929,382107
2024-10-16,255.0214080810547,261.1468480269787,254.21452192587282,260.2792216722829,226678
2024-10-17,253.58985900878906,255.89774855461644,250.75273003519993,255.89774855461644,340633
2024-10-18,253.58985900878906,255.94980402364683,252.9564821651084,254.21455111501194,222654
2024-10-21,256.9475402832031,258.5526543389319,252.08882738931658,254.22320729120372,403252
2024-10-22,256.06256103515625,258.5526443466014,255.61137840120804,257.6850180232907,303310
2024-10-23,255.06478881835938,260.24451888060094,254.64831866296515,256.8173844096684,2471709
2024-10-24,268.6604919433594,269.8317928025426,252.47926593421192,256.8173976512946,9883837
2024-10-25,274.152587890625,278.5080627036827,268.53035952270966,270.56928677265347,1051763
2024-10-28,274.1178894042969,282.1868044058631,273.35437392895983,281.1109561330827,1407476
2024-10-29,276.7467956542969,280.1131903444935,271.51500948762515,274.1699441705417,417220
2024-10-30,273.65802001953125,279.37567427533935,272.43466373433716,276.77279532246354,513819
2024-10-31,270.6300354003906,275.9051922048685,267.22892829905504,275.0375658142872,1028949
2024-11-01,283.1361389160156,287.03989332460077,259.7931780599349,264.85392188228695,1120698
2024-11-04,283.6218566894531,287.4372849570611,273.8889810544039,285.2822760440479,572900
2024-11-05,281.6346740722656,284.990821548319,273.79185783218776,284.990821548319,2001385
2024-11-06,276.5739440917969,282.6238666274124,275.82321905544535,282.6238666274124,259501
2024-11-07,278.3668518066406,280.8574812220742,274.62209401534267,277.3246827161362,480633
2024-11-08,276.46795654296875,279.0910603081668,275.55826207641786,278.64946052919817,315988
2024-11-11,276.8124694824219,277.28056425823195,275.60246321936893,276.6623136699017,373913
2024-11-12,277.54547119140625,279.0910704740951,274.3217980781349,276.4414717037714,337062
2024-11-13,278.826171875,279.96548014633214,274.7192714747299,276.4415217685927,413367
2024-11-14,285.5649108886719,287.923065647671,277.7662703870937,279.0910697689081,1080157
2024-11-15,291.95928955078125,301.1710546358524,287.9230610301697,287.9230610301697,1241097
2024-11-18,288.3028869628906,296.75511501096906,287.039917793348,292.33911627568676,628557
2024-11-19,293.56671142578125,294.97099547621303,287.03985381236964,290.1310522380413,1085615
2024-11-20,294.1319580078125,297.62942083292046,289.68946515385204,289.68946515385204,230743
2024-11-21,294.7767028808594,295.43026195046235,290.5726642203352,294.1054625695186,353620
2024-11-22,296.55194091796875,314.41907979005884,292.789528684554,295.69523616738246,3465164
2024-11-25,305.60467529296875,310.8685636159656,295.03277640719404,296.75502617965896,1632164
2024-11-26,302.9375,336.1634687195714,299.4135417882625,305.58709912536443,5798098
2024-11-27,307.1502990722656,315.30224065564227,302.94628752497283,308.13950521297534,2656424
2024-11-28,296.33111572265625,309.5614552388374,292.8424935259262,307.36229689223654,2157257
2024-11-29,299.8020935058594,301.3653469826557,295.8718447864075,297.6382438597592,665818
2024-12-02,302.38104248046875,304.60672272055433,300.2878637427599,301.1710633420033,972333
2024-12-03,305.33978271484375,307.34463620828444,302.3810585099116,302.9286379779721,1354798
2024-12-04,306.0110168457031,310.8597741789519,304.2622718789528,307.37112486672856,959830
2024-12-05,318.0313720703125,320.6014863939603,304.7038920273176,307.35349108842473,2581424
2024-12-06,331.3323059082031,334.7326295675192,316.6270387861626,321.484636312868,14056879
2024-12-09,324.399169921875,327.6670188969702,307.35343012438176,323.3481603465227,3266009
2024-12-10,315.7879943847656,326.7838397746436,314.8606456207039,326.7838397746436,2957087
2024-12-11,320.93707275390625,321.92625198660716,315.743854829114,315.743854829114,814630
2024-12-12,319.4002990722656,324.1342357357079,317.1569646622645,324.1342357357079,1409947
2024-12-13,305.60467529296875,320.5130868730634,295.07695255319345,318.8350132465979,4946717
2024-12-16,301.5155334472656,305.5870707881918,291.45587676330433,305.5870707881918,2146066
2024-12-17,315.16973876953125,319.05581107785076,298.07982349833804,300.3849611958995,1810833
2024-12-18,308.80194091796875,317.951876424238,305.59592185152604,311.336719620297,1080769
2024-12-19,294.84735107421875,307.77740614889774,287.0840190474391,307.35346063800057,2345091
2024-12-20,305.7460021972656,309.022691810192,293.2310801403996,293.2310801403996,712715
2024-12-23,313.9421081542969,320.1509999850207,307.35344698139454,309.11984610197726,2835857
2024-12-24,322.47381591796875,325.01743493868236,307.3534439094061,314.46318951744524,2507585
2024-12-26,331.08502197265625,331.6326013993127,309.11985274843005,320.69858629531313,2931860
2024-12-27,329.7955322265625,333.39897436759077,327.6670181733275,332.0830157228333,347805
2024-12-30,334.140869140625,339.14862237728335,325.0174297782299,332.08302607775664,1997964
2024-12-31,337.58538818359375,338.26544216315114,331.1998454600044,335.61584339947115,1806809
2025-01-01,337.58538818359375,337.58538818359375,337.58538818359375,337.58538818359375,0
2025-01-02,342.46063232421875,344.44783135124516,339.2369592932205,342.99937112294117,1523011
2025-01-03,342.81390380859375,344.3595030385271,335.6246734061218,343.4674898110814,891133
2025-01-06,340.40277099609375,344.4478129399689,337.6560064721602,342.8227290568818,544509
2025-01-07,338.2389831542969,343.0347509568332,333.84947965844094,340.03187742989354,460187
2025-01-08,330.1223449707031,341.7982447452948,326.92516673545447,338.0446464502883,643961
2025-01-09,328.8858337402344,334.7237694909563,325.9006151212065,330.12230764817525,2182493
2025-01-10,326.7397155761719,330.31666331477885,324.0459405189825,328.54142342437416,575123
2025-01-13,332.0123596191406,333.8494026739574,325.9006073721965,326.7838068501699,1641184
2025-01-14,342.9375915527344,344.44785537172316,329.4423022973206,333.849459821824,2510435
2025-01-15,340.1025085449219,344.44786267184463,337.39110611030776,344.44786267184463,467871
2025-01-16,339.1927795410156,341.7893883983385,337.4705565744151,341.7893883983385,353645
2025-01-17,350.2857666015625,351.24847784632783,337.8238336746148,340.0318325875208,2249881
2025-01-20,350.6125793457031,351.5134332151441,349.73819343245367,351.5134332151441,266871
2025-01-21,346.54986572265625,350.71856894119554,346.21424555987056,350.71856894119554,522587
2025-01-22,344.6510314941406,348.4134439192435,340.95923623313695,346.5499054742749,2609568
2025-01-23,340.97686767578125,347.9364846655435,338.3272689407822,347.9364846655435,535365
2025-01-24,343.4321594238281,344.71278263308,341.8070754435401,341.8070754435401,355831
2025-01-27,340.9238586425781,344.4478161365179,337.832660292635,344.4478161365179,487346
2025-01-28,342.76092529296875,346.78831326293965,340.075990995284,340.48228221250326,1647962
2025-01-29,343.56463623046875,346.2142349674647,340.49109199243316,344.2711851124228,1270497
2025-01-30,345.9139404296875,347.98062415093136,342.858077520817,343.5646263825185,617513
2025-01-31,362.2972717285156,365.6357648744739,347.10625598127564,348.8638144213396,1267359
2025-02-03,365.6623229980469,368.7358675975504,362.6417951763816,363.88710996359987,639052
2025-02-04,363.1451721191406,368.2942136545097,358.5790185700982,366.52781454825305,495419
2025-02-06,362.359130859375,365.635793828951,356.12374383877227,361.22863644934506,1615724
2025-02-07,362.8095703125,364.7614338766877,357.70467771554644,363.87823427892334,1183543
2025-02-10,364.08135986328125,367.41101246058525,359.550541863469,364.7525731925455,388651
2025-02-11,364.5759582519531,370.94381960835864,363.8782230443899,364.08136864872426,268187
2025-02-12,364.33746337890625,367.41100747145083,361.2727599067291,364.71725966426266,130560
2025-02-13,360.6810607910156,365.423838380887,359.5063902167972,365.423838380887,235627
2025-02-14,360.8399963378906,362.11180581211374,358.5790077066297,359.5505325762599,68715
2025-02-17,363.357177734375,364.66432294285596,360.840053296269,362.0942086810521,545470
2025-02-18,366.13922119140625,366.4395058187131,362.111833202766,362.111833202766,389904
2025-02-19,349.1199645996094,370.934977745971,346.373199928943,367.41986071715485,3036988
2025-02-20,350.85986328125,354.6487699598795,349.1199590825677,352.1228321741265,447297
2025-02-21,348.8638610839844,350.85990091417034,347.53906161151355,350.85990091417034,103200
2025-02-24,354.87841796875,357.68698613975204,342.68143403225304,348.8638310379896,470254
2025-02-25,354.1630554199219,362.11185217498246,351.73425641143115,355.2229057685089,199975
2025-02-26,352.4142761230469,355.9294200489832,351.3809477392277,355.9294200489832,302616
2025-02-27,354.1630554199219,358.5702129957868,352.4231510520785,353.2798557804707,343451
2025-02-28,352.8028869628906,357.6958200481989,352.39662271415153,357.6958200481989,199390
2025-03-03,345.2162170410156,354.1630331382786,342.6814385477608,354.1630331382786,1064472
2025-03-04,345.2162170410156,345.2162170410156,345.2162170410156,345.2162170410156,0
2025-03-05,348.43988037109375,352.39662409918725,344.62447875994854,350.6302249808956,477719
2025-03-06,349.6498718261719,351.5134098807603,347.9894524117249,351.5134098807603,374154
2025-03-07,349.2789001464844,351.5133937573199,347.9894364499236,350.63019427551757,945838
2025-03-10,356.19439697265625,357.563372559398,348.8638508871588,348.8638508871588,825041
2025-03-11,346.76568603515625,352.7918097806134,344.29437112684303,352.7918097806134,1390416
2025-03-12,345.6285400390625,347.4193614900421,344.74209216507296,347.4193614900421,323480
2025-03-13,345.7807922363281,348.77146095638494,344.33020382201755,347.41938193707466,426948
2025-03-14,345.7449035644531,348.314727645655,345.180790507455,348.314727645655,489766
2025-03-17,346.6582336425781,348.31474883871215,344.73310617713156,346.5239275079218,97682
2025-03-18,345.5390319824219,348.3237738582175,344.7242048523907,348.3148110057191,1001456
2025-03-19,347.0074462890625,349.2101488072481,343.8287221288201,344.91218867531074,671046
2025-03-20,344.56304931640625,349.64004089334065,343.39006328109053,349.192335465334,273795
2025-03-21,342.4319152832031,345.62853811357746,341.7424588656929,344.56299717011933,255577
2025-03-24,341.21417236328125,345.60167946129206,340.2560763270185,343.3900138721358,222961
2025-03-25,338.59063720703125,343.6138784439409,337.2475210697911,342.94232037532083,430282
2025-03-26,358.1822204589844,359.937245311731,339.8084005735492,340.2740043549765,1608096
2025-03-27,367.9153137207031,370.70002786681323,354.6721818855511,358.1642781321867,554546
2025-03-28,367.9153137207031,367.9153137207031,367.9153137207031,367.9153137207031,0
2025-03-31,367.9153137207031,367.9153137207031,367.9153137207031,367.9153137207031,0
2025-04-03,398.0906677246094,404.70776637757876,363.5367696698145,368.0138234834821,1414936
2025-04-04,431.7491760253906,437.90064389257475,399.35321961150305,399.35321961150305,5855977
2025-04-07,427.0482177734375,431.5879565719109,390.4886109859215,431.5879565719109,3178664
2025-04-08,412.01434326171875,428.901778023259,410.0981510118009,427.11095640312016,1508984
2025-04-09,403.8302307128906,411.79938057666135,394.4373810975389,410.9756180248646,671384
2025-04-10,410.0264587402344,421.2907127452404,408.30725826106186,416.3659541477934,1301134
2025-04-11,395.5386962890625,413.6349654060977,386.8174052030351,409.20267170784035,1117598
2025-04-14,423.2069396972656,428.9017388123094,398.43987567590125,398.44881120166184,1413079
2025-04-15,425.37384033203125,431.58799329289076,423.2606840206589,424.42470709715815,1131848
2025-04-16,429.0628662109375,464.71812464454644,402.03937950944385,430.6925201426336,8373095
2025-04-17,443.40740966796875,446.76519994516224,424.42469103726114,428.6957904325751,10968701
2025-04-18,486.0021057128906,487.74811293780516,444.1237278392361,445.91454932245887,3976638
2025-04-21,494.3652648925781,519.3382862929303,490.68513946297554,491.1328448821936,2677984
2025-04-22,474.6034851074219,496.9439938196135,467.4044024907374,496.9439938196135,910369
2025-04-23,464.4853515625,490.65818961197846,462.0319349159128,474.7467781636729,1084032
2025-04-24,458.0204772949219,473.58274715819556,444.5803810972471,452.1824092933998,1395244
2025-04-25,454.6626892089844,468.7475096022161,449.49617921740685,458.88902887951735,838859
2025-04-28,217.3784942626953,228.52169714628755,216.2424441568758,226.30392147829926,2362200
2025-04-29,430.0951232910156,438.11532082216655,424.0935390126314,430.5205757585252,2716568
2025-04-30,417.34063720703125,438.1243811045994,387.4413649486322,420.97053323242966,5533339
2025-05-01,417.34063720703125,417.34063720703125,417.34063720703125,417.34063720703125,0
2025-05-02,450.85174560546875,457.1339450002236,425.4513943566438,425.4513943566438,2001263
2025-05-05,441.0754089355469,461.6600050255108,437.21918123004264,454.4182794564832,1402293
2025-05-06,444.10784912109375,463.3798985798499,441.07539870936233,441.07539870936233,1609391
2025-05-07,432.54827880859375,441.7362128942485,416.3992335862478,416.3992335862478,2017389
2025-05-08,405.5818786621094,447.1765506478745,389.2970572467313,439.02960944173907,2983445
2025-05-09,412.6426086425781,420.7442730984092,392.8726998108449,408.2523066930534,2542931
2025-05-12,453.9113464355469,453.9113464355469,453.9113464355469,453.9113464355469,378056
2025-05-13,448.317138671875,470.7121663622673,445.8187344873397,470.7121663622673,2054083
2025-05-14,452.4539489746094,462.54712608049414,443.61000157363594,447.1674926273293,2205841
2025-05-15,466.6025085449219,470.6126074997246,452.83415774187694,454.3187247623857,1753578
2025-05-16,469.6168212890625,484.7429951452113,462.5652110536003,468.90172079406057,1468869
2025-05-19,466.7020568847656,470.6125952701032,462.5652145784014,469.6168248675977,428531
2025-05-20,461.2164306640625,468.79308116873193,457.5865070991057,466.66584650970657,185440
2025-05-21,466.85595703125,472.432116931118,461.6690885196712,461.6690885196712,766793
2025-05-22,467.1546936035156,479.76434223257365,466.1861061316518,467.09132187171326,976394
2025-05-23,467.6072998046875,474.3330460993423,462.5652415205418,465.2808887310342,351373
2025-05-26,465.2356262207031,471.6173859401462,463.57906599778966,467.9965230922372,253548
2025-05-27,456.94384765625,469.49015180770823,455.55886871988685,465.28087664082835,1020483
2025-05-28,456.94384765625,456.94384765625,456.94384765625,456.94384765625,0
2025-05-29,462.3660888671875,466.1861003478531,457.14300405683093,457.14300405683093,782913
2025-05-30,461.2979431152344,465.2718258185689,458.9443766841634,464.3756710827925,550714
2025-06-02,460.75482177734375,466.1861163366052,459.84960601746684,461.66003753722066,380916
2025-06-03,463.8778076171875,466.19515765465036,458.5008240204985,461.66001804911184,695473
2025-06-04,464.511474609375,472.52261173126215,461.6600229558308,465.2808858809746,799020
2025-06-05,464.6110534667969,467.99655159579,461.2074333424661,466.18612006157025,805913
2025-06-06,464.6110534667969,464.6110534667969,464.6110534667969,464.6110534667969,0
2025-06-09,464.6110534667969,464.6110534667969,464.6110534667969,464.6110534667969,0
2025-06-10,232.21046447753906,233.0930553577757,231.3278874097986,233.08852485903213,2493730
2025-06-11,233.44155883789062,235.92184100742972,232.84411316293048,233.09304195458284,3708298
2025-06-12,470.89324951171875,477.0396446335562,467.0913322688358,467.0913322688358,965451
2025-06-13,468.5668029785156,473.8804146695201,461.75052992408547,461.75052992408547,1156413
2025-06-16,234.2834014892578,234.2834014892578,234.2834014892578,234.2834014892578,0
2025-06-17,233.7538604736328,236.25676752253867,232.9119888764958,235.35608231981328,1192344
2025-06-18,233.50489807128906,237.61005448615492,232.6902094860599,237.61005448615492,1276250
2025-06-19,471.9794921875,473.33731574931676,467.1094272591186,470.71216809647814,381538
2025-06-20,474.5049743652344,475.4645007049684,470.712118736951,473.2376504071059,718562
2025-06-23,474.5049743652344,474.5049743652344,474.5049743652344,474.5049743652344,0
2025-06-24,247.1601104736328,248.93432556813895,239.20325647774806,239.88216827475208,4642454
2025-06-25,245.39495849609375,248.7985788909622,241.7831561382381,248.7985788909622,1719096
2025-06-26,245.0147705078125,246.22775635375748,243.8651287722948,246.21869535584204,2312353
2025-06-27,247.11480712890625,250.74473066187787,243.05039777153144,244.86082903984826,3773073
2025-06-30,249.79428100585938,250.74474643150603,247.12388366715217,247.12388366715217,1848550
2025-07-01,262.349609375,264.23244579398016,249.7942725829592,249.83952231599162,4188933
2025-07-02,276.805908203125,277.44860359554326,261.607329328261,262.0599371644691,9197607
2025-07-03,280.4720458984375,282.87992311902576,275.19465020772566,277.9012364721309,2884914
2025-07-04,296.4490966796875,298.6306699488911,279.71166632746855,280.4720442413209,3748255
2025-07-07,297.87933349609375,306.3612000844987,295.1184090688443,297.3633539232156,5204344
2025-07-08,298.7574157714844,304.1524939409146,294.1951206273728,297.36337577259064,3515444
2025-07-09,298.8026428222656,301.3462966928678,296.00552966429,298.75739308790946,1098739
2025-07-10,302.0614013671875,304.1524472319078,297.81593791457635,301.3010235641063,1555566
2025-07-11,309.32122802734375,311.84678739318827,298.26855281873884,302.3420231910737,6871072
2025-07-14,326.1853942871094,328.38506162107154,311.30364723452095,311.30364723452095,3934746
2025-07-15,334.9841003417969,343.98194608896523,327.6880644321195,328.5932800797221,4612685
2025-07-16,328.48468017578125,341.2572605415409,326.3755121084787,334.92981158961527,2562688
2025-07-17,337.73602294921875,338.55071165011594,325.87769035840034,326.77384516688784,1937340
2025-07-18,345.4879150390625,347.7912820446218,337.6434756340254,339.0310515612885,2788781
2025-07-21,341.82470703125,346.801484059748,339.9561148756598,345.94119372798906,697674
2025-07-22,338.5870361328125,344.09109891244805,333.01824126129765,342.2687479630004,1895384
2025-07-23,338.6517639160156,341.3436644951995,333.9525193844071,338.10598746069223,1067686
2025-07-24,339.2623291015625,342.0374810778534,335.92290977397255,338.56854110748975,1139833
2025-07-25,341.6859436035156,344.5628657166182,336.81093699030833,337.6157265142987,1477082
2025-07-28,337.59722900390625,343.19377386237045,335.9783904479517,341.34367265556523,1348301
2025-07-29,331.5289001464844,343.193774734488,323.7677120136679,339.4843127717198,2194506
2025-07-30,338.4297790527344,340.4093727236394,328.3929740586827,328.3929740586827,1451582
2025-07-31,339.19757080078125,342.0374831153764,338.439022480803,340.51115516538516,997268
2025-08-01,340.9366760253906,341.3437005826128,337.64349786627014,338.56854854535584,563189
2025-08-04,340.4463806152344,343.0920400842468,338.5685289744517,341.3436808512914,800264
2025-08-05,343.9523620605469,346.9957585732188,339.67863229355453,340.4186615700621,975813
2025-08-06,350.2611999511719,352.3980647447901,343.95234759367713,343.95234759367713,2359824
2025-08-07,352.2408142089844,356.86606783756514,349.6691743207058,351.5192757721381,1436336
2025-08-08,352.5738220214844,355.6819786878194,350.594200058995,352.4535609188632,677736
2025-08-11,353.9428405761719,356.1444654247369,350.59416206746823,351.519212627013,737613
2025-08-12,352.8050537109375,356.9307713868698,352.0465054612382,356.1444727490256,297094
2025-08-13,351.1584777832031,355.2194638501623,347.9208003783188,352.7680851753827,691690
2025-08-15,346.449951171875,353.93360736770103,337.7359900616593,351.593230407153,404946
2025-08-18,349.5673828125,351.0659602591973,344.1188212586916,346.4499385946314,600056
2025-08-19,356.5515441894531,362.61987452512244,349.56742269416605,349.56742269416605,2697339
2025-08-20,355.2379455566406,357.99460669617764,354.2944040429872,357.06955603288003,500917
2025-08-21,352.6570739746094,357.9946061304924,351.48224156668203,355.24720453562753,726587
2025-08-22,353.6745910644531,356.5977544108036,352.657057966866,353.3693367812379,417219
2025-08-25,353.1473083496094,355.2194125558215,352.4442608952292,355.2194125558215,237136
2025-08-26,351.44525146484375,353.8133788441098,349.67840135533646,353.8133788441098,533252
2025-08-27,351.7227478027344,353.8318620867451,346.8939824379854,351.50997599726276,529210
2025-08-28,353.16583251953125,355.2009552214371,351.51924350810026,351.51924350810026,449342
2025-08-29,352.2962951660156,355.2009678318301,346.8940026195243,351.6117667012111,1129866
2025-09-01,351.69500732421875,354.2943973807813,351.16772168078086,352.53680679962696,508902
2025-09-02,353.5080871582031,354.2943858276413,351.98175928829636,353.3600756720485,367428
2025-09-03,354.9327087402344,357.9946243281305,352.62934150887577,354.29442149269767,863714
2025-09-04,355.39520263671875,359.84469389405376,354.2943901321917,357.99459264009977,655211
2025-09-05,353.7208557128906,356.2832357320331,352.44428135805214,356.1444837870081,893174
2025-09-08,349.151123046875,355.7374792231529,348.2815731688524,355.21945311245497,1191553
2025-09-09,350.2056579589844,355.3952067156451,347.8375305851682,351.50075143585997,1335407
2025-09-10,347.375,350.96420093629933,346.2094554109093,350.96420093629933,986354
2025-09-11,346.86627197265625,350.1316999073087,346.3482458243488,347.3750385800021,446283
2025-09-12,335.848876953125,348.6515741887679,332.0931736818879,347.7635334951066,1468630
2025-09-15,338.75360107421875,341.0199585078688,335.99693963454445,335.99693963454445,472944
2025-09-16,339.5860900878906,342.63874585830763,337.92098202468657,338.79979141056964,1238767
2025-09-17,338.3927917480469,342.17624569478164,337.1809775986409,340.41865502414225,287886
2025-09-18,340.98291015625,342.6295274317775,337.64349082493914,338.5685414847335,571248
2025-09-19,333.7952575683594,342.51847801516556,332.5556931428903,342.51847801516556,1399327
2025-09-22,325.4605407714844,335.2383324066274,323.952732004184,333.9432672103213,1147898
2025-09-23,325.4605407714844,325.4605407714844,325.4605407714844,325.4605407714844,0
2025-09-24,335.8766174316406,336.7184168614307,333.018214478338,334.86831566988434,2356481
2025-09-25,333.8415222167969,337.4584451944766,333.20323504889956,335.9413769009944,814442
2025-09-26,343.9060974121094,346.88476187185285,333.03675140784196,334.8683620038123,2718865
2025-09-29,347.14373779296875,351.6117481195584,345.04388303765995,345.04388303765995,1468862
2025-09-30,357.1250305175781,369.927727367262,347.8282833281195,348.74407438365256,3302128
2025-10-01,356.718017578125,360.90849578113165,352.5460302247129,360.65874227523364,801293
2025-10-02,367.7168884277344,369.08594530563147,357.0695465424723,357.0695465424723,1829417
2025-10-03,373.70196533203125,379.27075998648394,360.7697473042164,367.7076270600668,3195381
2025-10-06,371.21356201171875,379.5482486949152,367.245087045707,373.70195037632175,1241178
2025-10-07,371.21356201171875,371.21356201171875,371.21356201171875,371.21356201171875,0
2025-10-08,354.109375,368.0498949712562,351.5192444906123,366.1813028345055,1853359
2025-10-09,349.6228942871094,358.8271310486227,345.96893303380165,356.03348832981555,910277
2025-10-10,347.90228271484375,351.9817593182317,342.3242286306816,349.20660747078176,899169
2025-10-13,346.0244445800781,347.0790158737566,338.7998012473976,342.26874119191024,1704002
2025-10-14,362.037109375,363.6374573436522,348.74413454589575,348.74413454589575,1226376
2025-10-15,358.743896484375,367.89266112067594,357.0973074282847,366.6715874664141,3125577
2025-10-16,360.4645080566406,364.17394205760365,359.8447116845895,360.76050281687543,1438265
2025-10-17,358.0223083496094,362.71232134935445,357.069507425329,360.46445531881466,516316
2025-10-20,365.99627685546875,369.09520211831256,358.9196451676824,362.3423437977436,1517673
2025-10-21,364.77520751953125,368.0776450892886,361.24153551940105,366.32005451419565,1482326
2025-10-22,360.7235107421875,366.0425519573122,359.8447013362622,365.85753053596835,1646534
2025-10-23,361.6490173339844,363.6039859418147,356.4263430524111,360.7707081292811,704295
2025-10-24,355.7369384765625,363.53787729523987,354.679157192884,355.1041604028544,405190
2025-10-27,352.59197998046875,356.0485824088648,350.27815370074075,355.7369345275143,517756
2025-10-28,349.3714904785156,354.25418540134814,348.25707475647727,350.3820331787202,429566
2025-10-29,344.9610290527344,349.72091505238507,341.8821912566297,349.3431504396244,461895
2025-10-30,340.881103515625,347.076535420395,340.39001239910283,344.71547055358957,600391
2025-10-31,363.481201171875,370.42273748548917,342.82661080195567,342.82661080195567,1989479
2025-11-03,358.9101867675781,365.3983883267242,357.7579859745204,365.3983883267242,884657
2025-11-04,356.407470703125,361.3373753299368,355.57637125315017,360.86516235350496,603055
2025-11-05,354.7830505371094,359.070752356121,350.14591573327124,356.99300376851386,1050052
2025-11-06,352.2897644042969,357.937442071864,351.8081267590314,357.937442071864,226204
2025-11-07,355.4347229003906,360.7801773992108,351.4209124903247,354.0652937024366,917817
2025-11-10,352.59197998046875,357.84298594581105,351.4209010278161,356.0485824088648,475435
2025-11-11,348.6159362792969,355.4819021807847,347.54873040328874,352.2708598924639,1434105
2025-11-12,350.3914794921875,351.0431357007364,346.6043222253443,349.4376000636986,223070
2025-11-13,351.3642272949219,353.309742384107,349.6264870609697,351.3358956701897,272255
2025-11-14,355.23638916015625,356.02970349619926,349.63592139600763,352.7430908283704,421440
2025-11-17,352.7619934082031,357.4652453208272,351.32647624662536,355.2364137682516,530487
2025-11-18,350.80706787109375,354.15976882062404,349.2298636857771,354.15976882062404,582907
2025-11-19,350.4103698730469,353.59308081116285,349.5792703999828,351.32646422563874,1084147
2025-11-20,351.1092529296875,352.2709073161826,349.48483901386436,350.52371340565736,149272
2025-11-21,350.9675598144531,352.17642385308926,349.447047900134,352.17642385308926,597534
2025-11-24,351.5342102050781,354.15971305835376,347.6431801023983,350.96754889986653,665345
2025-11-25,352.0820007324219,354.1597494578791,349.4376194651074,353.21532345932474,737146
2025-11-26,354.9530334472656,357.84297444967984,349.43758954652765,353.2058397352146,984447
2025-11-27,357.19134521484375,358.3152144474347,353.2153198713648,354.2069556311361,938937
2025-11-28,357.9657897949219,362.6595882224354,356.99303215645983,357.93745816745576,866697
2025-12-01,358.8063049316406,360.6762497903474,355.11359615956775,358.88184632305047,823294
2025-12-02,357.35186767578125,360.67623638449106,356.0485553550695,358.78738463194424,1206966
2025-12-03,353.9991760253906,357.46523204001426,353.2153151465398,356.15246609855393,557870
2025-12-04,353.120849609375,356.5679984909886,352.00643392869415,354.26359691510396,101463
2025-12-05,355.4347229003906,358.8818719588344,352.27089010696113,358.8629938150313,1262768
2025-12-08,354.69805908203125,356.0485812662036,352.96031880181647,354.34862609383487,1626241
2025-12-09,355.963623046875,357.8430216480622,354.16921933089975,355.1230700348976,931898
2025-12-10,356.7474670410156,358.30579299402734,355.22695501954104,355.97305962754604,2397678
2025-12-11,356.52081298828125,358.39078683350357,354.1880796285802,357.74855525271585,341707
2025-12-12,358.5607604980469,362.75401403186044,354.34862882096127,354.34862882096127,1624782
2025-12-15,361.0540466308594,363.40568695885844,357.0024798608161,359.16519463944167,818174
2025-12-16,369.02496337890625,373.0482268969572,362.668995579113,362.668995579113,2173145
2025-12-17,379.15869140625,382.49251389299684,368.42999751081317,371.6316153503562,3288808
2025-12-18,387.8663024902344,396.65890593268136,379.1681474087567,379.1681474087567,1976738
2025-12-19,389.16961669921875,391.9367778764411,383.43694413936163,388.253522354692,850712
2025-12-22,386.52520751953125,389.330153811665,384.38137093700755,389.10350080109856,814554
2025-12-23,388.42352294921875,392.86233666439546,387.2146588257485,390.0384833342749,646393
2025-12-24,387.7434997558594,390.70901095108013,385.09911873341343,389.67013668455087,470620
2025-12-26,389.5945739746094,390.52012176108593,384.3813532207061,386.31741484711216,595929
2025-12-29,394.9872741699219,396.64944423787614,389.7173612458323,390.0479160915844,702417
2025-12-30,399.4732971191406,404.1198566345818,393.8256195848129,395.714471477306,2417653
2025-12-31,400.9938049316406,403.64763950755565,396.65889334157026,399.3977227931817,1375378
2026-01-01,400.9938049316406,400.9938049316406,400.9938049316406,400.9938049316406,0
2026-01-02,438.25140380859375,453.3244331404688,419.32510065493364,424.74609611166255,1899397
2026-01-05,460.69097900390625,467.39640918967035,441.50968976040053,441.5191432430589,2999424
2026-01-06,474.8006896972656,488.2682128768958,457.19660509450273,462.6648393783924,5763171
2026-01-07,468.0008544921875,482.60167195728746,459.4632356305682,476.93511612217253,5418336
2026-01-08,460.1904602050781,470.3241618594711,455.21334541418685,468.00088190105527,2485638
2026-01-09,458.9815979003906,464.4687108385701,457.0266579192802,461.82432947857825,1288885
2026-01-12,453.711669921875,461.75816856603717,451.4355999447341,458.98155399286725,1109451
2026-01-13,462.7781677246094,465.60199208452474,443.8896487759471,453.71167286493295,2333866
2026-01-14,453.2772521972656,462.7687215910572,452.0022713836655,462.7687215910572,2436669
2026-01-15,447.83734130859375,459.93543536218795,444.35240726470107,457.0832793831485,2333328
2026-01-16,453.2772521972656,457.0927123339387,447.6579061921655,452.3139192697667,3087898
2026-01-19,467.2830505371094,481.6572140383327,455.21328856171834,456.15771447159744,4499136
2026-01-20,465.4792175292969,473.157405182942,462.91983125194616,470.13523058726804,1696753
2026-01-21,462.4853820800781,467.878045984402,459.61431922858185,465.99864763655904,777549
2026-01-22,459.70880126953125,468.4352881402008,458.7549218026261,467.49086215604717,883788
2026-01-23,456.84716796875,463.0048146899239,453.3244488549994,459.70877739928346,1362851
2026-01-26,458.159912109375,464.56311889551034,457.10215965716037,457.10215965716037,687490
2026-01-27,457.12103271484375,464.6575620854171,455.2133026934371,459.10433295147806,1168563
2026-01-28,465.5169982910156,470.3241229160443,457.1493693900602,457.85768885228316,2500629
2026-01-29,452.3800354003906,465.6019988567695,451.43560943922074,465.6019988567695,2002115
2026-01-30,459.8598937988281,469.37969464247044,453.3244535782411,453.3244535782411,976817
2026-02-02,467.7364196777344,469.4080432851312,456.6299609395219,460.40766485629143,2632185
2026-02-03,471.9107666015625,474.1018417915665,467.4908599339152,468.43528591357966,1740204
2026-02-04,475.178466796875,478.351724024152,470.3241037789293,472.2035021193134,1476748
2026-02-06,466.3291931152344,480.7128107761163,462.76871764301967,476.9351069586223,1551538
2026-02-09,460.87042236328125,474.1018394972601,455.2133199953772,466.5558851791678,2149906
2026-02-10,460.6626281738281,464.6575602566863,456.16718031962097,464.64810677442193,775526
2026-02-11,458.103271484375,464.6481367219061,456.06330787366517,464.6481367219061,643116
2026-02-12,457.8955078125,464.5726066872082,447.65793322023205,458.1032826896432,1814049
2026-02-13,453.3055725097656,460.8798581636491,451.4544769180537,460.8798581636491,1048900
2026-02-16,434.28485107421875,456.62997383136235,421.21399861176343,456.1577608284344,1629894
2026-02-17,430.25213623046875,442.46355682611835,421.38396274061387,437.2692141099099,2234597
2026-02-18,462.12652587890625,463.93980761424615,434.4926125751902,436.3248012758857,2275151
2026-02-19,451.10504150390625,463.24092051724944,439.15805920595517,463.24092051724944,1289120
2026-02-20,453.3055725097656,458.0371268647711,442.9357653253103,455.6855154999194,1053062
2026-02-23,443.9652099609375,457.8577081969204,438.26086891411234,453.21114846851106,537586
2026-02-24,435.8147888183594,453.30557577796804,434.42648152536225,443.9746428233038,1204649
2026-02-25,425.02947998046875,445.66519359574016,422.1584169050725,441.04693667711155,2942476
2026-02-26,426.1155700683594,432.5376553521197,418.3807188076994,425.08614918496335,1492825
2026-02-27,415.3585510253906,431.6026900572784,406.10318758124663,424.99170793386276,1416459
2026-03-02,374.0210266113281,391.93678893553425,373.8227052219131,373.8227052219131,3856859
2026-03-03,395.4122619628906,400.4366150882559,373.04826169778556,373.99268767676733,3163672
2026-03-04,389.9062805175781,396.6589206645728,381.2647883674188,396.6589206645728,2585696
2026-03-05,392.94732666015625,398.44389281233316,390.18959010130385,392.88120992399615,1102310
2026-03-06,379.1775817871094,394.77006411663587,376.83542377596956,394.77006411663587,2875618
2026-03-09,341.2588806152344,366.437280734611,341.2588806152344,358.8818728844128,5325659
2026-03-10,360.2890625,375.3810002293928,358.31521563512047,375.3810002293928,2343117
2026-03-11,353.56475830078125,367.3345055712008,352.1764509228434,360.9218449377169,1198962
2026-03-12,344.92327880859375,353.1964601257603,342.3544388319427,353.1964601257603,1265998
2026-03-13,350.7314453125,355.10414188385425,342.41105535759766,344.92323173483504,688786
2026-03-16,338.5295104980469,354.14087109149176,332.53239964667057,350.7314782516207,1020364
2026-03-17,344.5549011230469,345.470995432697,337.63227170223314,340.0027900215695,822144
2026-03-18,360.8368225097656,365.4928354341608,344.71546494436353,344.71546494436353,1164731
2026-03-19,355.67608642578125,361.73392267329746,349.50250003308673,349.50250003308673,1169167
2026-03-20,355.67608642578125,355.67608642578125,355.67608642578125,355.67608642578125,0
2026-03-23,355.67608642578125,355.67608642578125,355.67608642578125,355.67608642578125,0
2026-03-24,356.4670715332031,365.3705299732221,354.02657460463064,364.6374359354642,707600
2026-03-25,360.7789611816406,363.5474268107401,356.33203010259894,358.8593397788085,1466624
2026-03-26,335.283935546875,361.7242780758473,330.86597138891335,361.2516218225891,2917729
2026-03-27,332.2646789550781,341.9591363485827,327.0074674814374,337.6183292581212,2385166
2026-03-30,324.8949279785156,334.72444650023243,318.3258424930164,333.75982273510203,1633213
2026-03-31,320.2068786621094,332.7759254602988,316.3966029188391,327.9720883914796,2524630
2026-04-01,340.5700988769531,343.4060953905543,325.0782419848787,326.0428658483353,6032335
2026-04-02,328.5701599121094,331.83059312439724,324.69238276455036,327.9720978555089,2001736
2026-04-03,315.2004699707031,325.56051975703986,310.2230078249711,321.219712826946,6694338
2026-04-06,295.2713317871094,317.1200535428455,283.69584694295986,315.4319620030737,14902528
2026-04-07,303.9915466308594,305.77607704101956,282.87591834044963,294.21024754931676,5563975
2026-04-08,334.3868408203125,334.3868408203125,334.3868408203125,334.3868408203125,3631740
2026-04-09,344.438232421875,352.0876922038175,328.16503338543606,337.61833498996197,6749074
2026-04-10,347.592529296875,354.9815509830473,342.4414418450592,347.274216402238,5590841
2026-04-13,330.60552978515625,342.4414533643285,329.0428144813348,335.69874233654866,3704992
2026-04-14,343.3385314941406,346.29993353404586,337.61831960143746,337.61831960143746,2309702
2026-04-15,357.614990234375,368.9493198293127,349.0973456364838,352.18415355668094,16139986
2026-04-16,367.88824462890625,370.88821063960336,359.80469214359215,361.7339398226463,4317842
2026-04-17,392.48614501953125,395.39929836143307,371.3801711048461,371.3801711048461,7693869
2026-04-20,401.1291809082031,406.0969878810092,381.0360789323352,390.00706902155844,8953976
2026-04-21,421.15478515625,435.52767485065715,404.1773992523264,404.1773992523264,6379432
2026-04-22,410.1580505371094,429.25758995543947,407.0808982675588,429.25758995543947,5341027
2026-04-23,403.53179931640625,414.8770229903406,393.2483630240195,411.9276602676604,3574325
2026-04-24,409.2830810546875,411.9375196256072,395.26376668085123,398.2131295363307,3144070
2026-04-27,402.96160888671875,409.46986459928223,400.13021582690965,409.37154650644754,2099342
2026-04-28,393.9070739746094,398.16397437611175,389.3158860566426,395.2146116029554,3213382
2026-04-29,393.9070739746094,393.9070739746094,393.9070739746094,393.9070739746094,0
2026-04-30,374.7951965332031,383.1222318679521,364.0103589154995,373.5957878190225,3876233
2026-05-04,379.4256896972656,391.28212557452736,377.5184327151219,379.4846745521798,1096678
2026-05-05,378.60968017578125,380.4677931014153,373.58594671456797,373.58594671456797,1448268
2026-05-06,378.60968017578125,378.60968017578125,378.60968017578125,378.60968017578125,0
2026-05-07,414.5919189453125,416.5974940429898,406.02894404661896,409.4698673012513,3021667
2026-05-08,408.2114562988281,410.19734969161857,404.0626849515384,409.5878195414783,1458755
2026-05-11,398.6358947753906,406.02895354017215,397.1808649642362,405.0458325872904,1388057
2026-05-12,392.8059387207031,403.07956399923194,388.3327506821868,399.1470804480199,1374381
2026-05-13,387.3987731933594,397.1709972020629,384.69519075639846,393.3466725561545,1258589
2026-05-14,377.7248840332031,390.0040848479362,373.60560493719333,390.0040848479362,2042273
2026-05-15,373.0943908691406,376.63363219803745,369.7026116784333,376.63363219803745,3189104
2026-05-18,366.37969970703125,370.5284713395638,364.7378745101706,368.3950856649267,1326131
2026-05-19,375.6210021972656,377.5184182969679,368.52286823647916,368.52286823647916,1345462
2026-05-20,382.1686096191406,383.3188443049527,373.5859531061034,377.5184368230098,938216
2026-05-21,400.1596984863281,403.0795687576715,383.51546885992707,383.51546885992707,4473497
2026-05-22,397.22998046875,407.0120452480417,395.2637387042667,404.06268260131674,1663751
2026-05-25,406.5106506347656,409.9614145885673,402.1947654925391,407.8968547016563,1418604
2026-05-26,406.5106506347656,406.5106506347656,406.5106506347656,406.5106506347656,0
2026-05-27,406.5106506347656,406.5106506347656,406.5106506347656,406.5106506347656,0
2026-05-28,406.5106506347656,406.5106506347656,406.5106506347656,406.5106506347656,0
2026-05-29,401.8310241699219,409.96142337212024,398.6555327995078,407.99518153340506,3923435
2026-06-01,397.9378356933594,402.59784915871074,395.2146016026083,402.0767962820697,1713000
2026-06-02,400.1007080078125,404.849168684116,395.3227249025717,397.86903439841655,1197933
2026-06-03,400.1007080078125,400.1007080078125,400.1007080078125,400.1007080078125,0
2026-06-04,397.8887023925781,400.57263332159397,396.68929366269373,398.1639750517744,905251
2026-06-05,392.82562255859375,400.1302035956316,390.3186462790564,398.2131058526012,1485387
2026-06-08,388.0968322753906,391.28213452348484,384.64606817164184,391.28213452348484,670308
2026-06-09,393.4253234863281,394.3298079359328,391.773687537453,393.2385281108931,881933
2026-06-10,390.3776550292969,394.8115401305383,389.1585946477018,390.29901855410094,623419
2026-06-11,392.2652587890625,394.24134149803854,386.8580935676594,389.31589594102445,1109853
2026-06-12,398.1344909667969,402.0964671817159,393.24837866182486,397.96734720477866,1857049
2026-06-15,420.8445739746094,422.7419901250432,406.5303359649915,407.0022147988997,4296022
2026-06-16,446.7596435546875,448.2048325430271,426.6843306718008,427.7559289008802,5684612
2026-06-17,437.6854553222656,450.7609518481711,435.1293348729052,449.08963424600114,4879298
2026-06-18,437.52813720703125,440.4381666934214,436.50568306223016,439.35672769435,5270983
2026-06-19,430.7839050292969,438.46207679157925,421.2673020003368,437.48879670980136,3605352
2026-06-22,430.0760803222656,437.48882065038174,428.1491716702051,436.50569970509997,1316691
2026-06-23,422.0636291503906,433.94955717397136,420.7659023680349,433.94955717397136,2168024
2026-06-24,435.4439392089844,437.48881755963697,422.0636476369434,422.0636476369434,2491426
2026-06-25,435.4439392089844,435.4439392089844,435.4439392089844,435.4439392089844,0
2026-06-26,435.4439392089844,435.4439392089844,435.4439392089844,435.4439392089844,0
2026-06-29,435.3161315917969,445.35378803850733,428.64073197525204,432.57321575484156,12042130
2026-06-30,440.11376953125,441.9227084815991,436.82030834343925,437.48882338982406,2358271
2026-07-01,471.6325988769531,476.79398358793503,441.912843349782,441.912843349782,8560443
2026-07-02,476.8038024902344,485.95665579957193,470.2857060298803,476.32208284315425,5332053
2026-07-03,482.4862365722656,488.9158557026683,472.14381543484205,473.86427702153856,3564201
2026-07-06,486.3204345703125,487.6279721817295,483.4988523517836,483.4988523517836,2459608
2026-07-07,482.0143737792969,489.59422782138205,480.35289699151264,489.59422782138205,1367704
2026-07-08,469.5385437011719,478.7798740792091,453.33670061111405,466.98242338321216,4478938
2026-07-09,470.9247741699219,474.6507809552688,459.1174820020132,466.98244957378216,3377560
2026-07-10,475.8894958496094,480.41185794634964,472.0848228038143,474.355829660645,3748040
2026-07-13,468.36865234375,474.7490976669641,464.03308538215003,466.98244821296873,1479210
2026-07-14,446.3172302246094,464.51477740637745,443.38751918608324,462.1159600465036,2786078
2026-07-15,454.7720642089844,460.10059282267554,449.7778231119104,452.2356254239973,2091081
2026-07-16,462.29296875,464.99655132525055,454.7720695841453,454.7720695841453,1880995
2026-07-17,458.11468505859375,466.5105158928882,456.1680948872808,464.03306204050983,1334316
2026-07-20,463.9740905761719,465.99931727637374,449.2961024034813,452.23562436103776,1852821
2026-07-21,466.35321044921875,473.70696549895007,464.2788397748611,467.9655431081713,2297136
2026-07-22,456.9447937011719,466.96279855884904,454.22152947434864,466.3532383691746,4611424
2026-07-23,444.4886169433594,461.5752630025053,442.20776925253085,457.25934784608916,2005536
2026-07-24,439.1601257324219,447.12338116009624,435.5225663376434,442.28644304865475,1869183
2026-07-27,469.84332275390625,472.4879204304596,453.2383960041522,461.0837117512566,3724674
2026-07-28,465.3406066894531,473.83478574501106,463.0499481724043,472.1929606257762,1573840
2026-07-29,461.19183349609375,462.5092419114028,457.2102058305128,462.0569846931753,2117163
2026-07-30,465.9599914550781,467.96556656963963,456.1582745014093,459.117478126096,3670901
2026-07-31,465.2099914550781,470.0,464.5,468.0,1162621
2026-08-03,467.69000244140625,474.739990234375,467.0,471.9800109863281,1475778
2026-08-04,462.7099914550781,469.8999938964844,461.70001220703125,468.0,904833
2026-08-05,471.44000244140625,473.5,463.0,470.0,2431158
2026-08-06,478.0299987792969,479.8900146484375,470.5,473.0,2514396
2026-08-07,475.739990234375,478.7799987792969,473.0,477.0,1046463
2026-08-10,473.1600036621094,479.0,470.0,476.1099853515625,991794
2026-08-11,469.57000732421875,473.0,465.1499938964844,471.489990234375,1474567
2026-08-12,468.70001220703125,472.989990234375,467.0,469.6000061035156,610384
2026-08-13,469.2300109863281,470.989990234375,467.0,470.2099914550781,291971
2026-08-14,469.2300109863281,469.2300109863281,469.2300109863281,469.2300109863281,0
2026-08-17,468.6400146484375,471.4100036621094,467.1099853515625,469.2200012207031,560193
2026-08-18,468.6400146484375,468.6400146484375,468.6400146484375,468.6400146484375,0
2026-08-19,453.6600036621094,461.5,452.0,458.5,2298632
2026-08-20,461.9800109863281,468.989990234375,459.1700134277344,468.5,1125546
2026-08-21,446.42999267578125,453.489990234375,442.010009765625,448.010009765625,1896516
2026-08-24,444.8900146484375,452.0,441.7699890136719,448.1600036621094,1153839
2026-08-25,456.9700012207031,463.1300048828125,444.8900146484375,449.489990234375,1572644
2026-08-26,456.9700012207031,456.9700012207031,456.9700012207031,456.9700012207031,0
2026-08-27,459.8500061035156,462.0,457.20001220703125,458.0,1133517
2026-08-28,458.70001220703125,461.1099853515625,457.0,459.8500061035156,1749780
2026-08-31,450.760009765625,457.989990234375,448.6000061035156,457.989990234375,1000114
2026-09-01,449.1000061035156,452.989990234375,448.29998779296875,450.79998779296875,984373
2026-09-02,444.6400146484375,447.0,442.0,445.0,598596
2026-09-03,443.2099914550781,448.0,442.0299987792969,445.29998779296875,945354
2026-09-04,440.8299865722656,444.0,438.7900085449219,443.0,686926
2026-09-07,428.9800109863281,441.0,427.79998779296875,440.0,1673019
2026-09-08,423.1400146484375,430.0,417.2799987792969,429.989990234375,1800774
2026-09-09,426.07000732421875,432.5199890136719,417.989990234375,423.1400146484375,1288999
2026-09-10,422.5,429.3999938964844,420.6499938964844,426.07000732421875,1989041
2026-09-11,425.5299987792969,427.5,413.760009765625,419.0,1706766
2026-09-14,414.07000732421875,423.0,411.1099853515625,423.0,1746351
2026-09-15,418.9599914550781,421.8900146484375,416.1199951171875,418.9800109863281,780031
2026-09-16,419.8299865722656,421.489990234375,414.010009765625,417.9700012207031,1903625
2026-09-17,422.8299865722656,424.29998779296875,420.0,421.8399963378906,950745
2026-09-18,429.5,431.5,423.20001220703125,425.0,1105244
2026-09-21,428.6099853515625,433.0,427.70001220703125,432.79998779296875,902028
2026-09-22,429.07000732421875,432.0,426.5199890136719,430.0199890136719,315578
2026-09-23,432.67999267578125,433.0,429.0,432.0,748355
2026-09-24,426.260009765625,432.8900146484375,425.010009765625,432.8900146484375,352197
2026-09-25,427.4700012207031,429.0,423.0,426.0,384286
2026-09-28,424.17999267578125,429.4800109863281,423.010009765625,427.4700012207031,329997
2026-09-29,420.0899963378906,427.70001220703125,419.6099853515625,427.70001220703125,270516
2026-09-30,421.0799865722656,431.5,420.0400085449219,421.1600036621094,1682267
2026-10-01,417.6600036621094,424.4800109863281,416.5,424.4800109863281,472998
2026-10-02,420.82000732421875,427.0,415.3999938964844,417.79998779296875,810170
